  0
SECTION
  2
HEADER
  9
$ACADVER
  1
AC1027
  9
$ACADMAINTVER
 70
   125
  9
$DWGCODEPAGE
  3
ANSI_1252
  9
$LASTSAVEDBY
  1
kaley
  9
$REQUIREDVERSIONS
160
                 0
  9
$INSBASE
 10
0.0
 20
0.0
 30
0.0
  9
$EXTMIN
 10
124.209925
 20
48.040984
 30
0.0
  9
$EXTMAX
 10
1336.209925
 20
1454.040984
 30
0.0
  9
$LIMMIN
 10
0.0
 20
0.0
  9
$LIMMAX
 10
1500.0
 20
1500.0
  9
$ORTHOMODE
 70
     0
  9
$REGENMODE
 70
     1
  9
$FILLMODE
 70
     1
  9
$QTEXTMODE
 70
     0
  9
$MIRRTEXT
 70
     0
  9
$LTSCALE
 40
0.75
  9
$ATTMODE
 70
     1
  9
$TEXTSIZE
 40
3.5
  9
$TRACEWID
 40
1.0
  9
$TEXTSTYLE
  7
Standard
  9
$CLAYER
  8
0
  9
$CELTYPE
  6
ByLayer
  9
$CECOLOR
 62
   256
  9
$CELTSCALE
 40
1.0
  9
$DISPSILH
 70
     0
  9
$DIMSCALE
 40
1.0
  9
$DIMASZ
 40
3.5
  9
$DIMEXO
 40
2.1
  9
$DIMDLI
 40
10.5
  9
$DIMRND
 40
0.0
  9
$DIMDLE
 40
0.0
  9
$DIMEXE
 40
2.1
  9
$DIMTP
 40
0.1
  9
$DIMTM
 40
0.1
  9
$DIMTXT
 40
3.5
  9
$DIMCEN
 40
0.0
  9
$DIMTSZ
 40
0.0
  9
$DIMTOL
 70
     0
  9
$DIMLIM
 70
     0
  9
$DIMTIH
 70
     0
  9
$DIMTOH
 70
     0
  9
$DIMSE1
 70
     0
  9
$DIMSE2
 70
     0
  9
$DIMTAD
 70
     1
  9
$DIMZIN
 70
    12
  9
$DIMBLK
  1

  9
$DIMASO
 70
     1
  9
$DIMSHO
 70
     1
  9
$DIMPOST
  1

  9
$DIMAPOST
  1

  9
$DIMALT
 70
     0
  9
$DIMALTD
 70
     2
  9
$DIMALTF
 40
0.03937
  9
$DIMLFAC
 40
1.0
  9
$DIMTOFL
 70
     1
  9
$DIMTVP
 40
0.0
  9
$DIMTIX
 70
     0
  9
$DIMSOXD
 70
     0
  9
$DIMSAH
 70
     0
  9
$DIMBLK1
  1

  9
$DIMBLK2
  1

  9
$DIMSTYLE
  2
Dim-ISO-25
  9
$DIMCLRD
 70
     0
  9
$DIMCLRE
 70
     0
  9
$DIMCLRT
 70
     0
  9
$DIMTFAC
 40
0.714286
  9
$DIMGAP
 40
1.4
  9
$DIMJUST
 70
     0
  9
$DIMSD1
 70
     0
  9
$DIMSD2
 70
     0
  9
$DIMTOLJ
 70
     0
  9
$DIMTZIN
 70
    12
  9
$DIMALTZ
 70
    12
  9
$DIMALTTZ
 70
    12
  9
$DIMUPT
 70
     0
  9
$DIMDEC
 70
     2
  9
$DIMTDEC
 70
     2
  9
$DIMALTU
 70
     2
  9
$DIMALTTD
 70
     2
  9
$DIMTXSTY
  7
Standard
  9
$DIMAUNIT
 70
     0
  9
$DIMADEC
 70
     2
  9
$DIMALTRND
 40
0.0
  9
$DIMAZIN
 70
     3
  9
$DIMDSEP
 70
    46
  9
$DIMATFIT
 70
     3
  9
$DIMFRAC
 70
     0
  9
$DIMLDRBLK
  1

  9
$DIMLUNIT
 70
     2
  9
$DIMLWD
 70
    -2
  9
$DIMLWE
 70
    -2
  9
$DIMTMOVE
 70
     0
  9
$DIMFXL
 40
1.0
  9
$DIMFXLON
 70
     0
  9
$DIMJOGANG
 40
0.785398
  9
$DIMTFILL
 70
     0
  9
$DIMTFILLCLR
 70
     0
  9
$DIMARCSYM
 70
     0
  9
$DIMLTYPE
  6

  9
$DIMLTEX1
  6

  9
$DIMLTEX2
  6

  9
$DIMTXTDIRECTION
 70
     0
  9
$LUNITS
 70
     2
  9
$LUPREC
 70
     4
  9
$SKETCHINC
 40
1.0
  9
$FILLETRAD
 40
0.0
  9
$AUNITS
 70
     0
  9
$AUPREC
 70
     0
  9
$MENU
  1
.
  9
$ELEVATION
 40
0.0
  9
$PELEVATION
 40
0.0
  9
$THICKNESS
 40
0.0
  9
$LIMCHECK
 70
     0
  9
$CHAMFERA
 40
0.0
  9
$CHAMFERB
 40
0.0
  9
$CHAMFERC
 40
0.0
  9
$CHAMFERD
 40
0.0
  9
$SKPOLY
 70
     0
  9
$TDCREATE
 40
2461179.435497685
  9
$TDUCREATE
 40
2461179.352164352
  9
$TDUPDATE
 40
2461179.435497685
  9
$TDUUPDATE
 40
2461179.352164352
  9
$TDINDWG
 40
0.0000115741
  9
$TDUSRTIMER
 40
0.0000115741
  9
$USRTIMER
 70
     1
  9
$ANGBASE
 50
0.0
  9
$ANGDIR
 70
     0
  9
$PDMODE
 70
     0
  9
$PDSIZE
 40
0.0
  9
$PLINEWID
 40
0.0
  9
$SPLFRAME
 70
     0
  9
$SPLINETYPE
 70
     6
  9
$SPLINESEGS
 70
     8
  9
$HANDSEED
  5
1D4E
  9
$SURFTAB1
 70
     6
  9
$SURFTAB2
 70
     6
  9
$SURFTYPE
 70
     6
  9
$SURFU
 70
     6
  9
$SURFV
 70
     6
  9
$UCSBASE
  2

  9
$UCSNAME
  2

  9
$UCSORG
 10
0.0
 20
0.0
 30
0.0
  9
$UCSXDIR
 10
1.0
 20
0.0
 30
0.0
  9
$UCSYDIR
 10
0.0
 20
1.0
 30
0.0
  9
$UCSORTHOREF
  2

  9
$UCSORTHOVIEW
 70
     0
  9
$UCSORGTOP
 10
0.0
 20
0.0
 30
0.0
  9
$UCSORGBOTTOM
 10
0.0
 20
0.0
 30
0.0
  9
$UCSORGLEFT
 10
0.0
 20
0.0
 30
0.0
  9
$UCSORGRIGHT
 10
0.0
 20
0.0
 30
0.0
  9
$UCSORGFRONT
 10
0.0
 20
0.0
 30
0.0
  9
$UCSORGBACK
 10
0.0
 20
0.0
 30
0.0
  9
$PUCSBASE
  2

  9
$PUCSNAME
  2

  9
$PUCSORG
 10
0.0
 20
0.0
 30
0.0
  9
$PUCSXDIR
 10
1.0
 20
0.0
 30
0.0
  9
$PUCSYDIR
 10
0.0
 20
1.0
 30
0.0
  9
$PUCSORTHOREF
  2

  9
$PUCSORTHOVIEW
 70
     0
  9
$PUCSORGTOP
 10
0.0
 20
0.0
 30
0.0
  9
$PUCSORGBOTTOM
 10
0.0
 20
0.0
 30
0.0
  9
$PUCSORGLEFT
 10
0.0
 20
0.0
 30
0.0
  9
$PUCSORGRIGHT
 10
0.0
 20
0.0
 30
0.0
  9
$PUCSORGFRONT
 10
0.0
 20
0.0
 30
0.0
  9
$PUCSORGBACK
 10
0.0
 20
0.0
 30
0.0
  9
$USERI1
 70
     0
  9
$USERI2
 70
     0
  9
$USERI3
 70
     0
  9
$USERI4
 70
     0
  9
$USERI5
 70
     0
  9
$USERR1
 40
0.0
  9
$USERR2
 40
0.0
  9
$USERR3
 40
0.0
  9
$USERR4
 40
0.0
  9
$USERR5
 40
0.0
  9
$WORLDVIEW
 70
     1
  9
$SHADEDGE
 70
     3
  9
$SHADEDIF
 70
    70
  9
$TILEMODE
 70
     1
  9
$MAXACTVP
 70
    64
  9
$PINSBASE
 10
0.0
 20
0.0
 30
0.0
  9
$PLIMCHECK
 70
     0
  9
$PEXTMIN
 10
1.000000E+20
 20
1.000000E+20
 30
1.000000E+20
  9
$PEXTMAX
 10
-1.000000E+20
 20
-1.000000E+20
 30
-1.000000E+20
  9
$PLIMMIN
 10
0.0
 20
0.0
  9
$PLIMMAX
 10
12.0
 20
9.0
  9
$UNITMODE
 70
     0
  9
$VISRETAIN
 70
     1
  9
$PLINEGEN
 70
     0
  9
$PSLTSCALE
 70
     1
  9
$TREEDEPTH
 70
  3020
  9
$CMLSTYLE
  2
Standard
  9
$CMLJUST
 70
     0
  9
$CMLSCALE
 40
20.0
  9
$PROXYGRAPHICS
 70
     1
  9
$MEASUREMENT
 70
     1
  9
$CELWEIGHT
370
    -1
  9
$ENDCAPS
280
     0
  9
$JOINSTYLE
280
     0
  9
$LWDISPLAY
290
     0
  9
$INSUNITS
 70
     4
  9
$HYPERLINKBASE
  1

  9
$STYLESHEET
  1

  9
$XEDIT
290
     1
  9
$CEPSNTYPE
380
     0
  9
$PSTYLEMODE
290
     1
  9
$FINGERPRINTGUID
  2
{82A5F778-E772-104D-B1F2-D05D51E0AB83}
  9
$VERSIONGUID
  2
{29E21271-B4A2-6344-80CA-F6F59CCC8EF1}
  9
$EXTNAMES
290
     1
  9
$PSVPSCALE
 40
0.0
  9
$OLESTARTUP
290
     0
  9
$SORTENTS
280
   127
  9
$INDEXCTL
280
     0
  9
$HIDETEXT
280
     1
  9
$XCLIPFRAME
280
     0
  9
$HALOGAP
280
     0
  9
$OBSCOLOR
 70
   257
  9
$OBSLTYPE
280
     0
  9
$INTERSECTIONDISPLAY
280
     0
  9
$INTERSECTIONCOLOR
 70
   257
  9
$DIMASSOC
280
     2
  9
$PROJECTNAME
  1

  9
$CAMERADISPLAY
290
     0
  9
$LENSLENGTH
 40
50.0
  9
$CAMERAHEIGHT
 40
0.0
  9
$STEPSPERSEC
 40
2.0
  9
$STEPSIZE
 40
6.0
  9
$3DDWFPREC
 40
2.0
  9
$PSOLWIDTH
 40
5.0
  9
$PSOLHEIGHT
 40
80.0
  9
$LOFTANG1
 40
1.570796
  9
$LOFTANG2
 40
1.570796
  9
$LOFTMAG1
 40
0.0
  9
$LOFTMAG2
 40
0.0
  9
$LOFTPARAM
 70
     7
  9
$LOFTNORMALS
280
     1
  9
$LATITUDE
 40
37.795
  9
$LONGITUDE
 40
-122.394
  9
$NORTHDIRECTION
 40
0.0
  9
$TIMEZONE
 70
 -8000
  9
$LIGHTGLYPHDISPLAY
280
     1
  9
$TILEMODELIGHTSYNCH
280
     1
  9
$CMATERIAL
347
11
  9
$SOLIDHIST
280
     0
  9
$SHOWHIST
280
     1
  9
$DWFFRAME
280
     2
  9
$DGNFRAME
280
     0
  9
$REALWORLDSCALE
290
     1
  9
$INTERFERECOLOR
 62
     1
  9
$INTERFEREOBJVS
345
33
  9
$INTERFEREVPVS
346
30
  9
$CSHADOW
280
     0
  9
$SHADOWPLANELOCATION
 40
0.0
  0
ENDSEC
  0
SECTION
  2
CLASSES
  0
CLASS
  1
ACDBDICTIONARYWDFLT
  2
AcDbDictionaryWithDefault
  3
ObjectDBX Classes
 90
        0
 91
        1
280
     0
281
     0
  0
CLASS
  1
MATERIAL
  2
AcDbMaterial
  3
ObjectDBX Classes
 90
     1153
 91
        3
280
     0
281
     0
  0
CLASS
  1
VISUALSTYLE
  2
AcDbVisualStyle
  3
ObjectDBX Classes
 90
     4095
 91
       24
280
     0
281
     0
  0
CLASS
  1
SCALE
  2
AcDbScale
  3
ObjectDBX Classes
 90
     1153
 91
       17
280
     0
281
     0
  0
CLASS
  1
TABLESTYLE
  2
AcDbTableStyle
  3
ObjectDBX Classes
 90
     4095
 91
        1
280
     0
281
     0
  0
CLASS
  1
MLEADERSTYLE
  2
AcDbMLeaderStyle
  3
ACDB_MLEADERSTYLE_CLASS
 90
     4095
 91
        1
280
     0
281
     0
  0
CLASS
  1
ACDBSECTIONVIEWSTYLE
  2
AcDbSectionViewStyle
  3
ObjectDBX Classes
 90
     1025
 91
        1
280
     0
281
     0
  0
CLASS
  1
ACDBDETAILVIEWSTYLE
  2
AcDbDetailViewStyle
  3
ObjectDBX Classes
 90
     1025
 91
        1
280
     0
281
     0
  0
CLASS
  1
ACMESCOPE
  2
AcMeScope
  3
AcMeServices
 90
     1024
 91
        1
280
     0
281
     0
  0
CLASS
  1
ACMECOMMANDHISTORY
  2
AcMeCommandHistory
  3
AcMeServices
 90
     1024
 91
        1
280
     0
281
     0
  0
CLASS
  1
ACIMSYSVARMAN
  2
AcImSysVarManager
  3
AcMeServices
 90
     1024
 91
        1
280
     0
281
     0
  0
CLASS
  1
ACIMINTSYSVAR
  2
AcImIntSysVar
  3
AcMeServices
 90
     1024
 91
        1
280
     0
281
     0
  0
CLASS
  1
ACMESTATEMGR
  2
AcMeStateMgr
  3
AcMeServices
 90
     1024
 91
        1
280
     0
281
     0
  0
CLASS
  1
ACGREFMASTER
  2
AcGrefMaster
  3
AcAttribServices
 90
     1024
 91
        1
280
     0
281
     0
  0
CLASS
  1
SORTENTSTABLE
  2
AcDbSortentsTable
  3
ObjectDBX Classes
 90
        0
 91
        1
280
     0
281
     0
  0
CLASS
  1
DICTIONARYVAR
  2
AcDbDictionaryVar
  3
ObjectDBX Classes
 90
        0
 91
        6
280
     0
281
     0
  0
CLASS
  1
CELLSTYLEMAP
  2
AcDbCellStyleMap
  3
ObjectDBX Classes
 90
     1152
 91
        1
280
     0
281
     0
  0
ENDSEC
  0
SECTION
  2
TABLES
  0
TABLE
  2
VPORT
  5
8
330
0
100
AcDbSymbolTable
 70
     1
1001
ACAD
1000
DbSaveVer
1071
      428
  0
VPORT
  5
57
330
8
100
AcDbSymbolTableRecord
100
AcDbViewportTableRecord
  2
*Active
 70
     0
 10
0.0
 20
0.0
 11
1.0
 21
1.0
 12
730.209925
 22
751.040984
 13
0.0
 23
0.0
 14
0.5
 24
0.5
 15
0.0
 25
0.0
 16
0.0
 26
0.0
 36
1.0
 17
0.0
 27
0.0
 37
0.0
 40
1406.0
 41
1.823204
 42
50.0
 43
0.0
 44
0.0
 50
0.0
 51
0.0
 71
     0
 72
 20000
 73
     1
 74
     0
 75
     0
 76
     0
 77
     0
 78
     0
281
     0
 65
     1
110
0.0
120
0.0
130
0.0
111
1.0
121
0.0
131
0.0
112
0.0
122
1.0
132
0.0
 79
     0
146
0.0
348
2F
 60
     3
 61
     5
292
     1
282
     1
141
0.0
142
0.0
 63
   250
421
  3355443
  0
ENDTAB
  0
TABLE
  2
LTYPE
  5
5
330
0
100
AcDbSymbolTable
 70
    15
  0
LTYPE
  5
5B
330
5
100
AcDbSymbolTableRecord
100
AcDbLinetypeTableRecord
  2
ByBlock
 70
     0
  3

 72
    65
 73
     0
 40
0.0
  0
LTYPE
  5
5C
330
5
100
AcDbSymbolTableRecord
100
AcDbLinetypeTableRecord
  2
ByLayer
 70
     0
  3

 72
    65
 73
     0
 40
0.0
  0
LTYPE
  5
5D
330
5
100
AcDbSymbolTableRecord
100
AcDbLinetypeTableRecord
  2
Continuous
 70
     0
  3
Solid line
 72
    65
 73
     0
 40
0.0
  0
LTYPE
  5
80
330
5
100
AcDbSymbolTableRecord
100
AcDbLinetypeTableRecord
  2
HIDDEN
 70
     0
  3
Hidden __ __ __ __ __ __ __ __ __ __ __ __ __ _
 72
    65
 73
     2
 40
9.525
 49
6.35
 74
     0
 49
-3.175
 74
     0
  0
LTYPE
  5
81
330
5
100
AcDbSymbolTableRecord
100
AcDbLinetypeTableRecord
  2
PHANTOM2
 70
     0
  3
Phantom (.5x) ___ _ _ ___ _ _ ___ _ _ ___ _ _
 72
    65
 73
     6
 40
31.75
 49
15.875
 74
     0
 49
-3.175
 74
     0
 49
3.175
 74
     0
 49
-3.175
 74
     0
 49
3.175
 74
     0
 49
-3.175
 74
     0
  0
LTYPE
  5
82
330
5
100
AcDbSymbolTableRecord
100
AcDbLinetypeTableRecord
  2
CENTER
 70
     0
  3
Center ____ _ ____ _ ____ _ ____ _ ____ _ ____
 72
    65
 73
     4
 40
50.8
 49
31.75
 74
     0
 49
-6.35
 74
     0
 49
6.35
 74
     0
 49
-6.35
 74
     0
  0
LTYPE
  5
91
330
5
100
AcDbSymbolTableRecord
100
AcDbLinetypeTableRecord
  2
CENTER2
 70
     0
  3
Center (.5x) ___ _ ___ _ ___ _ ___ _ ___ _ ___
 72
    65
 73
     4
 40
28.575
 49
19.05
 74
     0
 49
-3.175
 74
     0
 49
3.175
 74
     0
 49
-3.175
 74
     0
  0
LTYPE
  5
92
330
5
100
AcDbSymbolTableRecord
100
AcDbLinetypeTableRecord
  2
AM_ISO02W050
 70
     0
  3
__ __ __ __ __ __ __ __ __ __ __ __ __ __ __
 72
    65
 73
     2
 40
7.5
 49
6.0
 74
     0
 49
-1.5
 74
     0
  0
LTYPE
  5
93
330
5
100
AcDbSymbolTableRecord
100
AcDbLinetypeTableRecord
  2
AM_ISO08W050
 70
     0
  3
____ . ____ . ____ . ____ . ____ . ____ . ____
 72
    65
 73
     4
 40
18.0
 49
12.0
 74
     0
 49
-1.5
 74
     0
 49
3.0
 74
     0
 49
-1.5
 74
     0
  0
LTYPE
  5
94
330
5
100
AcDbSymbolTableRecord
100
AcDbLinetypeTableRecord
  2
AM_ISO09W050
 70
     0
  3
_____ . . _____ . . _____ . . ____ .. ____
 72
    65
 73
     6
 40
22.5
 49
12.0
 74
     0
 49
-1.5
 74
     0
 49
3.0
 74
     0
 49
-1.5
 74
     0
 49
3.0
 74
     0
 49
-1.5
 74
     0
  0
LTYPE
  5
95
330
5
100
AcDbSymbolTableRecord
100
AcDbLinetypeTableRecord
  2
Amconstr
 70
     0
  3
_______________________
 72
    65
 73
     2
 40
9999.0
 49
9999.0
 74
     0
 49
0.0
 74
     0
  0
LTYPE
  5
96
330
5
100
AcDbSymbolTableRecord
100
AcDbLinetypeTableRecord
  2
AM_ISO08W050x2
 70
     0
  3
__ . __ . __ . __ . __ . __
 72
    65
 73
     4
 40
9.0
 49
6.0
 74
     0
 49
-0.75
 74
     0
 49
1.5
 74
     0
 49
-0.75
 74
     0
  0
LTYPE
  5
97
330
5
100
AcDbSymbolTableRecord
100
AcDbLinetypeTableRecord
  2
AM_ISO02W050x2
 70
     0
  3
 _ _ _ _ _ _ _ _ _ _ _ _
 72
    65
 73
     2
 40
3.75
 49
3.0
 74
     0
 49
-0.75
 74
     0
  0
LTYPE
  5
98
330
5
100
AcDbSymbolTableRecord
100
AcDbLinetypeTableRecord
  2
Amzigzag
 70
     0
  3
/\/-/\/-/\/-/\/-/\/-/\/
 72
    65
 73
     2
 40
11.0001
 49
0.0001
 74
     4
 75
   136
340
8E
 46
0.04
 50
0.0
 44
0.0
 45
0.0
 49
-11.0
 74
     0
  0
LTYPE
  5
99
330
5
100
AcDbSymbolTableRecord
100
AcDbLinetypeTableRecord
  2
ACISOWELD
 70
     0
  3
_ _ _ _ _
 72
    65
 73
     2
 40
2.0
 49
2.0
 74
     0
 49
-1.0
 74
     0
  0
LTYPE
  5
9A
330
5
100
AcDbSymbolTableRecord
100
AcDbLinetypeTableRecord
  2
ACISOTGL
 70
     0
  3
_ _ _ _ _
 72
    65
 73
     2
 40
3.0
 49
2.0
 74
     0
 49
-1.0
 74
     0
  0
LTYPE
  5
9B
330
5
100
AcDbSymbolTableRecord
100
AcDbLinetypeTableRecord
  2
ACISOTGB
 70
     0
  3
__ . . __ . .
 72
    65
 73
     6
 40
9.0
 49
4.0
 74
     0
 49
-1.0
 74
     0
 49
1.0
 74
     0
 49
-1.0
 74
     0
 49
1.0
 74
     0
 49
-1.0
 74
     0
  0
ENDTAB
  0
TABLE
  2
LAYER
  5
2
330
0
100
AcDbSymbolTable
 70
     4
  0
LAYER
  5
54
330
2
100
AcDbSymbolTableRecord
100
AcDbLayerTableRecord
  2
0
 70
     0
 62
     7
  6
Continuous
370
    -3
390
F
347
21
348
0
1001
AcAecLayerStandard
1000

1000

  0
LAYER
  5
A7
330
2
100
AcDbSymbolTableRecord
100
AcDbLayerTableRecord
  2
Visible
 70
     0
 62
     7
  6
Continuous
370
    35
390
F
347
21
348
0
  0
LAYER
  5
E86
330
2
100
AcDbSymbolTableRecord
100
AcDbLayerTableRecord
  2
Smart Centers
 70
     0
 62
     7
  6
CENTER2
370
    18
390
F
347
21
348
0
  0
ENDTAB
  0
TABLE
  2
STYLE
  5
3
330
0
100
AcDbSymbolTable
 70
     4
  0
STYLE
  5
55
330
3
100
AcDbSymbolTableRecord
100
AcDbTextStyleTableRecord
  2
Standard
 70
     0
 40
0.0
 41
1.0
 50
0.0
 71
     0
 42
3.5
  3
arial.ttf
  4

1001
ACAD
1000
Arial
1071
       34
  0
STYLE
  5
5A
330
3
100
AcDbSymbolTableRecord
100
AcDbTextStyleTableRecord
  2
Annotative
 70
     0
 40
0.0
 41
1.0
 50
0.0
 71
     0
 42
0.2
  3
txt
  4

1001
AcadAnnotative
1000
AnnotativeData
1002
{
1070
     1
1070
     1
1002
}
  0
STYLE
  5
8E
330
3
100
AcDbSymbolTableRecord
100
AcDbTextStyleTableRecord
  2

 70
     1
 40
0.0
 41
1.0
 50
0.0
 71
     0
 42
10.0
  3
genltshp.shx
  4

  0
STYLE
  5
8F
330
3
100
AcDbSymbolTableRecord
100
AcDbTextStyleTableRecord
  2
ACISOGDT
 70
     0
 40
0.0
 41
1.0
 50
0.0
 71
     0
 42
10.0
  3
amgdt.shx
  4

  0
ENDTAB
  0
TABLE
  2
VIEW
  5
6
330
0
100
AcDbSymbolTable
 70
     0
  0
ENDTAB
  0
TABLE
  2
UCS
  5
7
330
0
100
AcDbSymbolTable
 70
     0
  0
ENDTAB
  0
TABLE
  2
APPID
  5
9
330
0
100
AcDbSymbolTable
 70
    17
  0
APPID
  5
56
330
9
100
AcDbSymbolTableRecord
100
AcDbRegAppTableRecord
  2
ACAD
 70
     0
  0
APPID
  5
5E
330
9
100
AcDbSymbolTableRecord
100
AcDbRegAppTableRecord
  2
AcadAnnotative
 70
     0
  0
APPID
  5
78
330
9
100
AcDbSymbolTableRecord
100
AcDbRegAppTableRecord
  2
ACAD_PSEXT
 70
     0
  0
APPID
  5
79
330
9
100
AcDbSymbolTableRecord
100
AcDbRegAppTableRecord
  2
MCAD_NO_VIS
 70
     0
  0
APPID
  5
7A
330
9
100
AcDbSymbolTableRecord
100
AcDbRegAppTableRecord
  2
ACAD_TEMP_GRAPHIC
 70
     0
  0
APPID
  5
83
330
9
100
AcDbSymbolTableRecord
100
AcDbRegAppTableRecord
  2
ACAD_DSTYLE_DIMJAG
 70
     0
  0
APPID
  5
84
330
9
100
AcDbSymbolTableRecord
100
AcDbRegAppTableRecord
  2
ACAD_DSTYLE_DIMTALN
 70
     0
  0
APPID
  5
85
330
9
100
AcDbSymbolTableRecord
100
AcDbRegAppTableRecord
  2
ACAD_NAV_VCDISPLAY
 70
     0
  0
APPID
  5
86
330
9
100
AcDbSymbolTableRecord
100
AcDbRegAppTableRecord
  2
ACAD_DSTYLE_DIMBREAK
 70
     0
  0
APPID
  5
87
330
9
100
AcDbSymbolTableRecord
100
AcDbRegAppTableRecord
  2
FUSIONCURRENTBORDER
 70
     0
  0
APPID
  5
88
330
9
100
AcDbSymbolTableRecord
100
AcDbRegAppTableRecord
  2
FUSIONCURRENTTITLEBLOCK
 70
     0
  0
APPID
  5
89
330
9
100
AcDbSymbolTableRecord
100
AcDbRegAppTableRecord
  2
AcSynergy
 70
     0
  0
APPID
  5
8A
330
9
100
AcDbSymbolTableRecord
100
AcDbRegAppTableRecord
  2
GENIUS_GENSCREG_15
 70
     0
  0
APPID
  5
8B
330
9
100
AcDbSymbolTableRecord
100
AcDbRegAppTableRecord
  2
GENIUS_GENOBJ-N-SDF_13
 70
     0
  0
APPID
  5
8C
330
9
100
AcDbSymbolTableRecord
100
AcDbRegAppTableRecord
  2
GENIUS_GENODEF_13
 70
     0
  0
APPID
  5
8D
330
9
100
AcDbSymbolTableRecord
100
AcDbRegAppTableRecord
  2
ACATTRIBSERVICES
 70
     0
  0
APPID
  5
1D3F
330
9
100
AcDbSymbolTableRecord
100
AcDbRegAppTableRecord
  2
AcAecLayerStandard
 70
     0
  0
ENDTAB
  0
TABLE
  2
DIMSTYLE
  5
A
330
0
100
AcDbSymbolTable
 70
     4
100
AcDbDimStyleTable
 71
     1
340
9F
  0
DIMSTYLE
105
58
330
A
100
AcDbSymbolTableRecord
100
AcDbDimStyleTableRecord
  2
Standard
 70
     0
 41
3.5
 42
2.1
 43
10.5
 44
2.1
 78
    12
 79
     3
140
3.5
143
0.03937
146
0.714286
147
1.4
179
     2
271
     2
272
     2
284
    12
340
55
  0
DIMSTYLE
105
59
330
A
100
AcDbSymbolTableRecord
100
AcDbDimStyleTableRecord
  2
Annotative
 70
     0
 40
0.0
 41
3.5
 42
2.1
 43
10.5
 44
2.1
 73
     0
 74
     0
 77
     1
 78
    12
 79
     3
140
3.5
141
2.5
143
0.03937
146
0.714286
147
1.4
171
     3
172
     1
179
     2
271
     2
272
     2
274
     3
278
    44
283
     0
284
    12
340
55
1001
AcadAnnotative
1000
AnnotativeData
1002
{
1070
     1
1070
     1
1002
}
  0
DIMSTYLE
105
9E
330
A
100
AcDbSymbolTableRecord
100
AcDbDimStyleTableRecord
  2
ISO-25
 70
     0
  4
in
 41
3.5
 42
2.1
 43
10.5
 44
2.1
 47
0.1
 48
0.1
 73
     0
 74
     0
 77
     1
 78
    12
 79
     3
140
3.5
141
0.0
143
0.03937
146
0.714286
147
1.4
171
     4
172
     1
176
   256
177
   256
178
   256
179
     2
271
     2
272
     2
274
     4
283
     0
284
    12
285
     8
340
55
1001
ACAD_DSTYLE_DIMJAG
1070
   388
1040
1.5
1001
ACAD_DSTYLE_DIMTALN
1070
   392
1070
     1
1001
ACAD_DSTYLE_DIMBREAK
1070
   391
1040
3.5
  0
DIMSTYLE
105
9F
330
A
100
AcDbSymbolTableRecord
100
AcDbDimStyleTableRecord
  2
Dim-ISO-25
 70
     0
 41
3.5
 42
2.1
 43
10.5
 44
2.1
 47
0.1
 48
0.1
 73
     0
 74
     0
 77
     1
 78
    12
 79
     3
140
3.5
141
0.0
143
0.03937
146
0.714286
147
1.4
172
     1
179
     2
271
     2
272
     2
283
     0
284
    12
285
    12
286
    12
340
55
1001
ACAD_DSTYLE_DIMJAG
1070
   388
1040
1.5
1001
ACAD_DSTYLE_DIMTALN
1070
   392
1070
     1
1001
ACAD_DSTYLE_DIMBREAK
1070
   391
1040
3.5
  0
ENDTAB
  0
TABLE
  2
BLOCK_RECORD
  5
1
330
0
100
AcDbSymbolTable
 70
    24
  0
BLOCK_RECORD
  5
70
102
{ACAD_XDICTIONARY
360
A0
102
}
330
1
100
AcDbSymbolTableRecord
100
AcDbBlockTableRecord
  2
*Model_Space
340
73
 70
     0
280
     1
281
     0
  0
BLOCK_RECORD
  5
6C
330
1
100
AcDbSymbolTableRecord
100
AcDbBlockTableRecord
  2
*Paper_Space
340
6F
 70
     0
280
     1
281
     0
  0
BLOCK_RECORD
  5
74
330
1
100
AcDbSymbolTableRecord
100
AcDbBlockTableRecord
  2
*Paper_Space0
340
77
 70
     0
280
     1
281
     0
  0
BLOCK_RECORD
  5
E87
330
1
100
AcDbSymbolTableRecord
100
AcDbBlockTableRecord
  2
*U2
340
0
102
{BLKREFS
331
E85
102
}
 70
     0
280
     1
281
     0
  0
BLOCK_RECORD
  5
E91
330
1
100
AcDbSymbolTableRecord
100
AcDbBlockTableRecord
  2
*U3
340
0
102
{BLKREFS
331
E90
102
}
 70
     0
280
     1
281
     0
  0
BLOCK_RECORD
  5
E9B
330
1
100
AcDbSymbolTableRecord
100
AcDbBlockTableRecord
  2
*U4
340
0
102
{BLKREFS
331
E9A
102
}
 70
     0
280
     1
281
     0
  0
BLOCK_RECORD
  5
EA5
330
1
100
AcDbSymbolTableRecord
100
AcDbBlockTableRecord
  2
*U5
340
0
102
{BLKREFS
331
EA4
102
}
 70
     0
280
     1
281
     0
  0
BLOCK_RECORD
  5
EAF
330
1
100
AcDbSymbolTableRecord
100
AcDbBlockTableRecord
  2
*U6
340
0
102
{BLKREFS
331
EAE
102
}
 70
     0
280
     1
281
     0
  0
BLOCK_RECORD
  5
EB9
330
1
100
AcDbSymbolTableRecord
100
AcDbBlockTableRecord
  2
*U7
340
0
102
{BLKREFS
331
EB8
102
}
 70
     0
280
     1
281
     0
  0
BLOCK_RECORD
  5
EC3
330
1
100
AcDbSymbolTableRecord
100
AcDbBlockTableRecord
  2
*U8
340
0
102
{BLKREFS
331
EC2
102
}
 70
     0
280
     1
281
     0
  0
BLOCK_RECORD
  5
ECD
330
1
100
AcDbSymbolTableRecord
100
AcDbBlockTableRecord
  2
*U9
340
0
102
{BLKREFS
331
ECC
102
}
 70
     0
280
     1
281
     0
  0
BLOCK_RECORD
  5
ED7
330
1
100
AcDbSymbolTableRecord
100
AcDbBlockTableRecord
  2
*U10
340
0
102
{BLKREFS
331
ED6
102
}
 70
     0
280
     1
281
     0
  0
BLOCK_RECORD
  5
EE1
330
1
100
AcDbSymbolTableRecord
100
AcDbBlockTableRecord
  2
*U11
340
0
102
{BLKREFS
331
EE0
102
}
 70
     0
280
     1
281
     0
  0
BLOCK_RECORD
  5
EEB
330
1
100
AcDbSymbolTableRecord
100
AcDbBlockTableRecord
  2
*U12
340
0
102
{BLKREFS
331
EEA
102
}
 70
     0
280
     1
281
     0
  0
BLOCK_RECORD
  5
EF5
330
1
100
AcDbSymbolTableRecord
100
AcDbBlockTableRecord
  2
*U13
340
0
102
{BLKREFS
331
EF4
102
}
 70
     0
280
     1
281
     0
  0
BLOCK_RECORD
  5
EFF
330
1
100
AcDbSymbolTableRecord
100
AcDbBlockTableRecord
  2
*U14
340
0
102
{BLKREFS
331
EFE
102
}
 70
     0
280
     1
281
     0
  0
BLOCK_RECORD
  5
F09
330
1
100
AcDbSymbolTableRecord
100
AcDbBlockTableRecord
  2
*U15
340
0
102
{BLKREFS
331
F08
102
}
 70
     0
280
     1
281
     0
  0
BLOCK_RECORD
  5
F13
330
1
100
AcDbSymbolTableRecord
100
AcDbBlockTableRecord
  2
*U16
340
0
102
{BLKREFS
331
F12
102
}
 70
     0
280
     1
281
     0
  0
BLOCK_RECORD
  5
F1D
330
1
100
AcDbSymbolTableRecord
100
AcDbBlockTableRecord
  2
*U17
340
0
102
{BLKREFS
331
F1C
102
}
 70
     0
280
     1
281
     0
  0
BLOCK_RECORD
  5
F27
330
1
100
AcDbSymbolTableRecord
100
AcDbBlockTableRecord
  2
*U18
340
0
102
{BLKREFS
331
F26
102
}
 70
     0
280
     1
281
     0
  0
BLOCK_RECORD
  5
F31
330
1
100
AcDbSymbolTableRecord
100
AcDbBlockTableRecord
  2
*U19
340
0
102
{BLKREFS
331
F30
102
}
 70
     0
280
     1
281
     0
  0
BLOCK_RECORD
  5
F3B
330
1
100
AcDbSymbolTableRecord
100
AcDbBlockTableRecord
  2
*U20
340
0
102
{BLKREFS
331
F3A
102
}
 70
     0
280
     1
281
     0
  0
BLOCK_RECORD
  5
F45
330
1
100
AcDbSymbolTableRecord
100
AcDbBlockTableRecord
  2
*U21
340
0
102
{BLKREFS
331
F44
102
}
 70
     0
280
     1
281
     0
  0
BLOCK_RECORD
  5
F4F
330
1
100
AcDbSymbolTableRecord
100
AcDbBlockTableRecord
  2
*U22
340
0
102
{BLKREFS
331
F4E
102
}
 70
     0
280
     1
281
     0
  0
BLOCK_RECORD
  5
F59
330
1
100
AcDbSymbolTableRecord
100
AcDbBlockTableRecord
  2
*U23
340
0
102
{BLKREFS
331
F58
102
}
 70
     0
280
     1
281
     0
  0
ENDTAB
  0
ENDSEC
  0
SECTION
  2
BLOCKS
  0
BLOCK
  5
71
330
70
100
AcDbEntity
  8
0
100
AcDbBlockBegin
  2
*Model_Space
 70
     0
 10
0.0
 20
0.0
 30
0.0
  3
*Model_Space
  1

  0
ENDBLK
  5
72
330
70
100
AcDbEntity
  8
0
100
AcDbBlockEnd
  0
BLOCK
  5
6D
330
6C
100
AcDbEntity
 67
     1
  8
0
100
AcDbBlockBegin
  2
*Paper_Space
 70
     0
 10
0.0
 20
0.0
 30
0.0
  3
*Paper_Space
  1

  0
ENDBLK
  5
6E
330
6C
100
AcDbEntity
 67
     1
  8
0
100
AcDbBlockEnd
  0
BLOCK
  5
75
330
74
100
AcDbEntity
 67
     1
  8
0
100
AcDbBlockBegin
  2
*Paper_Space0
 70
     0
 10
0.0
 20
0.0
 30
0.0
  3
*Paper_Space0
  1

  0
ENDBLK
  5
76
330
74
100
AcDbEntity
 67
     1
  8
0
100
AcDbBlockEnd
  0
BLOCK
  5
E88
330
E87
100
AcDbEntity
  8
0
100
AcDbBlockBegin
  2
*U2
 70
     1
 10
0.0
 20
0.0
 30
0.0
  3
*U2
  1

  0
LINE
  5
E89
330
E87
100
AcDbEntity
  8
Smart Centers
  6
Continuous
 62
     0
440
 16777216
 48
0.75
100
AcDbLine
 10
-0.892969
 20
0.0
 30
0.0
 11
0.892969
 21
0.0
 31
0.0
  0
LINE
  5
E8A
330
E87
100
AcDbEntity
  8
Smart Centers
  6
Continuous
 62
     0
440
 16777216
 48
0.75
100
AcDbLine
 10
0.0
 20
-0.892969
 30
0.0
 11
0.0
 21
0.892969
 31
0.0
  0
LINE
  5
E8B
330
E87
100
AcDbEntity
  8
Smart Centers
 62
     0
440
 16777216
 48
0.75
100
AcDbLine
 10
-6.0
 20
0.0
 30
0.0
 11
-2.678906
 21
0.0
 31
0.0
  0
LINE
  5
E8C
330
E87
100
AcDbEntity
  8
Smart Centers
 62
     0
440
 16777216
 48
0.75
100
AcDbLine
 10
2.678906
 20
0.0
 30
0.0
 11
6.0
 21
0.0
 31
0.0
  0
LINE
  5
E8D
330
E87
100
AcDbEntity
  8
Smart Centers
 62
     0
440
 16777216
 48
0.75
100
AcDbLine
 10
0.0
 20
-6.0
 30
0.0
 11
0.0
 21
-2.678906
 31
0.0
  0
LINE
  5
E8E
330
E87
100
AcDbEntity
  8
Smart Centers
 62
     0
440
 16777216
 48
0.75
100
AcDbLine
 10
0.0
 20
2.678906
 30
0.0
 11
0.0
 21
6.0
 31
0.0
  0
ENDBLK
  5
E8F
330
E87
100
AcDbEntity
  8
0
100
AcDbBlockEnd
  0
BLOCK
  5
E92
330
E91
100
AcDbEntity
  8
0
100
AcDbBlockBegin
  2
*U3
 70
     1
 10
0.0
 20
0.0
 30
0.0
  3
*U3
  1

  0
LINE
  5
E93
330
E91
100
AcDbEntity
  8
Smart Centers
  6
Continuous
 62
     0
440
 16777216
 48
0.75
100
AcDbLine
 10
-0.892969
 20
0.0
 30
0.0
 11
0.892969
 21
0.0
 31
0.0
  0
LINE
  5
E94
330
E91
100
AcDbEntity
  8
Smart Centers
  6
Continuous
 62
     0
440
 16777216
 48
0.75
100
AcDbLine
 10
0.0
 20
-0.892969
 30
0.0
 11
0.0
 21
0.892969
 31
0.0
  0
LINE
  5
E95
330
E91
100
AcDbEntity
  8
Smart Centers
 62
     0
440
 16777216
 48
0.75
100
AcDbLine
 10
-6.0
 20
0.0
 30
0.0
 11
-2.678906
 21
0.0
 31
0.0
  0
LINE
  5
E96
330
E91
100
AcDbEntity
  8
Smart Centers
 62
     0
440
 16777216
 48
0.75
100
AcDbLine
 10
2.678906
 20
0.0
 30
0.0
 11
6.0
 21
0.0
 31
0.0
  0
LINE
  5
E97
330
E91
100
AcDbEntity
  8
Smart Centers
 62
     0
440
 16777216
 48
0.75
100
AcDbLine
 10
0.0
 20
-6.0
 30
0.0
 11
0.0
 21
-2.678906
 31
0.0
  0
LINE
  5
E98
330
E91
100
AcDbEntity
  8
Smart Centers
 62
     0
440
 16777216
 48
0.75
100
AcDbLine
 10
0.0
 20
2.678906
 30
0.0
 11
0.0
 21
6.0
 31
0.0
  0
ENDBLK
  5
E99
330
E91
100
AcDbEntity
  8
0
100
AcDbBlockEnd
  0
BLOCK
  5
E9C
330
E9B
100
AcDbEntity
  8
0
100
AcDbBlockBegin
  2
*U4
 70
     1
 10
0.0
 20
0.0
 30
0.0
  3
*U4
  1

  0
LINE
  5
E9D
330
E9B
100
AcDbEntity
  8
Smart Centers
  6
Continuous
 62
     0
440
 16777216
 48
0.75
100
AcDbLine
 10
-0.892969
 20
0.0
 30
0.0
 11
0.892969
 21
0.0
 31
0.0
  0
LINE
  5
E9E
330
E9B
100
AcDbEntity
  8
Smart Centers
  6
Continuous
 62
     0
440
 16777216
 48
0.75
100
AcDbLine
 10
0.0
 20
-0.892969
 30
0.0
 11
0.0
 21
0.892969
 31
0.0
  0
LINE
  5
E9F
330
E9B
100
AcDbEntity
  8
Smart Centers
 62
     0
440
 16777216
 48
0.75
100
AcDbLine
 10
-6.0
 20
0.0
 30
0.0
 11
-2.678906
 21
0.0
 31
0.0
  0
LINE
  5
EA0
330
E9B
100
AcDbEntity
  8
Smart Centers
 62
     0
440
 16777216
 48
0.75
100
AcDbLine
 10
2.678906
 20
0.0
 30
0.0
 11
6.0
 21
0.0
 31
0.0
  0
LINE
  5
EA1
330
E9B
100
AcDbEntity
  8
Smart Centers
 62
     0
440
 16777216
 48
0.75
100
AcDbLine
 10
0.0
 20
-6.0
 30
0.0
 11
0.0
 21
-2.678906
 31
0.0
  0
LINE
  5
EA2
330
E9B
100
AcDbEntity
  8
Smart Centers
 62
     0
440
 16777216
 48
0.75
100
AcDbLine
 10
0.0
 20
2.678906
 30
0.0
 11
0.0
 21
6.0
 31
0.0
  0
ENDBLK
  5
EA3
330
E9B
100
AcDbEntity
  8
0
100
AcDbBlockEnd
  0
BLOCK
  5
EA6
330
EA5
100
AcDbEntity
  8
0
100
AcDbBlockBegin
  2
*U5
 70
     1
 10
0.0
 20
0.0
 30
0.0
  3
*U5
  1

  0
LINE
  5
EA7
330
EA5
100
AcDbEntity
  8
Smart Centers
  6
Continuous
 62
     0
440
 16777216
 48
0.75
100
AcDbLine
 10
-0.892969
 20
0.0
 30
0.0
 11
0.892969
 21
0.0
 31
0.0
  0
LINE
  5
EA8
330
EA5
100
AcDbEntity
  8
Smart Centers
  6
Continuous
 62
     0
440
 16777216
 48
0.75
100
AcDbLine
 10
0.0
 20
-0.892969
 30
0.0
 11
0.0
 21
0.892969
 31
0.0
  0
LINE
  5
EA9
330
EA5
100
AcDbEntity
  8
Smart Centers
 62
     0
440
 16777216
 48
0.75
100
AcDbLine
 10
-5.5
 20
0.0
 30
0.0
 11
-2.678906
 21
0.0
 31
0.0
  0
LINE
  5
EAA
330
EA5
100
AcDbEntity
  8
Smart Centers
 62
     0
440
 16777216
 48
0.75
100
AcDbLine
 10
2.678906
 20
0.0
 30
0.0
 11
5.5
 21
0.0
 31
0.0
  0
LINE
  5
EAB
330
EA5
100
AcDbEntity
  8
Smart Centers
 62
     0
440
 16777216
 48
0.75
100
AcDbLine
 10
0.0
 20
-5.5
 30
0.0
 11
0.0
 21
-2.678906
 31
0.0
  0
LINE
  5
EAC
330
EA5
100
AcDbEntity
  8
Smart Centers
 62
     0
440
 16777216
 48
0.75
100
AcDbLine
 10
0.0
 20
2.678906
 30
0.0
 11
0.0
 21
5.5
 31
0.0
  0
ENDBLK
  5
EAD
330
EA5
100
AcDbEntity
  8
0
100
AcDbBlockEnd
  0
BLOCK
  5
EB0
330
EAF
100
AcDbEntity
  8
0
100
AcDbBlockBegin
  2
*U6
 70
     1
 10
0.0
 20
0.0
 30
0.0
  3
*U6
  1

  0
LINE
  5
EB1
330
EAF
100
AcDbEntity
  8
Smart Centers
  6
Continuous
 62
     0
440
 16777216
 48
0.75
100
AcDbLine
 10
-0.892969
 20
0.0
 30
0.0
 11
0.892969
 21
0.0
 31
0.0
  0
LINE
  5
EB2
330
EAF
100
AcDbEntity
  8
Smart Centers
  6
Continuous
 62
     0
440
 16777216
 48
0.75
100
AcDbLine
 10
0.0
 20
-0.892969
 30
0.0
 11
0.0
 21
0.892969
 31
0.0
  0
LINE
  5
EB3
330
EAF
100
AcDbEntity
  8
Smart Centers
 62
     0
440
 16777216
 48
0.75
100
AcDbLine
 10
-5.5
 20
0.0
 30
0.0
 11
-2.678906
 21
0.0
 31
0.0
  0
LINE
  5
EB4
330
EAF
100
AcDbEntity
  8
Smart Centers
 62
     0
440
 16777216
 48
0.75
100
AcDbLine
 10
2.678906
 20
0.0
 30
0.0
 11
5.5
 21
0.0
 31
0.0
  0
LINE
  5
EB5
330
EAF
100
AcDbEntity
  8
Smart Centers
 62
     0
440
 16777216
 48
0.75
100
AcDbLine
 10
0.0
 20
-5.5
 30
0.0
 11
0.0
 21
-2.678906
 31
0.0
  0
LINE
  5
EB6
330
EAF
100
AcDbEntity
  8
Smart Centers
 62
     0
440
 16777216
 48
0.75
100
AcDbLine
 10
0.0
 20
2.678906
 30
0.0
 11
0.0
 21
5.5
 31
0.0
  0
ENDBLK
  5
EB7
330
EAF
100
AcDbEntity
  8
0
100
AcDbBlockEnd
  0
BLOCK
  5
EBA
330
EB9
100
AcDbEntity
  8
0
100
AcDbBlockBegin
  2
*U7
 70
     1
 10
0.0
 20
0.0
 30
0.0
  3
*U7
  1

  0
LINE
  5
EBB
330
EB9
100
AcDbEntity
  8
Smart Centers
  6
Continuous
 62
     0
440
 16777216
 48
0.75
100
AcDbLine
 10
-0.892969
 20
0.0
 30
0.0
 11
0.892969
 21
0.0
 31
0.0
  0
LINE
  5
EBC
330
EB9
100
AcDbEntity
  8
Smart Centers
  6
Continuous
 62
     0
440
 16777216
 48
0.75
100
AcDbLine
 10
0.0
 20
-0.892969
 30
0.0
 11
0.0
 21
0.892969
 31
0.0
  0
LINE
  5
EBD
330
EB9
100
AcDbEntity
  8
Smart Centers
 62
     0
440
 16777216
 48
0.75
100
AcDbLine
 10
-6.0
 20
0.0
 30
0.0
 11
-2.678906
 21
0.0
 31
0.0
  0
LINE
  5
EBE
330
EB9
100
AcDbEntity
  8
Smart Centers
 62
     0
440
 16777216
 48
0.75
100
AcDbLine
 10
2.678906
 20
0.0
 30
0.0
 11
6.0
 21
0.0
 31
0.0
  0
LINE
  5
EBF
330
EB9
100
AcDbEntity
  8
Smart Centers
 62
     0
440
 16777216
 48
0.75
100
AcDbLine
 10
0.0
 20
-6.0
 30
0.0
 11
0.0
 21
-2.678906
 31
0.0
  0
LINE
  5
EC0
330
EB9
100
AcDbEntity
  8
Smart Centers
 62
     0
440
 16777216
 48
0.75
100
AcDbLine
 10
0.0
 20
2.678906
 30
0.0
 11
0.0
 21
6.0
 31
0.0
  0
ENDBLK
  5
EC1
330
EB9
100
AcDbEntity
  8
0
100
AcDbBlockEnd
  0
BLOCK
  5
EC4
330
EC3
100
AcDbEntity
  8
0
100
AcDbBlockBegin
  2
*U8
 70
     1
 10
0.0
 20
0.0
 30
0.0
  3
*U8
  1

  0
LINE
  5
EC5
330
EC3
100
AcDbEntity
  8
Smart Centers
  6
Continuous
 62
     0
440
 16777216
 48
0.75
100
AcDbLine
 10
-0.892969
 20
0.0
 30
0.0
 11
0.892969
 21
0.0
 31
0.0
  0
LINE
  5
EC6
330
EC3
100
AcDbEntity
  8
Smart Centers
  6
Continuous
 62
     0
440
 16777216
 48
0.75
100
AcDbLine
 10
0.0
 20
-0.892969
 30
0.0
 11
0.0
 21
0.892969
 31
0.0
  0
LINE
  5
EC7
330
EC3
100
AcDbEntity
  8
Smart Centers
 62
     0
440
 16777216
 48
0.75
100
AcDbLine
 10
-6.0
 20
0.0
 30
0.0
 11
-2.678906
 21
0.0
 31
0.0
  0
LINE
  5
EC8
330
EC3
100
AcDbEntity
  8
Smart Centers
 62
     0
440
 16777216
 48
0.75
100
AcDbLine
 10
2.678906
 20
0.0
 30
0.0
 11
6.0
 21
0.0
 31
0.0
  0
LINE
  5
EC9
330
EC3
100
AcDbEntity
  8
Smart Centers
 62
     0
440
 16777216
 48
0.75
100
AcDbLine
 10
0.0
 20
-6.0
 30
0.0
 11
0.0
 21
-2.678906
 31
0.0
  0
LINE
  5
ECA
330
EC3
100
AcDbEntity
  8
Smart Centers
 62
     0
440
 16777216
 48
0.75
100
AcDbLine
 10
0.0
 20
2.678906
 30
0.0
 11
0.0
 21
6.0
 31
0.0
  0
ENDBLK
  5
ECB
330
EC3
100
AcDbEntity
  8
0
100
AcDbBlockEnd
  0
BLOCK
  5
ECE
330
ECD
100
AcDbEntity
  8
0
100
AcDbBlockBegin
  2
*U9
 70
     1
 10
0.0
 20
0.0
 30
0.0
  3
*U9
  1

  0
LINE
  5
ECF
330
ECD
100
AcDbEntity
  8
Smart Centers
  6
Continuous
 62
     0
440
 16777216
 48
0.75
100
AcDbLine
 10
-0.892969
 20
0.0
 30
0.0
 11
0.892969
 21
0.0
 31
0.0
  0
LINE
  5
ED0
330
ECD
100
AcDbEntity
  8
Smart Centers
  6
Continuous
 62
     0
440
 16777216
 48
0.75
100
AcDbLine
 10
0.0
 20
-0.892969
 30
0.0
 11
0.0
 21
0.892969
 31
0.0
  0
LINE
  5
ED1
330
ECD
100
AcDbEntity
  8
Smart Centers
 62
     0
440
 16777216
 48
0.75
100
AcDbLine
 10
-6.0
 20
0.0
 30
0.0
 11
-2.678906
 21
0.0
 31
0.0
  0
LINE
  5
ED2
330
ECD
100
AcDbEntity
  8
Smart Centers
 62
     0
440
 16777216
 48
0.75
100
AcDbLine
 10
2.678906
 20
0.0
 30
0.0
 11
6.0
 21
0.0
 31
0.0
  0
LINE
  5
ED3
330
ECD
100
AcDbEntity
  8
Smart Centers
 62
     0
440
 16777216
 48
0.75
100
AcDbLine
 10
0.0
 20
-6.0
 30
0.0
 11
0.0
 21
-2.678906
 31
0.0
  0
LINE
  5
ED4
330
ECD
100
AcDbEntity
  8
Smart Centers
 62
     0
440
 16777216
 48
0.75
100
AcDbLine
 10
0.0
 20
2.678906
 30
0.0
 11
0.0
 21
6.0
 31
0.0
  0
ENDBLK
  5
ED5
330
ECD
100
AcDbEntity
  8
0
100
AcDbBlockEnd
  0
BLOCK
  5
ED8
330
ED7
100
AcDbEntity
  8
0
100
AcDbBlockBegin
  2
*U10
 70
     1
 10
0.0
 20
0.0
 30
0.0
  3
*U10
  1

  0
LINE
  5
ED9
330
ED7
100
AcDbEntity
  8
Smart Centers
  6
Continuous
 62
     0
440
 16777216
 48
0.75
100
AcDbLine
 10
-0.892969
 20
0.0
 30
0.0
 11
0.892969
 21
0.0
 31
0.0
  0
LINE
  5
EDA
330
ED7
100
AcDbEntity
  8
Smart Centers
  6
Continuous
 62
     0
440
 16777216
 48
0.75
100
AcDbLine
 10
0.0
 20
-0.892969
 30
0.0
 11
0.0
 21
0.892969
 31
0.0
  0
LINE
  5
EDB
330
ED7
100
AcDbEntity
  8
Smart Centers
 62
     0
440
 16777216
 48
0.75
100
AcDbLine
 10
-6.0
 20
0.0
 30
0.0
 11
-2.678906
 21
0.0
 31
0.0
  0
LINE
  5
EDC
330
ED7
100
AcDbEntity
  8
Smart Centers
 62
     0
440
 16777216
 48
0.75
100
AcDbLine
 10
2.678906
 20
0.0
 30
0.0
 11
6.0
 21
0.0
 31
0.0
  0
LINE
  5
EDD
330
ED7
100
AcDbEntity
  8
Smart Centers
 62
     0
440
 16777216
 48
0.75
100
AcDbLine
 10
0.0
 20
-6.0
 30
0.0
 11
0.0
 21
-2.678906
 31
0.0
  0
LINE
  5
EDE
330
ED7
100
AcDbEntity
  8
Smart Centers
 62
     0
440
 16777216
 48
0.75
100
AcDbLine
 10
0.0
 20
2.678906
 30
0.0
 11
0.0
 21
6.0
 31
0.0
  0
ENDBLK
  5
EDF
330
ED7
100
AcDbEntity
  8
0
100
AcDbBlockEnd
  0
BLOCK
  5
EE2
330
EE1
100
AcDbEntity
  8
0
100
AcDbBlockBegin
  2
*U11
 70
     1
 10
0.0
 20
0.0
 30
0.0
  3
*U11
  1

  0
LINE
  5
EE3
330
EE1
100
AcDbEntity
  8
Smart Centers
  6
Continuous
 62
     0
440
 16777216
 48
0.75
100
AcDbLine
 10
-0.892969
 20
0.0
 30
0.0
 11
0.892969
 21
0.0
 31
0.0
  0
LINE
  5
EE4
330
EE1
100
AcDbEntity
  8
Smart Centers
  6
Continuous
 62
     0
440
 16777216
 48
0.75
100
AcDbLine
 10
0.0
 20
-0.892969
 30
0.0
 11
0.0
 21
0.892969
 31
0.0
  0
LINE
  5
EE5
330
EE1
100
AcDbEntity
  8
Smart Centers
 62
     0
440
 16777216
 48
0.75
100
AcDbLine
 10
-6.0
 20
0.0
 30
0.0
 11
-2.678906
 21
0.0
 31
0.0
  0
LINE
  5
EE6
330
EE1
100
AcDbEntity
  8
Smart Centers
 62
     0
440
 16777216
 48
0.75
100
AcDbLine
 10
2.678906
 20
0.0
 30
0.0
 11
6.0
 21
0.0
 31
0.0
  0
LINE
  5
EE7
330
EE1
100
AcDbEntity
  8
Smart Centers
 62
     0
440
 16777216
 48
0.75
100
AcDbLine
 10
0.0
 20
-6.0
 30
0.0
 11
0.0
 21
-2.678906
 31
0.0
  0
LINE
  5
EE8
330
EE1
100
AcDbEntity
  8
Smart Centers
 62
     0
440
 16777216
 48
0.75
100
AcDbLine
 10
0.0
 20
2.678906
 30
0.0
 11
0.0
 21
6.0
 31
0.0
  0
ENDBLK
  5
EE9
330
EE1
100
AcDbEntity
  8
0
100
AcDbBlockEnd
  0
BLOCK
  5
EEC
330
EEB
100
AcDbEntity
  8
0
100
AcDbBlockBegin
  2
*U12
 70
     1
 10
0.0
 20
0.0
 30
0.0
  3
*U12
  1

  0
LINE
  5
EED
330
EEB
100
AcDbEntity
  8
Smart Centers
  6
Continuous
 62
     0
440
 16777216
 48
0.75
100
AcDbLine
 10
-0.892969
 20
0.0
 30
0.0
 11
0.892969
 21
0.0
 31
0.0
  0
LINE
  5
EEE
330
EEB
100
AcDbEntity
  8
Smart Centers
  6
Continuous
 62
     0
440
 16777216
 48
0.75
100
AcDbLine
 10
0.0
 20
-0.892969
 30
0.0
 11
0.0
 21
0.892969
 31
0.0
  0
LINE
  5
EEF
330
EEB
100
AcDbEntity
  8
Smart Centers
 62
     0
440
 16777216
 48
0.75
100
AcDbLine
 10
-6.0
 20
0.0
 30
0.0
 11
-2.678906
 21
0.0
 31
0.0
  0
LINE
  5
EF0
330
EEB
100
AcDbEntity
  8
Smart Centers
 62
     0
440
 16777216
 48
0.75
100
AcDbLine
 10
2.678906
 20
0.0
 30
0.0
 11
6.0
 21
0.0
 31
0.0
  0
LINE
  5
EF1
330
EEB
100
AcDbEntity
  8
Smart Centers
 62
     0
440
 16777216
 48
0.75
100
AcDbLine
 10
0.0
 20
-6.0
 30
0.0
 11
0.0
 21
-2.678906
 31
0.0
  0
LINE
  5
EF2
330
EEB
100
AcDbEntity
  8
Smart Centers
 62
     0
440
 16777216
 48
0.75
100
AcDbLine
 10
0.0
 20
2.678906
 30
0.0
 11
0.0
 21
6.0
 31
0.0
  0
ENDBLK
  5
EF3
330
EEB
100
AcDbEntity
  8
0
100
AcDbBlockEnd
  0
BLOCK
  5
EF6
330
EF5
100
AcDbEntity
  8
0
100
AcDbBlockBegin
  2
*U13
 70
     1
 10
0.0
 20
0.0
 30
0.0
  3
*U13
  1

  0
LINE
  5
EF7
330
EF5
100
AcDbEntity
  8
Smart Centers
  6
Continuous
 62
     0
440
 16777216
 48
0.75
100
AcDbLine
 10
-0.892969
 20
0.0
 30
0.0
 11
0.892969
 21
0.0
 31
0.0
  0
LINE
  5
EF8
330
EF5
100
AcDbEntity
  8
Smart Centers
  6
Continuous
 62
     0
440
 16777216
 48
0.75
100
AcDbLine
 10
0.0
 20
-0.892969
 30
0.0
 11
0.0
 21
0.892969
 31
0.0
  0
LINE
  5
EF9
330
EF5
100
AcDbEntity
  8
Smart Centers
 62
     0
440
 16777216
 48
0.75
100
AcDbLine
 10
-18.5
 20
0.0
 30
0.0
 11
-2.678906
 21
0.0
 31
0.0
  0
LINE
  5
EFA
330
EF5
100
AcDbEntity
  8
Smart Centers
 62
     0
440
 16777216
 48
0.75
100
AcDbLine
 10
2.678906
 20
0.0
 30
0.0
 11
18.5
 21
0.0
 31
0.0
  0
LINE
  5
EFB
330
EF5
100
AcDbEntity
  8
Smart Centers
 62
     0
440
 16777216
 48
0.75
100
AcDbLine
 10
0.0
 20
-18.5
 30
0.0
 11
0.0
 21
-2.678906
 31
0.0
  0
LINE
  5
EFC
330
EF5
100
AcDbEntity
  8
Smart Centers
 62
     0
440
 16777216
 48
0.75
100
AcDbLine
 10
0.0
 20
2.678906
 30
0.0
 11
0.0
 21
18.5
 31
0.0
  0
ENDBLK
  5
EFD
330
EF5
100
AcDbEntity
  8
0
100
AcDbBlockEnd
  0
BLOCK
  5
F00
330
EFF
100
AcDbEntity
  8
0
100
AcDbBlockBegin
  2
*U14
 70
     1
 10
0.0
 20
0.0
 30
0.0
  3
*U14
  1

  0
LINE
  5
F01
330
EFF
100
AcDbEntity
  8
Smart Centers
  6
Continuous
 62
     0
440
 16777216
 48
0.75
100
AcDbLine
 10
-0.892969
 20
0.0
 30
0.0
 11
0.892969
 21
0.0
 31
0.0
  0
LINE
  5
F02
330
EFF
100
AcDbEntity
  8
Smart Centers
  6
Continuous
 62
     0
440
 16777216
 48
0.75
100
AcDbLine
 10
0.0
 20
-0.892969
 30
0.0
 11
0.0
 21
0.892969
 31
0.0
  0
LINE
  5
F03
330
EFF
100
AcDbEntity
  8
Smart Centers
 62
     0
440
 16777216
 48
0.75
100
AcDbLine
 10
-6.0
 20
0.0
 30
0.0
 11
-2.678906
 21
0.0
 31
0.0
  0
LINE
  5
F04
330
EFF
100
AcDbEntity
  8
Smart Centers
 62
     0
440
 16777216
 48
0.75
100
AcDbLine
 10
2.678906
 20
0.0
 30
0.0
 11
6.0
 21
0.0
 31
0.0
  0
LINE
  5
F05
330
EFF
100
AcDbEntity
  8
Smart Centers
 62
     0
440
 16777216
 48
0.75
100
AcDbLine
 10
0.0
 20
-6.0
 30
0.0
 11
0.0
 21
-2.678906
 31
0.0
  0
LINE
  5
F06
330
EFF
100
AcDbEntity
  8
Smart Centers
 62
     0
440
 16777216
 48
0.75
100
AcDbLine
 10
0.0
 20
2.678906
 30
0.0
 11
0.0
 21
6.0
 31
0.0
  0
ENDBLK
  5
F07
330
EFF
100
AcDbEntity
  8
0
100
AcDbBlockEnd
  0
BLOCK
  5
F0A
330
F09
100
AcDbEntity
  8
0
100
AcDbBlockBegin
  2
*U15
 70
     1
 10
0.0
 20
0.0
 30
0.0
  3
*U15
  1

  0
LINE
  5
F0B
330
F09
100
AcDbEntity
  8
Smart Centers
  6
Continuous
 62
     0
440
 16777216
 48
0.75
100
AcDbLine
 10
-0.892969
 20
0.0
 30
0.0
 11
0.892969
 21
0.0
 31
0.0
  0
LINE
  5
F0C
330
F09
100
AcDbEntity
  8
Smart Centers
  6
Continuous
 62
     0
440
 16777216
 48
0.75
100
AcDbLine
 10
0.0
 20
-0.892969
 30
0.0
 11
0.0
 21
0.892969
 31
0.0
  0
LINE
  5
F0D
330
F09
100
AcDbEntity
  8
Smart Centers
 62
     0
440
 16777216
 48
0.75
100
AcDbLine
 10
-6.0
 20
0.0
 30
0.0
 11
-2.678906
 21
0.0
 31
0.0
  0
LINE
  5
F0E
330
F09
100
AcDbEntity
  8
Smart Centers
 62
     0
440
 16777216
 48
0.75
100
AcDbLine
 10
2.678906
 20
0.0
 30
0.0
 11
6.0
 21
0.0
 31
0.0
  0
LINE
  5
F0F
330
F09
100
AcDbEntity
  8
Smart Centers
 62
     0
440
 16777216
 48
0.75
100
AcDbLine
 10
0.0
 20
-6.0
 30
0.0
 11
0.0
 21
-2.678906
 31
0.0
  0
LINE
  5
F10
330
F09
100
AcDbEntity
  8
Smart Centers
 62
     0
440
 16777216
 48
0.75
100
AcDbLine
 10
0.0
 20
2.678906
 30
0.0
 11
0.0
 21
6.0
 31
0.0
  0
ENDBLK
  5
F11
330
F09
100
AcDbEntity
  8
0
100
AcDbBlockEnd
  0
BLOCK
  5
F14
330
F13
100
AcDbEntity
  8
0
100
AcDbBlockBegin
  2
*U16
 70
     1
 10
0.0
 20
0.0
 30
0.0
  3
*U16
  1

  0
LINE
  5
F15
330
F13
100
AcDbEntity
  8
Smart Centers
  6
Continuous
 62
     0
440
 16777216
 48
0.75
100
AcDbLine
 10
-0.892969
 20
0.0
 30
0.0
 11
0.892969
 21
0.0
 31
0.0
  0
LINE
  5
F16
330
F13
100
AcDbEntity
  8
Smart Centers
  6
Continuous
 62
     0
440
 16777216
 48
0.75
100
AcDbLine
 10
0.0
 20
-0.892969
 30
0.0
 11
0.0
 21
0.892969
 31
0.0
  0
LINE
  5
F17
330
F13
100
AcDbEntity
  8
Smart Centers
 62
     0
440
 16777216
 48
0.75
100
AcDbLine
 10
-6.0
 20
0.0
 30
0.0
 11
-2.678906
 21
0.0
 31
0.0
  0
LINE
  5
F18
330
F13
100
AcDbEntity
  8
Smart Centers
 62
     0
440
 16777216
 48
0.75
100
AcDbLine
 10
2.678906
 20
0.0
 30
0.0
 11
6.0
 21
0.0
 31
0.0
  0
LINE
  5
F19
330
F13
100
AcDbEntity
  8
Smart Centers
 62
     0
440
 16777216
 48
0.75
100
AcDbLine
 10
0.0
 20
-6.0
 30
0.0
 11
0.0
 21
-2.678906
 31
0.0
  0
LINE
  5
F1A
330
F13
100
AcDbEntity
  8
Smart Centers
 62
     0
440
 16777216
 48
0.75
100
AcDbLine
 10
0.0
 20
2.678906
 30
0.0
 11
0.0
 21
6.0
 31
0.0
  0
ENDBLK
  5
F1B
330
F13
100
AcDbEntity
  8
0
100
AcDbBlockEnd
  0
BLOCK
  5
F1E
330
F1D
100
AcDbEntity
  8
0
100
AcDbBlockBegin
  2
*U17
 70
     1
 10
0.0
 20
0.0
 30
0.0
  3
*U17
  1

  0
LINE
  5
F1F
330
F1D
100
AcDbEntity
  8
Smart Centers
  6
Continuous
 62
     0
440
 16777216
 48
0.75
100
AcDbLine
 10
-0.892969
 20
0.0
 30
0.0
 11
0.892969
 21
0.0
 31
0.0
  0
LINE
  5
F20
330
F1D
100
AcDbEntity
  8
Smart Centers
  6
Continuous
 62
     0
440
 16777216
 48
0.75
100
AcDbLine
 10
0.0
 20
-0.892969
 30
0.0
 11
0.0
 21
0.892969
 31
0.0
  0
LINE
  5
F21
330
F1D
100
AcDbEntity
  8
Smart Centers
 62
     0
440
 16777216
 48
0.75
100
AcDbLine
 10
-6.5
 20
0.0
 30
0.0
 11
-2.678906
 21
0.0
 31
0.0
  0
LINE
  5
F22
330
F1D
100
AcDbEntity
  8
Smart Centers
 62
     0
440
 16777216
 48
0.75
100
AcDbLine
 10
2.678906
 20
0.0
 30
0.0
 11
6.5
 21
0.0
 31
0.0
  0
LINE
  5
F23
330
F1D
100
AcDbEntity
  8
Smart Centers
 62
     0
440
 16777216
 48
0.75
100
AcDbLine
 10
0.0
 20
-6.5
 30
0.0
 11
0.0
 21
-2.678906
 31
0.0
  0
LINE
  5
F24
330
F1D
100
AcDbEntity
  8
Smart Centers
 62
     0
440
 16777216
 48
0.75
100
AcDbLine
 10
0.0
 20
2.678906
 30
0.0
 11
0.0
 21
6.5
 31
0.0
  0
ENDBLK
  5
F25
330
F1D
100
AcDbEntity
  8
0
100
AcDbBlockEnd
  0
BLOCK
  5
F28
330
F27
100
AcDbEntity
  8
0
100
AcDbBlockBegin
  2
*U18
 70
     1
 10
0.0
 20
0.0
 30
0.0
  3
*U18
  1

  0
LINE
  5
F29
330
F27
100
AcDbEntity
  8
Smart Centers
  6
Continuous
 62
     0
440
 16777216
 48
0.75
100
AcDbLine
 10
-0.892969
 20
0.0
 30
0.0
 11
0.892969
 21
0.0
 31
0.0
  0
LINE
  5
F2A
330
F27
100
AcDbEntity
  8
Smart Centers
  6
Continuous
 62
     0
440
 16777216
 48
0.75
100
AcDbLine
 10
0.0
 20
-0.892969
 30
0.0
 11
0.0
 21
0.892969
 31
0.0
  0
LINE
  5
F2B
330
F27
100
AcDbEntity
  8
Smart Centers
 62
     0
440
 16777216
 48
0.75
100
AcDbLine
 10
-6.5
 20
0.0
 30
0.0
 11
-2.678906
 21
0.0
 31
0.0
  0
LINE
  5
F2C
330
F27
100
AcDbEntity
  8
Smart Centers
 62
     0
440
 16777216
 48
0.75
100
AcDbLine
 10
2.678906
 20
0.0
 30
0.0
 11
6.5
 21
0.0
 31
0.0
  0
LINE
  5
F2D
330
F27
100
AcDbEntity
  8
Smart Centers
 62
     0
440
 16777216
 48
0.75
100
AcDbLine
 10
0.0
 20
-6.5
 30
0.0
 11
0.0
 21
-2.678906
 31
0.0
  0
LINE
  5
F2E
330
F27
100
AcDbEntity
  8
Smart Centers
 62
     0
440
 16777216
 48
0.75
100
AcDbLine
 10
0.0
 20
2.678906
 30
0.0
 11
0.0
 21
6.5
 31
0.0
  0
ENDBLK
  5
F2F
330
F27
100
AcDbEntity
  8
0
100
AcDbBlockEnd
  0
BLOCK
  5
F32
330
F31
100
AcDbEntity
  8
0
100
AcDbBlockBegin
  2
*U19
 70
     1
 10
0.0
 20
0.0
 30
0.0
  3
*U19
  1

  0
LINE
  5
F33
330
F31
100
AcDbEntity
  8
Smart Centers
  6
Continuous
 62
     0
440
 16777216
 48
0.75
100
AcDbLine
 10
-0.892969
 20
0.0
 30
0.0
 11
0.892969
 21
0.0
 31
0.0
  0
LINE
  5
F34
330
F31
100
AcDbEntity
  8
Smart Centers
  6
Continuous
 62
     0
440
 16777216
 48
0.75
100
AcDbLine
 10
0.0
 20
-0.892969
 30
0.0
 11
0.0
 21
0.892969
 31
0.0
  0
LINE
  5
F35
330
F31
100
AcDbEntity
  8
Smart Centers
 62
     0
440
 16777216
 48
0.75
100
AcDbLine
 10
-6.5
 20
0.0
 30
0.0
 11
-2.678906
 21
0.0
 31
0.0
  0
LINE
  5
F36
330
F31
100
AcDbEntity
  8
Smart Centers
 62
     0
440
 16777216
 48
0.75
100
AcDbLine
 10
2.678906
 20
0.0
 30
0.0
 11
6.5
 21
0.0
 31
0.0
  0
LINE
  5
F37
330
F31
100
AcDbEntity
  8
Smart Centers
 62
     0
440
 16777216
 48
0.75
100
AcDbLine
 10
0.0
 20
-6.5
 30
0.0
 11
0.0
 21
-2.678906
 31
0.0
  0
LINE
  5
F38
330
F31
100
AcDbEntity
  8
Smart Centers
 62
     0
440
 16777216
 48
0.75
100
AcDbLine
 10
0.0
 20
2.678906
 30
0.0
 11
0.0
 21
6.5
 31
0.0
  0
ENDBLK
  5
F39
330
F31
100
AcDbEntity
  8
0
100
AcDbBlockEnd
  0
BLOCK
  5
F3C
330
F3B
100
AcDbEntity
  8
0
100
AcDbBlockBegin
  2
*U20
 70
     1
 10
0.0
 20
0.0
 30
0.0
  3
*U20
  1

  0
LINE
  5
F3D
330
F3B
100
AcDbEntity
  8
Smart Centers
  6
Continuous
 62
     0
440
 16777216
 48
0.75
100
AcDbLine
 10
-0.892969
 20
0.0
 30
0.0
 11
0.892969
 21
0.0
 31
0.0
  0
LINE
  5
F3E
330
F3B
100
AcDbEntity
  8
Smart Centers
  6
Continuous
 62
     0
440
 16777216
 48
0.75
100
AcDbLine
 10
0.0
 20
-0.892969
 30
0.0
 11
0.0
 21
0.892969
 31
0.0
  0
LINE
  5
F3F
330
F3B
100
AcDbEntity
  8
Smart Centers
 62
     0
440
 16777216
 48
0.75
100
AcDbLine
 10
-6.5
 20
0.0
 30
0.0
 11
-2.678906
 21
0.0
 31
0.0
  0
LINE
  5
F40
330
F3B
100
AcDbEntity
  8
Smart Centers
 62
     0
440
 16777216
 48
0.75
100
AcDbLine
 10
2.678906
 20
0.0
 30
0.0
 11
6.5
 21
0.0
 31
0.0
  0
LINE
  5
F41
330
F3B
100
AcDbEntity
  8
Smart Centers
 62
     0
440
 16777216
 48
0.75
100
AcDbLine
 10
0.0
 20
-6.5
 30
0.0
 11
0.0
 21
-2.678906
 31
0.0
  0
LINE
  5
F42
330
F3B
100
AcDbEntity
  8
Smart Centers
 62
     0
440
 16777216
 48
0.75
100
AcDbLine
 10
0.0
 20
2.678906
 30
0.0
 11
0.0
 21
6.5
 31
0.0
  0
ENDBLK
  5
F43
330
F3B
100
AcDbEntity
  8
0
100
AcDbBlockEnd
  0
BLOCK
  5
F46
330
F45
100
AcDbEntity
  8
0
100
AcDbBlockBegin
  2
*U21
 70
     1
 10
0.0
 20
0.0
 30
0.0
  3
*U21
  1

  0
LINE
  5
F47
330
F45
100
AcDbEntity
  8
Smart Centers
  6
Continuous
 62
     0
440
 16777216
 48
0.75
100
AcDbLine
 10
-0.892969
 20
0.0
 30
0.0
 11
0.892969
 21
0.0
 31
0.0
  0
LINE
  5
F48
330
F45
100
AcDbEntity
  8
Smart Centers
  6
Continuous
 62
     0
440
 16777216
 48
0.75
100
AcDbLine
 10
0.0
 20
-0.892969
 30
0.0
 11
0.0
 21
0.892969
 31
0.0
  0
LINE
  5
F49
330
F45
100
AcDbEntity
  8
Smart Centers
 62
     0
440
 16777216
 48
0.75
100
AcDbLine
 10
-17.5
 20
0.0
 30
0.0
 11
-2.678906
 21
0.0
 31
0.0
  0
LINE
  5
F4A
330
F45
100
AcDbEntity
  8
Smart Centers
 62
     0
440
 16777216
 48
0.75
100
AcDbLine
 10
2.678906
 20
0.0
 30
0.0
 11
17.5
 21
0.0
 31
0.0
  0
LINE
  5
F4B
330
F45
100
AcDbEntity
  8
Smart Centers
 62
     0
440
 16777216
 48
0.75
100
AcDbLine
 10
0.0
 20
-17.5
 30
0.0
 11
0.0
 21
-2.678906
 31
0.0
  0
LINE
  5
F4C
330
F45
100
AcDbEntity
  8
Smart Centers
 62
     0
440
 16777216
 48
0.75
100
AcDbLine
 10
0.0
 20
2.678906
 30
0.0
 11
0.0
 21
17.5
 31
0.0
  0
ENDBLK
  5
F4D
330
F45
100
AcDbEntity
  8
0
100
AcDbBlockEnd
  0
BLOCK
  5
F50
330
F4F
100
AcDbEntity
  8
0
100
AcDbBlockBegin
  2
*U22
 70
     1
 10
0.0
 20
0.0
 30
0.0
  3
*U22
  1

  0
LINE
  5
F51
330
F4F
100
AcDbEntity
  8
Smart Centers
  6
Continuous
 62
     0
440
 16777216
 48
0.75
100
AcDbLine
 10
-0.892969
 20
0.0
 30
0.0
 11
0.892969
 21
0.0
 31
0.0
  0
LINE
  5
F52
330
F4F
100
AcDbEntity
  8
Smart Centers
  6
Continuous
 62
     0
440
 16777216
 48
0.75
100
AcDbLine
 10
0.0
 20
-0.892969
 30
0.0
 11
0.0
 21
0.892969
 31
0.0
  0
LINE
  5
F53
330
F4F
100
AcDbEntity
  8
Smart Centers
 62
     0
440
 16777216
 48
0.75
100
AcDbLine
 10
-17.5
 20
0.0
 30
0.0
 11
-2.678906
 21
0.0
 31
0.0
  0
LINE
  5
F54
330
F4F
100
AcDbEntity
  8
Smart Centers
 62
     0
440
 16777216
 48
0.75
100
AcDbLine
 10
2.678906
 20
0.0
 30
0.0
 11
17.5
 21
0.0
 31
0.0
  0
LINE
  5
F55
330
F4F
100
AcDbEntity
  8
Smart Centers
 62
     0
440
 16777216
 48
0.75
100
AcDbLine
 10
0.0
 20
-17.5
 30
0.0
 11
0.0
 21
-2.678906
 31
0.0
  0
LINE
  5
F56
330
F4F
100
AcDbEntity
  8
Smart Centers
 62
     0
440
 16777216
 48
0.75
100
AcDbLine
 10
0.0
 20
2.678906
 30
0.0
 11
0.0
 21
17.5
 31
0.0
  0
ENDBLK
  5
F57
330
F4F
100
AcDbEntity
  8
0
100
AcDbBlockEnd
  0
BLOCK
  5
F5A
330
F59
100
AcDbEntity
  8
0
100
AcDbBlockBegin
  2
*U23
 70
     1
 10
0.0
 20
0.0
 30
0.0
  3
*U23
  1

  0
LINE
  5
F5B
330
F59
100
AcDbEntity
  8
Smart Centers
  6
Continuous
 62
     0
440
 16777216
 48
0.75
100
AcDbLine
 10
-0.892969
 20
0.0
 30
0.0
 11
0.892969
 21
0.0
 31
0.0
  0
LINE
  5
F5C
330
F59
100
AcDbEntity
  8
Smart Centers
  6
Continuous
 62
     0
440
 16777216
 48
0.75
100
AcDbLine
 10
0.0
 20
-0.892969
 30
0.0
 11
0.0
 21
0.892969
 31
0.0
  0
LINE
  5
F5D
330
F59
100
AcDbEntity
  8
Smart Centers
 62
     0
440
 16777216
 48
0.75
100
AcDbLine
 10
-11.5
 20
0.0
 30
0.0
 11
-2.678906
 21
0.0
 31
0.0
  0
LINE
  5
F5E
330
F59
100
AcDbEntity
  8
Smart Centers
 62
     0
440
 16777216
 48
0.75
100
AcDbLine
 10
2.678906
 20
0.0
 30
0.0
 11
11.5
 21
0.0
 31
0.0
  0
LINE
  5
F5F
330
F59
100
AcDbEntity
  8
Smart Centers
 62
     0
440
 16777216
 48
0.75
100
AcDbLine
 10
0.0
 20
-11.5
 30
0.0
 11
0.0
 21
-2.678906
 31
0.0
  0
LINE
  5
F60
330
F59
100
AcDbEntity
  8
Smart Centers
 62
     0
440
 16777216
 48
0.75
100
AcDbLine
 10
0.0
 20
2.678906
 30
0.0
 11
0.0
 21
11.5
 31
0.0
  0
ENDBLK
  5
F61
330
F59
100
AcDbEntity
  8
0
100
AcDbBlockEnd
  0
ENDSEC
  0
SECTION
  2
ENTITIES
  0
INSERT
  5
E85
330
70
100
AcDbEntity
  8
Smart Centers
 48
0.75
100
AcDbBlockReference
  2
*U2
 10
1163.709925
 20
1063.040984
 30
0.0
  0
INSERT
  5
E90
330
70
100
AcDbEntity
  8
Smart Centers
 48
0.75
100
AcDbBlockReference
  2
*U3
 10
1077.709925
 20
813.040984
 30
0.0
  0
INSERT
  5
E9A
330
70
100
AcDbEntity
  8
Smart Centers
 48
0.75
100
AcDbBlockReference
  2
*U4
 10
1175.709925
 20
813.040984
 30
0.0
  0
INSERT
  5
EA4
330
70
100
AcDbEntity
  8
Smart Centers
 48
0.75
100
AcDbBlockReference
  2
*U5
 10
1180.209925
 20
748.040984
 30
0.0
  0
INSERT
  5
EAE
330
70
100
AcDbEntity
  8
Smart Centers
 48
0.75
100
AcDbBlockReference
  2
*U6
 10
1105.209925
 20
748.040984
 30
0.0
  0
INSERT
  5
EB8
330
70
100
AcDbEntity
  8
Smart Centers
 48
0.75
100
AcDbBlockReference
  2
*U7
 10
1163.709925
 20
813.040984
 30
0.0
  0
INSERT
  5
EC2
330
70
100
AcDbEntity
  8
Smart Centers
 48
0.75
100
AcDbBlockReference
  2
*U8
 10
1077.709925
 20
1063.040984
 30
0.0
  0
INSERT
  5
ECC
330
70
100
AcDbEntity
  8
Smart Centers
 48
0.75
100
AcDbBlockReference
  2
*U9
 10
1175.709925
 20
1063.040984
 30
0.0
  0
INSERT
  5
ED6
330
70
100
AcDbEntity
  8
Smart Centers
 48
0.75
100
AcDbBlockReference
  2
*U10
 10
1121.709925
 20
1063.040984
 30
0.0
  0
INSERT
  5
EE0
330
70
100
AcDbEntity
  8
Smart Centers
 48
0.75
100
AcDbBlockReference
  2
*U11
 10
1109.709925
 20
813.040984
 30
0.0
  0
INSERT
  5
EEA
330
70
100
AcDbEntity
  8
Smart Centers
 48
0.75
100
AcDbBlockReference
  2
*U12
 10
1207.709925
 20
813.040984
 30
0.0
  0
INSERT
  5
EF4
330
70
100
AcDbEntity
  8
Smart Centers
 48
0.75
100
AcDbBlockReference
  2
*U13
 10
1294.209925
 20
708.040984
 30
0.0
  0
INSERT
  5
EFE
330
70
100
AcDbEntity
  8
Smart Centers
 48
0.75
100
AcDbBlockReference
  2
*U14
 10
1121.709925
 20
813.040984
 30
0.0
  0
INSERT
  5
F08
330
70
100
AcDbEntity
  8
Smart Centers
 48
0.75
100
AcDbBlockReference
  2
*U15
 10
1109.709925
 20
1063.040984
 30
0.0
  0
INSERT
  5
F12
330
70
100
AcDbEntity
  8
Smart Centers
 48
0.75
100
AcDbBlockReference
  2
*U16
 10
1207.709925
 20
1063.040984
 30
0.0
  0
INSERT
  5
F1C
330
70
100
AcDbEntity
  8
Smart Centers
 48
0.75
100
AcDbBlockReference
  2
*U17
 10
569.709916
 20
692.540961
 30
0.0
  0
INSERT
  5
F26
330
70
100
AcDbEntity
  8
Smart Centers
 48
0.75
100
AcDbBlockReference
  2
*U18
 10
569.709916
 20
1009.540961
 30
0.0
  0
INSERT
  5
F30
330
70
100
AcDbEntity
  8
Smart Centers
 48
0.75
100
AcDbBlockReference
  2
*U19
 10
884.709916
 20
692.540961
 30
0.0
  0
INSERT
  5
F3A
330
70
100
AcDbEntity
  8
Smart Centers
 48
0.75
100
AcDbBlockReference
  2
*U20
 10
884.709916
 20
1009.540961
 30
0.0
  0
INSERT
  5
F44
330
70
100
AcDbEntity
  8
Smart Centers
 48
0.75
100
AcDbBlockReference
  2
*U21
 10
747.209934
 20
1104.041002
 30
0.0
  0
INSERT
  5
F4E
330
70
100
AcDbEntity
  8
Smart Centers
 48
0.75
100
AcDbBlockReference
  2
*U22
 10
707.209934
 20
1104.041002
 30
0.0
  0
INSERT
  5
F58
330
70
100
AcDbEntity
  8
Smart Centers
 48
0.75
100
AcDbBlockReference
  2
*U23
 10
727.209934
 20
1254.041002
 30
0.0
  0
LINE
  5
F62
330
70
100
AcDbEntity
  8
Visible
100
AcDbLine
 10
1137.226925
 20
348.994984
 30
0.0
 11
1136.302925
 21
348.994984
 31
0.0
  0
LINE
  5
F63
330
70
100
AcDbEntity
  8
Visible
100
AcDbLine
 10
1137.226925
 20
345.382984
 30
0.0
 11
1137.226925
 21
348.994984
 31
0.0
  0
LINE
  5
F64
330
70
100
AcDbEntity
  8
Visible
100
AcDbLine
 10
1137.228925
 20
345.276984
 30
0.0
 11
1137.226925
 21
345.382984
 31
0.0
  0
LINE
  5
F65
330
70
100
AcDbEntity
  8
Visible
100
AcDbLine
 10
1137.235925
 20
345.173984
 30
0.0
 11
1137.228925
 21
345.276984
 31
0.0
  0
LINE
  5
F66
330
70
100
AcDbEntity
  8
Visible
100
AcDbLine
 10
1137.245925
 20
345.074984
 30
0.0
 11
1137.235925
 21
345.173984
 31
0.0
  0
LINE
  5
F67
330
70
100
AcDbEntity
  8
Visible
100
AcDbLine
 10
1137.261925
 20
344.979984
 30
0.0
 11
1137.245925
 21
345.074984
 31
0.0
  0
LINE
  5
F68
330
70
100
AcDbEntity
  8
Visible
100
AcDbLine
 10
1137.280925
 20
344.887984
 30
0.0
 11
1137.261925
 21
344.979984
 31
0.0
  0
LINE
  5
F69
330
70
100
AcDbEntity
  8
Visible
100
AcDbLine
 10
1137.304925
 20
344.799984
 30
0.0
 11
1137.280925
 21
344.887984
 31
0.0
  0
LINE
  5
F6A
330
70
100
AcDbEntity
  8
Visible
100
AcDbLine
 10
1137.332925
 20
344.714984
 30
0.0
 11
1137.304925
 21
344.799984
 31
0.0
  0
LINE
  5
F6B
330
70
100
AcDbEntity
  8
Visible
100
AcDbLine
 10
1137.364925
 20
344.633984
 30
0.0
 11
1137.332925
 21
344.714984
 31
0.0
  0
LINE
  5
F6C
330
70
100
AcDbEntity
  8
Visible
100
AcDbLine
 10
1137.401925
 20
344.556984
 30
0.0
 11
1137.364925
 21
344.633984
 31
0.0
  0
LINE
  5
F6D
330
70
100
AcDbEntity
  8
Visible
100
AcDbLine
 10
1137.442925
 20
344.482984
 30
0.0
 11
1137.401925
 21
344.556984
 31
0.0
  0
LINE
  5
F6E
330
70
100
AcDbEntity
  8
Visible
100
AcDbLine
 10
1137.487925
 20
344.412984
 30
0.0
 11
1137.442925
 21
344.482984
 31
0.0
  0
LINE
  5
F6F
330
70
100
AcDbEntity
  8
Visible
100
AcDbLine
 10
1137.535925
 20
344.345984
 30
0.0
 11
1137.487925
 21
344.412984
 31
0.0
  0
LINE
  5
F70
330
70
100
AcDbEntity
  8
Visible
100
AcDbLine
 10
1137.586925
 20
344.282984
 30
0.0
 11
1137.535925
 21
344.345984
 31
0.0
  0
LINE
  5
F71
330
70
100
AcDbEntity
  8
Visible
100
AcDbLine
 10
1137.640925
 20
344.223984
 30
0.0
 11
1137.586925
 21
344.282984
 31
0.0
  0
LINE
  5
F72
330
70
100
AcDbEntity
  8
Visible
100
AcDbLine
 10
1137.697925
 20
344.167984
 30
0.0
 11
1137.640925
 21
344.223984
 31
0.0
  0
LINE
  5
F73
330
70
100
AcDbEntity
  8
Visible
100
AcDbLine
 10
1137.757925
 20
344.115984
 30
0.0
 11
1137.697925
 21
344.167984
 31
0.0
  0
LINE
  5
F74
330
70
100
AcDbEntity
  8
Visible
100
AcDbLine
 10
1137.821925
 20
344.066984
 30
0.0
 11
1137.757925
 21
344.115984
 31
0.0
  0
LINE
  5
F75
330
70
100
AcDbEntity
  8
Visible
100
AcDbLine
 10
1137.887925
 20
344.021984
 30
0.0
 11
1137.821925
 21
344.066984
 31
0.0
  0
LINE
  5
F76
330
70
100
AcDbEntity
  8
Visible
100
AcDbLine
 10
1137.957925
 20
343.980984
 30
0.0
 11
1137.887925
 21
344.021984
 31
0.0
  0
LINE
  5
F77
330
70
100
AcDbEntity
  8
Visible
100
AcDbLine
 10
1138.030925
 20
343.942984
 30
0.0
 11
1137.957925
 21
343.980984
 31
0.0
  0
LINE
  5
F78
330
70
100
AcDbEntity
  8
Visible
100
AcDbLine
 10
1138.105925
 20
343.908984
 30
0.0
 11
1138.030925
 21
343.942984
 31
0.0
  0
LINE
  5
F79
330
70
100
AcDbEntity
  8
Visible
100
AcDbLine
 10
1138.183925
 20
343.877984
 30
0.0
 11
1138.105925
 21
343.908984
 31
0.0
  0
LINE
  5
F7A
330
70
100
AcDbEntity
  8
Visible
100
AcDbLine
 10
1138.262925
 20
343.850984
 30
0.0
 11
1138.183925
 21
343.877984
 31
0.0
  0
LINE
  5
F7B
330
70
100
AcDbEntity
  8
Visible
100
AcDbLine
 10
1138.343925
 20
343.827984
 30
0.0
 11
1138.262925
 21
343.850984
 31
0.0
  0
LINE
  5
F7C
330
70
100
AcDbEntity
  8
Visible
100
AcDbLine
 10
1138.426925
 20
343.807984
 30
0.0
 11
1138.343925
 21
343.827984
 31
0.0
  0
LINE
  5
F7D
330
70
100
AcDbEntity
  8
Visible
100
AcDbLine
 10
1138.511925
 20
343.791984
 30
0.0
 11
1138.426925
 21
343.807984
 31
0.0
  0
LINE
  5
F7E
330
70
100
AcDbEntity
  8
Visible
100
AcDbLine
 10
1138.598925
 20
343.778984
 30
0.0
 11
1138.511925
 21
343.791984
 31
0.0
  0
LINE
  5
F7F
330
70
100
AcDbEntity
  8
Visible
100
AcDbLine
 10
1138.687925
 20
343.769984
 30
0.0
 11
1138.598925
 21
343.778984
 31
0.0
  0
LINE
  5
F80
330
70
100
AcDbEntity
  8
Visible
100
AcDbLine
 10
1138.777925
 20
343.764984
 30
0.0
 11
1138.687925
 21
343.769984
 31
0.0
  0
LINE
  5
F81
330
70
100
AcDbEntity
  8
Visible
100
AcDbLine
 10
1138.870925
 20
343.762984
 30
0.0
 11
1138.777925
 21
343.764984
 31
0.0
  0
LINE
  5
F82
330
70
100
AcDbEntity
  8
Visible
100
AcDbLine
 10
1138.935925
 20
343.763984
 30
0.0
 11
1138.870925
 21
343.762984
 31
0.0
  0
LINE
  5
F83
330
70
100
AcDbEntity
  8
Visible
100
AcDbLine
 10
1138.999925
 20
343.765984
 30
0.0
 11
1138.935925
 21
343.763984
 31
0.0
  0
LINE
  5
F84
330
70
100
AcDbEntity
  8
Visible
100
AcDbLine
 10
1139.063925
 20
343.770984
 30
0.0
 11
1138.999925
 21
343.765984
 31
0.0
  0
LINE
  5
F85
330
70
100
AcDbEntity
  8
Visible
100
AcDbLine
 10
1139.126925
 20
343.775984
 30
0.0
 11
1139.063925
 21
343.770984
 31
0.0
  0
LINE
  5
F86
330
70
100
AcDbEntity
  8
Visible
100
AcDbLine
 10
1139.189925
 20
343.783984
 30
0.0
 11
1139.126925
 21
343.775984
 31
0.0
  0
LINE
  5
F87
330
70
100
AcDbEntity
  8
Visible
100
AcDbLine
 10
1139.251925
 20
343.792984
 30
0.0
 11
1139.189925
 21
343.783984
 31
0.0
  0
LINE
  5
F88
330
70
100
AcDbEntity
  8
Visible
100
AcDbLine
 10
1139.313925
 20
343.803984
 30
0.0
 11
1139.251925
 21
343.792984
 31
0.0
  0
LINE
  5
F89
330
70
100
AcDbEntity
  8
Visible
100
AcDbLine
 10
1139.375925
 20
343.816984
 30
0.0
 11
1139.313925
 21
343.803984
 31
0.0
  0
LINE
  5
F8A
330
70
100
AcDbEntity
  8
Visible
100
AcDbLine
 10
1139.436925
 20
343.830984
 30
0.0
 11
1139.375925
 21
343.816984
 31
0.0
  0
LINE
  5
F8B
330
70
100
AcDbEntity
  8
Visible
100
AcDbLine
 10
1139.497925
 20
343.846984
 30
0.0
 11
1139.436925
 21
343.830984
 31
0.0
  0
LINE
  5
F8C
330
70
100
AcDbEntity
  8
Visible
100
AcDbLine
 10
1139.558925
 20
343.863984
 30
0.0
 11
1139.497925
 21
343.846984
 31
0.0
  0
LINE
  5
F8D
330
70
100
AcDbEntity
  8
Visible
100
AcDbLine
 10
1139.618925
 20
343.882984
 30
0.0
 11
1139.558925
 21
343.863984
 31
0.0
  0
LINE
  5
F8E
330
70
100
AcDbEntity
  8
Visible
100
AcDbLine
 10
1139.679925
 20
343.901984
 30
0.0
 11
1139.618925
 21
343.882984
 31
0.0
  0
LINE
  5
F8F
330
70
100
AcDbEntity
  8
Visible
100
AcDbLine
 10
1139.740925
 20
343.921984
 30
0.0
 11
1139.679925
 21
343.901984
 31
0.0
  0
LINE
  5
F90
330
70
100
AcDbEntity
  8
Visible
100
AcDbLine
 10
1139.801925
 20
343.942984
 30
0.0
 11
1139.740925
 21
343.921984
 31
0.0
  0
LINE
  5
F91
330
70
100
AcDbEntity
  8
Visible
100
AcDbLine
 10
1139.862925
 20
343.964984
 30
0.0
 11
1139.801925
 21
343.942984
 31
0.0
  0
LINE
  5
F92
330
70
100
AcDbEntity
  8
Visible
100
AcDbLine
 10
1139.923925
 20
343.987984
 30
0.0
 11
1139.862925
 21
343.964984
 31
0.0
  0
LINE
  5
F93
330
70
100
AcDbEntity
  8
Visible
100
AcDbLine
 10
1139.984925
 20
344.011984
 30
0.0
 11
1139.923925
 21
343.987984
 31
0.0
  0
LINE
  5
F94
330
70
100
AcDbEntity
  8
Visible
100
AcDbLine
 10
1140.045925
 20
344.036984
 30
0.0
 11
1139.984925
 21
344.011984
 31
0.0
  0
LINE
  5
F95
330
70
100
AcDbEntity
  8
Visible
100
AcDbLine
 10
1140.106925
 20
344.062984
 30
0.0
 11
1140.045925
 21
344.036984
 31
0.0
  0
LINE
  5
F96
330
70
100
AcDbEntity
  8
Visible
100
AcDbLine
 10
1139.974925
 20
344.734984
 30
0.0
 11
1140.106925
 21
344.062984
 31
0.0
  0
LINE
  5
F97
330
70
100
AcDbEntity
  8
Visible
100
AcDbLine
 10
1139.917925
 20
344.713984
 30
0.0
 11
1139.974925
 21
344.734984
 31
0.0
  0
LINE
  5
F98
330
70
100
AcDbEntity
  8
Visible
100
AcDbLine
 10
1139.861925
 20
344.693984
 30
0.0
 11
1139.917925
 21
344.713984
 31
0.0
  0
LINE
  5
F99
330
70
100
AcDbEntity
  8
Visible
100
AcDbLine
 10
1139.806925
 20
344.674984
 30
0.0
 11
1139.861925
 21
344.693984
 31
0.0
  0
LINE
  5
F9A
330
70
100
AcDbEntity
  8
Visible
100
AcDbLine
 10
1139.753925
 20
344.656984
 30
0.0
 11
1139.806925
 21
344.674984
 31
0.0
  0
LINE
  5
F9B
330
70
100
AcDbEntity
  8
Visible
100
AcDbLine
 10
1139.700925
 20
344.639984
 30
0.0
 11
1139.753925
 21
344.656984
 31
0.0
  0
LINE
  5
F9C
330
70
100
AcDbEntity
  8
Visible
100
AcDbLine
 10
1139.649925
 20
344.624984
 30
0.0
 11
1139.700925
 21
344.639984
 31
0.0
  0
LINE
  5
F9D
330
70
100
AcDbEntity
  8
Visible
100
AcDbLine
 10
1139.599925
 20
344.609984
 30
0.0
 11
1139.649925
 21
344.624984
 31
0.0
  0
LINE
  5
F9E
330
70
100
AcDbEntity
  8
Visible
100
AcDbLine
 10
1139.550925
 20
344.596984
 30
0.0
 11
1139.599925
 21
344.609984
 31
0.0
  0
LINE
  5
F9F
330
70
100
AcDbEntity
  8
Visible
100
AcDbLine
 10
1139.502925
 20
344.583984
 30
0.0
 11
1139.550925
 21
344.596984
 31
0.0
  0
LINE
  5
FA0
330
70
100
AcDbEntity
  8
Visible
100
AcDbLine
 10
1139.455925
 20
344.572984
 30
0.0
 11
1139.502925
 21
344.583984
 31
0.0
  0
LINE
  5
FA1
330
70
100
AcDbEntity
  8
Visible
100
AcDbLine
 10
1139.409925
 20
344.562984
 30
0.0
 11
1139.455925
 21
344.572984
 31
0.0
  0
LINE
  5
FA2
330
70
100
AcDbEntity
  8
Visible
100
AcDbLine
 10
1139.315925
 20
344.544984
 30
0.0
 11
1139.409925
 21
344.562984
 31
0.0
  0
LINE
  5
FA3
330
70
100
AcDbEntity
  8
Visible
100
AcDbLine
 10
1139.268925
 20
344.537984
 30
0.0
 11
1139.315925
 21
344.544984
 31
0.0
  0
LINE
  5
FA4
330
70
100
AcDbEntity
  8
Visible
100
AcDbLine
 10
1139.220925
 20
344.531984
 30
0.0
 11
1139.268925
 21
344.537984
 31
0.0
  0
LINE
  5
FA5
330
70
100
AcDbEntity
  8
Visible
100
AcDbLine
 10
1139.124925
 20
344.523984
 30
0.0
 11
1139.220925
 21
344.531984
 31
0.0
  0
LINE
  5
FA6
330
70
100
AcDbEntity
  8
Visible
100
AcDbLine
 10
1139.076925
 20
344.520984
 30
0.0
 11
1139.124925
 21
344.523984
 31
0.0
  0
LINE
  5
FA7
330
70
100
AcDbEntity
  8
Visible
100
AcDbLine
 10
1138.978925
 20
344.518984
 30
0.0
 11
1139.076925
 21
344.520984
 31
0.0
  0
LINE
  5
FA8
330
70
100
AcDbEntity
  8
Visible
100
AcDbLine
 10
1138.821925
 20
344.527984
 30
0.0
 11
1138.978925
 21
344.518984
 31
0.0
  0
LINE
  5
FA9
330
70
100
AcDbEntity
  8
Visible
100
AcDbLine
 10
1138.680925
 20
344.554984
 30
0.0
 11
1138.821925
 21
344.527984
 31
0.0
  0
LINE
  5
FAA
330
70
100
AcDbEntity
  8
Visible
100
AcDbLine
 10
1138.556925
 20
344.598984
 30
0.0
 11
1138.680925
 21
344.554984
 31
0.0
  0
LINE
  5
FAB
330
70
100
AcDbEntity
  8
Visible
100
AcDbLine
 10
1138.448925
 20
344.660984
 30
0.0
 11
1138.556925
 21
344.598984
 31
0.0
  0
LINE
  5
FAC
330
70
100
AcDbEntity
  8
Visible
100
AcDbLine
 10
1138.357925
 20
344.740984
 30
0.0
 11
1138.448925
 21
344.660984
 31
0.0
  0
LINE
  5
FAD
330
70
100
AcDbEntity
  8
Visible
100
AcDbLine
 10
1138.282925
 20
344.838984
 30
0.0
 11
1138.357925
 21
344.740984
 31
0.0
  0
LINE
  5
FAE
330
70
100
AcDbEntity
  8
Visible
100
AcDbLine
 10
1138.225925
 20
344.953984
 30
0.0
 11
1138.282925
 21
344.838984
 31
0.0
  0
LINE
  5
FAF
330
70
100
AcDbEntity
  8
Visible
100
AcDbLine
 10
1138.183925
 20
345.086984
 30
0.0
 11
1138.225925
 21
344.953984
 31
0.0
  0
LINE
  5
FB0
330
70
100
AcDbEntity
  8
Visible
100
AcDbLine
 10
1138.158925
 20
345.237984
 30
0.0
 11
1138.183925
 21
345.086984
 31
0.0
  0
LINE
  5
FB1
330
70
100
AcDbEntity
  8
Visible
100
AcDbLine
 10
1138.150925
 20
345.406984
 30
0.0
 11
1138.158925
 21
345.237984
 31
0.0
  0
LINE
  5
FB2
330
70
100
AcDbEntity
  8
Visible
100
AcDbLine
 10
1138.150925
 20
348.994984
 30
0.0
 11
1138.150925
 21
345.406984
 31
0.0
  0
LINE
  5
FB3
330
70
100
AcDbEntity
  8
Visible
100
AcDbLine
 10
1139.962925
 20
348.994984
 30
0.0
 11
1138.150925
 21
348.994984
 31
0.0
  0
LINE
  5
FB4
330
70
100
AcDbEntity
  8
Visible
100
AcDbLine
 10
1139.962925
 20
349.642984
 30
0.0
 11
1139.962925
 21
348.994984
 31
0.0
  0
LINE
  5
FB5
330
70
100
AcDbEntity
  8
Visible
100
AcDbLine
 10
1138.150925
 20
349.642984
 30
0.0
 11
1139.962925
 21
349.642984
 31
0.0
  0
LINE
  5
FB6
330
70
100
AcDbEntity
  8
Visible
100
AcDbLine
 10
1138.150925
 20
351.238984
 30
0.0
 11
1138.150925
 21
349.642984
 31
0.0
  0
LINE
  5
FB7
330
70
100
AcDbEntity
  8
Visible
100
AcDbLine
 10
1137.226925
 20
351.238984
 30
0.0
 11
1138.150925
 21
351.238984
 31
0.0
  0
LINE
  5
FB8
330
70
100
AcDbEntity
  8
Visible
100
AcDbLine
 10
1137.226925
 20
349.642984
 30
0.0
 11
1137.226925
 21
351.238984
 31
0.0
  0
LINE
  5
FB9
330
70
100
AcDbEntity
  8
Visible
100
AcDbLine
 10
1136.302925
 20
349.642984
 30
0.0
 11
1137.226925
 21
349.642984
 31
0.0
  0
LINE
  5
FBA
330
70
100
AcDbEntity
  8
Visible
100
AcDbLine
 10
1136.302925
 20
348.994984
 30
0.0
 11
1136.302925
 21
349.642984
 31
0.0
  0
LINE
  5
FBB
330
70
100
AcDbEntity
  8
Visible
100
AcDbLine
 10
1133.308925
 20
348.994984
 30
0.0
 11
1132.372925
 21
348.994984
 31
0.0
  0
LINE
  5
FBC
330
70
100
AcDbEntity
  8
Visible
100
AcDbLine
 10
1133.308925
 20
343.906984
 30
0.0
 11
1133.308925
 21
348.994984
 31
0.0
  0
LINE
  5
FBD
330
70
100
AcDbEntity
  8
Visible
100
AcDbLine
 10
1134.244925
 20
343.906984
 30
0.0
 11
1133.308925
 21
343.906984
 31
0.0
  0
LINE
  5
FBE
330
70
100
AcDbEntity
  8
Visible
100
AcDbLine
 10
1134.244925
 20
348.994984
 30
0.0
 11
1134.244925
 21
343.906984
 31
0.0
  0
LINE
  5
FBF
330
70
100
AcDbEntity
  8
Visible
100
AcDbLine
 10
1135.432925
 20
348.994984
 30
0.0
 11
1134.244925
 21
348.994984
 31
0.0
  0
LINE
  5
FC0
330
70
100
AcDbEntity
  8
Visible
100
AcDbLine
 10
1135.432925
 20
349.642984
 30
0.0
 11
1135.432925
 21
348.994984
 31
0.0
  0
LINE
  5
FC1
330
70
100
AcDbEntity
  8
Visible
100
AcDbLine
 10
1134.244925
 20
349.642984
 30
0.0
 11
1135.432925
 21
349.642984
 31
0.0
  0
LINE
  5
FC2
330
70
100
AcDbEntity
  8
Visible
100
AcDbLine
 10
1134.244925
 20
350.518984
 30
0.0
 11
1134.244925
 21
349.642984
 31
0.0
  0
LINE
  5
FC3
330
70
100
AcDbEntity
  8
Visible
100
AcDbLine
 10
1134.245925
 20
350.591984
 30
0.0
 11
1134.244925
 21
350.518984
 31
0.0
  0
LINE
  5
FC4
330
70
100
AcDbEntity
  8
Visible
100
AcDbLine
 10
1134.249925
 20
350.660984
 30
0.0
 11
1134.245925
 21
350.591984
 31
0.0
  0
LINE
  5
FC5
330
70
100
AcDbEntity
  8
Visible
100
AcDbLine
 10
1134.255925
 20
350.726984
 30
0.0
 11
1134.249925
 21
350.660984
 31
0.0
  0
LINE
  5
FC6
330
70
100
AcDbEntity
  8
Visible
100
AcDbLine
 10
1134.264925
 20
350.788984
 30
0.0
 11
1134.255925
 21
350.726984
 31
0.0
  0
LINE
  5
FC7
330
70
100
AcDbEntity
  8
Visible
100
AcDbLine
 10
1134.276925
 20
350.847984
 30
0.0
 11
1134.264925
 21
350.788984
 31
0.0
  0
LINE
  5
FC8
330
70
100
AcDbEntity
  8
Visible
100
AcDbLine
 10
1134.289925
 20
350.902984
 30
0.0
 11
1134.276925
 21
350.847984
 31
0.0
  0
LINE
  5
FC9
330
70
100
AcDbEntity
  8
Visible
100
AcDbLine
 10
1134.306925
 20
350.954984
 30
0.0
 11
1134.289925
 21
350.902984
 31
0.0
  0
LINE
  5
FCA
330
70
100
AcDbEntity
  8
Visible
100
AcDbLine
 10
1134.325925
 20
351.002984
 30
0.0
 11
1134.306925
 21
350.954984
 31
0.0
  0
LINE
  5
FCB
330
70
100
AcDbEntity
  8
Visible
100
AcDbLine
 10
1134.346925
 20
351.047984
 30
0.0
 11
1134.325925
 21
351.002984
 31
0.0
  0
LINE
  5
FCC
330
70
100
AcDbEntity
  8
Visible
100
AcDbLine
 10
1134.370925
 20
351.088984
 30
0.0
 11
1134.346925
 21
351.047984
 31
0.0
  0
LINE
  5
FCD
330
70
100
AcDbEntity
  8
Visible
100
AcDbLine
 10
1134.396925
 20
351.126984
 30
0.0
 11
1134.370925
 21
351.088984
 31
0.0
  0
LINE
  5
FCE
330
70
100
AcDbEntity
  8
Visible
100
AcDbLine
 10
1134.423925
 20
351.162984
 30
0.0
 11
1134.396925
 21
351.126984
 31
0.0
  0
LINE
  5
FCF
330
70
100
AcDbEntity
  8
Visible
100
AcDbLine
 10
1134.452925
 20
351.195984
 30
0.0
 11
1134.423925
 21
351.162984
 31
0.0
  0
LINE
  5
FD0
330
70
100
AcDbEntity
  8
Visible
100
AcDbLine
 10
1134.481925
 20
351.226984
 30
0.0
 11
1134.452925
 21
351.195984
 31
0.0
  0
LINE
  5
FD1
330
70
100
AcDbEntity
  8
Visible
100
AcDbLine
 10
1134.512925
 20
351.254984
 30
0.0
 11
1134.481925
 21
351.226984
 31
0.0
  0
LINE
  5
FD2
330
70
100
AcDbEntity
  8
Visible
100
AcDbLine
 10
1134.545925
 20
351.280984
 30
0.0
 11
1134.512925
 21
351.254984
 31
0.0
  0
LINE
  5
FD3
330
70
100
AcDbEntity
  8
Visible
100
AcDbLine
 10
1134.579925
 20
351.303984
 30
0.0
 11
1134.545925
 21
351.280984
 31
0.0
  0
LINE
  5
FD4
330
70
100
AcDbEntity
  8
Visible
100
AcDbLine
 10
1134.614925
 20
351.324984
 30
0.0
 11
1134.579925
 21
351.303984
 31
0.0
  0
LINE
  5
FD5
330
70
100
AcDbEntity
  8
Visible
100
AcDbLine
 10
1134.650925
 20
351.342984
 30
0.0
 11
1134.614925
 21
351.324984
 31
0.0
  0
LINE
  5
FD6
330
70
100
AcDbEntity
  8
Visible
100
AcDbLine
 10
1134.688925
 20
351.358984
 30
0.0
 11
1134.650925
 21
351.342984
 31
0.0
  0
LINE
  5
FD7
330
70
100
AcDbEntity
  8
Visible
100
AcDbLine
 10
1134.726925
 20
351.372984
 30
0.0
 11
1134.688925
 21
351.358984
 31
0.0
  0
LINE
  5
FD8
330
70
100
AcDbEntity
  8
Visible
100
AcDbLine
 10
1134.765925
 20
351.384984
 30
0.0
 11
1134.726925
 21
351.372984
 31
0.0
  0
LINE
  5
FD9
330
70
100
AcDbEntity
  8
Visible
100
AcDbLine
 10
1134.803925
 20
351.395984
 30
0.0
 11
1134.765925
 21
351.384984
 31
0.0
  0
LINE
  5
FDA
330
70
100
AcDbEntity
  8
Visible
100
AcDbLine
 10
1134.842925
 20
351.404984
 30
0.0
 11
1134.803925
 21
351.395984
 31
0.0
  0
LINE
  5
FDB
330
70
100
AcDbEntity
  8
Visible
100
AcDbLine
 10
1134.880925
 20
351.412984
 30
0.0
 11
1134.842925
 21
351.404984
 31
0.0
  0
LINE
  5
FDC
330
70
100
AcDbEntity
  8
Visible
100
AcDbLine
 10
1134.918925
 20
351.418984
 30
0.0
 11
1134.880925
 21
351.412984
 31
0.0
  0
LINE
  5
FDD
330
70
100
AcDbEntity
  8
Visible
100
AcDbLine
 10
1134.957925
 20
351.424984
 30
0.0
 11
1134.918925
 21
351.418984
 31
0.0
  0
LINE
  5
FDE
330
70
100
AcDbEntity
  8
Visible
100
AcDbLine
 10
1134.995925
 20
351.427984
 30
0.0
 11
1134.957925
 21
351.424984
 31
0.0
  0
LINE
  5
FDF
330
70
100
AcDbEntity
  8
Visible
100
AcDbLine
 10
1135.034925
 20
351.429984
 30
0.0
 11
1134.995925
 21
351.427984
 31
0.0
  0
LINE
  5
FE0
330
70
100
AcDbEntity
  8
Visible
100
AcDbLine
 10
1135.072925
 20
351.430984
 30
0.0
 11
1135.034925
 21
351.429984
 31
0.0
  0
LINE
  5
FE1
330
70
100
AcDbEntity
  8
Visible
100
AcDbLine
 10
1135.105925
 20
351.430984
 30
0.0
 11
1135.072925
 21
351.430984
 31
0.0
  0
LINE
  5
FE2
330
70
100
AcDbEntity
  8
Visible
100
AcDbLine
 10
1135.137925
 20
351.429984
 30
0.0
 11
1135.105925
 21
351.430984
 31
0.0
  0
LINE
  5
FE3
330
70
100
AcDbEntity
  8
Visible
100
AcDbLine
 10
1135.171925
 20
351.427984
 30
0.0
 11
1135.137925
 21
351.429984
 31
0.0
  0
LINE
  5
FE4
330
70
100
AcDbEntity
  8
Visible
100
AcDbLine
 10
1135.204925
 20
351.424984
 30
0.0
 11
1135.171925
 21
351.427984
 31
0.0
  0
LINE
  5
FE5
330
70
100
AcDbEntity
  8
Visible
100
AcDbLine
 10
1135.238925
 20
351.421984
 30
0.0
 11
1135.204925
 21
351.424984
 31
0.0
  0
LINE
  5
FE6
330
70
100
AcDbEntity
  8
Visible
100
AcDbLine
 10
1135.272925
 20
351.417984
 30
0.0
 11
1135.238925
 21
351.421984
 31
0.0
  0
LINE
  5
FE7
330
70
100
AcDbEntity
  8
Visible
100
AcDbLine
 10
1135.306925
 20
351.412984
 30
0.0
 11
1135.272925
 21
351.417984
 31
0.0
  0
LINE
  5
FE8
330
70
100
AcDbEntity
  8
Visible
100
AcDbLine
 10
1135.341925
 20
351.407984
 30
0.0
 11
1135.306925
 21
351.412984
 31
0.0
  0
LINE
  5
FE9
330
70
100
AcDbEntity
  8
Visible
100
AcDbLine
 10
1135.376925
 20
351.401984
 30
0.0
 11
1135.341925
 21
351.407984
 31
0.0
  0
LINE
  5
FEA
330
70
100
AcDbEntity
  8
Visible
100
AcDbLine
 10
1135.411925
 20
351.394984
 30
0.0
 11
1135.376925
 21
351.401984
 31
0.0
  0
LINE
  5
FEB
330
70
100
AcDbEntity
  8
Visible
100
AcDbLine
 10
1135.446925
 20
351.386984
 30
0.0
 11
1135.411925
 21
351.394984
 31
0.0
  0
LINE
  5
FEC
330
70
100
AcDbEntity
  8
Visible
100
AcDbLine
 10
1135.482925
 20
351.378984
 30
0.0
 11
1135.446925
 21
351.386984
 31
0.0
  0
LINE
  5
FED
330
70
100
AcDbEntity
  8
Visible
100
AcDbLine
 10
1135.517925
 20
351.369984
 30
0.0
 11
1135.482925
 21
351.378984
 31
0.0
  0
LINE
  5
FEE
330
70
100
AcDbEntity
  8
Visible
100
AcDbLine
 10
1135.589925
 20
351.349984
 30
0.0
 11
1135.517925
 21
351.369984
 31
0.0
  0
LINE
  5
FEF
330
70
100
AcDbEntity
  8
Visible
100
AcDbLine
 10
1135.624925
 20
351.338984
 30
0.0
 11
1135.589925
 21
351.349984
 31
0.0
  0
LINE
  5
FF0
330
70
100
AcDbEntity
  8
Visible
100
AcDbLine
 10
1135.660925
 20
351.326984
 30
0.0
 11
1135.624925
 21
351.338984
 31
0.0
  0
LINE
  5
FF1
330
70
100
AcDbEntity
  8
Visible
100
AcDbLine
 10
1135.732925
 20
351.300984
 30
0.0
 11
1135.660925
 21
351.326984
 31
0.0
  0
LINE
  5
FF2
330
70
100
AcDbEntity
  8
Visible
100
AcDbLine
 10
1135.768925
 20
351.286984
 30
0.0
 11
1135.732925
 21
351.300984
 31
0.0
  0
LINE
  5
FF3
330
70
100
AcDbEntity
  8
Visible
100
AcDbLine
 10
1135.948925
 20
352.030984
 30
0.0
 11
1135.768925
 21
351.286984
 31
0.0
  0
LINE
  5
FF4
330
70
100
AcDbEntity
  8
Visible
100
AcDbLine
 10
1135.898925
 20
352.044984
 30
0.0
 11
1135.948925
 21
352.030984
 31
0.0
  0
LINE
  5
FF5
330
70
100
AcDbEntity
  8
Visible
100
AcDbLine
 10
1135.847925
 20
352.057984
 30
0.0
 11
1135.898925
 21
352.044984
 31
0.0
  0
LINE
  5
FF6
330
70
100
AcDbEntity
  8
Visible
100
AcDbLine
 10
1135.797925
 20
352.070984
 30
0.0
 11
1135.847925
 21
352.057984
 31
0.0
  0
LINE
  5
FF7
330
70
100
AcDbEntity
  8
Visible
100
AcDbLine
 10
1135.746925
 20
352.082984
 30
0.0
 11
1135.797925
 21
352.070984
 31
0.0
  0
LINE
  5
FF8
330
70
100
AcDbEntity
  8
Visible
100
AcDbLine
 10
1135.695925
 20
352.093984
 30
0.0
 11
1135.746925
 21
352.082984
 31
0.0
  0
LINE
  5
FF9
330
70
100
AcDbEntity
  8
Visible
100
AcDbLine
 10
1135.645925
 20
352.103984
 30
0.0
 11
1135.695925
 21
352.093984
 31
0.0
  0
LINE
  5
FFA
330
70
100
AcDbEntity
  8
Visible
100
AcDbLine
 10
1135.594925
 20
352.113984
 30
0.0
 11
1135.645925
 21
352.103984
 31
0.0
  0
LINE
  5
FFB
330
70
100
AcDbEntity
  8
Visible
100
AcDbLine
 10
1135.543925
 20
352.122984
 30
0.0
 11
1135.594925
 21
352.113984
 31
0.0
  0
LINE
  5
FFC
330
70
100
AcDbEntity
  8
Visible
100
AcDbLine
 10
1135.441925
 20
352.138984
 30
0.0
 11
1135.543925
 21
352.122984
 31
0.0
  0
LINE
  5
FFD
330
70
100
AcDbEntity
  8
Visible
100
AcDbLine
 10
1135.390925
 20
352.145984
 30
0.0
 11
1135.441925
 21
352.138984
 31
0.0
  0
LINE
  5
FFE
330
70
100
AcDbEntity
  8
Visible
100
AcDbLine
 10
1135.339925
 20
352.151984
 30
0.0
 11
1135.390925
 21
352.145984
 31
0.0
  0
LINE
  5
FFF
330
70
100
AcDbEntity
  8
Visible
100
AcDbLine
 10
1135.289925
 20
352.156984
 30
0.0
 11
1135.339925
 21
352.151984
 31
0.0
  0
LINE
  5
1000
330
70
100
AcDbEntity
  8
Visible
100
AcDbLine
 10
1135.238925
 20
352.161984
 30
0.0
 11
1135.289925
 21
352.156984
 31
0.0
  0
LINE
  5
1001
330
70
100
AcDbEntity
  8
Visible
100
AcDbLine
 10
1135.188925
 20
352.165984
 30
0.0
 11
1135.238925
 21
352.161984
 31
0.0
  0
LINE
  5
1002
330
70
100
AcDbEntity
  8
Visible
100
AcDbLine
 10
1135.088925
 20
352.171984
 30
0.0
 11
1135.188925
 21
352.165984
 31
0.0
  0
LINE
  5
1003
330
70
100
AcDbEntity
  8
Visible
100
AcDbLine
 10
1135.039925
 20
352.173984
 30
0.0
 11
1135.088925
 21
352.171984
 31
0.0
  0
LINE
  5
1004
330
70
100
AcDbEntity
  8
Visible
100
AcDbLine
 10
1134.989925
 20
352.174984
 30
0.0
 11
1135.039925
 21
352.173984
 31
0.0
  0
LINE
  5
1005
330
70
100
AcDbEntity
  8
Visible
100
AcDbLine
 10
1134.940925
 20
352.174984
 30
0.0
 11
1134.989925
 21
352.174984
 31
0.0
  0
LINE
  5
1006
330
70
100
AcDbEntity
  8
Visible
100
AcDbLine
 10
1134.850925
 20
352.172984
 30
0.0
 11
1134.940925
 21
352.174984
 31
0.0
  0
LINE
  5
1007
330
70
100
AcDbEntity
  8
Visible
100
AcDbLine
 10
1134.761925
 20
352.167984
 30
0.0
 11
1134.850925
 21
352.172984
 31
0.0
  0
LINE
  5
1008
330
70
100
AcDbEntity
  8
Visible
100
AcDbLine
 10
1134.674925
 20
352.158984
 30
0.0
 11
1134.761925
 21
352.167984
 31
0.0
  0
LINE
  5
1009
330
70
100
AcDbEntity
  8
Visible
100
AcDbLine
 10
1134.589925
 20
352.146984
 30
0.0
 11
1134.674925
 21
352.158984
 31
0.0
  0
LINE
  5
100A
330
70
100
AcDbEntity
  8
Visible
100
AcDbLine
 10
1134.506925
 20
352.131984
 30
0.0
 11
1134.589925
 21
352.146984
 31
0.0
  0
LINE
  5
100B
330
70
100
AcDbEntity
  8
Visible
100
AcDbLine
 10
1134.424925
 20
352.111984
 30
0.0
 11
1134.506925
 21
352.131984
 31
0.0
  0
LINE
  5
100C
330
70
100
AcDbEntity
  8
Visible
100
AcDbLine
 10
1134.344925
 20
352.089984
 30
0.0
 11
1134.424925
 21
352.111984
 31
0.0
  0
LINE
  5
100D
330
70
100
AcDbEntity
  8
Visible
100
AcDbLine
 10
1134.266925
 20
352.063984
 30
0.0
 11
1134.344925
 21
352.089984
 31
0.0
  0
LINE
  5
100E
330
70
100
AcDbEntity
  8
Visible
100
AcDbLine
 10
1134.190925
 20
352.033984
 30
0.0
 11
1134.266925
 21
352.063984
 31
0.0
  0
LINE
  5
100F
330
70
100
AcDbEntity
  8
Visible
100
AcDbLine
 10
1134.115925
 20
352.000984
 30
0.0
 11
1134.190925
 21
352.033984
 31
0.0
  0
LINE
  5
1010
330
70
100
AcDbEntity
  8
Visible
100
AcDbLine
 10
1134.043925
 20
351.963984
 30
0.0
 11
1134.115925
 21
352.000984
 31
0.0
  0
LINE
  5
1011
330
70
100
AcDbEntity
  8
Visible
100
AcDbLine
 10
1133.973925
 20
351.923984
 30
0.0
 11
1134.043925
 21
351.963984
 31
0.0
  0
LINE
  5
1012
330
70
100
AcDbEntity
  8
Visible
100
AcDbLine
 10
1133.907925
 20
351.879984
 30
0.0
 11
1133.973925
 21
351.923984
 31
0.0
  0
LINE
  5
1013
330
70
100
AcDbEntity
  8
Visible
100
AcDbLine
 10
1133.844925
 20
351.831984
 30
0.0
 11
1133.907925
 21
351.879984
 31
0.0
  0
LINE
  5
1014
330
70
100
AcDbEntity
  8
Visible
100
AcDbLine
 10
1133.783925
 20
351.779984
 30
0.0
 11
1133.844925
 21
351.831984
 31
0.0
  0
LINE
  5
1015
330
70
100
AcDbEntity
  8
Visible
100
AcDbLine
 10
1133.726925
 20
351.723984
 30
0.0
 11
1133.783925
 21
351.779984
 31
0.0
  0
LINE
  5
1016
330
70
100
AcDbEntity
  8
Visible
100
AcDbLine
 10
1133.672925
 20
351.664984
 30
0.0
 11
1133.726925
 21
351.723984
 31
0.0
  0
LINE
  5
1017
330
70
100
AcDbEntity
  8
Visible
100
AcDbLine
 10
1133.621925
 20
351.601984
 30
0.0
 11
1133.672925
 21
351.664984
 31
0.0
  0
LINE
  5
1018
330
70
100
AcDbEntity
  8
Visible
100
AcDbLine
 10
1133.572925
 20
351.534984
 30
0.0
 11
1133.621925
 21
351.601984
 31
0.0
  0
LINE
  5
1019
330
70
100
AcDbEntity
  8
Visible
100
AcDbLine
 10
1133.527925
 20
351.463984
 30
0.0
 11
1133.572925
 21
351.534984
 31
0.0
  0
LINE
  5
101A
330
70
100
AcDbEntity
  8
Visible
100
AcDbLine
 10
1133.485925
 20
351.388984
 30
0.0
 11
1133.527925
 21
351.463984
 31
0.0
  0
LINE
  5
101B
330
70
100
AcDbEntity
  8
Visible
100
AcDbLine
 10
1133.448925
 20
351.310984
 30
0.0
 11
1133.485925
 21
351.388984
 31
0.0
  0
LINE
  5
101C
330
70
100
AcDbEntity
  8
Visible
100
AcDbLine
 10
1133.415925
 20
351.227984
 30
0.0
 11
1133.448925
 21
351.310984
 31
0.0
  0
LINE
  5
101D
330
70
100
AcDbEntity
  8
Visible
100
AcDbLine
 10
1133.387925
 20
351.139984
 30
0.0
 11
1133.415925
 21
351.227984
 31
0.0
  0
LINE
  5
101E
330
70
100
AcDbEntity
  8
Visible
100
AcDbLine
 10
1133.363925
 20
351.048984
 30
0.0
 11
1133.387925
 21
351.139984
 31
0.0
  0
LINE
  5
101F
330
70
100
AcDbEntity
  8
Visible
100
AcDbLine
 10
1133.343925
 20
350.953984
 30
0.0
 11
1133.363925
 21
351.048984
 31
0.0
  0
LINE
  5
1020
330
70
100
AcDbEntity
  8
Visible
100
AcDbLine
 10
1133.328925
 20
350.853984
 30
0.0
 11
1133.343925
 21
350.953984
 31
0.0
  0
LINE
  5
1021
330
70
100
AcDbEntity
  8
Visible
100
AcDbLine
 10
1133.317925
 20
350.750984
 30
0.0
 11
1133.328925
 21
350.853984
 31
0.0
  0
LINE
  5
1022
330
70
100
AcDbEntity
  8
Visible
100
AcDbLine
 10
1133.310925
 20
350.642984
 30
0.0
 11
1133.317925
 21
350.750984
 31
0.0
  0
LINE
  5
1023
330
70
100
AcDbEntity
  8
Visible
100
AcDbLine
 10
1133.308925
 20
350.530984
 30
0.0
 11
1133.310925
 21
350.642984
 31
0.0
  0
LINE
  5
1024
330
70
100
AcDbEntity
  8
Visible
100
AcDbLine
 10
1133.308925
 20
349.642984
 30
0.0
 11
1133.308925
 21
350.530984
 31
0.0
  0
LINE
  5
1025
330
70
100
AcDbEntity
  8
Visible
100
AcDbLine
 10
1132.372925
 20
349.642984
 30
0.0
 11
1133.308925
 21
349.642984
 31
0.0
  0
LINE
  5
1026
330
70
100
AcDbEntity
  8
Visible
100
AcDbLine
 10
1132.372925
 20
348.994984
 30
0.0
 11
1132.372925
 21
349.642984
 31
0.0
  0
LINE
  5
1027
330
70
100
AcDbEntity
  8
Visible
100
AcDbLine
 10
1131.142925
 20
346.618984
 30
0.0
 11
1127.171127
 21
346.618984
 31
0.0
  0
LINE
  5
1028
330
70
100
AcDbEntity
  8
Visible
100
AcDbLine
 10
1131.150925
 20
346.739984
 30
0.0
 11
1131.142925
 21
346.618984
 31
0.0
  0
LINE
  5
1029
330
70
100
AcDbEntity
  8
Visible
100
AcDbLine
 10
1131.155925
 20
346.859984
 30
0.0
 11
1131.150925
 21
346.739984
 31
0.0
  0
LINE
  5
102A
330
70
100
AcDbEntity
  8
Visible
100
AcDbLine
 10
1131.156925
 20
346.978984
 30
0.0
 11
1131.155925
 21
346.859984
 31
0.0
  0
LINE
  5
102B
330
70
100
AcDbEntity
  8
Visible
100
AcDbLine
 10
1131.155925
 20
347.097984
 30
0.0
 11
1131.156925
 21
346.978984
 31
0.0
  0
LINE
  5
102C
330
70
100
AcDbEntity
  8
Visible
100
AcDbLine
 10
1131.150925
 20
347.214984
 30
0.0
 11
1131.155925
 21
347.097984
 31
0.0
  0
LINE
  5
102D
330
70
100
AcDbEntity
  8
Visible
100
AcDbLine
 10
1131.142925
 20
347.331984
 30
0.0
 11
1131.150925
 21
347.214984
 31
0.0
  0
LINE
  5
102E
330
70
100
AcDbEntity
  8
Visible
100
AcDbLine
 10
1131.131925
 20
347.447984
 30
0.0
 11
1131.142925
 21
347.331984
 31
0.0
  0
LINE
  5
102F
330
70
100
AcDbEntity
  8
Visible
100
AcDbLine
 10
1131.117925
 20
347.563984
 30
0.0
 11
1131.131925
 21
347.447984
 31
0.0
  0
LINE
  5
1030
330
70
100
AcDbEntity
  8
Visible
100
AcDbLine
 10
1131.100925
 20
347.677984
 30
0.0
 11
1131.117925
 21
347.563984
 31
0.0
  0
LINE
  5
1031
330
70
100
AcDbEntity
  8
Visible
100
AcDbLine
 10
1131.079925
 20
347.791984
 30
0.0
 11
1131.100925
 21
347.677984
 31
0.0
  0
LINE
  5
1032
330
70
100
AcDbEntity
  8
Visible
100
AcDbLine
 10
1131.055925
 20
347.903984
 30
0.0
 11
1131.079925
 21
347.791984
 31
0.0
  0
LINE
  5
1033
330
70
100
AcDbEntity
  8
Visible
100
AcDbLine
 10
1131.028925
 20
348.013984
 30
0.0
 11
1131.055925
 21
347.903984
 31
0.0
  0
LINE
  5
1034
330
70
100
AcDbEntity
  8
Visible
100
AcDbLine
 10
1130.997925
 20
348.121984
 30
0.0
 11
1131.028925
 21
348.013984
 31
0.0
  0
LINE
  5
1035
330
70
100
AcDbEntity
  8
Visible
100
AcDbLine
 10
1130.963925
 20
348.226984
 30
0.0
 11
1130.997925
 21
348.121984
 31
0.0
  0
LINE
  5
1036
330
70
100
AcDbEntity
  8
Visible
100
AcDbLine
 10
1130.925925
 20
348.329984
 30
0.0
 11
1130.963925
 21
348.226984
 31
0.0
  0
LINE
  5
1037
330
70
100
AcDbEntity
  8
Visible
100
AcDbLine
 10
1130.884925
 20
348.429984
 30
0.0
 11
1130.925925
 21
348.329984
 31
0.0
  0
LINE
  5
1038
330
70
100
AcDbEntity
  8
Visible
100
AcDbLine
 10
1130.840925
 20
348.527984
 30
0.0
 11
1130.884925
 21
348.429984
 31
0.0
  0
LINE
  5
1039
330
70
100
AcDbEntity
  8
Visible
100
AcDbLine
 10
1130.792925
 20
348.623984
 30
0.0
 11
1130.840925
 21
348.527984
 31
0.0
  0
LINE
  5
103A
330
70
100
AcDbEntity
  8
Visible
100
AcDbLine
 10
1130.741925
 20
348.717984
 30
0.0
 11
1130.792925
 21
348.623984
 31
0.0
  0
LINE
  5
103B
330
70
100
AcDbEntity
  8
Visible
100
AcDbLine
 10
1130.686925
 20
348.808984
 30
0.0
 11
1130.741925
 21
348.717984
 31
0.0
  0
LINE
  5
103C
330
70
100
AcDbEntity
  8
Visible
100
AcDbLine
 10
1130.628925
 20
348.896984
 30
0.0
 11
1130.686925
 21
348.808984
 31
0.0
  0
LINE
  5
103D
330
70
100
AcDbEntity
  8
Visible
100
AcDbLine
 10
1130.566925
 20
348.981984
 30
0.0
 11
1130.628925
 21
348.896984
 31
0.0
  0
LINE
  5
103E
330
70
100
AcDbEntity
  8
Visible
100
AcDbLine
 10
1130.501925
 20
349.061984
 30
0.0
 11
1130.566925
 21
348.981984
 31
0.0
  0
LINE
  5
103F
330
70
100
AcDbEntity
  8
Visible
100
AcDbLine
 10
1130.432925
 20
349.138984
 30
0.0
 11
1130.501925
 21
349.061984
 31
0.0
  0
LINE
  5
1040
330
70
100
AcDbEntity
  8
Visible
100
AcDbLine
 10
1130.359925
 20
349.211984
 30
0.0
 11
1130.432925
 21
349.138984
 31
0.0
  0
LINE
  5
1041
330
70
100
AcDbEntity
  8
Visible
100
AcDbLine
 10
1130.283925
 20
349.281984
 30
0.0
 11
1130.359925
 21
349.211984
 31
0.0
  0
LINE
  5
1042
330
70
100
AcDbEntity
  8
Visible
100
AcDbLine
 10
1130.203925
 20
349.347984
 30
0.0
 11
1130.283925
 21
349.281984
 31
0.0
  0
LINE
  5
1043
330
70
100
AcDbEntity
  8
Visible
100
AcDbLine
 10
1130.120925
 20
349.409984
 30
0.0
 11
1130.203925
 21
349.347984
 31
0.0
  0
LINE
  5
1044
330
70
100
AcDbEntity
  8
Visible
100
AcDbLine
 10
1130.033925
 20
349.467984
 30
0.0
 11
1130.120925
 21
349.409984
 31
0.0
  0
LINE
  5
1045
330
70
100
AcDbEntity
  8
Visible
100
AcDbLine
 10
1129.942925
 20
349.522984
 30
0.0
 11
1130.033925
 21
349.467984
 31
0.0
  0
LINE
  5
1046
330
70
100
AcDbEntity
  8
Visible
100
AcDbLine
 10
1129.848925
 20
349.572984
 30
0.0
 11
1129.942925
 21
349.522984
 31
0.0
  0
LINE
  5
1047
330
70
100
AcDbEntity
  8
Visible
100
AcDbLine
 10
1129.750925
 20
349.617984
 30
0.0
 11
1129.848925
 21
349.572984
 31
0.0
  0
LINE
  5
1048
330
70
100
AcDbEntity
  8
Visible
100
AcDbLine
 10
1129.648925
 20
349.657984
 30
0.0
 11
1129.750925
 21
349.617984
 31
0.0
  0
LINE
  5
1049
330
70
100
AcDbEntity
  8
Visible
100
AcDbLine
 10
1129.542925
 20
349.691984
 30
0.0
 11
1129.648925
 21
349.657984
 31
0.0
  0
LINE
  5
104A
330
70
100
AcDbEntity
  8
Visible
100
AcDbLine
 10
1129.432925
 20
349.720984
 30
0.0
 11
1129.542925
 21
349.691984
 31
0.0
  0
LINE
  5
104B
330
70
100
AcDbEntity
  8
Visible
100
AcDbLine
 10
1129.318925
 20
349.744984
 30
0.0
 11
1129.432925
 21
349.720984
 31
0.0
  0
LINE
  5
104C
330
70
100
AcDbEntity
  8
Visible
100
AcDbLine
 10
1129.201925
 20
349.762984
 30
0.0
 11
1129.318925
 21
349.744984
 31
0.0
  0
LINE
  5
104D
330
70
100
AcDbEntity
  8
Visible
100
AcDbLine
 10
1129.080925
 20
349.775984
 30
0.0
 11
1129.201925
 21
349.762984
 31
0.0
  0
LINE
  5
104E
330
70
100
AcDbEntity
  8
Visible
100
AcDbLine
 10
1128.955925
 20
349.783984
 30
0.0
 11
1129.080925
 21
349.775984
 31
0.0
  0
LINE
  5
104F
330
70
100
AcDbEntity
  8
Visible
100
AcDbLine
 10
1128.826925
 20
349.786984
 30
0.0
 11
1128.955925
 21
349.783984
 31
0.0
  0
LINE
  5
1050
330
70
100
AcDbEntity
  8
Visible
100
AcDbLine
 10
1128.678925
 20
349.782984
 30
0.0
 11
1128.826925
 21
349.786984
 31
0.0
  0
LINE
  5
1051
330
70
100
AcDbEntity
  8
Visible
100
AcDbLine
 10
1128.533925
 20
349.771984
 30
0.0
 11
1128.678925
 21
349.782984
 31
0.0
  0
LINE
  5
1052
330
70
100
AcDbEntity
  8
Visible
100
AcDbLine
 10
1128.391925
 20
349.753984
 30
0.0
 11
1128.533925
 21
349.771984
 31
0.0
  0
LINE
  5
1053
330
70
100
AcDbEntity
  8
Visible
100
AcDbLine
 10
1128.252925
 20
349.728984
 30
0.0
 11
1128.391925
 21
349.753984
 31
0.0
  0
LINE
  5
1054
330
70
100
AcDbEntity
  8
Visible
100
AcDbLine
 10
1128.117925
 20
349.695984
 30
0.0
 11
1128.252925
 21
349.728984
 31
0.0
  0
LINE
  5
1055
330
70
100
AcDbEntity
  8
Visible
100
AcDbLine
 10
1127.985925
 20
349.655984
 30
0.0
 11
1128.117925
 21
349.695984
 31
0.0
  0
LINE
  5
1056
330
70
100
AcDbEntity
  8
Visible
100
AcDbLine
 10
1127.857925
 20
349.608984
 30
0.0
 11
1127.985925
 21
349.655984
 31
0.0
  0
LINE
  5
1057
330
70
100
AcDbEntity
  8
Visible
100
AcDbLine
 10
1127.732925
 20
349.554984
 30
0.0
 11
1127.857925
 21
349.608984
 31
0.0
  0
LINE
  5
1058
330
70
100
AcDbEntity
  8
Visible
100
AcDbLine
 10
1127.610925
 20
349.492984
 30
0.0
 11
1127.732925
 21
349.554984
 31
0.0
  0
LINE
  5
1059
330
70
100
AcDbEntity
  8
Visible
100
AcDbLine
 10
1127.491925
 20
349.423984
 30
0.0
 11
1127.610925
 21
349.492984
 31
0.0
  0
LINE
  5
105A
330
70
100
AcDbEntity
  8
Visible
100
AcDbLine
 10
1127.376925
 20
349.347984
 30
0.0
 11
1127.491925
 21
349.423984
 31
0.0
  0
LINE
  5
105B
330
70
100
AcDbEntity
  8
Visible
100
AcDbLine
 10
1127.267925
 20
349.265984
 30
0.0
 11
1127.376925
 21
349.347984
 31
0.0
  0
LINE
  5
105C
330
70
100
AcDbEntity
  8
Visible
100
AcDbLine
 10
1127.162925
 20
349.177984
 30
0.0
 11
1127.267925
 21
349.265984
 31
0.0
  0
LINE
  5
105D
330
70
100
AcDbEntity
  8
Visible
100
AcDbLine
 10
1127.063925
 20
349.082984
 30
0.0
 11
1127.162925
 21
349.177984
 31
0.0
  0
LINE
  5
105E
330
70
100
AcDbEntity
  8
Visible
100
AcDbLine
 10
1126.968925
 20
348.981984
 30
0.0
 11
1127.063925
 21
349.082984
 31
0.0
  0
LINE
  5
105F
330
70
100
AcDbEntity
  8
Visible
100
AcDbLine
 10
1126.879925
 20
348.874984
 30
0.0
 11
1126.968925
 21
348.981984
 31
0.0
  0
LINE
  5
1060
330
70
100
AcDbEntity
  8
Visible
100
AcDbLine
 10
1126.794925
 20
348.760984
 30
0.0
 11
1126.879925
 21
348.874984
 31
0.0
  0
LINE
  5
1061
330
70
100
AcDbEntity
  8
Visible
100
AcDbLine
 10
1126.714925
 20
348.641984
 30
0.0
 11
1126.794925
 21
348.760984
 31
0.0
  0
LINE
  5
1062
330
70
100
AcDbEntity
  8
Visible
100
AcDbLine
 10
1126.640925
 20
348.514984
 30
0.0
 11
1126.714925
 21
348.641984
 31
0.0
  0
LINE
  5
1063
330
70
100
AcDbEntity
  8
Visible
100
AcDbLine
 10
1126.570925
 20
348.382984
 30
0.0
 11
1126.640925
 21
348.514984
 31
0.0
  0
LINE
  5
1064
330
70
100
AcDbEntity
  8
Visible
100
AcDbLine
 10
1126.506925
 20
348.244984
 30
0.0
 11
1126.570925
 21
348.382984
 31
0.0
  0
LINE
  5
1065
330
70
100
AcDbEntity
  8
Visible
100
AcDbLine
 10
1126.449925
 20
348.100984
 30
0.0
 11
1126.506925
 21
348.244984
 31
0.0
  0
LINE
  5
1066
330
70
100
AcDbEntity
  8
Visible
100
AcDbLine
 10
1126.399925
 20
347.951984
 30
0.0
 11
1126.449925
 21
348.100984
 31
0.0
  0
LINE
  5
1067
330
70
100
AcDbEntity
  8
Visible
100
AcDbLine
 10
1126.355925
 20
347.797984
 30
0.0
 11
1126.399925
 21
347.951984
 31
0.0
  0
LINE
  5
1068
330
70
100
AcDbEntity
  8
Visible
100
AcDbLine
 10
1126.318925
 20
347.638984
 30
0.0
 11
1126.355925
 21
347.797984
 31
0.0
  0
LINE
  5
1069
330
70
100
AcDbEntity
  8
Visible
100
AcDbLine
 10
1126.288925
 20
347.473984
 30
0.0
 11
1126.318925
 21
347.638984
 31
0.0
  0
LINE
  5
106A
330
70
100
AcDbEntity
  8
Visible
100
AcDbLine
 10
1126.264925
 20
347.303984
 30
0.0
 11
1126.288925
 21
347.473984
 31
0.0
  0
LINE
  5
106B
330
70
100
AcDbEntity
  8
Visible
100
AcDbLine
 10
1126.247925
 20
347.128984
 30
0.0
 11
1126.264925
 21
347.303984
 31
0.0
  0
LINE
  5
106C
330
70
100
AcDbEntity
  8
Visible
100
AcDbLine
 10
1126.237925
 20
346.948984
 30
0.0
 11
1126.247925
 21
347.128984
 31
0.0
  0
LINE
  5
106D
330
70
100
AcDbEntity
  8
Visible
100
AcDbLine
 10
1126.234925
 20
346.762984
 30
0.0
 11
1126.237925
 21
346.948984
 31
0.0
  0
LINE
  5
106E
330
70
100
AcDbEntity
  8
Visible
100
AcDbLine
 10
1126.237925
 20
346.588984
 30
0.0
 11
1126.234925
 21
346.762984
 31
0.0
  0
LINE
  5
106F
330
70
100
AcDbEntity
  8
Visible
100
AcDbLine
 10
1126.248925
 20
346.417984
 30
0.0
 11
1126.237925
 21
346.588984
 31
0.0
  0
LINE
  5
1070
330
70
100
AcDbEntity
  8
Visible
100
AcDbLine
 10
1126.265925
 20
346.251984
 30
0.0
 11
1126.248925
 21
346.417984
 31
0.0
  0
LINE
  5
1071
330
70
100
AcDbEntity
  8
Visible
100
AcDbLine
 10
1126.288925
 20
346.089984
 30
0.0
 11
1126.265925
 21
346.251984
 31
0.0
  0
LINE
  5
1072
330
70
100
AcDbEntity
  8
Visible
100
AcDbLine
 10
1126.319925
 20
345.931984
 30
0.0
 11
1126.288925
 21
346.089984
 31
0.0
  0
LINE
  5
1073
330
70
100
AcDbEntity
  8
Visible
100
AcDbLine
 10
1126.356925
 20
345.777984
 30
0.0
 11
1126.319925
 21
345.931984
 31
0.0
  0
LINE
  5
1074
330
70
100
AcDbEntity
  8
Visible
100
AcDbLine
 10
1126.400925
 20
345.627984
 30
0.0
 11
1126.356925
 21
345.777984
 31
0.0
  0
LINE
  5
1075
330
70
100
AcDbEntity
  8
Visible
100
AcDbLine
 10
1126.451925
 20
345.481984
 30
0.0
 11
1126.400925
 21
345.627984
 31
0.0
  0
LINE
  5
1076
330
70
100
AcDbEntity
  8
Visible
100
AcDbLine
 10
1126.509925
 20
345.340984
 30
0.0
 11
1126.451925
 21
345.481984
 31
0.0
  0
LINE
  5
1077
330
70
100
AcDbEntity
  8
Visible
100
AcDbLine
 10
1126.573925
 20
345.202984
 30
0.0
 11
1126.509925
 21
345.340984
 31
0.0
  0
LINE
  5
1078
330
70
100
AcDbEntity
  8
Visible
100
AcDbLine
 10
1126.643925
 20
345.069984
 30
0.0
 11
1126.573925
 21
345.202984
 31
0.0
  0
LINE
  5
1079
330
70
100
AcDbEntity
  8
Visible
100
AcDbLine
 10
1126.718925
 20
344.943984
 30
0.0
 11
1126.643925
 21
345.069984
 31
0.0
  0
LINE
  5
107A
330
70
100
AcDbEntity
  8
Visible
100
AcDbLine
 10
1126.799925
 20
344.822984
 30
0.0
 11
1126.718925
 21
344.943984
 31
0.0
  0
LINE
  5
107B
330
70
100
AcDbEntity
  8
Visible
100
AcDbLine
 10
1126.884925
 20
344.707984
 30
0.0
 11
1126.799925
 21
344.822984
 31
0.0
  0
LINE
  5
107C
330
70
100
AcDbEntity
  8
Visible
100
AcDbLine
 10
1126.973925
 20
344.598984
 30
0.0
 11
1126.884925
 21
344.707984
 31
0.0
  0
LINE
  5
107D
330
70
100
AcDbEntity
  8
Visible
100
AcDbLine
 10
1127.068925
 20
344.495984
 30
0.0
 11
1126.973925
 21
344.598984
 31
0.0
  0
LINE
  5
107E
330
70
100
AcDbEntity
  8
Visible
100
AcDbLine
 10
1127.168925
 20
344.398984
 30
0.0
 11
1127.068925
 21
344.495984
 31
0.0
  0
LINE
  5
107F
330
70
100
AcDbEntity
  8
Visible
100
AcDbLine
 10
1127.273925
 20
344.307984
 30
0.0
 11
1127.168925
 21
344.398984
 31
0.0
  0
LINE
  5
1080
330
70
100
AcDbEntity
  8
Visible
100
AcDbLine
 10
1127.382925
 20
344.222984
 30
0.0
 11
1127.273925
 21
344.307984
 31
0.0
  0
LINE
  5
1081
330
70
100
AcDbEntity
  8
Visible
100
AcDbLine
 10
1127.497925
 20
344.143984
 30
0.0
 11
1127.382925
 21
344.222984
 31
0.0
  0
LINE
  5
1082
330
70
100
AcDbEntity
  8
Visible
100
AcDbLine
 10
1127.616925
 20
344.071984
 30
0.0
 11
1127.497925
 21
344.143984
 31
0.0
  0
LINE
  5
1083
330
70
100
AcDbEntity
  8
Visible
100
AcDbLine
 10
1127.737925
 20
344.006984
 30
0.0
 11
1127.616925
 21
344.071984
 31
0.0
  0
LINE
  5
1084
330
70
100
AcDbEntity
  8
Visible
100
AcDbLine
 10
1127.862925
 20
343.949984
 30
0.0
 11
1127.737925
 21
344.006984
 31
0.0
  0
LINE
  5
1085
330
70
100
AcDbEntity
  8
Visible
100
AcDbLine
 10
1127.990925
 20
343.899984
 30
0.0
 11
1127.862925
 21
343.949984
 31
0.0
  0
LINE
  5
1086
330
70
100
AcDbEntity
  8
Visible
100
AcDbLine
 10
1128.122925
 20
343.857984
 30
0.0
 11
1127.990925
 21
343.899984
 31
0.0
  0
LINE
  5
1087
330
70
100
AcDbEntity
  8
Visible
100
AcDbLine
 10
1128.256925
 20
343.823984
 30
0.0
 11
1128.122925
 21
343.857984
 31
0.0
  0
LINE
  5
1088
330
70
100
AcDbEntity
  8
Visible
100
AcDbLine
 10
1128.394925
 20
343.796984
 30
0.0
 11
1128.256925
 21
343.823984
 31
0.0
  0
LINE
  5
1089
330
70
100
AcDbEntity
  8
Visible
100
AcDbLine
 10
1128.535925
 20
343.777984
 30
0.0
 11
1128.394925
 21
343.796984
 31
0.0
  0
LINE
  5
108A
330
70
100
AcDbEntity
  8
Visible
100
AcDbLine
 10
1128.679925
 20
343.766984
 30
0.0
 11
1128.535925
 21
343.777984
 31
0.0
  0
LINE
  5
108B
330
70
100
AcDbEntity
  8
Visible
100
AcDbLine
 10
1128.826925
 20
343.762984
 30
0.0
 11
1128.679925
 21
343.766984
 31
0.0
  0
LINE
  5
108C
330
70
100
AcDbEntity
  8
Visible
100
AcDbLine
 10
1128.948925
 20
343.764984
 30
0.0
 11
1128.826925
 21
343.762984
 31
0.0
  0
LINE
  5
108D
330
70
100
AcDbEntity
  8
Visible
100
AcDbLine
 10
1129.068925
 20
343.771984
 30
0.0
 11
1128.948925
 21
343.764984
 31
0.0
  0
LINE
  5
108E
330
70
100
AcDbEntity
  8
Visible
100
AcDbLine
 10
1129.185925
 20
343.782984
 30
0.0
 11
1129.068925
 21
343.771984
 31
0.0
  0
LINE
  5
108F
330
70
100
AcDbEntity
  8
Visible
100
AcDbLine
 10
1129.300925
 20
343.798984
 30
0.0
 11
1129.185925
 21
343.782984
 31
0.0
  0
LINE
  5
1090
330
70
100
AcDbEntity
  8
Visible
100
AcDbLine
 10
1129.412925
 20
343.817984
 30
0.0
 11
1129.300925
 21
343.798984
 31
0.0
  0
LINE
  5
1091
330
70
100
AcDbEntity
  8
Visible
100
AcDbLine
 10
1129.522925
 20
343.842984
 30
0.0
 11
1129.412925
 21
343.817984
 31
0.0
  0
LINE
  5
1092
330
70
100
AcDbEntity
  8
Visible
100
AcDbLine
 10
1129.629925
 20
343.871984
 30
0.0
 11
1129.522925
 21
343.842984
 31
0.0
  0
LINE
  5
1093
330
70
100
AcDbEntity
  8
Visible
100
AcDbLine
 10
1129.734925
 20
343.904984
 30
0.0
 11
1129.629925
 21
343.871984
 31
0.0
  0
LINE
  5
1094
330
70
100
AcDbEntity
  8
Visible
100
AcDbLine
 10
1129.836925
 20
343.942984
 30
0.0
 11
1129.734925
 21
343.904984
 31
0.0
  0
LINE
  5
1095
330
70
100
AcDbEntity
  8
Visible
100
AcDbLine
 10
1129.936925
 20
343.984984
 30
0.0
 11
1129.836925
 21
343.942984
 31
0.0
  0
LINE
  5
1096
330
70
100
AcDbEntity
  8
Visible
100
AcDbLine
 10
1130.033925
 20
344.030984
 30
0.0
 11
1129.936925
 21
343.984984
 31
0.0
  0
LINE
  5
1097
330
70
100
AcDbEntity
  8
Visible
100
AcDbLine
 10
1130.126925
 20
344.080984
 30
0.0
 11
1130.033925
 21
344.030984
 31
0.0
  0
LINE
  5
1098
330
70
100
AcDbEntity
  8
Visible
100
AcDbLine
 10
1130.216925
 20
344.134984
 30
0.0
 11
1130.126925
 21
344.080984
 31
0.0
  0
LINE
  5
1099
330
70
100
AcDbEntity
  8
Visible
100
AcDbLine
 10
1130.302925
 20
344.192984
 30
0.0
 11
1130.216925
 21
344.134984
 31
0.0
  0
LINE
  5
109A
330
70
100
AcDbEntity
  8
Visible
100
AcDbLine
 10
1130.384925
 20
344.253984
 30
0.0
 11
1130.302925
 21
344.192984
 31
0.0
  0
LINE
  5
109B
330
70
100
AcDbEntity
  8
Visible
100
AcDbLine
 10
1130.464925
 20
344.318984
 30
0.0
 11
1130.384925
 21
344.253984
 31
0.0
  0
LINE
  5
109C
330
70
100
AcDbEntity
  8
Visible
100
AcDbLine
 10
1130.540925
 20
344.387984
 30
0.0
 11
1130.464925
 21
344.318984
 31
0.0
  0
LINE
  5
109D
330
70
100
AcDbEntity
  8
Visible
100
AcDbLine
 10
1130.612925
 20
344.460984
 30
0.0
 11
1130.540925
 21
344.387984
 31
0.0
  0
LINE
  5
109E
330
70
100
AcDbEntity
  8
Visible
100
AcDbLine
 10
1130.681925
 20
344.537984
 30
0.0
 11
1130.612925
 21
344.460984
 31
0.0
  0
LINE
  5
109F
330
70
100
AcDbEntity
  8
Visible
100
AcDbLine
 10
1130.746925
 20
344.617984
 30
0.0
 11
1130.681925
 21
344.537984
 31
0.0
  0
LINE
  5
10A0
330
70
100
AcDbEntity
  8
Visible
100
AcDbLine
 10
1130.807925
 20
344.701984
 30
0.0
 11
1130.746925
 21
344.617984
 31
0.0
  0
LINE
  5
10A1
330
70
100
AcDbEntity
  8
Visible
100
AcDbLine
 10
1130.864925
 20
344.788984
 30
0.0
 11
1130.807925
 21
344.701984
 31
0.0
  0
LINE
  5
10A2
330
70
100
AcDbEntity
  8
Visible
100
AcDbLine
 10
1130.916925
 20
344.878984
 30
0.0
 11
1130.864925
 21
344.788984
 31
0.0
  0
LINE
  5
10A3
330
70
100
AcDbEntity
  8
Visible
100
AcDbLine
 10
1130.964925
 20
344.971984
 30
0.0
 11
1130.916925
 21
344.878984
 31
0.0
  0
LINE
  5
10A4
330
70
100
AcDbEntity
  8
Visible
100
AcDbLine
 10
1131.007925
 20
345.068984
 30
0.0
 11
1130.964925
 21
344.971984
 31
0.0
  0
LINE
  5
10A5
330
70
100
AcDbEntity
  8
Visible
100
AcDbLine
 10
1131.046925
 20
345.167984
 30
0.0
 11
1131.007925
 21
345.068984
 31
0.0
  0
LINE
  5
10A6
330
70
100
AcDbEntity
  8
Visible
100
AcDbLine
 10
1131.079925
 20
345.270984
 30
0.0
 11
1131.046925
 21
345.167984
 31
0.0
  0
LINE
  5
10A7
330
70
100
AcDbEntity
  8
Visible
100
AcDbLine
 10
1131.109925
 20
345.376984
 30
0.0
 11
1131.079925
 21
345.270984
 31
0.0
  0
LINE
  5
10A8
330
70
100
AcDbEntity
  8
Visible
100
AcDbLine
 10
1131.134925
 20
345.486984
 30
0.0
 11
1131.109925
 21
345.376984
 31
0.0
  0
LINE
  5
10A9
330
70
100
AcDbEntity
  8
Visible
100
AcDbLine
 10
1131.154925
 20
345.598984
 30
0.0
 11
1131.134925
 21
345.486984
 31
0.0
  0
LINE
  5
10AA
330
70
100
AcDbEntity
  8
Visible
100
AcDbLine
 10
1130.182925
 20
345.598984
 30
0.0
 11
1131.154925
 21
345.598984
 31
0.0
  0
LINE
  5
10AB
330
70
100
AcDbEntity
  8
Visible
100
AcDbLine
 10
1130.164925
 20
345.495984
 30
0.0
 11
1130.182925
 21
345.598984
 31
0.0
  0
LINE
  5
10AC
330
70
100
AcDbEntity
  8
Visible
100
AcDbLine
 10
1130.140925
 20
345.397984
 30
0.0
 11
1130.164925
 21
345.495984
 31
0.0
  0
LINE
  5
10AD
330
70
100
AcDbEntity
  8
Visible
100
AcDbLine
 10
1130.110925
 20
345.304984
 30
0.0
 11
1130.140925
 21
345.397984
 31
0.0
  0
LINE
  5
10AE
330
70
100
AcDbEntity
  8
Visible
100
AcDbLine
 10
1130.074925
 20
345.217984
 30
0.0
 11
1130.110925
 21
345.304984
 31
0.0
  0
LINE
  5
10AF
330
70
100
AcDbEntity
  8
Visible
100
AcDbLine
 10
1130.033925
 20
345.134984
 30
0.0
 11
1130.074925
 21
345.217984
 31
0.0
  0
LINE
  5
10B0
330
70
100
AcDbEntity
  8
Visible
100
AcDbLine
 10
1129.987925
 20
345.057984
 30
0.0
 11
1130.033925
 21
345.134984
 31
0.0
  0
LINE
  5
10B1
330
70
100
AcDbEntity
  8
Visible
100
AcDbLine
 10
1129.935925
 20
344.985984
 30
0.0
 11
1129.987925
 21
345.057984
 31
0.0
  0
LINE
  5
10B2
330
70
100
AcDbEntity
  8
Visible
100
AcDbLine
 10
1129.877925
 20
344.918984
 30
0.0
 11
1129.935925
 21
344.985984
 31
0.0
  0
LINE
  5
10B3
330
70
100
AcDbEntity
  8
Visible
100
AcDbLine
 10
1129.813925
 20
344.857984
 30
0.0
 11
1129.877925
 21
344.918984
 31
0.0
  0
LINE
  5
10B4
330
70
100
AcDbEntity
  8
Visible
100
AcDbLine
 10
1129.744925
 20
344.800984
 30
0.0
 11
1129.813925
 21
344.857984
 31
0.0
  0
LINE
  5
10B5
330
70
100
AcDbEntity
  8
Visible
100
AcDbLine
 10
1129.670925
 20
344.749984
 30
0.0
 11
1129.744925
 21
344.800984
 31
0.0
  0
LINE
  5
10B6
330
70
100
AcDbEntity
  8
Visible
100
AcDbLine
 10
1129.592925
 20
344.703984
 30
0.0
 11
1129.670925
 21
344.749984
 31
0.0
  0
LINE
  5
10B7
330
70
100
AcDbEntity
  8
Visible
100
AcDbLine
 10
1129.510925
 20
344.662984
 30
0.0
 11
1129.592925
 21
344.703984
 31
0.0
  0
LINE
  5
10B8
330
70
100
AcDbEntity
  8
Visible
100
AcDbLine
 10
1129.424925
 20
344.627984
 30
0.0
 11
1129.510925
 21
344.662984
 31
0.0
  0
LINE
  5
10B9
330
70
100
AcDbEntity
  8
Visible
100
AcDbLine
 10
1129.334925
 20
344.598984
 30
0.0
 11
1129.424925
 21
344.627984
 31
0.0
  0
LINE
  5
10BA
330
70
100
AcDbEntity
  8
Visible
100
AcDbLine
 10
1129.241925
 20
344.573984
 30
0.0
 11
1129.334925
 21
344.598984
 31
0.0
  0
LINE
  5
10BB
330
70
100
AcDbEntity
  8
Visible
100
AcDbLine
 10
1129.143925
 20
344.554984
 30
0.0
 11
1129.241925
 21
344.573984
 31
0.0
  0
LINE
  5
10BC
330
70
100
AcDbEntity
  8
Visible
100
AcDbLine
 10
1129.041925
 20
344.541984
 30
0.0
 11
1129.143925
 21
344.554984
 31
0.0
  0
LINE
  5
10BD
330
70
100
AcDbEntity
  8
Visible
100
AcDbLine
 10
1128.936925
 20
344.533984
 30
0.0
 11
1129.041925
 21
344.541984
 31
0.0
  0
LINE
  5
10BE
330
70
100
AcDbEntity
  8
Visible
100
AcDbLine
 10
1128.826925
 20
344.530984
 30
0.0
 11
1128.936925
 21
344.533984
 31
0.0
  0
LINE
  5
10BF
330
70
100
AcDbEntity
  8
Visible
100
AcDbLine
 10
1128.716925
 20
344.533984
 30
0.0
 11
1128.826925
 21
344.530984
 31
0.0
  0
LINE
  5
10C0
330
70
100
AcDbEntity
  8
Visible
100
AcDbLine
 10
1128.610925
 20
344.541984
 30
0.0
 11
1128.716925
 21
344.533984
 31
0.0
  0
LINE
  5
10C1
330
70
100
AcDbEntity
  8
Visible
100
AcDbLine
 10
1128.508925
 20
344.555984
 30
0.0
 11
1128.610925
 21
344.541984
 31
0.0
  0
LINE
  5
10C2
330
70
100
AcDbEntity
  8
Visible
100
AcDbLine
 10
1128.410925
 20
344.574984
 30
0.0
 11
1128.508925
 21
344.555984
 31
0.0
  0
LINE
  5
10C3
330
70
100
AcDbEntity
  8
Visible
100
AcDbLine
 10
1128.316925
 20
344.599984
 30
0.0
 11
1128.410925
 21
344.574984
 31
0.0
  0
LINE
  5
10C4
330
70
100
AcDbEntity
  8
Visible
100
AcDbLine
 10
1128.226925
 20
344.629984
 30
0.0
 11
1128.316925
 21
344.599984
 31
0.0
  0
LINE
  5
10C5
330
70
100
AcDbEntity
  8
Visible
100
AcDbLine
 10
1128.139925
 20
344.665984
 30
0.0
 11
1128.226925
 21
344.629984
 31
0.0
  0
LINE
  5
10C6
330
70
100
AcDbEntity
  8
Visible
100
AcDbLine
 10
1128.056925
 20
344.707984
 30
0.0
 11
1128.139925
 21
344.665984
 31
0.0
  0
LINE
  5
10C7
330
70
100
AcDbEntity
  8
Visible
100
AcDbLine
 10
1127.977925
 20
344.754984
 30
0.0
 11
1128.056925
 21
344.707984
 31
0.0
  0
LINE
  5
10C8
330
70
100
AcDbEntity
  8
Visible
100
AcDbLine
 10
1127.902925
 20
344.806984
 30
0.0
 11
1127.977925
 21
344.754984
 31
0.0
  0
LINE
  5
10C9
330
70
100
AcDbEntity
  8
Visible
100
AcDbLine
 10
1127.831925
 20
344.863984
 30
0.0
 11
1127.902925
 21
344.806984
 31
0.0
  0
LINE
  5
10CA
330
70
100
AcDbEntity
  8
Visible
100
AcDbLine
 10
1127.763925
 20
344.924984
 30
0.0
 11
1127.831925
 21
344.863984
 31
0.0
  0
LINE
  5
10CB
330
70
100
AcDbEntity
  8
Visible
100
AcDbLine
 10
1127.699925
 20
344.989984
 30
0.0
 11
1127.763925
 21
344.924984
 31
0.0
  0
LINE
  5
10CC
330
70
100
AcDbEntity
  8
Visible
100
AcDbLine
 10
1127.638925
 20
345.058984
 30
0.0
 11
1127.699925
 21
344.989984
 31
0.0
  0
LINE
  5
10CD
330
70
100
AcDbEntity
  8
Visible
100
AcDbLine
 10
1127.582925
 20
345.131984
 30
0.0
 11
1127.638925
 21
345.058984
 31
0.0
  0
LINE
  5
10CE
330
70
100
AcDbEntity
  8
Visible
100
AcDbLine
 10
1127.529925
 20
345.208984
 30
0.0
 11
1127.582925
 21
345.131984
 31
0.0
  0
LINE
  5
10CF
330
70
100
AcDbEntity
  8
Visible
100
AcDbLine
 10
1127.479925
 20
345.289984
 30
0.0
 11
1127.529925
 21
345.208984
 31
0.0
  0
LINE
  5
10D0
330
70
100
AcDbEntity
  8
Visible
100
AcDbLine
 10
1127.434925
 20
345.374984
 30
0.0
 11
1127.479925
 21
345.289984
 31
0.0
  0
LINE
  5
10D1
330
70
100
AcDbEntity
  8
Visible
100
AcDbLine
 10
1127.391925
 20
345.463984
 30
0.0
 11
1127.434925
 21
345.374984
 31
0.0
  0
LINE
  5
10D2
330
70
100
AcDbEntity
  8
Visible
100
AcDbLine
 10
1127.353925
 20
345.556984
 30
0.0
 11
1127.391925
 21
345.463984
 31
0.0
  0
LINE
  5
10D3
330
70
100
AcDbEntity
  8
Visible
100
AcDbLine
 10
1127.318925
 20
345.652984
 30
0.0
 11
1127.353925
 21
345.556984
 31
0.0
  0
LINE
  5
10D4
330
70
100
AcDbEntity
  8
Visible
100
AcDbLine
 10
1127.287925
 20
345.751984
 30
0.0
 11
1127.318925
 21
345.652984
 31
0.0
  0
LINE
  5
10D5
330
70
100
AcDbEntity
  8
Visible
100
AcDbLine
 10
1127.260925
 20
345.852984
 30
0.0
 11
1127.287925
 21
345.751984
 31
0.0
  0
LINE
  5
10D6
330
70
100
AcDbEntity
  8
Visible
100
AcDbLine
 10
1127.236925
 20
345.955984
 30
0.0
 11
1127.260925
 21
345.852984
 31
0.0
  0
LINE
  5
10D7
330
70
100
AcDbEntity
  8
Visible
100
AcDbLine
 10
1127.216925
 20
346.062984
 30
0.0
 11
1127.236925
 21
345.955984
 31
0.0
  0
LINE
  5
10D8
330
70
100
AcDbEntity
  8
Visible
100
AcDbLine
 10
1127.199925
 20
346.170984
 30
0.0
 11
1127.216925
 21
346.062984
 31
0.0
  0
LINE
  5
10D9
330
70
100
AcDbEntity
  8
Visible
100
AcDbLine
 10
1127.186925
 20
346.281984
 30
0.0
 11
1127.199925
 21
346.170984
 31
0.0
  0
LINE
  5
10DA
330
70
100
AcDbEntity
  8
Visible
100
AcDbLine
 10
1127.177925
 20
346.395984
 30
0.0
 11
1127.186925
 21
346.281984
 31
0.0
  0
LINE
  5
10DB
330
70
100
AcDbEntity
  8
Visible
100
AcDbLine
 10
1127.172925
 20
346.511984
 30
0.0
 11
1127.177925
 21
346.395984
 31
0.0
  0
LINE
  5
10DC
330
70
100
AcDbEntity
  8
Visible
100
AcDbLine
 10
1127.171127
 20
346.618984
 30
0.0
 11
1127.172925
 21
346.511984
 31
0.0
  0
LINE
  5
10DD
330
70
100
AcDbEntity
  8
Visible
100
AcDbLine
 10
1125.520925
 20
343.906984
 30
0.0
 11
1121.224925
 21
343.906984
 31
0.0
  0
LINE
  5
10DE
330
70
100
AcDbEntity
  8
Visible
100
AcDbLine
 10
1125.520925
 20
344.722984
 30
0.0
 11
1125.520925
 21
343.906984
 31
0.0
  0
LINE
  5
10DF
330
70
100
AcDbEntity
  8
Visible
100
AcDbLine
 10
1122.160925
 20
344.722984
 30
0.0
 11
1125.520925
 21
344.722984
 31
0.0
  0
LINE
  5
10E0
330
70
100
AcDbEntity
  8
Visible
100
AcDbLine
 10
1122.160925
 20
351.442984
 30
0.0
 11
1122.160925
 21
344.722984
 31
0.0
  0
LINE
  5
10E1
330
70
100
AcDbEntity
  8
Visible
100
AcDbLine
 10
1121.224925
 20
351.442984
 30
0.0
 11
1122.160925
 21
351.442984
 31
0.0
  0
LINE
  5
10E2
330
70
100
AcDbEntity
  8
Visible
100
AcDbLine
 10
1121.224925
 20
343.906984
 30
0.0
 11
1121.224925
 21
351.442984
 31
0.0
  0
LINE
  5
10E3
330
70
100
AcDbEntity
  8
Visible
100
AcDbLine
 10
1324.209925
 20
623.540984
 30
0.0
 11
1330.209925
 21
623.540984
 31
0.0
  0
LINE
  5
10E4
330
70
100
AcDbEntity
  8
Visible
100
AcDbLine
 10
1324.209925
 20
594.540984
 30
0.0
 11
1324.209925
 21
623.540984
 31
0.0
  0
LINE
  5
10E5
330
70
100
AcDbEntity
  8
Visible
100
AcDbLine
 10
1330.209925
 20
594.540984
 30
0.0
 11
1324.209925
 21
594.540984
 31
0.0
  0
LINE
  5
10E6
330
70
100
AcDbEntity
  8
Visible
100
AcDbLine
 10
1330.209925
 20
565.540984
 30
0.0
 11
1330.209925
 21
594.540984
 31
0.0
  0
LINE
  5
10E7
330
70
100
AcDbEntity
  8
Visible
100
AcDbLine
 10
1324.209925
 20
565.540984
 30
0.0
 11
1330.209925
 21
565.540984
 31
0.0
  0
LINE
  5
10E8
330
70
100
AcDbEntity
  8
Visible
100
AcDbLine
 10
1324.209925
 20
536.540984
 30
0.0
 11
1324.209925
 21
565.540984
 31
0.0
  0
LINE
  5
10E9
330
70
100
AcDbEntity
  8
Visible
100
AcDbLine
 10
1330.209925
 20
536.540984
 30
0.0
 11
1324.209925
 21
536.540984
 31
0.0
  0
LINE
  5
10EA
330
70
100
AcDbEntity
  8
Visible
100
AcDbLine
 10
1330.209925
 20
507.540984
 30
0.0
 11
1330.209925
 21
536.540984
 31
0.0
  0
LINE
  5
10EB
330
70
100
AcDbEntity
  8
Visible
100
AcDbLine
 10
1324.209925
 20
507.540984
 30
0.0
 11
1330.209925
 21
507.540984
 31
0.0
  0
LINE
  5
10EC
330
70
100
AcDbEntity
  8
Visible
100
AcDbLine
 10
1324.209925
 20
478.540984
 30
0.0
 11
1324.209925
 21
507.540984
 31
0.0
  0
LINE
  5
10ED
330
70
100
AcDbEntity
  8
Visible
100
AcDbLine
 10
1330.209925
 20
478.540984
 30
0.0
 11
1324.209925
 21
478.540984
 31
0.0
  0
LINE
  5
10EE
330
70
100
AcDbEntity
  8
Visible
100
AcDbLine
 10
1330.209925
 20
449.540984
 30
0.0
 11
1330.209925
 21
478.540984
 31
0.0
  0
LINE
  5
10EF
330
70
100
AcDbEntity
  8
Visible
100
AcDbLine
 10
1324.209925
 20
449.540984
 30
0.0
 11
1330.209925
 21
449.540984
 31
0.0
  0
LINE
  5
10F0
330
70
100
AcDbEntity
  8
Visible
100
AcDbLine
 10
1324.209925
 20
420.540984
 30
0.0
 11
1324.209925
 21
449.540984
 31
0.0
  0
LINE
  5
10F1
330
70
100
AcDbEntity
  8
Visible
100
AcDbLine
 10
1330.209925
 20
420.540984
 30
0.0
 11
1324.209925
 21
420.540984
 31
0.0
  0
LINE
  5
10F2
330
70
100
AcDbEntity
  8
Visible
100
AcDbLine
 10
1330.209925
 20
391.540984
 30
0.0
 11
1330.209925
 21
420.540984
 31
0.0
  0
LINE
  5
10F3
330
70
100
AcDbEntity
  8
Visible
100
AcDbLine
 10
1324.209925
 20
391.540984
 30
0.0
 11
1330.209925
 21
391.540984
 31
0.0
  0
LINE
  5
10F4
330
70
100
AcDbEntity
  8
Visible
100
AcDbLine
 10
1324.209925
 20
362.540984
 30
0.0
 11
1324.209925
 21
391.540984
 31
0.0
  0
LINE
  5
10F5
330
70
100
AcDbEntity
  8
Visible
100
AcDbLine
 10
1330.209925
 20
362.540984
 30
0.0
 11
1324.209925
 21
362.540984
 31
0.0
  0
LINE
  5
10F6
330
70
100
AcDbEntity
  8
Visible
100
AcDbLine
 10
1330.209925
 20
333.540984
 30
0.0
 11
1330.209925
 21
362.540984
 31
0.0
  0
LINE
  5
10F7
330
70
100
AcDbEntity
  8
Visible
100
AcDbLine
 10
1324.209925
 20
333.540984
 30
0.0
 11
1330.209925
 21
333.540984
 31
0.0
  0
LINE
  5
10F8
330
70
100
AcDbEntity
  8
Visible
100
AcDbLine
 10
1324.209925
 20
304.540984
 30
0.0
 11
1324.209925
 21
333.540984
 31
0.0
  0
LINE
  5
10F9
330
70
100
AcDbEntity
  8
Visible
100
AcDbLine
 10
1330.209925
 20
304.540984
 30
0.0
 11
1324.209925
 21
304.540984
 31
0.0
  0
LINE
  5
10FA
330
70
100
AcDbEntity
  8
Visible
100
AcDbLine
 10
1330.209925
 20
275.540984
 30
0.0
 11
1330.209925
 21
304.540984
 31
0.0
  0
LINE
  5
10FB
330
70
100
AcDbEntity
  8
Visible
100
AcDbLine
 10
1324.209925
 20
275.540984
 30
0.0
 11
1330.209925
 21
275.540984
 31
0.0
  0
LINE
  5
10FC
330
70
100
AcDbEntity
  8
Visible
100
AcDbLine
 10
1324.209925
 20
246.540984
 30
0.0
 11
1324.209925
 21
275.540984
 31
0.0
  0
LINE
  5
10FD
330
70
100
AcDbEntity
  8
Visible
100
AcDbLine
 10
1330.209925
 20
246.540984
 30
0.0
 11
1324.209925
 21
246.540984
 31
0.0
  0
LINE
  5
10FE
330
70
100
AcDbEntity
  8
Visible
100
AcDbLine
 10
1330.209925
 20
217.540984
 30
0.0
 11
1330.209925
 21
246.540984
 31
0.0
  0
LINE
  5
10FF
330
70
100
AcDbEntity
  8
Visible
100
AcDbLine
 10
1324.209925
 20
217.540984
 30
0.0
 11
1330.209925
 21
217.540984
 31
0.0
  0
LINE
  5
1100
330
70
100
AcDbEntity
  8
Visible
100
AcDbLine
 10
1324.209925
 20
188.540984
 30
0.0
 11
1324.209925
 21
217.540984
 31
0.0
  0
LINE
  5
1101
330
70
100
AcDbEntity
  8
Visible
100
AcDbLine
 10
1330.209925
 20
188.540984
 30
0.0
 11
1324.209925
 21
188.540984
 31
0.0
  0
LINE
  5
1102
330
70
100
AcDbEntity
  8
Visible
100
AcDbLine
 10
1330.209925
 20
159.540984
 30
0.0
 11
1330.209925
 21
188.540984
 31
0.0
  0
LINE
  5
1103
330
70
100
AcDbEntity
  8
Visible
100
AcDbLine
 10
1324.209925
 20
159.540984
 30
0.0
 11
1330.209925
 21
159.540984
 31
0.0
  0
LINE
  5
1104
330
70
100
AcDbEntity
  8
Visible
100
AcDbLine
 10
1324.209925
 20
130.540984
 30
0.0
 11
1324.209925
 21
159.540984
 31
0.0
  0
LINE
  5
1105
330
70
100
AcDbEntity
  8
Visible
100
AcDbLine
 10
1330.209925
 20
130.540984
 30
0.0
 11
1324.209925
 21
130.540984
 31
0.0
  0
LINE
  5
1106
330
70
100
AcDbEntity
  8
Visible
100
AcDbLine
 10
1330.209925
 20
101.540984
 30
0.0
 11
1330.209925
 21
130.540984
 31
0.0
  0
LINE
  5
1107
330
70
100
AcDbEntity
  8
Visible
100
AcDbLine
 10
1324.209925
 20
101.540984
 30
0.0
 11
1330.209925
 21
101.540984
 31
0.0
  0
LINE
  5
1108
330
70
100
AcDbEntity
  8
Visible
100
AcDbLine
 10
1324.209925
 20
72.540984
 30
0.0
 11
1324.209925
 21
101.540984
 31
0.0
  0
LINE
  5
1109
330
70
100
AcDbEntity
  8
Visible
100
AcDbLine
 10
1330.209925
 20
72.540984
 30
0.0
 11
1324.209925
 21
72.540984
 31
0.0
  0
LINE
  5
110A
330
70
100
AcDbEntity
  8
Visible
100
AcDbLine
 10
1330.209925
 20
48.040984
 30
0.0
 11
1330.209925
 21
72.540984
 31
0.0
  0
LINE
  5
110B
330
70
100
AcDbEntity
  8
Visible
100
AcDbLine
 10
1289.709925
 20
48.040984
 30
0.0
 11
1330.209925
 21
48.040984
 31
0.0
  0
LINE
  5
110C
330
70
100
AcDbEntity
  8
Visible
100
AcDbLine
 10
1289.709925
 20
54.040984
 30
0.0
 11
1289.709925
 21
48.040984
 31
0.0
  0
LINE
  5
110D
330
70
100
AcDbEntity
  8
Visible
100
AcDbLine
 10
1260.709925
 20
54.040984
 30
0.0
 11
1289.709925
 21
54.040984
 31
0.0
  0
LINE
  5
110E
330
70
100
AcDbEntity
  8
Visible
100
AcDbLine
 10
1260.709925
 20
48.040984
 30
0.0
 11
1260.709925
 21
54.040984
 31
0.0
  0
LINE
  5
110F
330
70
100
AcDbEntity
  8
Visible
100
AcDbLine
 10
1231.709925
 20
48.040984
 30
0.0
 11
1260.709925
 21
48.040984
 31
0.0
  0
LINE
  5
1110
330
70
100
AcDbEntity
  8
Visible
100
AcDbLine
 10
1231.709925
 20
54.040984
 30
0.0
 11
1231.709925
 21
48.040984
 31
0.0
  0
LINE
  5
1111
330
70
100
AcDbEntity
  8
Visible
100
AcDbLine
 10
1202.709925
 20
54.040984
 30
0.0
 11
1231.709925
 21
54.040984
 31
0.0
  0
LINE
  5
1112
330
70
100
AcDbEntity
  8
Visible
100
AcDbLine
 10
1202.709925
 20
48.040984
 30
0.0
 11
1202.709925
 21
54.040984
 31
0.0
  0
LINE
  5
1113
330
70
100
AcDbEntity
  8
Visible
100
AcDbLine
 10
1173.709925
 20
48.040984
 30
0.0
 11
1202.709925
 21
48.040984
 31
0.0
  0
LINE
  5
1114
330
70
100
AcDbEntity
  8
Visible
100
AcDbLine
 10
1173.709925
 20
54.040984
 30
0.0
 11
1173.709925
 21
48.040984
 31
0.0
  0
LINE
  5
1115
330
70
100
AcDbEntity
  8
Visible
100
AcDbLine
 10
1144.709925
 20
54.040984
 30
0.0
 11
1173.709925
 21
54.040984
 31
0.0
  0
LINE
  5
1116
330
70
100
AcDbEntity
  8
Visible
100
AcDbLine
 10
1144.709925
 20
48.040984
 30
0.0
 11
1144.709925
 21
54.040984
 31
0.0
  0
LINE
  5
1117
330
70
100
AcDbEntity
  8
Visible
100
AcDbLine
 10
1115.709925
 20
48.040984
 30
0.0
 11
1144.709925
 21
48.040984
 31
0.0
  0
LINE
  5
1118
330
70
100
AcDbEntity
  8
Visible
100
AcDbLine
 10
1115.709925
 20
54.040984
 30
0.0
 11
1115.709925
 21
48.040984
 31
0.0
  0
LINE
  5
1119
330
70
100
AcDbEntity
  8
Visible
100
AcDbLine
 10
1086.709925
 20
54.040984
 30
0.0
 11
1115.709925
 21
54.040984
 31
0.0
  0
LINE
  5
111A
330
70
100
AcDbEntity
  8
Visible
100
AcDbLine
 10
1086.709925
 20
48.040984
 30
0.0
 11
1086.709925
 21
54.040984
 31
0.0
  0
LINE
  5
111B
330
70
100
AcDbEntity
  8
Visible
100
AcDbLine
 10
1057.709925
 20
48.040984
 30
0.0
 11
1086.709925
 21
48.040984
 31
0.0
  0
LINE
  5
111C
330
70
100
AcDbEntity
  8
Visible
100
AcDbLine
 10
1057.709925
 20
54.040984
 30
0.0
 11
1057.709925
 21
48.040984
 31
0.0
  0
LINE
  5
111D
330
70
100
AcDbEntity
  8
Visible
100
AcDbLine
 10
1028.709925
 20
54.040984
 30
0.0
 11
1057.709925
 21
54.040984
 31
0.0
  0
LINE
  5
111E
330
70
100
AcDbEntity
  8
Visible
100
AcDbLine
 10
1028.709925
 20
48.040984
 30
0.0
 11
1028.709925
 21
54.040984
 31
0.0
  0
LINE
  5
111F
330
70
100
AcDbEntity
  8
Visible
100
AcDbLine
 10
999.709925
 20
48.040984
 30
0.0
 11
1028.709925
 21
48.040984
 31
0.0
  0
LINE
  5
1120
330
70
100
AcDbEntity
  8
Visible
100
AcDbLine
 10
999.709925
 20
54.040984
 30
0.0
 11
999.709925
 21
48.040984
 31
0.0
  0
LINE
  5
1121
330
70
100
AcDbEntity
  8
Visible
100
AcDbLine
 10
970.709925
 20
54.040984
 30
0.0
 11
999.709925
 21
54.040984
 31
0.0
  0
LINE
  5
1122
330
70
100
AcDbEntity
  8
Visible
100
AcDbLine
 10
970.709925
 20
48.040984
 30
0.0
 11
970.709925
 21
54.040984
 31
0.0
  0
LINE
  5
1123
330
70
100
AcDbEntity
  8
Visible
100
AcDbLine
 10
930.209925
 20
48.040984
 30
0.0
 11
970.709925
 21
48.040984
 31
0.0
  0
LINE
  5
1124
330
70
100
AcDbEntity
  8
Visible
100
AcDbLine
 10
930.209925
 20
72.540984
 30
0.0
 11
930.209925
 21
48.040984
 31
0.0
  0
LINE
  5
1125
330
70
100
AcDbEntity
  8
Visible
100
AcDbLine
 10
936.209925
 20
72.540984
 30
0.0
 11
930.209925
 21
72.540984
 31
0.0
  0
LINE
  5
1126
330
70
100
AcDbEntity
  8
Visible
100
AcDbLine
 10
936.209925
 20
101.540984
 30
0.0
 11
936.209925
 21
72.540984
 31
0.0
  0
LINE
  5
1127
330
70
100
AcDbEntity
  8
Visible
100
AcDbLine
 10
930.209925
 20
101.540984
 30
0.0
 11
936.209925
 21
101.540984
 31
0.0
  0
LINE
  5
1128
330
70
100
AcDbEntity
  8
Visible
100
AcDbLine
 10
930.209925
 20
130.540984
 30
0.0
 11
930.209925
 21
101.540984
 31
0.0
  0
LINE
  5
1129
330
70
100
AcDbEntity
  8
Visible
100
AcDbLine
 10
936.209925
 20
130.540984
 30
0.0
 11
930.209925
 21
130.540984
 31
0.0
  0
LINE
  5
112A
330
70
100
AcDbEntity
  8
Visible
100
AcDbLine
 10
936.209925
 20
159.540984
 30
0.0
 11
936.209925
 21
130.540984
 31
0.0
  0
LINE
  5
112B
330
70
100
AcDbEntity
  8
Visible
100
AcDbLine
 10
930.209925
 20
159.540984
 30
0.0
 11
936.209925
 21
159.540984
 31
0.0
  0
LINE
  5
112C
330
70
100
AcDbEntity
  8
Visible
100
AcDbLine
 10
930.209925
 20
188.540984
 30
0.0
 11
930.209925
 21
159.540984
 31
0.0
  0
LINE
  5
112D
330
70
100
AcDbEntity
  8
Visible
100
AcDbLine
 10
936.209925
 20
188.540984
 30
0.0
 11
930.209925
 21
188.540984
 31
0.0
  0
LINE
  5
112E
330
70
100
AcDbEntity
  8
Visible
100
AcDbLine
 10
936.209925
 20
217.540984
 30
0.0
 11
936.209925
 21
188.540984
 31
0.0
  0
LINE
  5
112F
330
70
100
AcDbEntity
  8
Visible
100
AcDbLine
 10
930.209925
 20
217.540984
 30
0.0
 11
936.209925
 21
217.540984
 31
0.0
  0
LINE
  5
1130
330
70
100
AcDbEntity
  8
Visible
100
AcDbLine
 10
930.209925
 20
246.540984
 30
0.0
 11
930.209925
 21
217.540984
 31
0.0
  0
LINE
  5
1131
330
70
100
AcDbEntity
  8
Visible
100
AcDbLine
 10
936.209925
 20
246.540984
 30
0.0
 11
930.209925
 21
246.540984
 31
0.0
  0
LINE
  5
1132
330
70
100
AcDbEntity
  8
Visible
100
AcDbLine
 10
936.209925
 20
275.540984
 30
0.0
 11
936.209925
 21
246.540984
 31
0.0
  0
LINE
  5
1133
330
70
100
AcDbEntity
  8
Visible
100
AcDbLine
 10
930.209925
 20
275.540984
 30
0.0
 11
936.209925
 21
275.540984
 31
0.0
  0
LINE
  5
1134
330
70
100
AcDbEntity
  8
Visible
100
AcDbLine
 10
930.209925
 20
304.540984
 30
0.0
 11
930.209925
 21
275.540984
 31
0.0
  0
LINE
  5
1135
330
70
100
AcDbEntity
  8
Visible
100
AcDbLine
 10
936.209925
 20
304.540984
 30
0.0
 11
930.209925
 21
304.540984
 31
0.0
  0
LINE
  5
1136
330
70
100
AcDbEntity
  8
Visible
100
AcDbLine
 10
936.209925
 20
333.540984
 30
0.0
 11
936.209925
 21
304.540984
 31
0.0
  0
LINE
  5
1137
330
70
100
AcDbEntity
  8
Visible
100
AcDbLine
 10
930.209925
 20
333.540984
 30
0.0
 11
936.209925
 21
333.540984
 31
0.0
  0
LINE
  5
1138
330
70
100
AcDbEntity
  8
Visible
100
AcDbLine
 10
930.209925
 20
362.540984
 30
0.0
 11
930.209925
 21
333.540984
 31
0.0
  0
LINE
  5
1139
330
70
100
AcDbEntity
  8
Visible
100
AcDbLine
 10
936.209925
 20
362.540984
 30
0.0
 11
930.209925
 21
362.540984
 31
0.0
  0
LINE
  5
113A
330
70
100
AcDbEntity
  8
Visible
100
AcDbLine
 10
936.209925
 20
391.540984
 30
0.0
 11
936.209925
 21
362.540984
 31
0.0
  0
LINE
  5
113B
330
70
100
AcDbEntity
  8
Visible
100
AcDbLine
 10
930.209925
 20
391.540984
 30
0.0
 11
936.209925
 21
391.540984
 31
0.0
  0
LINE
  5
113C
330
70
100
AcDbEntity
  8
Visible
100
AcDbLine
 10
930.209925
 20
420.540984
 30
0.0
 11
930.209925
 21
391.540984
 31
0.0
  0
LINE
  5
113D
330
70
100
AcDbEntity
  8
Visible
100
AcDbLine
 10
936.209925
 20
420.540984
 30
0.0
 11
930.209925
 21
420.540984
 31
0.0
  0
LINE
  5
113E
330
70
100
AcDbEntity
  8
Visible
100
AcDbLine
 10
936.209925
 20
449.540984
 30
0.0
 11
936.209925
 21
420.540984
 31
0.0
  0
LINE
  5
113F
330
70
100
AcDbEntity
  8
Visible
100
AcDbLine
 10
930.209925
 20
449.540984
 30
0.0
 11
936.209925
 21
449.540984
 31
0.0
  0
LINE
  5
1140
330
70
100
AcDbEntity
  8
Visible
100
AcDbLine
 10
930.209925
 20
478.540984
 30
0.0
 11
930.209925
 21
449.540984
 31
0.0
  0
LINE
  5
1141
330
70
100
AcDbEntity
  8
Visible
100
AcDbLine
 10
936.209925
 20
478.540984
 30
0.0
 11
930.209925
 21
478.540984
 31
0.0
  0
LINE
  5
1142
330
70
100
AcDbEntity
  8
Visible
100
AcDbLine
 10
936.209925
 20
507.540984
 30
0.0
 11
936.209925
 21
478.540984
 31
0.0
  0
LINE
  5
1143
330
70
100
AcDbEntity
  8
Visible
100
AcDbLine
 10
930.209925
 20
507.540984
 30
0.0
 11
936.209925
 21
507.540984
 31
0.0
  0
LINE
  5
1144
330
70
100
AcDbEntity
  8
Visible
100
AcDbLine
 10
930.209925
 20
536.540984
 30
0.0
 11
930.209925
 21
507.540984
 31
0.0
  0
LINE
  5
1145
330
70
100
AcDbEntity
  8
Visible
100
AcDbLine
 10
936.209925
 20
536.540984
 30
0.0
 11
930.209925
 21
536.540984
 31
0.0
  0
LINE
  5
1146
330
70
100
AcDbEntity
  8
Visible
100
AcDbLine
 10
936.209925
 20
565.540984
 30
0.0
 11
936.209925
 21
536.540984
 31
0.0
  0
LINE
  5
1147
330
70
100
AcDbEntity
  8
Visible
100
AcDbLine
 10
930.209925
 20
565.540984
 30
0.0
 11
936.209925
 21
565.540984
 31
0.0
  0
LINE
  5
1148
330
70
100
AcDbEntity
  8
Visible
100
AcDbLine
 10
930.209925
 20
594.540984
 30
0.0
 11
930.209925
 21
565.540984
 31
0.0
  0
LINE
  5
1149
330
70
100
AcDbEntity
  8
Visible
100
AcDbLine
 10
936.209925
 20
594.540984
 30
0.0
 11
930.209925
 21
594.540984
 31
0.0
  0
LINE
  5
114A
330
70
100
AcDbEntity
  8
Visible
100
AcDbLine
 10
936.209925
 20
623.540984
 30
0.0
 11
936.209925
 21
594.540984
 31
0.0
  0
LINE
  5
114B
330
70
100
AcDbEntity
  8
Visible
100
AcDbLine
 10
930.209925
 20
623.540984
 30
0.0
 11
936.209925
 21
623.540984
 31
0.0
  0
LINE
  5
114C
330
70
100
AcDbEntity
  8
Visible
100
AcDbLine
 10
930.209925
 20
648.040984
 30
0.0
 11
930.209925
 21
623.540984
 31
0.0
  0
LINE
  5
114D
330
70
100
AcDbEntity
  8
Visible
100
AcDbLine
 10
970.709925
 20
648.040984
 30
0.0
 11
930.209925
 21
648.040984
 31
0.0
  0
LINE
  5
114E
330
70
100
AcDbEntity
  8
Visible
100
AcDbLine
 10
970.709925
 20
642.040984
 30
0.0
 11
970.709925
 21
648.040984
 31
0.0
  0
LINE
  5
114F
330
70
100
AcDbEntity
  8
Visible
100
AcDbLine
 10
999.709925
 20
642.040984
 30
0.0
 11
970.709925
 21
642.040984
 31
0.0
  0
LINE
  5
1150
330
70
100
AcDbEntity
  8
Visible
100
AcDbLine
 10
999.709925
 20
648.040984
 30
0.0
 11
999.709925
 21
642.040984
 31
0.0
  0
LINE
  5
1151
330
70
100
AcDbEntity
  8
Visible
100
AcDbLine
 10
1028.709925
 20
648.040984
 30
0.0
 11
999.709925
 21
648.040984
 31
0.0
  0
LINE
  5
1152
330
70
100
AcDbEntity
  8
Visible
100
AcDbLine
 10
1028.709925
 20
642.040984
 30
0.0
 11
1028.709925
 21
648.040984
 31
0.0
  0
LINE
  5
1153
330
70
100
AcDbEntity
  8
Visible
100
AcDbLine
 10
1057.709925
 20
642.040984
 30
0.0
 11
1028.709925
 21
642.040984
 31
0.0
  0
LINE
  5
1154
330
70
100
AcDbEntity
  8
Visible
100
AcDbLine
 10
1057.709925
 20
648.040984
 30
0.0
 11
1057.709925
 21
642.040984
 31
0.0
  0
LINE
  5
1155
330
70
100
AcDbEntity
  8
Visible
100
AcDbLine
 10
1086.709925
 20
648.040984
 30
0.0
 11
1057.709925
 21
648.040984
 31
0.0
  0
LINE
  5
1156
330
70
100
AcDbEntity
  8
Visible
100
AcDbLine
 10
1086.709925
 20
642.040984
 30
0.0
 11
1086.709925
 21
648.040984
 31
0.0
  0
LINE
  5
1157
330
70
100
AcDbEntity
  8
Visible
100
AcDbLine
 10
1115.709925
 20
642.040984
 30
0.0
 11
1086.709925
 21
642.040984
 31
0.0
  0
LINE
  5
1158
330
70
100
AcDbEntity
  8
Visible
100
AcDbLine
 10
1115.709925
 20
648.040984
 30
0.0
 11
1115.709925
 21
642.040984
 31
0.0
  0
LINE
  5
1159
330
70
100
AcDbEntity
  8
Visible
100
AcDbLine
 10
1144.709925
 20
648.040984
 30
0.0
 11
1115.709925
 21
648.040984
 31
0.0
  0
LINE
  5
115A
330
70
100
AcDbEntity
  8
Visible
100
AcDbLine
 10
1144.709925
 20
642.040984
 30
0.0
 11
1144.709925
 21
648.040984
 31
0.0
  0
LINE
  5
115B
330
70
100
AcDbEntity
  8
Visible
100
AcDbLine
 10
1173.709925
 20
642.040984
 30
0.0
 11
1144.709925
 21
642.040984
 31
0.0
  0
LINE
  5
115C
330
70
100
AcDbEntity
  8
Visible
100
AcDbLine
 10
1173.709925
 20
648.040984
 30
0.0
 11
1173.709925
 21
642.040984
 31
0.0
  0
LINE
  5
115D
330
70
100
AcDbEntity
  8
Visible
100
AcDbLine
 10
1202.709925
 20
648.040984
 30
0.0
 11
1173.709925
 21
648.040984
 31
0.0
  0
LINE
  5
115E
330
70
100
AcDbEntity
  8
Visible
100
AcDbLine
 10
1202.709925
 20
642.040984
 30
0.0
 11
1202.709925
 21
648.040984
 31
0.0
  0
LINE
  5
115F
330
70
100
AcDbEntity
  8
Visible
100
AcDbLine
 10
1231.709925
 20
642.040984
 30
0.0
 11
1202.709925
 21
642.040984
 31
0.0
  0
LINE
  5
1160
330
70
100
AcDbEntity
  8
Visible
100
AcDbLine
 10
1231.709925
 20
648.040984
 30
0.0
 11
1231.709925
 21
642.040984
 31
0.0
  0
LINE
  5
1161
330
70
100
AcDbEntity
  8
Visible
100
AcDbLine
 10
1260.709925
 20
648.040984
 30
0.0
 11
1231.709925
 21
648.040984
 31
0.0
  0
LINE
  5
1162
330
70
100
AcDbEntity
  8
Visible
100
AcDbLine
 10
1260.709925
 20
642.040984
 30
0.0
 11
1260.709925
 21
648.040984
 31
0.0
  0
LINE
  5
1163
330
70
100
AcDbEntity
  8
Visible
100
AcDbLine
 10
1289.709925
 20
642.040984
 30
0.0
 11
1260.709925
 21
642.040984
 31
0.0
  0
LINE
  5
1164
330
70
100
AcDbEntity
  8
Visible
100
AcDbLine
 10
1289.709925
 20
648.040984
 30
0.0
 11
1289.709925
 21
642.040984
 31
0.0
  0
LINE
  5
1165
330
70
100
AcDbEntity
  8
Visible
100
AcDbLine
 10
1330.209925
 20
648.040984
 30
0.0
 11
1289.709925
 21
648.040984
 31
0.0
  0
LINE
  5
1166
330
70
100
AcDbEntity
  8
Visible
100
AcDbLine
 10
1330.209925
 20
623.540984
 30
0.0
 11
1330.209925
 21
648.040984
 31
0.0
  0
LINE
  5
1167
330
70
100
AcDbEntity
  8
Visible
100
AcDbLine
 10
736.104925
 20
346.35806
 30
0.0
 11
736.104925
 21
343.948984
 31
0.0
  0
LINE
  5
1168
330
70
100
AcDbEntity
  8
Visible
100
AcDbLine
 10
736.887737
 20
346.994511
 30
0.0
 11
736.104925
 21
346.35806
 31
0.0
  0
LINE
  5
1169
330
70
100
AcDbEntity
  8
Visible
100
AcDbLine
 10
739.176925
 20
343.948984
 30
0.0
 11
736.887737
 21
346.994511
 31
0.0
  0
LINE
  5
116A
330
70
100
AcDbEntity
  8
Visible
100
AcDbLine
 10
740.328925
 20
343.948984
 30
0.0
 11
739.176925
 21
343.948984
 31
0.0
  0
LINE
  5
116B
330
70
100
AcDbEntity
  8
Visible
100
AcDbLine
 10
737.5571
 20
347.538724
 30
0.0
 11
740.328925
 21
343.948984
 31
0.0
  0
LINE
  5
116C
330
70
100
AcDbEntity
  8
Visible
100
AcDbLine
 10
740.196925
 20
349.684984
 30
0.0
 11
737.5571
 21
347.538724
 31
0.0
  0
LINE
  5
116D
330
70
100
AcDbEntity
  8
Visible
100
AcDbLine
 10
738.888925
 20
349.684984
 30
0.0
 11
740.196925
 21
349.684984
 31
0.0
  0
LINE
  5
116E
330
70
100
AcDbEntity
  8
Visible
100
AcDbLine
 10
736.104925
 20
347.357377
 30
0.0
 11
738.888925
 21
349.684984
 31
0.0
  0
LINE
  5
116F
330
70
100
AcDbEntity
  8
Visible
100
AcDbLine
 10
736.104925
 20
352.132984
 30
0.0
 11
736.104925
 21
347.357377
 31
0.0
  0
LINE
  5
1170
330
70
100
AcDbEntity
  8
Visible
100
AcDbLine
 10
735.168925
 20
352.132984
 30
0.0
 11
736.104925
 21
352.132984
 31
0.0
  0
LINE
  5
1171
330
70
100
AcDbEntity
  8
Visible
100
AcDbLine
 10
735.168925
 20
343.948984
 30
0.0
 11
735.168925
 21
352.132984
 31
0.0
  0
LINE
  5
1172
330
70
100
AcDbEntity
  8
Visible
100
AcDbLine
 10
736.104925
 20
343.948984
 30
0.0
 11
735.168925
 21
343.948984
 31
0.0
  0
LINE
  5
1173
330
70
100
AcDbEntity
  8
Visible
100
AcDbLine
 10
731.265925
 20
343.815984
 30
0.0
 11
731.131925
 21
343.807984
 31
0.0
  0
LINE
  5
1174
330
70
100
AcDbEntity
  8
Visible
100
AcDbLine
 10
731.397925
 20
343.828984
 30
0.0
 11
731.265925
 21
343.815984
 31
0.0
  0
LINE
  5
1175
330
70
100
AcDbEntity
  8
Visible
100
AcDbLine
 10
731.524925
 20
343.847984
 30
0.0
 11
731.397925
 21
343.828984
 31
0.0
  0
LINE
  5
1176
330
70
100
AcDbEntity
  8
Visible
100
AcDbLine
 10
731.648925
 20
343.872984
 30
0.0
 11
731.524925
 21
343.847984
 31
0.0
  0
LINE
  5
1177
330
70
100
AcDbEntity
  8
Visible
100
AcDbLine
 10
731.769925
 20
343.901984
 30
0.0
 11
731.648925
 21
343.872984
 31
0.0
  0
LINE
  5
1178
330
70
100
AcDbEntity
  8
Visible
100
AcDbLine
 10
731.885925
 20
343.936984
 30
0.0
 11
731.769925
 21
343.901984
 31
0.0
  0
LINE
  5
1179
330
70
100
AcDbEntity
  8
Visible
100
AcDbLine
 10
731.998925
 20
343.977984
 30
0.0
 11
731.885925
 21
343.936984
 31
0.0
  0
LINE
  5
117A
330
70
100
AcDbEntity
  8
Visible
100
AcDbLine
 10
732.107925
 20
344.023984
 30
0.0
 11
731.998925
 21
343.977984
 31
0.0
  0
LINE
  5
117B
330
70
100
AcDbEntity
  8
Visible
100
AcDbLine
 10
732.213925
 20
344.074984
 30
0.0
 11
732.107925
 21
344.023984
 31
0.0
  0
LINE
  5
117C
330
70
100
AcDbEntity
  8
Visible
100
AcDbLine
 10
732.314925
 20
344.130984
 30
0.0
 11
732.213925
 21
344.074984
 31
0.0
  0
LINE
  5
117D
330
70
100
AcDbEntity
  8
Visible
100
AcDbLine
 10
732.411925
 20
344.190984
 30
0.0
 11
732.314925
 21
344.130984
 31
0.0
  0
LINE
  5
117E
330
70
100
AcDbEntity
  8
Visible
100
AcDbLine
 10
732.503925
 20
344.254984
 30
0.0
 11
732.411925
 21
344.190984
 31
0.0
  0
LINE
  5
117F
330
70
100
AcDbEntity
  8
Visible
100
AcDbLine
 10
732.590925
 20
344.322984
 30
0.0
 11
732.503925
 21
344.254984
 31
0.0
  0
LINE
  5
1180
330
70
100
AcDbEntity
  8
Visible
100
AcDbLine
 10
732.673925
 20
344.393984
 30
0.0
 11
732.590925
 21
344.322984
 31
0.0
  0
LINE
  5
1181
330
70
100
AcDbEntity
  8
Visible
100
AcDbLine
 10
732.750925
 20
344.469984
 30
0.0
 11
732.673925
 21
344.393984
 31
0.0
  0
LINE
  5
1182
330
70
100
AcDbEntity
  8
Visible
100
AcDbLine
 10
732.823925
 20
344.549984
 30
0.0
 11
732.750925
 21
344.469984
 31
0.0
  0
LINE
  5
1183
330
70
100
AcDbEntity
  8
Visible
100
AcDbLine
 10
732.892925
 20
344.633984
 30
0.0
 11
732.823925
 21
344.549984
 31
0.0
  0
LINE
  5
1184
330
70
100
AcDbEntity
  8
Visible
100
AcDbLine
 10
732.955925
 20
344.720984
 30
0.0
 11
732.892925
 21
344.633984
 31
0.0
  0
LINE
  5
1185
330
70
100
AcDbEntity
  8
Visible
100
AcDbLine
 10
733.014925
 20
344.812984
 30
0.0
 11
732.955925
 21
344.720984
 31
0.0
  0
LINE
  5
1186
330
70
100
AcDbEntity
  8
Visible
100
AcDbLine
 10
733.068925
 20
344.907984
 30
0.0
 11
733.014925
 21
344.812984
 31
0.0
  0
LINE
  5
1187
330
70
100
AcDbEntity
  8
Visible
100
AcDbLine
 10
733.116925
 20
345.004984
 30
0.0
 11
733.068925
 21
344.907984
 31
0.0
  0
LINE
  5
1188
330
70
100
AcDbEntity
  8
Visible
100
AcDbLine
 10
733.158925
 20
345.105984
 30
0.0
 11
733.116925
 21
345.004984
 31
0.0
  0
LINE
  5
1189
330
70
100
AcDbEntity
  8
Visible
100
AcDbLine
 10
733.194925
 20
345.208984
 30
0.0
 11
733.158925
 21
345.105984
 31
0.0
  0
LINE
  5
118A
330
70
100
AcDbEntity
  8
Visible
100
AcDbLine
 10
733.225925
 20
345.313984
 30
0.0
 11
733.194925
 21
345.208984
 31
0.0
  0
LINE
  5
118B
330
70
100
AcDbEntity
  8
Visible
100
AcDbLine
 10
733.251925
 20
345.421984
 30
0.0
 11
733.225925
 21
345.313984
 31
0.0
  0
LINE
  5
118C
330
70
100
AcDbEntity
  8
Visible
100
AcDbLine
 10
733.271925
 20
345.532984
 30
0.0
 11
733.251925
 21
345.421984
 31
0.0
  0
LINE
  5
118D
330
70
100
AcDbEntity
  8
Visible
100
AcDbLine
 10
733.285925
 20
345.645984
 30
0.0
 11
733.271925
 21
345.532984
 31
0.0
  0
LINE
  5
118E
330
70
100
AcDbEntity
  8
Visible
100
AcDbLine
 10
733.293925
 20
345.761984
 30
0.0
 11
733.285925
 21
345.645984
 31
0.0
  0
LINE
  5
118F
330
70
100
AcDbEntity
  8
Visible
100
AcDbLine
 10
733.296925
 20
345.880984
 30
0.0
 11
733.293925
 21
345.761984
 31
0.0
  0
LINE
  5
1190
330
70
100
AcDbEntity
  8
Visible
100
AcDbLine
 10
732.336925
 20
345.880984
 30
0.0
 11
733.296925
 21
345.880984
 31
0.0
  0
LINE
  5
1191
330
70
100
AcDbEntity
  8
Visible
100
AcDbLine
 10
732.333925
 20
345.766984
 30
0.0
 11
732.336925
 21
345.880984
 31
0.0
  0
LINE
  5
1192
330
70
100
AcDbEntity
  8
Visible
100
AcDbLine
 10
732.322925
 20
345.657984
 30
0.0
 11
732.333925
 21
345.766984
 31
0.0
  0
LINE
  5
1193
330
70
100
AcDbEntity
  8
Visible
100
AcDbLine
 10
732.305925
 20
345.554984
 30
0.0
 11
732.322925
 21
345.657984
 31
0.0
  0
LINE
  5
1194
330
70
100
AcDbEntity
  8
Visible
100
AcDbLine
 10
732.281925
 20
345.455984
 30
0.0
 11
732.305925
 21
345.554984
 31
0.0
  0
LINE
  5
1195
330
70
100
AcDbEntity
  8
Visible
100
AcDbLine
 10
732.250925
 20
345.362984
 30
0.0
 11
732.281925
 21
345.455984
 31
0.0
  0
LINE
  5
1196
330
70
100
AcDbEntity
  8
Visible
100
AcDbLine
 10
732.212925
 20
345.273984
 30
0.0
 11
732.250925
 21
345.362984
 31
0.0
  0
LINE
  5
1197
330
70
100
AcDbEntity
  8
Visible
100
AcDbLine
 10
732.167925
 20
345.190984
 30
0.0
 11
732.212925
 21
345.273984
 31
0.0
  0
LINE
  5
1198
330
70
100
AcDbEntity
  8
Visible
100
AcDbLine
 10
732.115925
 20
345.112984
 30
0.0
 11
732.167925
 21
345.190984
 31
0.0
  0
LINE
  5
1199
330
70
100
AcDbEntity
  8
Visible
100
AcDbLine
 10
732.057925
 20
345.039984
 30
0.0
 11
732.115925
 21
345.112984
 31
0.0
  0
LINE
  5
119A
330
70
100
AcDbEntity
  8
Visible
100
AcDbLine
 10
731.991925
 20
344.971984
 30
0.0
 11
732.057925
 21
345.039984
 31
0.0
  0
LINE
  5
119B
330
70
100
AcDbEntity
  8
Visible
100
AcDbLine
 10
731.919925
 20
344.909984
 30
0.0
 11
731.991925
 21
344.971984
 31
0.0
  0
LINE
  5
119C
330
70
100
AcDbEntity
  8
Visible
100
AcDbLine
 10
731.840925
 20
344.853984
 30
0.0
 11
731.919925
 21
344.909984
 31
0.0
  0
LINE
  5
119D
330
70
100
AcDbEntity
  8
Visible
100
AcDbLine
 10
731.755925
 20
344.804984
 30
0.0
 11
731.840925
 21
344.853984
 31
0.0
  0
LINE
  5
119E
330
70
100
AcDbEntity
  8
Visible
100
AcDbLine
 10
731.664925
 20
344.762984
 30
0.0
 11
731.755925
 21
344.804984
 31
0.0
  0
LINE
  5
119F
330
70
100
AcDbEntity
  8
Visible
100
AcDbLine
 10
731.566925
 20
344.726984
 30
0.0
 11
731.664925
 21
344.762984
 31
0.0
  0
LINE
  5
11A0
330
70
100
AcDbEntity
  8
Visible
100
AcDbLine
 10
731.461925
 20
344.696984
 30
0.0
 11
731.566925
 21
344.726984
 31
0.0
  0
LINE
  5
11A1
330
70
100
AcDbEntity
  8
Visible
100
AcDbLine
 10
731.351925
 20
344.673984
 30
0.0
 11
731.461925
 21
344.696984
 31
0.0
  0
LINE
  5
11A2
330
70
100
AcDbEntity
  8
Visible
100
AcDbLine
 10
731.234925
 20
344.657984
 30
0.0
 11
731.351925
 21
344.673984
 31
0.0
  0
LINE
  5
11A3
330
70
100
AcDbEntity
  8
Visible
100
AcDbLine
 10
731.110925
 20
344.647984
 30
0.0
 11
731.234925
 21
344.657984
 31
0.0
  0
LINE
  5
11A4
330
70
100
AcDbEntity
  8
Visible
100
AcDbLine
 10
730.980925
 20
344.644984
 30
0.0
 11
731.110925
 21
344.647984
 31
0.0
  0
LINE
  5
11A5
330
70
100
AcDbEntity
  8
Visible
100
AcDbLine
 10
730.886925
 20
344.647984
 30
0.0
 11
730.980925
 21
344.644984
 31
0.0
  0
LINE
  5
11A6
330
70
100
AcDbEntity
  8
Visible
100
AcDbLine
 10
730.794925
 20
344.655984
 30
0.0
 11
730.886925
 21
344.647984
 31
0.0
  0
LINE
  5
11A7
330
70
100
AcDbEntity
  8
Visible
100
AcDbLine
 10
730.705925
 20
344.668984
 30
0.0
 11
730.794925
 21
344.655984
 31
0.0
  0
LINE
  5
11A8
330
70
100
AcDbEntity
  8
Visible
100
AcDbLine
 10
730.617925
 20
344.687984
 30
0.0
 11
730.705925
 21
344.668984
 31
0.0
  0
LINE
  5
11A9
330
70
100
AcDbEntity
  8
Visible
100
AcDbLine
 10
730.531925
 20
344.711984
 30
0.0
 11
730.617925
 21
344.687984
 31
0.0
  0
LINE
  5
11AA
330
70
100
AcDbEntity
  8
Visible
100
AcDbLine
 10
730.448925
 20
344.741984
 30
0.0
 11
730.531925
 21
344.711984
 31
0.0
  0
LINE
  5
11AB
330
70
100
AcDbEntity
  8
Visible
100
AcDbLine
 10
730.366925
 20
344.776984
 30
0.0
 11
730.448925
 21
344.741984
 31
0.0
  0
LINE
  5
11AC
330
70
100
AcDbEntity
  8
Visible
100
AcDbLine
 10
730.287925
 20
344.817984
 30
0.0
 11
730.366925
 21
344.776984
 31
0.0
  0
LINE
  5
11AD
330
70
100
AcDbEntity
  8
Visible
100
AcDbLine
 10
730.209925
 20
344.863984
 30
0.0
 11
730.287925
 21
344.817984
 31
0.0
  0
LINE
  5
11AE
330
70
100
AcDbEntity
  8
Visible
100
AcDbLine
 10
730.134925
 20
344.914984
 30
0.0
 11
730.209925
 21
344.863984
 31
0.0
  0
LINE
  5
11AF
330
70
100
AcDbEntity
  8
Visible
100
AcDbLine
 10
730.061925
 20
344.970984
 30
0.0
 11
730.134925
 21
344.914984
 31
0.0
  0
LINE
  5
11B0
330
70
100
AcDbEntity
  8
Visible
100
AcDbLine
 10
729.992925
 20
345.031984
 30
0.0
 11
730.061925
 21
344.970984
 31
0.0
  0
LINE
  5
11B1
330
70
100
AcDbEntity
  8
Visible
100
AcDbLine
 10
729.925925
 20
345.096984
 30
0.0
 11
729.992925
 21
345.031984
 31
0.0
  0
LINE
  5
11B2
330
70
100
AcDbEntity
  8
Visible
100
AcDbLine
 10
729.862925
 20
345.165984
 30
0.0
 11
729.925925
 21
345.096984
 31
0.0
  0
LINE
  5
11B3
330
70
100
AcDbEntity
  8
Visible
100
AcDbLine
 10
729.802925
 20
345.239984
 30
0.0
 11
729.862925
 21
345.165984
 31
0.0
  0
LINE
  5
11B4
330
70
100
AcDbEntity
  8
Visible
100
AcDbLine
 10
729.745925
 20
345.317984
 30
0.0
 11
729.802925
 21
345.239984
 31
0.0
  0
LINE
  5
11B5
330
70
100
AcDbEntity
  8
Visible
100
AcDbLine
 10
729.691925
 20
345.399984
 30
0.0
 11
729.745925
 21
345.317984
 31
0.0
  0
LINE
  5
11B6
330
70
100
AcDbEntity
  8
Visible
100
AcDbLine
 10
729.641925
 20
345.486984
 30
0.0
 11
729.691925
 21
345.399984
 31
0.0
  0
LINE
  5
11B7
330
70
100
AcDbEntity
  8
Visible
100
AcDbLine
 10
729.593925
 20
345.577984
 30
0.0
 11
729.641925
 21
345.486984
 31
0.0
  0
LINE
  5
11B8
330
70
100
AcDbEntity
  8
Visible
100
AcDbLine
 10
729.549925
 20
345.673984
 30
0.0
 11
729.593925
 21
345.577984
 31
0.0
  0
LINE
  5
11B9
330
70
100
AcDbEntity
  8
Visible
100
AcDbLine
 10
729.509925
 20
345.773984
 30
0.0
 11
729.549925
 21
345.673984
 31
0.0
  0
LINE
  5
11BA
330
70
100
AcDbEntity
  8
Visible
100
AcDbLine
 10
729.472925
 20
345.876984
 30
0.0
 11
729.509925
 21
345.773984
 31
0.0
  0
LINE
  5
11BB
330
70
100
AcDbEntity
  8
Visible
100
AcDbLine
 10
729.440925
 20
345.982984
 30
0.0
 11
729.472925
 21
345.876984
 31
0.0
  0
LINE
  5
11BC
330
70
100
AcDbEntity
  8
Visible
100
AcDbLine
 10
729.413925
 20
346.093984
 30
0.0
 11
729.440925
 21
345.982984
 31
0.0
  0
LINE
  5
11BD
330
70
100
AcDbEntity
  8
Visible
100
AcDbLine
 10
729.389925
 20
346.206984
 30
0.0
 11
729.413925
 21
346.093984
 31
0.0
  0
LINE
  5
11BE
330
70
100
AcDbEntity
  8
Visible
100
AcDbLine
 10
729.370925
 20
346.324984
 30
0.0
 11
729.389925
 21
346.206984
 31
0.0
  0
LINE
  5
11BF
330
70
100
AcDbEntity
  8
Visible
100
AcDbLine
 10
729.355925
 20
346.444984
 30
0.0
 11
729.370925
 21
346.324984
 31
0.0
  0
LINE
  5
11C0
330
70
100
AcDbEntity
  8
Visible
100
AcDbLine
 10
729.345925
 20
346.569984
 30
0.0
 11
729.355925
 21
346.444984
 31
0.0
  0
LINE
  5
11C1
330
70
100
AcDbEntity
  8
Visible
100
AcDbLine
 10
729.338925
 20
346.697984
 30
0.0
 11
729.345925
 21
346.569984
 31
0.0
  0
LINE
  5
11C2
330
70
100
AcDbEntity
  8
Visible
100
AcDbLine
 10
729.336925
 20
346.828984
 30
0.0
 11
729.338925
 21
346.697984
 31
0.0
  0
LINE
  5
11C3
330
70
100
AcDbEntity
  8
Visible
100
AcDbLine
 10
729.338925
 20
346.970984
 30
0.0
 11
729.336925
 21
346.828984
 31
0.0
  0
LINE
  5
11C4
330
70
100
AcDbEntity
  8
Visible
100
AcDbLine
 10
729.345925
 20
347.107984
 30
0.0
 11
729.338925
 21
346.970984
 31
0.0
  0
LINE
  5
11C5
330
70
100
AcDbEntity
  8
Visible
100
AcDbLine
 10
729.357925
 20
347.239984
 30
0.0
 11
729.345925
 21
347.107984
 31
0.0
  0
LINE
  5
11C6
330
70
100
AcDbEntity
  8
Visible
100
AcDbLine
 10
729.373925
 20
347.366984
 30
0.0
 11
729.357925
 21
347.239984
 31
0.0
  0
LINE
  5
11C7
330
70
100
AcDbEntity
  8
Visible
100
AcDbLine
 10
729.395925
 20
347.489984
 30
0.0
 11
729.373925
 21
347.366984
 31
0.0
  0
LINE
  5
11C8
330
70
100
AcDbEntity
  8
Visible
100
AcDbLine
 10
729.420925
 20
347.607984
 30
0.0
 11
729.395925
 21
347.489984
 31
0.0
  0
LINE
  5
11C9
330
70
100
AcDbEntity
  8
Visible
100
AcDbLine
 10
729.451925
 20
347.720984
 30
0.0
 11
729.420925
 21
347.607984
 31
0.0
  0
LINE
  5
11CA
330
70
100
AcDbEntity
  8
Visible
100
AcDbLine
 10
729.486925
 20
347.828984
 30
0.0
 11
729.451925
 21
347.720984
 31
0.0
  0
LINE
  5
11CB
330
70
100
AcDbEntity
  8
Visible
100
AcDbLine
 10
729.526925
 20
347.932984
 30
0.0
 11
729.486925
 21
347.828984
 31
0.0
  0
LINE
  5
11CC
330
70
100
AcDbEntity
  8
Visible
100
AcDbLine
 10
729.570925
 20
348.031984
 30
0.0
 11
729.526925
 21
347.932984
 31
0.0
  0
LINE
  5
11CD
330
70
100
AcDbEntity
  8
Visible
100
AcDbLine
 10
729.618925
 20
348.125984
 30
0.0
 11
729.570925
 21
348.031984
 31
0.0
  0
LINE
  5
11CE
330
70
100
AcDbEntity
  8
Visible
100
AcDbLine
 10
729.669925
 20
348.215984
 30
0.0
 11
729.618925
 21
348.125984
 31
0.0
  0
LINE
  5
11CF
330
70
100
AcDbEntity
  8
Visible
100
AcDbLine
 10
729.723925
 20
348.299984
 30
0.0
 11
729.669925
 21
348.215984
 31
0.0
  0
LINE
  5
11D0
330
70
100
AcDbEntity
  8
Visible
100
AcDbLine
 10
729.780925
 20
348.379984
 30
0.0
 11
729.723925
 21
348.299984
 31
0.0
  0
LINE
  5
11D1
330
70
100
AcDbEntity
  8
Visible
100
AcDbLine
 10
729.839925
 20
348.454984
 30
0.0
 11
729.780925
 21
348.379984
 31
0.0
  0
LINE
  5
11D2
330
70
100
AcDbEntity
  8
Visible
100
AcDbLine
 10
729.902925
 20
348.524984
 30
0.0
 11
729.839925
 21
348.454984
 31
0.0
  0
LINE
  5
11D3
330
70
100
AcDbEntity
  8
Visible
100
AcDbLine
 10
729.967925
 20
348.590984
 30
0.0
 11
729.902925
 21
348.524984
 31
0.0
  0
LINE
  5
11D4
330
70
100
AcDbEntity
  8
Visible
100
AcDbLine
 10
730.035925
 20
348.650984
 30
0.0
 11
729.967925
 21
348.590984
 31
0.0
  0
LINE
  5
11D5
330
70
100
AcDbEntity
  8
Visible
100
AcDbLine
 10
730.105925
 20
348.706984
 30
0.0
 11
730.035925
 21
348.650984
 31
0.0
  0
LINE
  5
11D6
330
70
100
AcDbEntity
  8
Visible
100
AcDbLine
 10
730.179925
 20
348.757984
 30
0.0
 11
730.105925
 21
348.706984
 31
0.0
  0
LINE
  5
11D7
330
70
100
AcDbEntity
  8
Visible
100
AcDbLine
 10
730.255925
 20
348.803984
 30
0.0
 11
730.179925
 21
348.757984
 31
0.0
  0
LINE
  5
11D8
330
70
100
AcDbEntity
  8
Visible
100
AcDbLine
 10
730.331925
 20
348.844984
 30
0.0
 11
730.255925
 21
348.803984
 31
0.0
  0
LINE
  5
11D9
330
70
100
AcDbEntity
  8
Visible
100
AcDbLine
 10
730.409925
 20
348.881984
 30
0.0
 11
730.331925
 21
348.844984
 31
0.0
  0
LINE
  5
11DA
330
70
100
AcDbEntity
  8
Visible
100
AcDbLine
 10
730.487925
 20
348.913984
 30
0.0
 11
730.409925
 21
348.881984
 31
0.0
  0
LINE
  5
11DB
330
70
100
AcDbEntity
  8
Visible
100
AcDbLine
 10
730.567925
 20
348.939984
 30
0.0
 11
730.487925
 21
348.913984
 31
0.0
  0
LINE
  5
11DC
330
70
100
AcDbEntity
  8
Visible
100
AcDbLine
 10
730.647925
 20
348.961984
 30
0.0
 11
730.567925
 21
348.939984
 31
0.0
  0
LINE
  5
11DD
330
70
100
AcDbEntity
  8
Visible
100
AcDbLine
 10
730.729925
 20
348.978984
 30
0.0
 11
730.647925
 21
348.961984
 31
0.0
  0
LINE
  5
11DE
330
70
100
AcDbEntity
  8
Visible
100
AcDbLine
 10
730.812925
 20
348.990984
 30
0.0
 11
730.729925
 21
348.978984
 31
0.0
  0
LINE
  5
11DF
330
70
100
AcDbEntity
  8
Visible
100
AcDbLine
 10
730.895925
 20
348.998984
 30
0.0
 11
730.812925
 21
348.990984
 31
0.0
  0
LINE
  5
11E0
330
70
100
AcDbEntity
  8
Visible
100
AcDbLine
 10
730.980925
 20
349.000984
 30
0.0
 11
730.895925
 21
348.998984
 31
0.0
  0
LINE
  5
11E1
330
70
100
AcDbEntity
  8
Visible
100
AcDbLine
 10
731.079925
 20
348.997984
 30
0.0
 11
730.980925
 21
349.000984
 31
0.0
  0
LINE
  5
11E2
330
70
100
AcDbEntity
  8
Visible
100
AcDbLine
 10
731.175925
 20
348.988984
 30
0.0
 11
731.079925
 21
348.997984
 31
0.0
  0
LINE
  5
11E3
330
70
100
AcDbEntity
  8
Visible
100
AcDbLine
 10
731.269925
 20
348.974984
 30
0.0
 11
731.175925
 21
348.988984
 31
0.0
  0
LINE
  5
11E4
330
70
100
AcDbEntity
  8
Visible
100
AcDbLine
 10
731.359925
 20
348.953984
 30
0.0
 11
731.269925
 21
348.974984
 31
0.0
  0
LINE
  5
11E5
330
70
100
AcDbEntity
  8
Visible
100
AcDbLine
 10
731.446925
 20
348.927984
 30
0.0
 11
731.359925
 21
348.953984
 31
0.0
  0
LINE
  5
11E6
330
70
100
AcDbEntity
  8
Visible
100
AcDbLine
 10
731.530925
 20
348.895984
 30
0.0
 11
731.446925
 21
348.927984
 31
0.0
  0
LINE
  5
11E7
330
70
100
AcDbEntity
  8
Visible
100
AcDbLine
 10
731.611925
 20
348.857984
 30
0.0
 11
731.530925
 21
348.895984
 31
0.0
  0
LINE
  5
11E8
330
70
100
AcDbEntity
  8
Visible
100
AcDbLine
 10
731.688925
 20
348.814984
 30
0.0
 11
731.611925
 21
348.857984
 31
0.0
  0
LINE
  5
11E9
330
70
100
AcDbEntity
  8
Visible
100
AcDbLine
 10
731.763925
 20
348.764984
 30
0.0
 11
731.688925
 21
348.814984
 31
0.0
  0
LINE
  5
11EA
330
70
100
AcDbEntity
  8
Visible
100
AcDbLine
 10
731.835925
 20
348.709984
 30
0.0
 11
731.763925
 21
348.764984
 31
0.0
  0
LINE
  5
11EB
330
70
100
AcDbEntity
  8
Visible
100
AcDbLine
 10
731.903925
 20
348.649984
 30
0.0
 11
731.835925
 21
348.709984
 31
0.0
  0
LINE
  5
11EC
330
70
100
AcDbEntity
  8
Visible
100
AcDbLine
 10
731.967925
 20
348.584984
 30
0.0
 11
731.903925
 21
348.649984
 31
0.0
  0
LINE
  5
11ED
330
70
100
AcDbEntity
  8
Visible
100
AcDbLine
 10
732.028925
 20
348.516984
 30
0.0
 11
731.967925
 21
348.584984
 31
0.0
  0
LINE
  5
11EE
330
70
100
AcDbEntity
  8
Visible
100
AcDbLine
 10
732.084925
 20
348.443984
 30
0.0
 11
732.028925
 21
348.516984
 31
0.0
  0
LINE
  5
11EF
330
70
100
AcDbEntity
  8
Visible
100
AcDbLine
 10
732.136925
 20
348.366984
 30
0.0
 11
732.084925
 21
348.443984
 31
0.0
  0
LINE
  5
11F0
330
70
100
AcDbEntity
  8
Visible
100
AcDbLine
 10
732.184925
 20
348.285984
 30
0.0
 11
732.136925
 21
348.366984
 31
0.0
  0
LINE
  5
11F1
330
70
100
AcDbEntity
  8
Visible
100
AcDbLine
 10
732.228925
 20
348.200984
 30
0.0
 11
732.184925
 21
348.285984
 31
0.0
  0
LINE
  5
11F2
330
70
100
AcDbEntity
  8
Visible
100
AcDbLine
 10
732.268925
 20
348.111984
 30
0.0
 11
732.228925
 21
348.200984
 31
0.0
  0
LINE
  5
11F3
330
70
100
AcDbEntity
  8
Visible
100
AcDbLine
 10
732.304925
 20
348.018984
 30
0.0
 11
732.268925
 21
348.111984
 31
0.0
  0
LINE
  5
11F4
330
70
100
AcDbEntity
  8
Visible
100
AcDbLine
 10
732.336925
 20
347.920984
 30
0.0
 11
732.304925
 21
348.018984
 31
0.0
  0
LINE
  5
11F5
330
70
100
AcDbEntity
  8
Visible
100
AcDbLine
 10
733.296925
 20
348.004984
 30
0.0
 11
732.336925
 21
347.920984
 31
0.0
  0
LINE
  5
11F6
330
70
100
AcDbEntity
  8
Visible
100
AcDbLine
 10
733.277925
 20
348.076984
 30
0.0
 11
733.296925
 21
348.004984
 31
0.0
  0
LINE
  5
11F7
330
70
100
AcDbEntity
  8
Visible
100
AcDbLine
 10
733.256925
 20
348.147984
 30
0.0
 11
733.277925
 21
348.076984
 31
0.0
  0
LINE
  5
11F8
330
70
100
AcDbEntity
  8
Visible
100
AcDbLine
 10
733.233925
 20
348.217984
 30
0.0
 11
733.256925
 21
348.147984
 31
0.0
  0
LINE
  5
11F9
330
70
100
AcDbEntity
  8
Visible
100
AcDbLine
 10
733.208925
 20
348.287984
 30
0.0
 11
733.233925
 21
348.217984
 31
0.0
  0
LINE
  5
11FA
330
70
100
AcDbEntity
  8
Visible
100
AcDbLine
 10
733.181925
 20
348.356984
 30
0.0
 11
733.208925
 21
348.287984
 31
0.0
  0
LINE
  5
11FB
330
70
100
AcDbEntity
  8
Visible
100
AcDbLine
 10
733.152925
 20
348.424984
 30
0.0
 11
733.181925
 21
348.356984
 31
0.0
  0
LINE
  5
11FC
330
70
100
AcDbEntity
  8
Visible
100
AcDbLine
 10
733.121925
 20
348.492984
 30
0.0
 11
733.152925
 21
348.424984
 31
0.0
  0
LINE
  5
11FD
330
70
100
AcDbEntity
  8
Visible
100
AcDbLine
 10
733.089925
 20
348.559984
 30
0.0
 11
733.121925
 21
348.492984
 31
0.0
  0
LINE
  5
11FE
330
70
100
AcDbEntity
  8
Visible
100
AcDbLine
 10
733.054925
 20
348.625984
 30
0.0
 11
733.089925
 21
348.559984
 31
0.0
  0
LINE
  5
11FF
330
70
100
AcDbEntity
  8
Visible
100
AcDbLine
 10
733.017925
 20
348.691984
 30
0.0
 11
733.054925
 21
348.625984
 31
0.0
  0
LINE
  5
1200
330
70
100
AcDbEntity
  8
Visible
100
AcDbLine
 10
732.978925
 20
348.756984
 30
0.0
 11
733.017925
 21
348.691984
 31
0.0
  0
LINE
  5
1201
330
70
100
AcDbEntity
  8
Visible
100
AcDbLine
 10
732.937925
 20
348.819984
 30
0.0
 11
732.978925
 21
348.756984
 31
0.0
  0
LINE
  5
1202
330
70
100
AcDbEntity
  8
Visible
100
AcDbLine
 10
732.895925
 20
348.881984
 30
0.0
 11
732.937925
 21
348.819984
 31
0.0
  0
LINE
  5
1203
330
70
100
AcDbEntity
  8
Visible
100
AcDbLine
 10
732.850925
 20
348.942984
 30
0.0
 11
732.895925
 21
348.881984
 31
0.0
  0
LINE
  5
1204
330
70
100
AcDbEntity
  8
Visible
100
AcDbLine
 10
732.803925
 20
349.001984
 30
0.0
 11
732.850925
 21
348.942984
 31
0.0
  0
LINE
  5
1205
330
70
100
AcDbEntity
  8
Visible
100
AcDbLine
 10
732.755925
 20
349.059984
 30
0.0
 11
732.803925
 21
349.001984
 31
0.0
  0
LINE
  5
1206
330
70
100
AcDbEntity
  8
Visible
100
AcDbLine
 10
732.704925
 20
349.115984
 30
0.0
 11
732.755925
 21
349.059984
 31
0.0
  0
LINE
  5
1207
330
70
100
AcDbEntity
  8
Visible
100
AcDbLine
 10
732.651925
 20
349.170984
 30
0.0
 11
732.704925
 21
349.115984
 31
0.0
  0
LINE
  5
1208
330
70
100
AcDbEntity
  8
Visible
100
AcDbLine
 10
732.597925
 20
349.224984
 30
0.0
 11
732.651925
 21
349.170984
 31
0.0
  0
LINE
  5
1209
330
70
100
AcDbEntity
  8
Visible
100
AcDbLine
 10
732.540925
 20
349.276984
 30
0.0
 11
732.597925
 21
349.224984
 31
0.0
  0
LINE
  5
120A
330
70
100
AcDbEntity
  8
Visible
100
AcDbLine
 10
732.481925
 20
349.326984
 30
0.0
 11
732.540925
 21
349.276984
 31
0.0
  0
LINE
  5
120B
330
70
100
AcDbEntity
  8
Visible
100
AcDbLine
 10
732.421925
 20
349.375984
 30
0.0
 11
732.481925
 21
349.326984
 31
0.0
  0
LINE
  5
120C
330
70
100
AcDbEntity
  8
Visible
100
AcDbLine
 10
732.358925
 20
349.421984
 30
0.0
 11
732.421925
 21
349.375984
 31
0.0
  0
LINE
  5
120D
330
70
100
AcDbEntity
  8
Visible
100
AcDbLine
 10
732.294925
 20
349.465984
 30
0.0
 11
732.358925
 21
349.421984
 31
0.0
  0
LINE
  5
120E
330
70
100
AcDbEntity
  8
Visible
100
AcDbLine
 10
732.227925
 20
349.506984
 30
0.0
 11
732.294925
 21
349.465984
 31
0.0
  0
LINE
  5
120F
330
70
100
AcDbEntity
  8
Visible
100
AcDbLine
 10
732.159925
 20
349.546984
 30
0.0
 11
732.227925
 21
349.506984
 31
0.0
  0
LINE
  5
1210
330
70
100
AcDbEntity
  8
Visible
100
AcDbLine
 10
732.088925
 20
349.583984
 30
0.0
 11
732.159925
 21
349.546984
 31
0.0
  0
LINE
  5
1211
330
70
100
AcDbEntity
  8
Visible
100
AcDbLine
 10
732.016925
 20
349.618984
 30
0.0
 11
732.088925
 21
349.583984
 31
0.0
  0
LINE
  5
1212
330
70
100
AcDbEntity
  8
Visible
100
AcDbLine
 10
731.941925
 20
349.650984
 30
0.0
 11
732.016925
 21
349.618984
 31
0.0
  0
LINE
  5
1213
330
70
100
AcDbEntity
  8
Visible
100
AcDbLine
 10
731.865925
 20
349.681984
 30
0.0
 11
731.941925
 21
349.650984
 31
0.0
  0
LINE
  5
1214
330
70
100
AcDbEntity
  8
Visible
100
AcDbLine
 10
731.787925
 20
349.709984
 30
0.0
 11
731.865925
 21
349.681984
 31
0.0
  0
LINE
  5
1215
330
70
100
AcDbEntity
  8
Visible
100
AcDbLine
 10
731.706925
 20
349.734984
 30
0.0
 11
731.787925
 21
349.709984
 31
0.0
  0
LINE
  5
1216
330
70
100
AcDbEntity
  8
Visible
100
AcDbLine
 10
731.624925
 20
349.756984
 30
0.0
 11
731.706925
 21
349.734984
 31
0.0
  0
LINE
  5
1217
330
70
100
AcDbEntity
  8
Visible
100
AcDbLine
 10
731.540925
 20
349.775984
 30
0.0
 11
731.624925
 21
349.756984
 31
0.0
  0
LINE
  5
1218
330
70
100
AcDbEntity
  8
Visible
100
AcDbLine
 10
731.453925
 20
349.791984
 30
0.0
 11
731.540925
 21
349.775984
 31
0.0
  0
LINE
  5
1219
330
70
100
AcDbEntity
  8
Visible
100
AcDbLine
 10
731.365925
 20
349.804984
 30
0.0
 11
731.453925
 21
349.791984
 31
0.0
  0
LINE
  5
121A
330
70
100
AcDbEntity
  8
Visible
100
AcDbLine
 10
731.275925
 20
349.815984
 30
0.0
 11
731.365925
 21
349.804984
 31
0.0
  0
LINE
  5
121B
330
70
100
AcDbEntity
  8
Visible
100
AcDbLine
 10
731.182925
 20
349.822984
 30
0.0
 11
731.275925
 21
349.815984
 31
0.0
  0
LINE
  5
121C
330
70
100
AcDbEntity
  8
Visible
100
AcDbLine
 10
731.088925
 20
349.827984
 30
0.0
 11
731.182925
 21
349.822984
 31
0.0
  0
LINE
  5
121D
330
70
100
AcDbEntity
  8
Visible
100
AcDbLine
 10
730.992925
 20
349.828984
 30
0.0
 11
731.088925
 21
349.827984
 31
0.0
  0
LINE
  5
121E
330
70
100
AcDbEntity
  8
Visible
100
AcDbLine
 10
730.855925
 20
349.824984
 30
0.0
 11
730.992925
 21
349.828984
 31
0.0
  0
LINE
  5
121F
330
70
100
AcDbEntity
  8
Visible
100
AcDbLine
 10
730.720925
 20
349.814984
 30
0.0
 11
730.855925
 21
349.824984
 31
0.0
  0
LINE
  5
1220
330
70
100
AcDbEntity
  8
Visible
100
AcDbLine
 10
730.586925
 20
349.796984
 30
0.0
 11
730.720925
 21
349.814984
 31
0.0
  0
LINE
  5
1221
330
70
100
AcDbEntity
  8
Visible
100
AcDbLine
 10
730.455925
 20
349.771984
 30
0.0
 11
730.586925
 21
349.796984
 31
0.0
  0
LINE
  5
1222
330
70
100
AcDbEntity
  8
Visible
100
AcDbLine
 10
730.325925
 20
349.740984
 30
0.0
 11
730.455925
 21
349.771984
 31
0.0
  0
LINE
  5
1223
330
70
100
AcDbEntity
  8
Visible
100
AcDbLine
 10
730.197925
 20
349.701984
 30
0.0
 11
730.325925
 21
349.740984
 31
0.0
  0
LINE
  5
1224
330
70
100
AcDbEntity
  8
Visible
100
AcDbLine
 10
730.072925
 20
349.655984
 30
0.0
 11
730.197925
 21
349.701984
 31
0.0
  0
LINE
  5
1225
330
70
100
AcDbEntity
  8
Visible
100
AcDbLine
 10
729.948925
 20
349.601984
 30
0.0
 11
730.072925
 21
349.655984
 31
0.0
  0
LINE
  5
1226
330
70
100
AcDbEntity
  8
Visible
100
AcDbLine
 10
729.825925
 20
349.541984
 30
0.0
 11
729.948925
 21
349.601984
 31
0.0
  0
LINE
  5
1227
330
70
100
AcDbEntity
  8
Visible
100
AcDbLine
 10
729.705925
 20
349.474984
 30
0.0
 11
729.825925
 21
349.541984
 31
0.0
  0
LINE
  5
1228
330
70
100
AcDbEntity
  8
Visible
100
AcDbLine
 10
729.588925
 20
349.400984
 30
0.0
 11
729.705925
 21
349.474984
 31
0.0
  0
LINE
  5
1229
330
70
100
AcDbEntity
  8
Visible
100
AcDbLine
 10
729.475925
 20
349.320984
 30
0.0
 11
729.588925
 21
349.400984
 31
0.0
  0
LINE
  5
122A
330
70
100
AcDbEntity
  8
Visible
100
AcDbLine
 10
729.368925
 20
349.233984
 30
0.0
 11
729.475925
 21
349.320984
 31
0.0
  0
LINE
  5
122B
330
70
100
AcDbEntity
  8
Visible
100
AcDbLine
 10
729.264925
 20
349.140984
 30
0.0
 11
729.368925
 21
349.233984
 31
0.0
  0
LINE
  5
122C
330
70
100
AcDbEntity
  8
Visible
100
AcDbLine
 10
729.166925
 20
349.040984
 30
0.0
 11
729.264925
 21
349.140984
 31
0.0
  0
LINE
  5
122D
330
70
100
AcDbEntity
  8
Visible
100
AcDbLine
 10
729.072925
 20
348.935984
 30
0.0
 11
729.166925
 21
349.040984
 31
0.0
  0
LINE
  5
122E
330
70
100
AcDbEntity
  8
Visible
100
AcDbLine
 10
728.982925
 20
348.823984
 30
0.0
 11
729.072925
 21
348.935984
 31
0.0
  0
LINE
  5
122F
330
70
100
AcDbEntity
  8
Visible
100
AcDbLine
 10
728.898925
 20
348.704984
 30
0.0
 11
728.982925
 21
348.823984
 31
0.0
  0
LINE
  5
1230
330
70
100
AcDbEntity
  8
Visible
100
AcDbLine
 10
728.818925
 20
348.579984
 30
0.0
 11
728.898925
 21
348.704984
 31
0.0
  0
LINE
  5
1231
330
70
100
AcDbEntity
  8
Visible
100
AcDbLine
 10
728.742925
 20
348.448984
 30
0.0
 11
728.818925
 21
348.579984
 31
0.0
  0
LINE
  5
1232
330
70
100
AcDbEntity
  8
Visible
100
AcDbLine
 10
728.672925
 20
348.311984
 30
0.0
 11
728.742925
 21
348.448984
 31
0.0
  0
LINE
  5
1233
330
70
100
AcDbEntity
  8
Visible
100
AcDbLine
 10
728.610925
 20
348.168984
 30
0.0
 11
728.672925
 21
348.311984
 31
0.0
  0
LINE
  5
1234
330
70
100
AcDbEntity
  8
Visible
100
AcDbLine
 10
728.555925
 20
348.020984
 30
0.0
 11
728.610925
 21
348.168984
 31
0.0
  0
LINE
  5
1235
330
70
100
AcDbEntity
  8
Visible
100
AcDbLine
 10
728.508925
 20
347.866984
 30
0.0
 11
728.555925
 21
348.020984
 31
0.0
  0
LINE
  5
1236
330
70
100
AcDbEntity
  8
Visible
100
AcDbLine
 10
728.468925
 20
347.707984
 30
0.0
 11
728.508925
 21
347.866984
 31
0.0
  0
LINE
  5
1237
330
70
100
AcDbEntity
  8
Visible
100
AcDbLine
 10
728.435925
 20
347.542984
 30
0.0
 11
728.468925
 21
347.707984
 31
0.0
  0
LINE
  5
1238
330
70
100
AcDbEntity
  8
Visible
100
AcDbLine
 10
728.409925
 20
347.372984
 30
0.0
 11
728.435925
 21
347.542984
 31
0.0
  0
LINE
  5
1239
330
70
100
AcDbEntity
  8
Visible
100
AcDbLine
 10
728.391925
 20
347.196984
 30
0.0
 11
728.409925
 21
347.372984
 31
0.0
  0
LINE
  5
123A
330
70
100
AcDbEntity
  8
Visible
100
AcDbLine
 10
728.380925
 20
347.015984
 30
0.0
 11
728.391925
 21
347.196984
 31
0.0
  0
LINE
  5
123B
330
70
100
AcDbEntity
  8
Visible
100
AcDbLine
 10
728.376925
 20
346.828984
 30
0.0
 11
728.380925
 21
347.015984
 31
0.0
  0
LINE
  5
123C
330
70
100
AcDbEntity
  8
Visible
100
AcDbLine
 10
728.380925
 20
346.646984
 30
0.0
 11
728.376925
 21
346.828984
 31
0.0
  0
LINE
  5
123D
330
70
100
AcDbEntity
  8
Visible
100
AcDbLine
 10
728.391925
 20
346.468984
 30
0.0
 11
728.380925
 21
346.646984
 31
0.0
  0
LINE
  5
123E
330
70
100
AcDbEntity
  8
Visible
100
AcDbLine
 10
728.409925
 20
346.296984
 30
0.0
 11
728.391925
 21
346.468984
 31
0.0
  0
LINE
  5
123F
330
70
100
AcDbEntity
  8
Visible
100
AcDbLine
 10
728.435925
 20
346.128984
 30
0.0
 11
728.409925
 21
346.296984
 31
0.0
  0
LINE
  5
1240
330
70
100
AcDbEntity
  8
Visible
100
AcDbLine
 10
728.468925
 20
345.965984
 30
0.0
 11
728.435925
 21
346.128984
 31
0.0
  0
LINE
  5
1241
330
70
100
AcDbEntity
  8
Visible
100
AcDbLine
 10
728.508925
 20
345.808984
 30
0.0
 11
728.468925
 21
345.965984
 31
0.0
  0
LINE
  5
1242
330
70
100
AcDbEntity
  8
Visible
100
AcDbLine
 10
728.555925
 20
345.655984
 30
0.0
 11
728.508925
 21
345.808984
 31
0.0
  0
LINE
  5
1243
330
70
100
AcDbEntity
  8
Visible
100
AcDbLine
 10
728.610925
 20
345.507984
 30
0.0
 11
728.555925
 21
345.655984
 31
0.0
  0
LINE
  5
1244
330
70
100
AcDbEntity
  8
Visible
100
AcDbLine
 10
728.672925
 20
345.364984
 30
0.0
 11
728.610925
 21
345.507984
 31
0.0
  0
LINE
  5
1245
330
70
100
AcDbEntity
  8
Visible
100
AcDbLine
 10
728.742925
 20
345.226984
 30
0.0
 11
728.672925
 21
345.364984
 31
0.0
  0
LINE
  5
1246
330
70
100
AcDbEntity
  8
Visible
100
AcDbLine
 10
728.818925
 20
345.093984
 30
0.0
 11
728.742925
 21
345.226984
 31
0.0
  0
LINE
  5
1247
330
70
100
AcDbEntity
  8
Visible
100
AcDbLine
 10
728.898925
 20
344.967984
 30
0.0
 11
728.818925
 21
345.093984
 31
0.0
  0
LINE
  5
1248
330
70
100
AcDbEntity
  8
Visible
100
AcDbLine
 10
728.982925
 20
344.847984
 30
0.0
 11
728.898925
 21
344.967984
 31
0.0
  0
LINE
  5
1249
330
70
100
AcDbEntity
  8
Visible
100
AcDbLine
 10
729.072925
 20
344.733984
 30
0.0
 11
728.982925
 21
344.847984
 31
0.0
  0
LINE
  5
124A
330
70
100
AcDbEntity
  8
Visible
100
AcDbLine
 10
729.166925
 20
344.624984
 30
0.0
 11
729.072925
 21
344.733984
 31
0.0
  0
LINE
  5
124B
330
70
100
AcDbEntity
  8
Visible
100
AcDbLine
 10
729.264925
 20
344.523984
 30
0.0
 11
729.166925
 21
344.624984
 31
0.0
  0
LINE
  5
124C
330
70
100
AcDbEntity
  8
Visible
100
AcDbLine
 10
729.368925
 20
344.427984
 30
0.0
 11
729.264925
 21
344.523984
 31
0.0
  0
LINE
  5
124D
330
70
100
AcDbEntity
  8
Visible
100
AcDbLine
 10
729.475925
 20
344.337984
 30
0.0
 11
729.368925
 21
344.427984
 31
0.0
  0
LINE
  5
124E
330
70
100
AcDbEntity
  8
Visible
100
AcDbLine
 10
729.588925
 20
344.253984
 30
0.0
 11
729.475925
 21
344.337984
 31
0.0
  0
LINE
  5
124F
330
70
100
AcDbEntity
  8
Visible
100
AcDbLine
 10
729.705925
 20
344.176984
 30
0.0
 11
729.588925
 21
344.253984
 31
0.0
  0
LINE
  5
1250
330
70
100
AcDbEntity
  8
Visible
100
AcDbLine
 10
729.825925
 20
344.105984
 30
0.0
 11
729.705925
 21
344.176984
 31
0.0
  0
LINE
  5
1251
330
70
100
AcDbEntity
  8
Visible
100
AcDbLine
 10
729.948925
 20
344.042984
 30
0.0
 11
729.825925
 21
344.105984
 31
0.0
  0
LINE
  5
1252
330
70
100
AcDbEntity
  8
Visible
100
AcDbLine
 10
730.072925
 20
343.986984
 30
0.0
 11
729.948925
 21
344.042984
 31
0.0
  0
LINE
  5
1253
330
70
100
AcDbEntity
  8
Visible
100
AcDbLine
 10
730.197925
 20
343.938984
 30
0.0
 11
730.072925
 21
343.986984
 31
0.0
  0
LINE
  5
1254
330
70
100
AcDbEntity
  8
Visible
100
AcDbLine
 10
730.325925
 20
343.897984
 30
0.0
 11
730.197925
 21
343.938984
 31
0.0
  0
LINE
  5
1255
330
70
100
AcDbEntity
  8
Visible
100
AcDbLine
 10
730.455925
 20
343.864984
 30
0.0
 11
730.325925
 21
343.897984
 31
0.0
  0
LINE
  5
1256
330
70
100
AcDbEntity
  8
Visible
100
AcDbLine
 10
730.586925
 20
343.837984
 30
0.0
 11
730.455925
 21
343.864984
 31
0.0
  0
LINE
  5
1257
330
70
100
AcDbEntity
  8
Visible
100
AcDbLine
 10
730.720925
 20
343.819984
 30
0.0
 11
730.586925
 21
343.837984
 31
0.0
  0
LINE
  5
1258
330
70
100
AcDbEntity
  8
Visible
100
AcDbLine
 10
730.855925
 20
343.808984
 30
0.0
 11
730.720925
 21
343.819984
 31
0.0
  0
LINE
  5
1259
330
70
100
AcDbEntity
  8
Visible
100
AcDbLine
 10
730.992925
 20
343.804984
 30
0.0
 11
730.855925
 21
343.808984
 31
0.0
  0
LINE
  5
125A
330
70
100
AcDbEntity
  8
Visible
100
AcDbLine
 10
731.131925
 20
343.807984
 30
0.0
 11
730.992925
 21
343.804984
 31
0.0
  0
LINE
  5
125B
330
70
100
AcDbEntity
  8
Visible
100
AcDbLine
 10
725.802925
 20
346.906915
 30
0.0
 11
725.802925
 21
347.668984
 31
0.0
  0
LINE
  5
125C
330
70
100
AcDbEntity
  8
Visible
100
AcDbLine
 10
725.799925
 20
346.907984
 30
0.0
 11
725.802925
 21
346.906915
 31
0.0
  0
LINE
  5
125D
330
70
100
AcDbEntity
  8
Visible
100
AcDbLine
 10
725.712925
 20
346.936984
 30
0.0
 11
725.799925
 21
346.907984
 31
0.0
  0
LINE
  5
125E
330
70
100
AcDbEntity
  8
Visible
100
AcDbLine
 10
725.625925
 20
346.964984
 30
0.0
 11
725.712925
 21
346.936984
 31
0.0
  0
LINE
  5
125F
330
70
100
AcDbEntity
  8
Visible
100
AcDbLine
 10
725.449925
 20
347.016984
 30
0.0
 11
725.625925
 21
346.964984
 31
0.0
  0
LINE
  5
1260
330
70
100
AcDbEntity
  8
Visible
100
AcDbLine
 10
725.271925
 20
347.062984
 30
0.0
 11
725.449925
 21
347.016984
 31
0.0
  0
LINE
  5
1261
330
70
100
AcDbEntity
  8
Visible
100
AcDbLine
 10
725.181925
 20
347.083984
 30
0.0
 11
725.271925
 21
347.062984
 31
0.0
  0
LINE
  5
1262
330
70
100
AcDbEntity
  8
Visible
100
AcDbLine
 10
725.091925
 20
347.103984
 30
0.0
 11
725.181925
 21
347.083984
 31
0.0
  0
LINE
  5
1263
330
70
100
AcDbEntity
  8
Visible
100
AcDbLine
 10
725.001925
 20
347.122984
 30
0.0
 11
725.091925
 21
347.103984
 31
0.0
  0
LINE
  5
1264
330
70
100
AcDbEntity
  8
Visible
100
AcDbLine
 10
724.910925
 20
347.139984
 30
0.0
 11
725.001925
 21
347.122984
 31
0.0
  0
LINE
  5
1265
330
70
100
AcDbEntity
  8
Visible
100
AcDbLine
 10
724.820925
 20
347.154984
 30
0.0
 11
724.910925
 21
347.139984
 31
0.0
  0
LINE
  5
1266
330
70
100
AcDbEntity
  8
Visible
100
AcDbLine
 10
724.729925
 20
347.168984
 30
0.0
 11
724.820925
 21
347.154984
 31
0.0
  0
LINE
  5
1267
330
70
100
AcDbEntity
  8
Visible
100
AcDbLine
 10
724.639925
 20
347.180984
 30
0.0
 11
724.729925
 21
347.168984
 31
0.0
  0
LINE
  5
1268
330
70
100
AcDbEntity
  8
Visible
100
AcDbLine
 10
724.549925
 20
347.189984
 30
0.0
 11
724.639925
 21
347.180984
 31
0.0
  0
LINE
  5
1269
330
70
100
AcDbEntity
  8
Visible
100
AcDbLine
 10
724.458925
 20
347.198984
 30
0.0
 11
724.549925
 21
347.189984
 31
0.0
  0
LINE
  5
126A
330
70
100
AcDbEntity
  8
Visible
100
AcDbLine
 10
724.368925
 20
347.204984
 30
0.0
 11
724.458925
 21
347.198984
 31
0.0
  0
LINE
  5
126B
330
70
100
AcDbEntity
  8
Visible
100
AcDbLine
 10
724.278925
 20
347.208984
 30
0.0
 11
724.368925
 21
347.204984
 31
0.0
  0
LINE
  5
126C
330
70
100
AcDbEntity
  8
Visible
100
AcDbLine
 10
724.188925
 20
347.211984
 30
0.0
 11
724.278925
 21
347.208984
 31
0.0
  0
LINE
  5
126D
330
70
100
AcDbEntity
  8
Visible
100
AcDbLine
 10
724.098925
 20
347.212984
 30
0.0
 11
724.188925
 21
347.211984
 31
0.0
  0
LINE
  5
126E
330
70
100
AcDbEntity
  8
Visible
100
AcDbLine
 10
723.973925
 20
347.210984
 30
0.0
 11
724.098925
 21
347.212984
 31
0.0
  0
LINE
  5
126F
330
70
100
AcDbEntity
  8
Visible
100
AcDbLine
 10
723.851925
 20
347.205984
 30
0.0
 11
723.973925
 21
347.210984
 31
0.0
  0
LINE
  5
1270
330
70
100
AcDbEntity
  8
Visible
100
AcDbLine
 10
723.731925
 20
347.197984
 30
0.0
 11
723.851925
 21
347.205984
 31
0.0
  0
LINE
  5
1271
330
70
100
AcDbEntity
  8
Visible
100
AcDbLine
 10
723.614925
 20
347.185984
 30
0.0
 11
723.731925
 21
347.197984
 31
0.0
  0
LINE
  5
1272
330
70
100
AcDbEntity
  8
Visible
100
AcDbLine
 10
723.499925
 20
347.169984
 30
0.0
 11
723.614925
 21
347.185984
 31
0.0
  0
LINE
  5
1273
330
70
100
AcDbEntity
  8
Visible
100
AcDbLine
 10
723.387925
 20
347.150984
 30
0.0
 11
723.499925
 21
347.169984
 31
0.0
  0
LINE
  5
1274
330
70
100
AcDbEntity
  8
Visible
100
AcDbLine
 10
723.278925
 20
347.128984
 30
0.0
 11
723.387925
 21
347.150984
 31
0.0
  0
LINE
  5
1275
330
70
100
AcDbEntity
  8
Visible
100
AcDbLine
 10
723.171925
 20
347.103984
 30
0.0
 11
723.278925
 21
347.128984
 31
0.0
  0
LINE
  5
1276
330
70
100
AcDbEntity
  8
Visible
100
AcDbLine
 10
723.066925
 20
347.073984
 30
0.0
 11
723.171925
 21
347.103984
 31
0.0
  0
LINE
  5
1277
330
70
100
AcDbEntity
  8
Visible
100
AcDbLine
 10
722.964925
 20
347.041984
 30
0.0
 11
723.066925
 21
347.073984
 31
0.0
  0
LINE
  5
1278
330
70
100
AcDbEntity
  8
Visible
100
AcDbLine
 10
722.865925
 20
347.005984
 30
0.0
 11
722.964925
 21
347.041984
 31
0.0
  0
LINE
  5
1279
330
70
100
AcDbEntity
  8
Visible
100
AcDbLine
 10
722.771925
 20
346.965984
 30
0.0
 11
722.865925
 21
347.005984
 31
0.0
  0
LINE
  5
127A
330
70
100
AcDbEntity
  8
Visible
100
AcDbLine
 10
722.681925
 20
346.921984
 30
0.0
 11
722.771925
 21
346.965984
 31
0.0
  0
LINE
  5
127B
330
70
100
AcDbEntity
  8
Visible
100
AcDbLine
 10
722.595925
 20
346.873984
 30
0.0
 11
722.681925
 21
346.921984
 31
0.0
  0
LINE
  5
127C
330
70
100
AcDbEntity
  8
Visible
100
AcDbLine
 10
722.513925
 20
346.821984
 30
0.0
 11
722.595925
 21
346.873984
 31
0.0
  0
LINE
  5
127D
330
70
100
AcDbEntity
  8
Visible
100
AcDbLine
 10
722.436925
 20
346.766984
 30
0.0
 11
722.513925
 21
346.821984
 31
0.0
  0
LINE
  5
127E
330
70
100
AcDbEntity
  8
Visible
100
AcDbLine
 10
722.363925
 20
346.706984
 30
0.0
 11
722.436925
 21
346.766984
 31
0.0
  0
LINE
  5
127F
330
70
100
AcDbEntity
  8
Visible
100
AcDbLine
 10
722.294925
 20
346.643984
 30
0.0
 11
722.363925
 21
346.706984
 31
0.0
  0
LINE
  5
1280
330
70
100
AcDbEntity
  8
Visible
100
AcDbLine
 10
722.229925
 20
346.575984
 30
0.0
 11
722.294925
 21
346.643984
 31
0.0
  0
LINE
  5
1281
330
70
100
AcDbEntity
  8
Visible
100
AcDbLine
 10
722.169925
 20
346.504984
 30
0.0
 11
722.229925
 21
346.575984
 31
0.0
  0
LINE
  5
1282
330
70
100
AcDbEntity
  8
Visible
100
AcDbLine
 10
722.114925
 20
346.429984
 30
0.0
 11
722.169925
 21
346.504984
 31
0.0
  0
LINE
  5
1283
330
70
100
AcDbEntity
  8
Visible
100
AcDbLine
 10
722.064925
 20
346.349984
 30
0.0
 11
722.114925
 21
346.429984
 31
0.0
  0
LINE
  5
1284
330
70
100
AcDbEntity
  8
Visible
100
AcDbLine
 10
722.021925
 20
346.265984
 30
0.0
 11
722.064925
 21
346.349984
 31
0.0
  0
LINE
  5
1285
330
70
100
AcDbEntity
  8
Visible
100
AcDbLine
 10
721.983925
 20
346.177984
 30
0.0
 11
722.021925
 21
346.265984
 31
0.0
  0
LINE
  5
1286
330
70
100
AcDbEntity
  8
Visible
100
AcDbLine
 10
721.951925
 20
346.084984
 30
0.0
 11
721.983925
 21
346.177984
 31
0.0
  0
LINE
  5
1287
330
70
100
AcDbEntity
  8
Visible
100
AcDbLine
 10
721.925925
 20
345.987984
 30
0.0
 11
721.951925
 21
346.084984
 31
0.0
  0
LINE
  5
1288
330
70
100
AcDbEntity
  8
Visible
100
AcDbLine
 10
721.904925
 20
345.886984
 30
0.0
 11
721.925925
 21
345.987984
 31
0.0
  0
LINE
  5
1289
330
70
100
AcDbEntity
  8
Visible
100
AcDbLine
 10
721.890925
 20
345.780984
 30
0.0
 11
721.904925
 21
345.886984
 31
0.0
  0
LINE
  5
128A
330
70
100
AcDbEntity
  8
Visible
100
AcDbLine
 10
721.881925
 20
345.670984
 30
0.0
 11
721.890925
 21
345.780984
 31
0.0
  0
LINE
  5
128B
330
70
100
AcDbEntity
  8
Visible
100
AcDbLine
 10
721.878925
 20
345.556984
 30
0.0
 11
721.881925
 21
345.670984
 31
0.0
  0
LINE
  5
128C
330
70
100
AcDbEntity
  8
Visible
100
AcDbLine
 10
721.880925
 20
345.468984
 30
0.0
 11
721.878925
 21
345.556984
 31
0.0
  0
LINE
  5
128D
330
70
100
AcDbEntity
  8
Visible
100
AcDbLine
 10
721.887925
 20
345.380984
 30
0.0
 11
721.880925
 21
345.468984
 31
0.0
  0
LINE
  5
128E
330
70
100
AcDbEntity
  8
Visible
100
AcDbLine
 10
721.899925
 20
345.293984
 30
0.0
 11
721.887925
 21
345.380984
 31
0.0
  0
LINE
  5
128F
330
70
100
AcDbEntity
  8
Visible
100
AcDbLine
 10
721.914925
 20
345.208984
 30
0.0
 11
721.899925
 21
345.293984
 31
0.0
  0
LINE
  5
1290
330
70
100
AcDbEntity
  8
Visible
100
AcDbLine
 10
721.935925
 20
345.122984
 30
0.0
 11
721.914925
 21
345.208984
 31
0.0
  0
LINE
  5
1291
330
70
100
AcDbEntity
  8
Visible
100
AcDbLine
 10
721.960925
 20
345.038984
 30
0.0
 11
721.935925
 21
345.122984
 31
0.0
  0
LINE
  5
1292
330
70
100
AcDbEntity
  8
Visible
100
AcDbLine
 10
721.990925
 20
344.955984
 30
0.0
 11
721.960925
 21
345.038984
 31
0.0
  0
LINE
  5
1293
330
70
100
AcDbEntity
  8
Visible
100
AcDbLine
 10
722.024925
 20
344.872984
 30
0.0
 11
721.990925
 21
344.955984
 31
0.0
  0
LINE
  5
1294
330
70
100
AcDbEntity
  8
Visible
100
AcDbLine
 10
722.063925
 20
344.791984
 30
0.0
 11
722.024925
 21
344.872984
 31
0.0
  0
LINE
  5
1295
330
70
100
AcDbEntity
  8
Visible
100
AcDbLine
 10
722.106925
 20
344.710984
 30
0.0
 11
722.063925
 21
344.791984
 31
0.0
  0
LINE
  5
1296
330
70
100
AcDbEntity
  8
Visible
100
AcDbLine
 10
722.154925
 20
344.631984
 30
0.0
 11
722.106925
 21
344.710984
 31
0.0
  0
LINE
  5
1297
330
70
100
AcDbEntity
  8
Visible
100
AcDbLine
 10
722.207925
 20
344.555984
 30
0.0
 11
722.154925
 21
344.631984
 31
0.0
  0
LINE
  5
1298
330
70
100
AcDbEntity
  8
Visible
100
AcDbLine
 10
722.264925
 20
344.482984
 30
0.0
 11
722.207925
 21
344.555984
 31
0.0
  0
LINE
  5
1299
330
70
100
AcDbEntity
  8
Visible
100
AcDbLine
 10
722.326925
 20
344.412984
 30
0.0
 11
722.264925
 21
344.482984
 31
0.0
  0
LINE
  5
129A
330
70
100
AcDbEntity
  8
Visible
100
AcDbLine
 10
722.392925
 20
344.345984
 30
0.0
 11
722.326925
 21
344.412984
 31
0.0
  0
LINE
  5
129B
330
70
100
AcDbEntity
  8
Visible
100
AcDbLine
 10
722.464925
 20
344.282984
 30
0.0
 11
722.392925
 21
344.345984
 31
0.0
  0
LINE
  5
129C
330
70
100
AcDbEntity
  8
Visible
100
AcDbLine
 10
722.540925
 20
344.221984
 30
0.0
 11
722.464925
 21
344.282984
 31
0.0
  0
LINE
  5
129D
330
70
100
AcDbEntity
  8
Visible
100
AcDbLine
 10
722.621925
 20
344.163984
 30
0.0
 11
722.540925
 21
344.221984
 31
0.0
  0
LINE
  5
129E
330
70
100
AcDbEntity
  8
Visible
100
AcDbLine
 10
722.706925
 20
344.108984
 30
0.0
 11
722.621925
 21
344.163984
 31
0.0
  0
LINE
  5
129F
330
70
100
AcDbEntity
  8
Visible
100
AcDbLine
 10
722.796925
 20
344.056984
 30
0.0
 11
722.706925
 21
344.108984
 31
0.0
  0
LINE
  5
12A0
330
70
100
AcDbEntity
  8
Visible
100
AcDbLine
 10
722.891925
 20
344.008984
 30
0.0
 11
722.796925
 21
344.056984
 31
0.0
  0
LINE
  5
12A1
330
70
100
AcDbEntity
  8
Visible
100
AcDbLine
 10
722.991925
 20
343.965984
 30
0.0
 11
722.891925
 21
344.008984
 31
0.0
  0
LINE
  5
12A2
330
70
100
AcDbEntity
  8
Visible
100
AcDbLine
 10
723.095925
 20
343.927984
 30
0.0
 11
722.991925
 21
343.965984
 31
0.0
  0
LINE
  5
12A3
330
70
100
AcDbEntity
  8
Visible
100
AcDbLine
 10
723.205925
 20
343.895984
 30
0.0
 11
723.095925
 21
343.927984
 31
0.0
  0
LINE
  5
12A4
330
70
100
AcDbEntity
  8
Visible
100
AcDbLine
 10
723.320925
 20
343.867984
 30
0.0
 11
723.205925
 21
343.895984
 31
0.0
  0
LINE
  5
12A5
330
70
100
AcDbEntity
  8
Visible
100
AcDbLine
 10
723.439925
 20
343.844984
 30
0.0
 11
723.320925
 21
343.867984
 31
0.0
  0
LINE
  5
12A6
330
70
100
AcDbEntity
  8
Visible
100
AcDbLine
 10
723.563925
 20
343.827984
 30
0.0
 11
723.439925
 21
343.844984
 31
0.0
  0
LINE
  5
12A7
330
70
100
AcDbEntity
  8
Visible
100
AcDbLine
 10
723.693925
 20
343.814984
 30
0.0
 11
723.563925
 21
343.827984
 31
0.0
  0
LINE
  5
12A8
330
70
100
AcDbEntity
  8
Visible
100
AcDbLine
 10
723.827925
 20
343.807984
 30
0.0
 11
723.693925
 21
343.814984
 31
0.0
  0
LINE
  5
12A9
330
70
100
AcDbEntity
  8
Visible
100
AcDbLine
 10
723.966925
 20
343.804984
 30
0.0
 11
723.827925
 21
343.807984
 31
0.0
  0
LINE
  5
12AA
330
70
100
AcDbEntity
  8
Visible
100
AcDbLine
 10
724.093925
 20
343.807984
 30
0.0
 11
723.966925
 21
343.804984
 31
0.0
  0
LINE
  5
12AB
330
70
100
AcDbEntity
  8
Visible
100
AcDbLine
 10
724.216925
 20
343.816984
 30
0.0
 11
724.093925
 21
343.807984
 31
0.0
  0
LINE
  5
12AC
330
70
100
AcDbEntity
  8
Visible
100
AcDbLine
 10
724.335925
 20
343.831984
 30
0.0
 11
724.216925
 21
343.816984
 31
0.0
  0
LINE
  5
12AD
330
70
100
AcDbEntity
  8
Visible
100
AcDbLine
 10
724.451925
 20
343.852984
 30
0.0
 11
724.335925
 21
343.831984
 31
0.0
  0
LINE
  5
12AE
330
70
100
AcDbEntity
  8
Visible
100
AcDbLine
 10
724.563925
 20
343.879984
 30
0.0
 11
724.451925
 21
343.852984
 31
0.0
  0
LINE
  5
12AF
330
70
100
AcDbEntity
  8
Visible
100
AcDbLine
 10
724.672925
 20
343.912984
 30
0.0
 11
724.563925
 21
343.879984
 31
0.0
  0
LINE
  5
12B0
330
70
100
AcDbEntity
  8
Visible
100
AcDbLine
 10
724.777925
 20
343.951984
 30
0.0
 11
724.672925
 21
343.912984
 31
0.0
  0
LINE
  5
12B1
330
70
100
AcDbEntity
  8
Visible
100
AcDbLine
 10
724.878925
 20
343.996984
 30
0.0
 11
724.777925
 21
343.951984
 31
0.0
  0
LINE
  5
12B2
330
70
100
AcDbEntity
  8
Visible
100
AcDbLine
 10
724.976925
 20
344.047984
 30
0.0
 11
724.878925
 21
343.996984
 31
0.0
  0
LINE
  5
12B3
330
70
100
AcDbEntity
  8
Visible
100
AcDbLine
 10
725.070925
 20
344.104984
 30
0.0
 11
724.976925
 21
344.047984
 31
0.0
  0
LINE
  5
12B4
330
70
100
AcDbEntity
  8
Visible
100
AcDbLine
 10
725.160925
 20
344.166984
 30
0.0
 11
725.070925
 21
344.104984
 31
0.0
  0
LINE
  5
12B5
330
70
100
AcDbEntity
  8
Visible
100
AcDbLine
 10
725.246925
 20
344.232984
 30
0.0
 11
725.160925
 21
344.166984
 31
0.0
  0
LINE
  5
12B6
330
70
100
AcDbEntity
  8
Visible
100
AcDbLine
 10
725.328925
 20
344.301984
 30
0.0
 11
725.246925
 21
344.232984
 31
0.0
  0
LINE
  5
12B7
330
70
100
AcDbEntity
  8
Visible
100
AcDbLine
 10
725.406925
 20
344.375984
 30
0.0
 11
725.328925
 21
344.301984
 31
0.0
  0
LINE
  5
12B8
330
70
100
AcDbEntity
  8
Visible
100
AcDbLine
 10
725.479925
 20
344.452984
 30
0.0
 11
725.406925
 21
344.375984
 31
0.0
  0
LINE
  5
12B9
330
70
100
AcDbEntity
  8
Visible
100
AcDbLine
 10
725.548925
 20
344.533984
 30
0.0
 11
725.479925
 21
344.452984
 31
0.0
  0
LINE
  5
12BA
330
70
100
AcDbEntity
  8
Visible
100
AcDbLine
 10
725.612925
 20
344.618984
 30
0.0
 11
725.548925
 21
344.533984
 31
0.0
  0
LINE
  5
12BB
330
70
100
AcDbEntity
  8
Visible
100
AcDbLine
 10
725.673925
 20
344.707984
 30
0.0
 11
725.612925
 21
344.618984
 31
0.0
  0
LINE
  5
12BC
330
70
100
AcDbEntity
  8
Visible
100
AcDbLine
 10
725.729925
 20
344.800984
 30
0.0
 11
725.673925
 21
344.707984
 31
0.0
  0
LINE
  5
12BD
330
70
100
AcDbEntity
  8
Visible
100
AcDbLine
 10
725.781925
 20
344.896984
 30
0.0
 11
725.729925
 21
344.800984
 31
0.0
  0
LINE
  5
12BE
330
70
100
AcDbEntity
  8
Visible
100
AcDbLine
 10
725.824166
 20
344.985958
 30
0.0
 11
725.781925
 21
344.896984
 31
0.0
  0
LINE
  5
12BF
330
70
100
AcDbEntity
  8
Visible
100
AcDbLine
 10
725.922925
 20
343.948984
 30
0.0
 11
725.824166
 21
344.985958
 31
0.0
  0
LINE
  5
12C0
330
70
100
AcDbEntity
  8
Visible
100
AcDbLine
 10
726.738925
 20
343.948984
 30
0.0
 11
725.922925
 21
343.948984
 31
0.0
  0
LINE
  5
12C1
330
70
100
AcDbEntity
  8
Visible
100
AcDbLine
 10
726.738925
 20
347.644984
 30
0.0
 11
726.738925
 21
343.948984
 31
0.0
  0
LINE
  5
12C2
330
70
100
AcDbEntity
  8
Visible
100
AcDbLine
 10
726.735925
 20
347.796984
 30
0.0
 11
726.738925
 21
347.644984
 31
0.0
  0
LINE
  5
12C3
330
70
100
AcDbEntity
  8
Visible
100
AcDbLine
 10
726.726925
 20
347.942984
 30
0.0
 11
726.735925
 21
347.796984
 31
0.0
  0
LINE
  5
12C4
330
70
100
AcDbEntity
  8
Visible
100
AcDbLine
 10
726.712925
 20
348.082984
 30
0.0
 11
726.726925
 21
347.942984
 31
0.0
  0
LINE
  5
12C5
330
70
100
AcDbEntity
  8
Visible
100
AcDbLine
 10
726.692925
 20
348.217984
 30
0.0
 11
726.712925
 21
348.082984
 31
0.0
  0
LINE
  5
12C6
330
70
100
AcDbEntity
  8
Visible
100
AcDbLine
 10
726.666925
 20
348.345984
 30
0.0
 11
726.692925
 21
348.217984
 31
0.0
  0
LINE
  5
12C7
330
70
100
AcDbEntity
  8
Visible
100
AcDbLine
 10
726.634925
 20
348.468984
 30
0.0
 11
726.666925
 21
348.345984
 31
0.0
  0
LINE
  5
12C8
330
70
100
AcDbEntity
  8
Visible
100
AcDbLine
 10
726.597925
 20
348.585984
 30
0.0
 11
726.634925
 21
348.468984
 31
0.0
  0
LINE
  5
12C9
330
70
100
AcDbEntity
  8
Visible
100
AcDbLine
 10
726.554925
 20
348.696984
 30
0.0
 11
726.597925
 21
348.585984
 31
0.0
  0
LINE
  5
12CA
330
70
100
AcDbEntity
  8
Visible
100
AcDbLine
 10
726.505925
 20
348.801984
 30
0.0
 11
726.554925
 21
348.696984
 31
0.0
  0
LINE
  5
12CB
330
70
100
AcDbEntity
  8
Visible
100
AcDbLine
 10
726.450925
 20
348.901984
 30
0.0
 11
726.505925
 21
348.801984
 31
0.0
  0
LINE
  5
12CC
330
70
100
AcDbEntity
  8
Visible
100
AcDbLine
 10
726.390925
 20
348.995984
 30
0.0
 11
726.450925
 21
348.901984
 31
0.0
  0
LINE
  5
12CD
330
70
100
AcDbEntity
  8
Visible
100
AcDbLine
 10
726.326925
 20
349.084984
 30
0.0
 11
726.390925
 21
348.995984
 31
0.0
  0
LINE
  5
12CE
330
70
100
AcDbEntity
  8
Visible
100
AcDbLine
 10
726.257925
 20
349.167984
 30
0.0
 11
726.326925
 21
349.084984
 31
0.0
  0
LINE
  5
12CF
330
70
100
AcDbEntity
  8
Visible
100
AcDbLine
 10
726.184925
 20
349.246984
 30
0.0
 11
726.257925
 21
349.167984
 31
0.0
  0
LINE
  5
12D0
330
70
100
AcDbEntity
  8
Visible
100
AcDbLine
 10
726.107925
 20
349.319984
 30
0.0
 11
726.184925
 21
349.246984
 31
0.0
  0
LINE
  5
12D1
330
70
100
AcDbEntity
  8
Visible
100
AcDbLine
 10
726.024925
 20
349.387984
 30
0.0
 11
726.107925
 21
349.319984
 31
0.0
  0
LINE
  5
12D2
330
70
100
AcDbEntity
  8
Visible
100
AcDbLine
 10
725.938925
 20
349.449984
 30
0.0
 11
726.024925
 21
349.387984
 31
0.0
  0
LINE
  5
12D3
330
70
100
AcDbEntity
  8
Visible
100
AcDbLine
 10
725.847925
 20
349.507984
 30
0.0
 11
725.938925
 21
349.449984
 31
0.0
  0
LINE
  5
12D4
330
70
100
AcDbEntity
  8
Visible
100
AcDbLine
 10
725.752925
 20
349.559984
 30
0.0
 11
725.847925
 21
349.507984
 31
0.0
  0
LINE
  5
12D5
330
70
100
AcDbEntity
  8
Visible
100
AcDbLine
 10
725.652925
 20
349.606984
 30
0.0
 11
725.752925
 21
349.559984
 31
0.0
  0
LINE
  5
12D6
330
70
100
AcDbEntity
  8
Visible
100
AcDbLine
 10
725.549925
 20
349.648984
 30
0.0
 11
725.652925
 21
349.606984
 31
0.0
  0
LINE
  5
12D7
330
70
100
AcDbEntity
  8
Visible
100
AcDbLine
 10
725.442925
 20
349.686984
 30
0.0
 11
725.549925
 21
349.648984
 31
0.0
  0
LINE
  5
12D8
330
70
100
AcDbEntity
  8
Visible
100
AcDbLine
 10
725.333925
 20
349.719984
 30
0.0
 11
725.442925
 21
349.686984
 31
0.0
  0
LINE
  5
12D9
330
70
100
AcDbEntity
  8
Visible
100
AcDbLine
 10
725.220925
 20
349.748984
 30
0.0
 11
725.333925
 21
349.719984
 31
0.0
  0
LINE
  5
12DA
330
70
100
AcDbEntity
  8
Visible
100
AcDbLine
 10
725.104925
 20
349.773984
 30
0.0
 11
725.220925
 21
349.748984
 31
0.0
  0
LINE
  5
12DB
330
70
100
AcDbEntity
  8
Visible
100
AcDbLine
 10
724.986925
 20
349.792984
 30
0.0
 11
725.104925
 21
349.773984
 31
0.0
  0
LINE
  5
12DC
330
70
100
AcDbEntity
  8
Visible
100
AcDbLine
 10
724.864925
 20
349.808984
 30
0.0
 11
724.986925
 21
349.792984
 31
0.0
  0
LINE
  5
12DD
330
70
100
AcDbEntity
  8
Visible
100
AcDbLine
 10
724.740925
 20
349.819984
 30
0.0
 11
724.864925
 21
349.808984
 31
0.0
  0
LINE
  5
12DE
330
70
100
AcDbEntity
  8
Visible
100
AcDbLine
 10
724.613925
 20
349.826984
 30
0.0
 11
724.740925
 21
349.819984
 31
0.0
  0
LINE
  5
12DF
330
70
100
AcDbEntity
  8
Visible
100
AcDbLine
 10
724.482925
 20
349.828984
 30
0.0
 11
724.613925
 21
349.826984
 31
0.0
  0
LINE
  5
12E0
330
70
100
AcDbEntity
  8
Visible
100
AcDbLine
 10
724.346925
 20
349.826984
 30
0.0
 11
724.482925
 21
349.828984
 31
0.0
  0
LINE
  5
12E1
330
70
100
AcDbEntity
  8
Visible
100
AcDbLine
 10
724.212925
 20
349.821984
 30
0.0
 11
724.346925
 21
349.826984
 31
0.0
  0
LINE
  5
12E2
330
70
100
AcDbEntity
  8
Visible
100
AcDbLine
 10
724.082925
 20
349.813984
 30
0.0
 11
724.212925
 21
349.821984
 31
0.0
  0
LINE
  5
12E3
330
70
100
AcDbEntity
  8
Visible
100
AcDbLine
 10
723.954925
 20
349.801984
 30
0.0
 11
724.082925
 21
349.813984
 31
0.0
  0
LINE
  5
12E4
330
70
100
AcDbEntity
  8
Visible
100
AcDbLine
 10
723.830925
 20
349.785984
 30
0.0
 11
723.954925
 21
349.801984
 31
0.0
  0
LINE
  5
12E5
330
70
100
AcDbEntity
  8
Visible
100
AcDbLine
 10
723.709925
 20
349.766984
 30
0.0
 11
723.830925
 21
349.785984
 31
0.0
  0
LINE
  5
12E6
330
70
100
AcDbEntity
  8
Visible
100
AcDbLine
 10
723.591925
 20
349.744984
 30
0.0
 11
723.709925
 21
349.766984
 31
0.0
  0
LINE
  5
12E7
330
70
100
AcDbEntity
  8
Visible
100
AcDbLine
 10
723.476925
 20
349.719984
 30
0.0
 11
723.591925
 21
349.744984
 31
0.0
  0
LINE
  5
12E8
330
70
100
AcDbEntity
  8
Visible
100
AcDbLine
 10
723.364925
 20
349.689984
 30
0.0
 11
723.476925
 21
349.719984
 31
0.0
  0
LINE
  5
12E9
330
70
100
AcDbEntity
  8
Visible
100
AcDbLine
 10
723.255925
 20
349.657984
 30
0.0
 11
723.364925
 21
349.689984
 31
0.0
  0
LINE
  5
12EA
330
70
100
AcDbEntity
  8
Visible
100
AcDbLine
 10
723.150925
 20
349.621984
 30
0.0
 11
723.255925
 21
349.657984
 31
0.0
  0
LINE
  5
12EB
330
70
100
AcDbEntity
  8
Visible
100
AcDbLine
 10
723.049925
 20
349.580984
 30
0.0
 11
723.150925
 21
349.621984
 31
0.0
  0
LINE
  5
12EC
330
70
100
AcDbEntity
  8
Visible
100
AcDbLine
 10
722.954925
 20
349.535984
 30
0.0
 11
723.049925
 21
349.580984
 31
0.0
  0
LINE
  5
12ED
330
70
100
AcDbEntity
  8
Visible
100
AcDbLine
 10
722.862925
 20
349.487984
 30
0.0
 11
722.954925
 21
349.535984
 31
0.0
  0
LINE
  5
12EE
330
70
100
AcDbEntity
  8
Visible
100
AcDbLine
 10
722.776925
 20
349.434984
 30
0.0
 11
722.862925
 21
349.487984
 31
0.0
  0
LINE
  5
12EF
330
70
100
AcDbEntity
  8
Visible
100
AcDbLine
 10
722.694925
 20
349.376984
 30
0.0
 11
722.776925
 21
349.434984
 31
0.0
  0
LINE
  5
12F0
330
70
100
AcDbEntity
  8
Visible
100
AcDbLine
 10
722.616925
 20
349.315984
 30
0.0
 11
722.694925
 21
349.376984
 31
0.0
  0
LINE
  5
12F1
330
70
100
AcDbEntity
  8
Visible
100
AcDbLine
 10
722.544925
 20
349.249984
 30
0.0
 11
722.616925
 21
349.315984
 31
0.0
  0
LINE
  5
12F2
330
70
100
AcDbEntity
  8
Visible
100
AcDbLine
 10
722.476925
 20
349.179984
 30
0.0
 11
722.544925
 21
349.249984
 31
0.0
  0
LINE
  5
12F3
330
70
100
AcDbEntity
  8
Visible
100
AcDbLine
 10
722.412925
 20
349.105984
 30
0.0
 11
722.476925
 21
349.179984
 31
0.0
  0
LINE
  5
12F4
330
70
100
AcDbEntity
  8
Visible
100
AcDbLine
 10
722.354925
 20
349.026984
 30
0.0
 11
722.412925
 21
349.105984
 31
0.0
  0
LINE
  5
12F5
330
70
100
AcDbEntity
  8
Visible
100
AcDbLine
 10
722.302925
 20
348.943984
 30
0.0
 11
722.354925
 21
349.026984
 31
0.0
  0
LINE
  5
12F6
330
70
100
AcDbEntity
  8
Visible
100
AcDbLine
 10
722.256925
 20
348.855984
 30
0.0
 11
722.302925
 21
348.943984
 31
0.0
  0
LINE
  5
12F7
330
70
100
AcDbEntity
  8
Visible
100
AcDbLine
 10
722.216925
 20
348.761984
 30
0.0
 11
722.256925
 21
348.855984
 31
0.0
  0
LINE
  5
12F8
330
70
100
AcDbEntity
  8
Visible
100
AcDbLine
 10
722.182925
 20
348.663984
 30
0.0
 11
722.216925
 21
348.761984
 31
0.0
  0
LINE
  5
12F9
330
70
100
AcDbEntity
  8
Visible
100
AcDbLine
 10
722.155925
 20
348.560984
 30
0.0
 11
722.182925
 21
348.663984
 31
0.0
  0
LINE
  5
12FA
330
70
100
AcDbEntity
  8
Visible
100
AcDbLine
 10
722.134925
 20
348.453984
 30
0.0
 11
722.155925
 21
348.560984
 31
0.0
  0
LINE
  5
12FB
330
70
100
AcDbEntity
  8
Visible
100
AcDbLine
 10
722.118925
 20
348.340984
 30
0.0
 11
722.134925
 21
348.453984
 31
0.0
  0
LINE
  5
12FC
330
70
100
AcDbEntity
  8
Visible
100
AcDbLine
 10
722.109925
 20
348.222984
 30
0.0
 11
722.118925
 21
348.340984
 31
0.0
  0
LINE
  5
12FD
330
70
100
AcDbEntity
  8
Visible
100
AcDbLine
 10
722.106925
 20
348.100984
 30
0.0
 11
722.109925
 21
348.222984
 31
0.0
  0
LINE
  5
12FE
330
70
100
AcDbEntity
  8
Visible
100
AcDbLine
 10
723.150925
 20
348.100984
 30
0.0
 11
722.106925
 21
348.100984
 31
0.0
  0
LINE
  5
12FF
330
70
100
AcDbEntity
  8
Visible
100
AcDbLine
 10
723.152925
 20
348.170984
 30
0.0
 11
723.150925
 21
348.100984
 31
0.0
  0
LINE
  5
1300
330
70
100
AcDbEntity
  8
Visible
100
AcDbLine
 10
723.157925
 20
348.236984
 30
0.0
 11
723.152925
 21
348.170984
 31
0.0
  0
LINE
  5
1301
330
70
100
AcDbEntity
  8
Visible
100
AcDbLine
 10
723.166925
 20
348.301984
 30
0.0
 11
723.157925
 21
348.236984
 31
0.0
  0
LINE
  5
1302
330
70
100
AcDbEntity
  8
Visible
100
AcDbLine
 10
723.178925
 20
348.363984
 30
0.0
 11
723.166925
 21
348.301984
 31
0.0
  0
LINE
  5
1303
330
70
100
AcDbEntity
  8
Visible
100
AcDbLine
 10
723.194925
 20
348.422984
 30
0.0
 11
723.178925
 21
348.363984
 31
0.0
  0
LINE
  5
1304
330
70
100
AcDbEntity
  8
Visible
100
AcDbLine
 10
723.214925
 20
348.478984
 30
0.0
 11
723.194925
 21
348.422984
 31
0.0
  0
LINE
  5
1305
330
70
100
AcDbEntity
  8
Visible
100
AcDbLine
 10
723.237925
 20
348.532984
 30
0.0
 11
723.214925
 21
348.478984
 31
0.0
  0
LINE
  5
1306
330
70
100
AcDbEntity
  8
Visible
100
AcDbLine
 10
723.263925
 20
348.584984
 30
0.0
 11
723.237925
 21
348.532984
 31
0.0
  0
LINE
  5
1307
330
70
100
AcDbEntity
  8
Visible
100
AcDbLine
 10
723.293925
 20
348.633984
 30
0.0
 11
723.263925
 21
348.584984
 31
0.0
  0
LINE
  5
1308
330
70
100
AcDbEntity
  8
Visible
100
AcDbLine
 10
723.327925
 20
348.679984
 30
0.0
 11
723.293925
 21
348.633984
 31
0.0
  0
LINE
  5
1309
330
70
100
AcDbEntity
  8
Visible
100
AcDbLine
 10
723.364925
 20
348.723984
 30
0.0
 11
723.327925
 21
348.679984
 31
0.0
  0
LINE
  5
130A
330
70
100
AcDbEntity
  8
Visible
100
AcDbLine
 10
723.403925
 20
348.764984
 30
0.0
 11
723.364925
 21
348.723984
 31
0.0
  0
LINE
  5
130B
330
70
100
AcDbEntity
  8
Visible
100
AcDbLine
 10
723.445925
 20
348.803984
 30
0.0
 11
723.403925
 21
348.764984
 31
0.0
  0
LINE
  5
130C
330
70
100
AcDbEntity
  8
Visible
100
AcDbLine
 10
723.489925
 20
348.840984
 30
0.0
 11
723.445925
 21
348.803984
 31
0.0
  0
LINE
  5
130D
330
70
100
AcDbEntity
  8
Visible
100
AcDbLine
 10
723.536925
 20
348.875984
 30
0.0
 11
723.489925
 21
348.840984
 31
0.0
  0
LINE
  5
130E
330
70
100
AcDbEntity
  8
Visible
100
AcDbLine
 10
723.585925
 20
348.907984
 30
0.0
 11
723.536925
 21
348.875984
 31
0.0
  0
LINE
  5
130F
330
70
100
AcDbEntity
  8
Visible
100
AcDbLine
 10
723.637925
 20
348.937984
 30
0.0
 11
723.585925
 21
348.907984
 31
0.0
  0
LINE
  5
1310
330
70
100
AcDbEntity
  8
Visible
100
AcDbLine
 10
723.691925
 20
348.964984
 30
0.0
 11
723.637925
 21
348.937984
 31
0.0
  0
LINE
  5
1311
330
70
100
AcDbEntity
  8
Visible
100
AcDbLine
 10
723.748925
 20
348.989984
 30
0.0
 11
723.691925
 21
348.964984
 31
0.0
  0
LINE
  5
1312
330
70
100
AcDbEntity
  8
Visible
100
AcDbLine
 10
723.807925
 20
349.012984
 30
0.0
 11
723.748925
 21
348.989984
 31
0.0
  0
LINE
  5
1313
330
70
100
AcDbEntity
  8
Visible
100
AcDbLine
 10
723.868925
 20
349.033984
 30
0.0
 11
723.807925
 21
349.012984
 31
0.0
  0
LINE
  5
1314
330
70
100
AcDbEntity
  8
Visible
100
AcDbLine
 10
723.931925
 20
349.051984
 30
0.0
 11
723.868925
 21
349.033984
 31
0.0
  0
LINE
  5
1315
330
70
100
AcDbEntity
  8
Visible
100
AcDbLine
 10
723.995925
 20
349.067984
 30
0.0
 11
723.931925
 21
349.051984
 31
0.0
  0
LINE
  5
1316
330
70
100
AcDbEntity
  8
Visible
100
AcDbLine
 10
724.060925
 20
349.081984
 30
0.0
 11
723.995925
 21
349.067984
 31
0.0
  0
LINE
  5
1317
330
70
100
AcDbEntity
  8
Visible
100
AcDbLine
 10
724.127925
 20
349.093984
 30
0.0
 11
724.060925
 21
349.081984
 31
0.0
  0
LINE
  5
1318
330
70
100
AcDbEntity
  8
Visible
100
AcDbLine
 10
724.195925
 20
349.103984
 30
0.0
 11
724.127925
 21
349.093984
 31
0.0
  0
LINE
  5
1319
330
70
100
AcDbEntity
  8
Visible
100
AcDbLine
 10
724.265925
 20
349.110984
 30
0.0
 11
724.195925
 21
349.103984
 31
0.0
  0
LINE
  5
131A
330
70
100
AcDbEntity
  8
Visible
100
AcDbLine
 10
724.336925
 20
349.116984
 30
0.0
 11
724.265925
 21
349.110984
 31
0.0
  0
LINE
  5
131B
330
70
100
AcDbEntity
  8
Visible
100
AcDbLine
 10
724.408925
 20
349.119984
 30
0.0
 11
724.336925
 21
349.116984
 31
0.0
  0
LINE
  5
131C
330
70
100
AcDbEntity
  8
Visible
100
AcDbLine
 10
724.482925
 20
349.120984
 30
0.0
 11
724.408925
 21
349.119984
 31
0.0
  0
LINE
  5
131D
330
70
100
AcDbEntity
  8
Visible
100
AcDbLine
 10
724.611925
 20
349.117984
 30
0.0
 11
724.482925
 21
349.120984
 31
0.0
  0
LINE
  5
131E
330
70
100
AcDbEntity
  8
Visible
100
AcDbLine
 10
724.733925
 20
349.106984
 30
0.0
 11
724.611925
 21
349.117984
 31
0.0
  0
LINE
  5
131F
330
70
100
AcDbEntity
  8
Visible
100
AcDbLine
 10
724.848925
 20
349.089984
 30
0.0
 11
724.733925
 21
349.106984
 31
0.0
  0
LINE
  5
1320
330
70
100
AcDbEntity
  8
Visible
100
AcDbLine
 10
724.957925
 20
349.066984
 30
0.0
 11
724.848925
 21
349.089984
 31
0.0
  0
LINE
  5
1321
330
70
100
AcDbEntity
  8
Visible
100
AcDbLine
 10
725.060925
 20
349.035984
 30
0.0
 11
724.957925
 21
349.066984
 31
0.0
  0
LINE
  5
1322
330
70
100
AcDbEntity
  8
Visible
100
AcDbLine
 10
725.155925
 20
348.998984
 30
0.0
 11
725.060925
 21
349.035984
 31
0.0
  0
LINE
  5
1323
330
70
100
AcDbEntity
  8
Visible
100
AcDbLine
 10
725.244925
 20
348.954984
 30
0.0
 11
725.155925
 21
348.998984
 31
0.0
  0
LINE
  5
1324
330
70
100
AcDbEntity
  8
Visible
100
AcDbLine
 10
725.327925
 20
348.903984
 30
0.0
 11
725.244925
 21
348.954984
 31
0.0
  0
LINE
  5
1325
330
70
100
AcDbEntity
  8
Visible
100
AcDbLine
 10
725.403925
 20
348.845984
 30
0.0
 11
725.327925
 21
348.903984
 31
0.0
  0
LINE
  5
1326
330
70
100
AcDbEntity
  8
Visible
100
AcDbLine
 10
725.472925
 20
348.781984
 30
0.0
 11
725.403925
 21
348.845984
 31
0.0
  0
LINE
  5
1327
330
70
100
AcDbEntity
  8
Visible
100
AcDbLine
 10
725.535925
 20
348.709984
 30
0.0
 11
725.472925
 21
348.781984
 31
0.0
  0
LINE
  5
1328
330
70
100
AcDbEntity
  8
Visible
100
AcDbLine
 10
725.591925
 20
348.628984
 30
0.0
 11
725.535925
 21
348.709984
 31
0.0
  0
LINE
  5
1329
330
70
100
AcDbEntity
  8
Visible
100
AcDbLine
 10
725.640925
 20
348.538984
 30
0.0
 11
725.591925
 21
348.628984
 31
0.0
  0
LINE
  5
132A
330
70
100
AcDbEntity
  8
Visible
100
AcDbLine
 10
725.683925
 20
348.440984
 30
0.0
 11
725.640925
 21
348.538984
 31
0.0
  0
LINE
  5
132B
330
70
100
AcDbEntity
  8
Visible
100
AcDbLine
 10
725.719925
 20
348.333984
 30
0.0
 11
725.683925
 21
348.440984
 31
0.0
  0
LINE
  5
132C
330
70
100
AcDbEntity
  8
Visible
100
AcDbLine
 10
725.749925
 20
348.218984
 30
0.0
 11
725.719925
 21
348.333984
 31
0.0
  0
LINE
  5
132D
330
70
100
AcDbEntity
  8
Visible
100
AcDbLine
 10
725.772925
 20
348.093984
 30
0.0
 11
725.749925
 21
348.218984
 31
0.0
  0
LINE
  5
132E
330
70
100
AcDbEntity
  8
Visible
100
AcDbLine
 10
725.789925
 20
347.960984
 30
0.0
 11
725.772925
 21
348.093984
 31
0.0
  0
LINE
  5
132F
330
70
100
AcDbEntity
  8
Visible
100
AcDbLine
 10
725.799925
 20
347.818984
 30
0.0
 11
725.789925
 21
347.960984
 31
0.0
  0
LINE
  5
1330
330
70
100
AcDbEntity
  8
Visible
100
AcDbLine
 10
725.802925
 20
347.668984
 30
0.0
 11
725.799925
 21
347.818984
 31
0.0
  0
LINE
  5
1331
330
70
100
AcDbEntity
  8
Visible
100
AcDbLine
 10
718.018925
 20
343.955984
 30
0.0
 11
717.877925
 21
343.950984
 31
0.0
  0
LINE
  5
1332
330
70
100
AcDbEntity
  8
Visible
100
AcDbLine
 10
718.153925
 20
343.964984
 30
0.0
 11
718.018925
 21
343.955984
 31
0.0
  0
LINE
  5
1333
330
70
100
AcDbEntity
  8
Visible
100
AcDbLine
 10
718.284925
 20
343.976984
 30
0.0
 11
718.153925
 21
343.964984
 31
0.0
  0
LINE
  5
1334
330
70
100
AcDbEntity
  8
Visible
100
AcDbLine
 10
718.410925
 20
343.992984
 30
0.0
 11
718.284925
 21
343.976984
 31
0.0
  0
LINE
  5
1335
330
70
100
AcDbEntity
  8
Visible
100
AcDbLine
 10
718.531925
 20
344.011984
 30
0.0
 11
718.410925
 21
343.992984
 31
0.0
  0
LINE
  5
1336
330
70
100
AcDbEntity
  8
Visible
100
AcDbLine
 10
718.648925
 20
344.033984
 30
0.0
 11
718.531925
 21
344.011984
 31
0.0
  0
LINE
  5
1337
330
70
100
AcDbEntity
  8
Visible
100
AcDbLine
 10
718.759925
 20
344.059984
 30
0.0
 11
718.648925
 21
344.033984
 31
0.0
  0
LINE
  5
1338
330
70
100
AcDbEntity
  8
Visible
100
AcDbLine
 10
718.866925
 20
344.089984
 30
0.0
 11
718.759925
 21
344.059984
 31
0.0
  0
LINE
  5
1339
330
70
100
AcDbEntity
  8
Visible
100
AcDbLine
 10
718.968925
 20
344.122984
 30
0.0
 11
718.866925
 21
344.089984
 31
0.0
  0
LINE
  5
133A
330
70
100
AcDbEntity
  8
Visible
100
AcDbLine
 10
719.066925
 20
344.158984
 30
0.0
 11
718.968925
 21
344.122984
 31
0.0
  0
LINE
  5
133B
330
70
100
AcDbEntity
  8
Visible
100
AcDbLine
 10
719.159925
 20
344.196984
 30
0.0
 11
719.066925
 21
344.158984
 31
0.0
  0
LINE
  5
133C
330
70
100
AcDbEntity
  8
Visible
100
AcDbLine
 10
719.249925
 20
344.237984
 30
0.0
 11
719.159925
 21
344.196984
 31
0.0
  0
LINE
  5
133D
330
70
100
AcDbEntity
  8
Visible
100
AcDbLine
 10
719.335925
 20
344.280984
 30
0.0
 11
719.249925
 21
344.237984
 31
0.0
  0
LINE
  5
133E
330
70
100
AcDbEntity
  8
Visible
100
AcDbLine
 10
719.416925
 20
344.326984
 30
0.0
 11
719.335925
 21
344.280984
 31
0.0
  0
LINE
  5
133F
330
70
100
AcDbEntity
  8
Visible
100
AcDbLine
 10
719.494925
 20
344.374984
 30
0.0
 11
719.416925
 21
344.326984
 31
0.0
  0
LINE
  5
1340
330
70
100
AcDbEntity
  8
Visible
100
AcDbLine
 10
719.568925
 20
344.424984
 30
0.0
 11
719.494925
 21
344.374984
 31
0.0
  0
LINE
  5
1341
330
70
100
AcDbEntity
  8
Visible
100
AcDbLine
 10
719.638925
 20
344.477984
 30
0.0
 11
719.568925
 21
344.424984
 31
0.0
  0
LINE
  5
1342
330
70
100
AcDbEntity
  8
Visible
100
AcDbLine
 10
719.704925
 20
344.532984
 30
0.0
 11
719.638925
 21
344.477984
 31
0.0
  0
LINE
  5
1343
330
70
100
AcDbEntity
  8
Visible
100
AcDbLine
 10
719.766925
 20
344.590984
 30
0.0
 11
719.704925
 21
344.532984
 31
0.0
  0
LINE
  5
1344
330
70
100
AcDbEntity
  8
Visible
100
AcDbLine
 10
719.824925
 20
344.650984
 30
0.0
 11
719.766925
 21
344.590984
 31
0.0
  0
LINE
  5
1345
330
70
100
AcDbEntity
  8
Visible
100
AcDbLine
 10
719.879925
 20
344.710984
 30
0.0
 11
719.824925
 21
344.650984
 31
0.0
  0
LINE
  5
1346
330
70
100
AcDbEntity
  8
Visible
100
AcDbLine
 10
719.931925
 20
344.773984
 30
0.0
 11
719.879925
 21
344.710984
 31
0.0
  0
LINE
  5
1347
330
70
100
AcDbEntity
  8
Visible
100
AcDbLine
 10
719.979925
 20
344.837984
 30
0.0
 11
719.931925
 21
344.773984
 31
0.0
  0
LINE
  5
1348
330
70
100
AcDbEntity
  8
Visible
100
AcDbLine
 10
720.023925
 20
344.902984
 30
0.0
 11
719.979925
 21
344.837984
 31
0.0
  0
LINE
  5
1349
330
70
100
AcDbEntity
  8
Visible
100
AcDbLine
 10
720.064925
 20
344.969984
 30
0.0
 11
720.023925
 21
344.902984
 31
0.0
  0
LINE
  5
134A
330
70
100
AcDbEntity
  8
Visible
100
AcDbLine
 10
720.102925
 20
345.037984
 30
0.0
 11
720.064925
 21
344.969984
 31
0.0
  0
LINE
  5
134B
330
70
100
AcDbEntity
  8
Visible
100
AcDbLine
 10
720.137925
 20
345.106984
 30
0.0
 11
720.102925
 21
345.037984
 31
0.0
  0
LINE
  5
134C
330
70
100
AcDbEntity
  8
Visible
100
AcDbLine
 10
720.167925
 20
345.178984
 30
0.0
 11
720.137925
 21
345.106984
 31
0.0
  0
LINE
  5
134D
330
70
100
AcDbEntity
  8
Visible
100
AcDbLine
 10
720.195925
 20
345.250984
 30
0.0
 11
720.167925
 21
345.178984
 31
0.0
  0
LINE
  5
134E
330
70
100
AcDbEntity
  8
Visible
100
AcDbLine
 10
720.220925
 20
345.323984
 30
0.0
 11
720.195925
 21
345.250984
 31
0.0
  0
LINE
  5
134F
330
70
100
AcDbEntity
  8
Visible
100
AcDbLine
 10
720.241925
 20
345.397984
 30
0.0
 11
720.220925
 21
345.323984
 31
0.0
  0
LINE
  5
1350
330
70
100
AcDbEntity
  8
Visible
100
AcDbLine
 10
720.261925
 20
345.471984
 30
0.0
 11
720.241925
 21
345.397984
 31
0.0
  0
LINE
  5
1351
330
70
100
AcDbEntity
  8
Visible
100
AcDbLine
 10
720.278925
 20
345.546984
 30
0.0
 11
720.261925
 21
345.471984
 31
0.0
  0
LINE
  5
1352
330
70
100
AcDbEntity
  8
Visible
100
AcDbLine
 10
720.292925
 20
345.620984
 30
0.0
 11
720.278925
 21
345.546984
 31
0.0
  0
LINE
  5
1353
330
70
100
AcDbEntity
  8
Visible
100
AcDbLine
 10
720.303925
 20
345.696984
 30
0.0
 11
720.292925
 21
345.620984
 31
0.0
  0
LINE
  5
1354
330
70
100
AcDbEntity
  8
Visible
100
AcDbLine
 10
720.312925
 20
345.771984
 30
0.0
 11
720.303925
 21
345.696984
 31
0.0
  0
LINE
  5
1355
330
70
100
AcDbEntity
  8
Visible
100
AcDbLine
 10
720.319925
 20
345.847984
 30
0.0
 11
720.312925
 21
345.771984
 31
0.0
  0
LINE
  5
1356
330
70
100
AcDbEntity
  8
Visible
100
AcDbLine
 10
720.323925
 20
345.923984
 30
0.0
 11
720.319925
 21
345.847984
 31
0.0
  0
LINE
  5
1357
330
70
100
AcDbEntity
  8
Visible
100
AcDbLine
 10
720.324925
 20
346.000984
 30
0.0
 11
720.323925
 21
345.923984
 31
0.0
  0
LINE
  5
1358
330
70
100
AcDbEntity
  8
Visible
100
AcDbLine
 10
720.322925
 20
346.083984
 30
0.0
 11
720.324925
 21
346.000984
 31
0.0
  0
LINE
  5
1359
330
70
100
AcDbEntity
  8
Visible
100
AcDbLine
 10
720.316925
 20
346.166984
 30
0.0
 11
720.322925
 21
346.083984
 31
0.0
  0
LINE
  5
135A
330
70
100
AcDbEntity
  8
Visible
100
AcDbLine
 10
720.306925
 20
346.247984
 30
0.0
 11
720.316925
 21
346.166984
 31
0.0
  0
LINE
  5
135B
330
70
100
AcDbEntity
  8
Visible
100
AcDbLine
 10
720.292925
 20
346.328984
 30
0.0
 11
720.306925
 21
346.247984
 31
0.0
  0
LINE
  5
135C
330
70
100
AcDbEntity
  8
Visible
100
AcDbLine
 10
720.275925
 20
346.407984
 30
0.0
 11
720.292925
 21
346.328984
 31
0.0
  0
LINE
  5
135D
330
70
100
AcDbEntity
  8
Visible
100
AcDbLine
 10
720.253925
 20
346.486984
 30
0.0
 11
720.275925
 21
346.407984
 31
0.0
  0
LINE
  5
135E
330
70
100
AcDbEntity
  8
Visible
100
AcDbLine
 10
720.227925
 20
346.563984
 30
0.0
 11
720.253925
 21
346.486984
 31
0.0
  0
LINE
  5
135F
330
70
100
AcDbEntity
  8
Visible
100
AcDbLine
 10
720.197925
 20
346.639984
 30
0.0
 11
720.227925
 21
346.563984
 31
0.0
  0
LINE
  5
1360
330
70
100
AcDbEntity
  8
Visible
100
AcDbLine
 10
720.164925
 20
346.715984
 30
0.0
 11
720.197925
 21
346.639984
 31
0.0
  0
LINE
  5
1361
330
70
100
AcDbEntity
  8
Visible
100
AcDbLine
 10
720.126925
 20
346.789984
 30
0.0
 11
720.164925
 21
346.715984
 31
0.0
  0
LINE
  5
1362
330
70
100
AcDbEntity
  8
Visible
100
AcDbLine
 10
720.085925
 20
346.862984
 30
0.0
 11
720.126925
 21
346.789984
 31
0.0
  0
LINE
  5
1363
330
70
100
AcDbEntity
  8
Visible
100
AcDbLine
 10
720.041925
 20
346.932984
 30
0.0
 11
720.085925
 21
346.862984
 31
0.0
  0
LINE
  5
1364
330
70
100
AcDbEntity
  8
Visible
100
AcDbLine
 10
719.993925
 20
347.000984
 30
0.0
 11
720.041925
 21
346.932984
 31
0.0
  0
LINE
  5
1365
330
70
100
AcDbEntity
  8
Visible
100
AcDbLine
 10
719.943925
 20
347.066984
 30
0.0
 11
719.993925
 21
347.000984
 31
0.0
  0
LINE
  5
1366
330
70
100
AcDbEntity
  8
Visible
100
AcDbLine
 10
719.890925
 20
347.129984
 30
0.0
 11
719.943925
 21
347.066984
 31
0.0
  0
LINE
  5
1367
330
70
100
AcDbEntity
  8
Visible
100
AcDbLine
 10
719.833925
 20
347.191984
 30
0.0
 11
719.890925
 21
347.129984
 31
0.0
  0
LINE
  5
1368
330
70
100
AcDbEntity
  8
Visible
100
AcDbLine
 10
719.774925
 20
347.250984
 30
0.0
 11
719.833925
 21
347.191984
 31
0.0
  0
LINE
  5
1369
330
70
100
AcDbEntity
  8
Visible
100
AcDbLine
 10
719.711925
 20
347.306984
 30
0.0
 11
719.774925
 21
347.250984
 31
0.0
  0
LINE
  5
136A
330
70
100
AcDbEntity
  8
Visible
100
AcDbLine
 10
719.646925
 20
347.361984
 30
0.0
 11
719.711925
 21
347.306984
 31
0.0
  0
LINE
  5
136B
330
70
100
AcDbEntity
  8
Visible
100
AcDbLine
 10
719.577925
 20
347.413984
 30
0.0
 11
719.646925
 21
347.361984
 31
0.0
  0
LINE
  5
136C
330
70
100
AcDbEntity
  8
Visible
100
AcDbLine
 10
719.506925
 20
347.462984
 30
0.0
 11
719.577925
 21
347.413984
 31
0.0
  0
LINE
  5
136D
330
70
100
AcDbEntity
  8
Visible
100
AcDbLine
 10
719.432925
 20
347.508984
 30
0.0
 11
719.506925
 21
347.462984
 31
0.0
  0
LINE
  5
136E
330
70
100
AcDbEntity
  8
Visible
100
AcDbLine
 10
719.356925
 20
347.550984
 30
0.0
 11
719.432925
 21
347.508984
 31
0.0
  0
LINE
  5
136F
330
70
100
AcDbEntity
  8
Visible
100
AcDbLine
 10
719.278925
 20
347.588984
 30
0.0
 11
719.356925
 21
347.550984
 31
0.0
  0
LINE
  5
1370
330
70
100
AcDbEntity
  8
Visible
100
AcDbLine
 10
719.198925
 20
347.622984
 30
0.0
 11
719.278925
 21
347.588984
 31
0.0
  0
LINE
  5
1371
330
70
100
AcDbEntity
  8
Visible
100
AcDbLine
 10
719.116925
 20
347.653984
 30
0.0
 11
719.198925
 21
347.622984
 31
0.0
  0
LINE
  5
1372
330
70
100
AcDbEntity
  8
Visible
100
AcDbLine
 10
719.031925
 20
347.680984
 30
0.0
 11
719.116925
 21
347.653984
 31
0.0
  0
LINE
  5
1373
330
70
100
AcDbEntity
  8
Visible
100
AcDbLine
 10
718.944925
 20
347.704984
 30
0.0
 11
719.031925
 21
347.680984
 31
0.0
  0
LINE
  5
1374
330
70
100
AcDbEntity
  8
Visible
100
AcDbLine
 10
718.855925
 20
347.724984
 30
0.0
 11
718.944925
 21
347.704984
 31
0.0
  0
LINE
  5
1375
330
70
100
AcDbEntity
  8
Visible
100
AcDbLine
 10
718.764925
 20
347.740984
 30
0.0
 11
718.855925
 21
347.724984
 31
0.0
  0
LINE
  5
1376
330
70
100
AcDbEntity
  8
Visible
100
AcDbLine
 10
718.903925
 20
347.778984
 30
0.0
 11
718.764925
 21
347.740984
 31
0.0
  0
LINE
  5
1377
330
70
100
AcDbEntity
  8
Visible
100
AcDbLine
 10
719.035925
 20
347.822984
 30
0.0
 11
718.903925
 21
347.778984
 31
0.0
  0
LINE
  5
1378
330
70
100
AcDbEntity
  8
Visible
100
AcDbLine
 10
719.160925
 20
347.872984
 30
0.0
 11
719.035925
 21
347.822984
 31
0.0
  0
LINE
  5
1379
330
70
100
AcDbEntity
  8
Visible
100
AcDbLine
 10
719.278925
 20
347.928984
 30
0.0
 11
719.160925
 21
347.872984
 31
0.0
  0
LINE
  5
137A
330
70
100
AcDbEntity
  8
Visible
100
AcDbLine
 10
719.389925
 20
347.990984
 30
0.0
 11
719.278925
 21
347.928984
 31
0.0
  0
LINE
  5
137B
330
70
100
AcDbEntity
  8
Visible
100
AcDbLine
 10
719.492925
 20
348.058984
 30
0.0
 11
719.389925
 21
347.990984
 31
0.0
  0
LINE
  5
137C
330
70
100
AcDbEntity
  8
Visible
100
AcDbLine
 10
719.589925
 20
348.132984
 30
0.0
 11
719.492925
 21
348.058984
 31
0.0
  0
LINE
  5
137D
330
70
100
AcDbEntity
  8
Visible
100
AcDbLine
 10
719.678925
 20
348.212984
 30
0.0
 11
719.589925
 21
348.132984
 31
0.0
  0
LINE
  5
137E
330
70
100
AcDbEntity
  8
Visible
100
AcDbLine
 10
719.760925
 20
348.299984
 30
0.0
 11
719.678925
 21
348.212984
 31
0.0
  0
LINE
  5
137F
330
70
100
AcDbEntity
  8
Visible
100
AcDbLine
 10
719.835925
 20
348.391984
 30
0.0
 11
719.760925
 21
348.299984
 31
0.0
  0
LINE
  5
1380
330
70
100
AcDbEntity
  8
Visible
100
AcDbLine
 10
719.903925
 20
348.488984
 30
0.0
 11
719.835925
 21
348.391984
 31
0.0
  0
LINE
  5
1381
330
70
100
AcDbEntity
  8
Visible
100
AcDbLine
 10
719.964925
 20
348.589984
 30
0.0
 11
719.903925
 21
348.488984
 31
0.0
  0
LINE
  5
1382
330
70
100
AcDbEntity
  8
Visible
100
AcDbLine
 10
720.017925
 20
348.693984
 30
0.0
 11
719.964925
 21
348.589984
 31
0.0
  0
LINE
  5
1383
330
70
100
AcDbEntity
  8
Visible
100
AcDbLine
 10
720.063925
 20
348.800984
 30
0.0
 11
720.017925
 21
348.693984
 31
0.0
  0
LINE
  5
1384
330
70
100
AcDbEntity
  8
Visible
100
AcDbLine
 10
720.103925
 20
348.911984
 30
0.0
 11
720.063925
 21
348.800984
 31
0.0
  0
LINE
  5
1385
330
70
100
AcDbEntity
  8
Visible
100
AcDbLine
 10
720.135925
 20
349.025984
 30
0.0
 11
720.103925
 21
348.911984
 31
0.0
  0
LINE
  5
1386
330
70
100
AcDbEntity
  8
Visible
100
AcDbLine
 10
720.160925
 20
349.143984
 30
0.0
 11
720.135925
 21
349.025984
 31
0.0
  0
LINE
  5
1387
330
70
100
AcDbEntity
  8
Visible
100
AcDbLine
 10
720.178925
 20
349.264984
 30
0.0
 11
720.160925
 21
349.143984
 31
0.0
  0
LINE
  5
1388
330
70
100
AcDbEntity
  8
Visible
100
AcDbLine
 10
720.188925
 20
349.388984
 30
0.0
 11
720.178925
 21
349.264984
 31
0.0
  0
LINE
  5
1389
330
70
100
AcDbEntity
  8
Visible
100
AcDbLine
 10
720.192925
 20
349.516984
 30
0.0
 11
720.188925
 21
349.388984
 31
0.0
  0
LINE
  5
138A
330
70
100
AcDbEntity
  8
Visible
100
AcDbLine
 10
720.189925
 20
349.621984
 30
0.0
 11
720.192925
 21
349.516984
 31
0.0
  0
LINE
  5
138B
330
70
100
AcDbEntity
  8
Visible
100
AcDbLine
 10
720.181925
 20
349.724984
 30
0.0
 11
720.189925
 21
349.621984
 31
0.0
  0
LINE
  5
138C
330
70
100
AcDbEntity
  8
Visible
100
AcDbLine
 10
720.168925
 20
349.826984
 30
0.0
 11
720.181925
 21
349.724984
 31
0.0
  0
LINE
  5
138D
330
70
100
AcDbEntity
  8
Visible
100
AcDbLine
 10
720.149925
 20
349.925984
 30
0.0
 11
720.168925
 21
349.826984
 31
0.0
  0
LINE
  5
138E
330
70
100
AcDbEntity
  8
Visible
100
AcDbLine
 10
720.124925
 20
350.024984
 30
0.0
 11
720.149925
 21
349.925984
 31
0.0
  0
LINE
  5
138F
330
70
100
AcDbEntity
  8
Visible
100
AcDbLine
 10
720.095925
 20
350.120984
 30
0.0
 11
720.124925
 21
350.024984
 31
0.0
  0
LINE
  5
1390
330
70
100
AcDbEntity
  8
Visible
100
AcDbLine
 10
720.060925
 20
350.216984
 30
0.0
 11
720.095925
 21
350.120984
 31
0.0
  0
LINE
  5
1391
330
70
100
AcDbEntity
  8
Visible
100
AcDbLine
 10
720.019925
 20
350.309984
 30
0.0
 11
720.060925
 21
350.216984
 31
0.0
  0
LINE
  5
1392
330
70
100
AcDbEntity
  8
Visible
100
AcDbLine
 10
719.973925
 20
350.401984
 30
0.0
 11
720.019925
 21
350.309984
 31
0.0
  0
LINE
  5
1393
330
70
100
AcDbEntity
  8
Visible
100
AcDbLine
 10
719.922925
 20
350.491984
 30
0.0
 11
719.973925
 21
350.401984
 31
0.0
  0
LINE
  5
1394
330
70
100
AcDbEntity
  8
Visible
100
AcDbLine
 10
719.865925
 20
350.579984
 30
0.0
 11
719.922925
 21
350.491984
 31
0.0
  0
LINE
  5
1395
330
70
100
AcDbEntity
  8
Visible
100
AcDbLine
 10
719.803925
 20
350.663984
 30
0.0
 11
719.865925
 21
350.579984
 31
0.0
  0
LINE
  5
1396
330
70
100
AcDbEntity
  8
Visible
100
AcDbLine
 10
719.735925
 20
350.744984
 30
0.0
 11
719.803925
 21
350.663984
 31
0.0
  0
LINE
  5
1397
330
70
100
AcDbEntity
  8
Visible
100
AcDbLine
 10
719.662925
 20
350.821984
 30
0.0
 11
719.735925
 21
350.744984
 31
0.0
  0
LINE
  5
1398
330
70
100
AcDbEntity
  8
Visible
100
AcDbLine
 10
719.583925
 20
350.894984
 30
0.0
 11
719.662925
 21
350.821984
 31
0.0
  0
LINE
  5
1399
330
70
100
AcDbEntity
  8
Visible
100
AcDbLine
 10
719.499925
 20
350.965984
 30
0.0
 11
719.583925
 21
350.894984
 31
0.0
  0
LINE
  5
139A
330
70
100
AcDbEntity
  8
Visible
100
AcDbLine
 10
719.409925
 20
351.032984
 30
0.0
 11
719.499925
 21
350.965984
 31
0.0
  0
LINE
  5
139B
330
70
100
AcDbEntity
  8
Visible
100
AcDbLine
 10
719.313925
 20
351.095984
 30
0.0
 11
719.409925
 21
351.032984
 31
0.0
  0
LINE
  5
139C
330
70
100
AcDbEntity
  8
Visible
100
AcDbLine
 10
719.212925
 20
351.155984
 30
0.0
 11
719.313925
 21
351.095984
 31
0.0
  0
LINE
  5
139D
330
70
100
AcDbEntity
  8
Visible
100
AcDbLine
 10
719.106925
 20
351.211984
 30
0.0
 11
719.212925
 21
351.155984
 31
0.0
  0
LINE
  5
139E
330
70
100
AcDbEntity
  8
Visible
100
AcDbLine
 10
718.994925
 20
351.263984
 30
0.0
 11
719.106925
 21
351.211984
 31
0.0
  0
LINE
  5
139F
330
70
100
AcDbEntity
  8
Visible
100
AcDbLine
 10
718.876925
 20
351.309984
 30
0.0
 11
718.994925
 21
351.263984
 31
0.0
  0
LINE
  5
13A0
330
70
100
AcDbEntity
  8
Visible
100
AcDbLine
 10
718.753925
 20
351.350984
 30
0.0
 11
718.876925
 21
351.309984
 31
0.0
  0
LINE
  5
13A1
330
70
100
AcDbEntity
  8
Visible
100
AcDbLine
 10
718.624925
 20
351.386984
 30
0.0
 11
718.753925
 21
351.350984
 31
0.0
  0
LINE
  5
13A2
330
70
100
AcDbEntity
  8
Visible
100
AcDbLine
 10
718.489925
 20
351.416984
 30
0.0
 11
718.624925
 21
351.386984
 31
0.0
  0
LINE
  5
13A3
330
70
100
AcDbEntity
  8
Visible
100
AcDbLine
 10
718.349925
 20
351.440984
 30
0.0
 11
718.489925
 21
351.416984
 31
0.0
  0
LINE
  5
13A4
330
70
100
AcDbEntity
  8
Visible
100
AcDbLine
 10
718.203925
 20
351.459984
 30
0.0
 11
718.349925
 21
351.440984
 31
0.0
  0
LINE
  5
13A5
330
70
100
AcDbEntity
  8
Visible
100
AcDbLine
 10
718.052925
 20
351.473984
 30
0.0
 11
718.203925
 21
351.459984
 31
0.0
  0
LINE
  5
13A6
330
70
100
AcDbEntity
  8
Visible
100
AcDbLine
 10
717.895925
 20
351.481984
 30
0.0
 11
718.052925
 21
351.473984
 31
0.0
  0
LINE
  5
13A7
330
70
100
AcDbEntity
  8
Visible
100
AcDbLine
 10
717.732925
 20
351.484984
 30
0.0
 11
717.895925
 21
351.481984
 31
0.0
  0
LINE
  5
13A8
330
70
100
AcDbEntity
  8
Visible
100
AcDbLine
 10
714.912925
 20
351.484984
 30
0.0
 11
717.732925
 21
351.484984
 31
0.0
  0
LINE
  5
13A9
330
70
100
AcDbEntity
  8
Visible
100
AcDbLine
 10
714.912925
 20
343.948984
 30
0.0
 11
714.912925
 21
351.484984
 31
0.0
  0
LINE
  5
13AA
330
70
100
AcDbEntity
  8
Visible
100
AcDbLine
 10
717.732925
 20
343.948984
 30
0.0
 11
714.912925
 21
343.948984
 31
0.0
  0
LINE
  5
13AB
330
70
100
AcDbEntity
  8
Visible
100
AcDbLine
 10
717.877925
 20
343.950984
 30
0.0
 11
717.732925
 21
343.948984
 31
0.0
  0
LINE
  5
13AC
330
70
100
AcDbEntity
  8
Visible
100
AcDbLine
 10
927.209925
 20
623.540984
 30
0.0
 11
921.209925
 21
623.540984
 31
0.0
  0
LINE
  5
13AD
330
70
100
AcDbEntity
  8
Visible
100
AcDbLine
 10
927.209925
 20
594.540984
 30
0.0
 11
927.209925
 21
623.540984
 31
0.0
  0
LINE
  5
13AE
330
70
100
AcDbEntity
  8
Visible
100
AcDbLine
 10
921.209925
 20
594.540984
 30
0.0
 11
927.209925
 21
594.540984
 31
0.0
  0
LINE
  5
13AF
330
70
100
AcDbEntity
  8
Visible
100
AcDbLine
 10
921.209925
 20
565.540984
 30
0.0
 11
921.209925
 21
594.540984
 31
0.0
  0
LINE
  5
13B0
330
70
100
AcDbEntity
  8
Visible
100
AcDbLine
 10
927.209925
 20
565.540984
 30
0.0
 11
921.209925
 21
565.540984
 31
0.0
  0
LINE
  5
13B1
330
70
100
AcDbEntity
  8
Visible
100
AcDbLine
 10
927.209925
 20
536.540984
 30
0.0
 11
927.209925
 21
565.540984
 31
0.0
  0
LINE
  5
13B2
330
70
100
AcDbEntity
  8
Visible
100
AcDbLine
 10
921.209925
 20
536.540984
 30
0.0
 11
927.209925
 21
536.540984
 31
0.0
  0
LINE
  5
13B3
330
70
100
AcDbEntity
  8
Visible
100
AcDbLine
 10
921.209925
 20
507.540984
 30
0.0
 11
921.209925
 21
536.540984
 31
0.0
  0
LINE
  5
13B4
330
70
100
AcDbEntity
  8
Visible
100
AcDbLine
 10
927.209925
 20
507.540984
 30
0.0
 11
921.209925
 21
507.540984
 31
0.0
  0
LINE
  5
13B5
330
70
100
AcDbEntity
  8
Visible
100
AcDbLine
 10
927.209925
 20
478.540984
 30
0.0
 11
927.209925
 21
507.540984
 31
0.0
  0
LINE
  5
13B6
330
70
100
AcDbEntity
  8
Visible
100
AcDbLine
 10
921.209925
 20
478.540984
 30
0.0
 11
927.209925
 21
478.540984
 31
0.0
  0
LINE
  5
13B7
330
70
100
AcDbEntity
  8
Visible
100
AcDbLine
 10
921.209925
 20
449.540984
 30
0.0
 11
921.209925
 21
478.540984
 31
0.0
  0
LINE
  5
13B8
330
70
100
AcDbEntity
  8
Visible
100
AcDbLine
 10
927.209925
 20
449.540984
 30
0.0
 11
921.209925
 21
449.540984
 31
0.0
  0
LINE
  5
13B9
330
70
100
AcDbEntity
  8
Visible
100
AcDbLine
 10
927.209925
 20
420.540984
 30
0.0
 11
927.209925
 21
449.540984
 31
0.0
  0
LINE
  5
13BA
330
70
100
AcDbEntity
  8
Visible
100
AcDbLine
 10
921.209925
 20
420.540984
 30
0.0
 11
927.209925
 21
420.540984
 31
0.0
  0
LINE
  5
13BB
330
70
100
AcDbEntity
  8
Visible
100
AcDbLine
 10
921.209925
 20
391.540984
 30
0.0
 11
921.209925
 21
420.540984
 31
0.0
  0
LINE
  5
13BC
330
70
100
AcDbEntity
  8
Visible
100
AcDbLine
 10
927.209925
 20
391.540984
 30
0.0
 11
921.209925
 21
391.540984
 31
0.0
  0
LINE
  5
13BD
330
70
100
AcDbEntity
  8
Visible
100
AcDbLine
 10
927.209925
 20
362.540984
 30
0.0
 11
927.209925
 21
391.540984
 31
0.0
  0
LINE
  5
13BE
330
70
100
AcDbEntity
  8
Visible
100
AcDbLine
 10
921.209925
 20
362.540984
 30
0.0
 11
927.209925
 21
362.540984
 31
0.0
  0
LINE
  5
13BF
330
70
100
AcDbEntity
  8
Visible
100
AcDbLine
 10
921.209925
 20
333.540984
 30
0.0
 11
921.209925
 21
362.540984
 31
0.0
  0
LINE
  5
13C0
330
70
100
AcDbEntity
  8
Visible
100
AcDbLine
 10
927.209925
 20
333.540984
 30
0.0
 11
921.209925
 21
333.540984
 31
0.0
  0
LINE
  5
13C1
330
70
100
AcDbEntity
  8
Visible
100
AcDbLine
 10
927.209925
 20
304.540984
 30
0.0
 11
927.209925
 21
333.540984
 31
0.0
  0
LINE
  5
13C2
330
70
100
AcDbEntity
  8
Visible
100
AcDbLine
 10
921.209925
 20
304.540984
 30
0.0
 11
927.209925
 21
304.540984
 31
0.0
  0
LINE
  5
13C3
330
70
100
AcDbEntity
  8
Visible
100
AcDbLine
 10
921.209925
 20
275.540984
 30
0.0
 11
921.209925
 21
304.540984
 31
0.0
  0
LINE
  5
13C4
330
70
100
AcDbEntity
  8
Visible
100
AcDbLine
 10
927.209925
 20
275.540984
 30
0.0
 11
921.209925
 21
275.540984
 31
0.0
  0
LINE
  5
13C5
330
70
100
AcDbEntity
  8
Visible
100
AcDbLine
 10
927.209925
 20
246.540984
 30
0.0
 11
927.209925
 21
275.540984
 31
0.0
  0
LINE
  5
13C6
330
70
100
AcDbEntity
  8
Visible
100
AcDbLine
 10
921.209925
 20
246.540984
 30
0.0
 11
927.209925
 21
246.540984
 31
0.0
  0
LINE
  5
13C7
330
70
100
AcDbEntity
  8
Visible
100
AcDbLine
 10
921.209925
 20
217.540984
 30
0.0
 11
921.209925
 21
246.540984
 31
0.0
  0
LINE
  5
13C8
330
70
100
AcDbEntity
  8
Visible
100
AcDbLine
 10
927.209925
 20
217.540984
 30
0.0
 11
921.209925
 21
217.540984
 31
0.0
  0
LINE
  5
13C9
330
70
100
AcDbEntity
  8
Visible
100
AcDbLine
 10
927.209925
 20
188.540984
 30
0.0
 11
927.209925
 21
217.540984
 31
0.0
  0
LINE
  5
13CA
330
70
100
AcDbEntity
  8
Visible
100
AcDbLine
 10
921.209925
 20
188.540984
 30
0.0
 11
927.209925
 21
188.540984
 31
0.0
  0
LINE
  5
13CB
330
70
100
AcDbEntity
  8
Visible
100
AcDbLine
 10
921.209925
 20
159.540984
 30
0.0
 11
921.209925
 21
188.540984
 31
0.0
  0
LINE
  5
13CC
330
70
100
AcDbEntity
  8
Visible
100
AcDbLine
 10
927.209925
 20
159.540984
 30
0.0
 11
921.209925
 21
159.540984
 31
0.0
  0
LINE
  5
13CD
330
70
100
AcDbEntity
  8
Visible
100
AcDbLine
 10
927.209925
 20
130.540984
 30
0.0
 11
927.209925
 21
159.540984
 31
0.0
  0
LINE
  5
13CE
330
70
100
AcDbEntity
  8
Visible
100
AcDbLine
 10
921.209925
 20
130.540984
 30
0.0
 11
927.209925
 21
130.540984
 31
0.0
  0
LINE
  5
13CF
330
70
100
AcDbEntity
  8
Visible
100
AcDbLine
 10
921.209925
 20
101.540984
 30
0.0
 11
921.209925
 21
130.540984
 31
0.0
  0
LINE
  5
13D0
330
70
100
AcDbEntity
  8
Visible
100
AcDbLine
 10
927.209925
 20
101.540984
 30
0.0
 11
921.209925
 21
101.540984
 31
0.0
  0
LINE
  5
13D1
330
70
100
AcDbEntity
  8
Visible
100
AcDbLine
 10
927.209925
 20
72.540984
 30
0.0
 11
927.209925
 21
101.540984
 31
0.0
  0
LINE
  5
13D2
330
70
100
AcDbEntity
  8
Visible
100
AcDbLine
 10
921.209925
 20
72.540984
 30
0.0
 11
927.209925
 21
72.540984
 31
0.0
  0
LINE
  5
13D3
330
70
100
AcDbEntity
  8
Visible
100
AcDbLine
 10
921.209925
 20
48.040984
 30
0.0
 11
921.209925
 21
72.540984
 31
0.0
  0
LINE
  5
13D4
330
70
100
AcDbEntity
  8
Visible
100
AcDbLine
 10
886.709925
 20
48.040984
 30
0.0
 11
921.209925
 21
48.040984
 31
0.0
  0
LINE
  5
13D5
330
70
100
AcDbEntity
  8
Visible
100
AcDbLine
 10
886.709925
 20
54.040984
 30
0.0
 11
886.709925
 21
48.040984
 31
0.0
  0
LINE
  5
13D6
330
70
100
AcDbEntity
  8
Visible
100
AcDbLine
 10
857.709925
 20
54.040984
 30
0.0
 11
886.709925
 21
54.040984
 31
0.0
  0
LINE
  5
13D7
330
70
100
AcDbEntity
  8
Visible
100
AcDbLine
 10
857.709925
 20
48.040984
 30
0.0
 11
857.709925
 21
54.040984
 31
0.0
  0
LINE
  5
13D8
330
70
100
AcDbEntity
  8
Visible
100
AcDbLine
 10
828.709925
 20
48.040984
 30
0.0
 11
857.709925
 21
48.040984
 31
0.0
  0
LINE
  5
13D9
330
70
100
AcDbEntity
  8
Visible
100
AcDbLine
 10
828.709925
 20
54.040984
 30
0.0
 11
828.709925
 21
48.040984
 31
0.0
  0
LINE
  5
13DA
330
70
100
AcDbEntity
  8
Visible
100
AcDbLine
 10
799.709925
 20
54.040984
 30
0.0
 11
828.709925
 21
54.040984
 31
0.0
  0
LINE
  5
13DB
330
70
100
AcDbEntity
  8
Visible
100
AcDbLine
 10
799.709925
 20
48.040984
 30
0.0
 11
799.709925
 21
54.040984
 31
0.0
  0
LINE
  5
13DC
330
70
100
AcDbEntity
  8
Visible
100
AcDbLine
 10
770.709925
 20
48.040984
 30
0.0
 11
799.709925
 21
48.040984
 31
0.0
  0
LINE
  5
13DD
330
70
100
AcDbEntity
  8
Visible
100
AcDbLine
 10
770.709925
 20
54.040984
 30
0.0
 11
770.709925
 21
48.040984
 31
0.0
  0
LINE
  5
13DE
330
70
100
AcDbEntity
  8
Visible
100
AcDbLine
 10
741.709925
 20
54.040984
 30
0.0
 11
770.709925
 21
54.040984
 31
0.0
  0
LINE
  5
13DF
330
70
100
AcDbEntity
  8
Visible
100
AcDbLine
 10
741.709925
 20
48.040984
 30
0.0
 11
741.709925
 21
54.040984
 31
0.0
  0
LINE
  5
13E0
330
70
100
AcDbEntity
  8
Visible
100
AcDbLine
 10
712.709925
 20
48.040984
 30
0.0
 11
741.709925
 21
48.040984
 31
0.0
  0
LINE
  5
13E1
330
70
100
AcDbEntity
  8
Visible
100
AcDbLine
 10
712.709925
 20
54.040984
 30
0.0
 11
712.709925
 21
48.040984
 31
0.0
  0
LINE
  5
13E2
330
70
100
AcDbEntity
  8
Visible
100
AcDbLine
 10
683.709925
 20
54.040984
 30
0.0
 11
712.709925
 21
54.040984
 31
0.0
  0
LINE
  5
13E3
330
70
100
AcDbEntity
  8
Visible
100
AcDbLine
 10
683.709925
 20
48.040984
 30
0.0
 11
683.709925
 21
54.040984
 31
0.0
  0
LINE
  5
13E4
330
70
100
AcDbEntity
  8
Visible
100
AcDbLine
 10
654.709925
 20
48.040984
 30
0.0
 11
683.709925
 21
48.040984
 31
0.0
  0
LINE
  5
13E5
330
70
100
AcDbEntity
  8
Visible
100
AcDbLine
 10
654.709925
 20
54.040984
 30
0.0
 11
654.709925
 21
48.040984
 31
0.0
  0
LINE
  5
13E6
330
70
100
AcDbEntity
  8
Visible
100
AcDbLine
 10
625.709925
 20
54.040984
 30
0.0
 11
654.709925
 21
54.040984
 31
0.0
  0
LINE
  5
13E7
330
70
100
AcDbEntity
  8
Visible
100
AcDbLine
 10
625.709925
 20
48.040984
 30
0.0
 11
625.709925
 21
54.040984
 31
0.0
  0
LINE
  5
13E8
330
70
100
AcDbEntity
  8
Visible
100
AcDbLine
 10
596.709925
 20
48.040984
 30
0.0
 11
625.709925
 21
48.040984
 31
0.0
  0
LINE
  5
13E9
330
70
100
AcDbEntity
  8
Visible
100
AcDbLine
 10
596.709925
 20
54.040984
 30
0.0
 11
596.709925
 21
48.040984
 31
0.0
  0
LINE
  5
13EA
330
70
100
AcDbEntity
  8
Visible
100
AcDbLine
 10
567.709925
 20
54.040984
 30
0.0
 11
596.709925
 21
54.040984
 31
0.0
  0
LINE
  5
13EB
330
70
100
AcDbEntity
  8
Visible
100
AcDbLine
 10
567.709925
 20
48.040984
 30
0.0
 11
567.709925
 21
54.040984
 31
0.0
  0
LINE
  5
13EC
330
70
100
AcDbEntity
  8
Visible
100
AcDbLine
 10
533.209925
 20
48.040984
 30
0.0
 11
567.709925
 21
48.040984
 31
0.0
  0
LINE
  5
13ED
330
70
100
AcDbEntity
  8
Visible
100
AcDbLine
 10
533.209925
 20
72.540984
 30
0.0
 11
533.209925
 21
48.040984
 31
0.0
  0
LINE
  5
13EE
330
70
100
AcDbEntity
  8
Visible
100
AcDbLine
 10
527.209925
 20
72.540984
 30
0.0
 11
533.209925
 21
72.540984
 31
0.0
  0
LINE
  5
13EF
330
70
100
AcDbEntity
  8
Visible
100
AcDbLine
 10
527.209925
 20
101.540984
 30
0.0
 11
527.209925
 21
72.540984
 31
0.0
  0
LINE
  5
13F0
330
70
100
AcDbEntity
  8
Visible
100
AcDbLine
 10
533.209925
 20
101.540984
 30
0.0
 11
527.209925
 21
101.540984
 31
0.0
  0
LINE
  5
13F1
330
70
100
AcDbEntity
  8
Visible
100
AcDbLine
 10
533.209925
 20
130.540984
 30
0.0
 11
533.209925
 21
101.540984
 31
0.0
  0
LINE
  5
13F2
330
70
100
AcDbEntity
  8
Visible
100
AcDbLine
 10
527.209925
 20
130.540984
 30
0.0
 11
533.209925
 21
130.540984
 31
0.0
  0
LINE
  5
13F3
330
70
100
AcDbEntity
  8
Visible
100
AcDbLine
 10
527.209925
 20
159.540984
 30
0.0
 11
527.209925
 21
130.540984
 31
0.0
  0
LINE
  5
13F4
330
70
100
AcDbEntity
  8
Visible
100
AcDbLine
 10
533.209925
 20
159.540984
 30
0.0
 11
527.209925
 21
159.540984
 31
0.0
  0
LINE
  5
13F5
330
70
100
AcDbEntity
  8
Visible
100
AcDbLine
 10
533.209925
 20
188.540984
 30
0.0
 11
533.209925
 21
159.540984
 31
0.0
  0
LINE
  5
13F6
330
70
100
AcDbEntity
  8
Visible
100
AcDbLine
 10
527.209925
 20
188.540984
 30
0.0
 11
533.209925
 21
188.540984
 31
0.0
  0
LINE
  5
13F7
330
70
100
AcDbEntity
  8
Visible
100
AcDbLine
 10
527.209925
 20
217.540984
 30
0.0
 11
527.209925
 21
188.540984
 31
0.0
  0
LINE
  5
13F8
330
70
100
AcDbEntity
  8
Visible
100
AcDbLine
 10
533.209925
 20
217.540984
 30
0.0
 11
527.209925
 21
217.540984
 31
0.0
  0
LINE
  5
13F9
330
70
100
AcDbEntity
  8
Visible
100
AcDbLine
 10
533.209925
 20
246.540984
 30
0.0
 11
533.209925
 21
217.540984
 31
0.0
  0
LINE
  5
13FA
330
70
100
AcDbEntity
  8
Visible
100
AcDbLine
 10
527.209925
 20
246.540984
 30
0.0
 11
533.209925
 21
246.540984
 31
0.0
  0
LINE
  5
13FB
330
70
100
AcDbEntity
  8
Visible
100
AcDbLine
 10
527.209925
 20
275.540984
 30
0.0
 11
527.209925
 21
246.540984
 31
0.0
  0
LINE
  5
13FC
330
70
100
AcDbEntity
  8
Visible
100
AcDbLine
 10
533.209925
 20
275.540984
 30
0.0
 11
527.209925
 21
275.540984
 31
0.0
  0
LINE
  5
13FD
330
70
100
AcDbEntity
  8
Visible
100
AcDbLine
 10
533.209925
 20
304.540984
 30
0.0
 11
533.209925
 21
275.540984
 31
0.0
  0
LINE
  5
13FE
330
70
100
AcDbEntity
  8
Visible
100
AcDbLine
 10
527.209925
 20
304.540984
 30
0.0
 11
533.209925
 21
304.540984
 31
0.0
  0
LINE
  5
13FF
330
70
100
AcDbEntity
  8
Visible
100
AcDbLine
 10
527.209925
 20
333.540984
 30
0.0
 11
527.209925
 21
304.540984
 31
0.0
  0
LINE
  5
1400
330
70
100
AcDbEntity
  8
Visible
100
AcDbLine
 10
533.209925
 20
333.540984
 30
0.0
 11
527.209925
 21
333.540984
 31
0.0
  0
LINE
  5
1401
330
70
100
AcDbEntity
  8
Visible
100
AcDbLine
 10
533.209925
 20
362.540984
 30
0.0
 11
533.209925
 21
333.540984
 31
0.0
  0
LINE
  5
1402
330
70
100
AcDbEntity
  8
Visible
100
AcDbLine
 10
527.209925
 20
362.540984
 30
0.0
 11
533.209925
 21
362.540984
 31
0.0
  0
LINE
  5
1403
330
70
100
AcDbEntity
  8
Visible
100
AcDbLine
 10
527.209925
 20
391.540984
 30
0.0
 11
527.209925
 21
362.540984
 31
0.0
  0
LINE
  5
1404
330
70
100
AcDbEntity
  8
Visible
100
AcDbLine
 10
533.209925
 20
391.540984
 30
0.0
 11
527.209925
 21
391.540984
 31
0.0
  0
LINE
  5
1405
330
70
100
AcDbEntity
  8
Visible
100
AcDbLine
 10
533.209925
 20
420.540984
 30
0.0
 11
533.209925
 21
391.540984
 31
0.0
  0
LINE
  5
1406
330
70
100
AcDbEntity
  8
Visible
100
AcDbLine
 10
527.209925
 20
420.540984
 30
0.0
 11
533.209925
 21
420.540984
 31
0.0
  0
LINE
  5
1407
330
70
100
AcDbEntity
  8
Visible
100
AcDbLine
 10
527.209925
 20
449.540984
 30
0.0
 11
527.209925
 21
420.540984
 31
0.0
  0
LINE
  5
1408
330
70
100
AcDbEntity
  8
Visible
100
AcDbLine
 10
533.209925
 20
449.540984
 30
0.0
 11
527.209925
 21
449.540984
 31
0.0
  0
LINE
  5
1409
330
70
100
AcDbEntity
  8
Visible
100
AcDbLine
 10
533.209925
 20
478.540984
 30
0.0
 11
533.209925
 21
449.540984
 31
0.0
  0
LINE
  5
140A
330
70
100
AcDbEntity
  8
Visible
100
AcDbLine
 10
527.209925
 20
478.540984
 30
0.0
 11
533.209925
 21
478.540984
 31
0.0
  0
LINE
  5
140B
330
70
100
AcDbEntity
  8
Visible
100
AcDbLine
 10
527.209925
 20
507.540984
 30
0.0
 11
527.209925
 21
478.540984
 31
0.0
  0
LINE
  5
140C
330
70
100
AcDbEntity
  8
Visible
100
AcDbLine
 10
533.209925
 20
507.540984
 30
0.0
 11
527.209925
 21
507.540984
 31
0.0
  0
LINE
  5
140D
330
70
100
AcDbEntity
  8
Visible
100
AcDbLine
 10
533.209925
 20
536.540984
 30
0.0
 11
533.209925
 21
507.540984
 31
0.0
  0
LINE
  5
140E
330
70
100
AcDbEntity
  8
Visible
100
AcDbLine
 10
527.209925
 20
536.540984
 30
0.0
 11
533.209925
 21
536.540984
 31
0.0
  0
LINE
  5
140F
330
70
100
AcDbEntity
  8
Visible
100
AcDbLine
 10
527.209925
 20
565.540984
 30
0.0
 11
527.209925
 21
536.540984
 31
0.0
  0
LINE
  5
1410
330
70
100
AcDbEntity
  8
Visible
100
AcDbLine
 10
533.209925
 20
565.540984
 30
0.0
 11
527.209925
 21
565.540984
 31
0.0
  0
LINE
  5
1411
330
70
100
AcDbEntity
  8
Visible
100
AcDbLine
 10
533.209925
 20
594.540984
 30
0.0
 11
533.209925
 21
565.540984
 31
0.0
  0
LINE
  5
1412
330
70
100
AcDbEntity
  8
Visible
100
AcDbLine
 10
527.209925
 20
594.540984
 30
0.0
 11
533.209925
 21
594.540984
 31
0.0
  0
LINE
  5
1413
330
70
100
AcDbEntity
  8
Visible
100
AcDbLine
 10
527.209925
 20
623.540984
 30
0.0
 11
527.209925
 21
594.540984
 31
0.0
  0
LINE
  5
1414
330
70
100
AcDbEntity
  8
Visible
100
AcDbLine
 10
533.209925
 20
623.540984
 30
0.0
 11
527.209925
 21
623.540984
 31
0.0
  0
LINE
  5
1415
330
70
100
AcDbEntity
  8
Visible
100
AcDbLine
 10
533.209925
 20
648.040984
 30
0.0
 11
533.209925
 21
623.540984
 31
0.0
  0
LINE
  5
1416
330
70
100
AcDbEntity
  8
Visible
100
AcDbLine
 10
567.709925
 20
648.040984
 30
0.0
 11
533.209925
 21
648.040984
 31
0.0
  0
LINE
  5
1417
330
70
100
AcDbEntity
  8
Visible
100
AcDbLine
 10
567.709925
 20
642.040984
 30
0.0
 11
567.709925
 21
648.040984
 31
0.0
  0
LINE
  5
1418
330
70
100
AcDbEntity
  8
Visible
100
AcDbLine
 10
596.709925
 20
642.040984
 30
0.0
 11
567.709925
 21
642.040984
 31
0.0
  0
LINE
  5
1419
330
70
100
AcDbEntity
  8
Visible
100
AcDbLine
 10
596.709925
 20
648.040984
 30
0.0
 11
596.709925
 21
642.040984
 31
0.0
  0
LINE
  5
141A
330
70
100
AcDbEntity
  8
Visible
100
AcDbLine
 10
625.709925
 20
648.040984
 30
0.0
 11
596.709925
 21
648.040984
 31
0.0
  0
LINE
  5
141B
330
70
100
AcDbEntity
  8
Visible
100
AcDbLine
 10
625.709925
 20
642.040984
 30
0.0
 11
625.709925
 21
648.040984
 31
0.0
  0
LINE
  5
141C
330
70
100
AcDbEntity
  8
Visible
100
AcDbLine
 10
654.709925
 20
642.040984
 30
0.0
 11
625.709925
 21
642.040984
 31
0.0
  0
LINE
  5
141D
330
70
100
AcDbEntity
  8
Visible
100
AcDbLine
 10
654.709925
 20
648.040984
 30
0.0
 11
654.709925
 21
642.040984
 31
0.0
  0
LINE
  5
141E
330
70
100
AcDbEntity
  8
Visible
100
AcDbLine
 10
683.709925
 20
648.040984
 30
0.0
 11
654.709925
 21
648.040984
 31
0.0
  0
LINE
  5
141F
330
70
100
AcDbEntity
  8
Visible
100
AcDbLine
 10
683.709925
 20
642.040984
 30
0.0
 11
683.709925
 21
648.040984
 31
0.0
  0
LINE
  5
1420
330
70
100
AcDbEntity
  8
Visible
100
AcDbLine
 10
712.709925
 20
642.040984
 30
0.0
 11
683.709925
 21
642.040984
 31
0.0
  0
LINE
  5
1421
330
70
100
AcDbEntity
  8
Visible
100
AcDbLine
 10
712.709925
 20
648.040984
 30
0.0
 11
712.709925
 21
642.040984
 31
0.0
  0
LINE
  5
1422
330
70
100
AcDbEntity
  8
Visible
100
AcDbLine
 10
741.709925
 20
648.040984
 30
0.0
 11
712.709925
 21
648.040984
 31
0.0
  0
LINE
  5
1423
330
70
100
AcDbEntity
  8
Visible
100
AcDbLine
 10
741.709925
 20
642.040984
 30
0.0
 11
741.709925
 21
648.040984
 31
0.0
  0
LINE
  5
1424
330
70
100
AcDbEntity
  8
Visible
100
AcDbLine
 10
770.709925
 20
642.040984
 30
0.0
 11
741.709925
 21
642.040984
 31
0.0
  0
LINE
  5
1425
330
70
100
AcDbEntity
  8
Visible
100
AcDbLine
 10
770.709925
 20
648.040984
 30
0.0
 11
770.709925
 21
642.040984
 31
0.0
  0
LINE
  5
1426
330
70
100
AcDbEntity
  8
Visible
100
AcDbLine
 10
799.709925
 20
648.040984
 30
0.0
 11
770.709925
 21
648.040984
 31
0.0
  0
LINE
  5
1427
330
70
100
AcDbEntity
  8
Visible
100
AcDbLine
 10
799.709925
 20
642.040984
 30
0.0
 11
799.709925
 21
648.040984
 31
0.0
  0
LINE
  5
1428
330
70
100
AcDbEntity
  8
Visible
100
AcDbLine
 10
828.709925
 20
642.040984
 30
0.0
 11
799.709925
 21
642.040984
 31
0.0
  0
LINE
  5
1429
330
70
100
AcDbEntity
  8
Visible
100
AcDbLine
 10
828.709925
 20
648.040984
 30
0.0
 11
828.709925
 21
642.040984
 31
0.0
  0
LINE
  5
142A
330
70
100
AcDbEntity
  8
Visible
100
AcDbLine
 10
857.709925
 20
648.040984
 30
0.0
 11
828.709925
 21
648.040984
 31
0.0
  0
LINE
  5
142B
330
70
100
AcDbEntity
  8
Visible
100
AcDbLine
 10
857.709925
 20
642.040984
 30
0.0
 11
857.709925
 21
648.040984
 31
0.0
  0
LINE
  5
142C
330
70
100
AcDbEntity
  8
Visible
100
AcDbLine
 10
886.709925
 20
642.040984
 30
0.0
 11
857.709925
 21
642.040984
 31
0.0
  0
LINE
  5
142D
330
70
100
AcDbEntity
  8
Visible
100
AcDbLine
 10
886.709925
 20
648.040984
 30
0.0
 11
886.709925
 21
642.040984
 31
0.0
  0
LINE
  5
142E
330
70
100
AcDbEntity
  8
Visible
100
AcDbLine
 10
921.209925
 20
648.040984
 30
0.0
 11
886.709925
 21
648.040984
 31
0.0
  0
LINE
  5
142F
330
70
100
AcDbEntity
  8
Visible
100
AcDbLine
 10
921.209925
 20
623.540984
 30
0.0
 11
921.209925
 21
648.040984
 31
0.0
  0
LINE
  5
1430
330
70
100
AcDbEntity
  8
Visible
100
AcDbLine
 10
336.422925
 20
349.360984
 30
0.0
 11
336.422925
 21
345.772984
 31
0.0
  0
LINE
  5
1431
330
70
100
AcDbEntity
  8
Visible
100
AcDbLine
 10
338.234925
 20
349.360984
 30
0.0
 11
336.422925
 21
349.360984
 31
0.0
  0
LINE
  5
1432
330
70
100
AcDbEntity
  8
Visible
100
AcDbLine
 10
338.234925
 20
350.008984
 30
0.0
 11
338.234925
 21
349.360984
 31
0.0
  0
LINE
  5
1433
330
70
100
AcDbEntity
  8
Visible
100
AcDbLine
 10
336.422925
 20
350.008984
 30
0.0
 11
338.234925
 21
350.008984
 31
0.0
  0
LINE
  5
1434
330
70
100
AcDbEntity
  8
Visible
100
AcDbLine
 10
336.422925
 20
351.604984
 30
0.0
 11
336.422925
 21
350.008984
 31
0.0
  0
LINE
  5
1435
330
70
100
AcDbEntity
  8
Visible
100
AcDbLine
 10
335.498925
 20
351.604984
 30
0.0
 11
336.422925
 21
351.604984
 31
0.0
  0
LINE
  5
1436
330
70
100
AcDbEntity
  8
Visible
100
AcDbLine
 10
335.498925
 20
350.008984
 30
0.0
 11
335.498925
 21
351.604984
 31
0.0
  0
LINE
  5
1437
330
70
100
AcDbEntity
  8
Visible
100
AcDbLine
 10
334.574925
 20
350.008984
 30
0.0
 11
335.498925
 21
350.008984
 31
0.0
  0
LINE
  5
1438
330
70
100
AcDbEntity
  8
Visible
100
AcDbLine
 10
334.574925
 20
349.360984
 30
0.0
 11
334.574925
 21
350.008984
 31
0.0
  0
LINE
  5
1439
330
70
100
AcDbEntity
  8
Visible
100
AcDbLine
 10
335.498925
 20
349.360984
 30
0.0
 11
334.574925
 21
349.360984
 31
0.0
  0
LINE
  5
143A
330
70
100
AcDbEntity
  8
Visible
100
AcDbLine
 10
335.498925
 20
345.748984
 30
0.0
 11
335.498925
 21
349.360984
 31
0.0
  0
LINE
  5
143B
330
70
100
AcDbEntity
  8
Visible
100
AcDbLine
 10
335.500925
 20
345.642984
 30
0.0
 11
335.498925
 21
345.748984
 31
0.0
  0
LINE
  5
143C
330
70
100
AcDbEntity
  8
Visible
100
AcDbLine
 10
335.507925
 20
345.539984
 30
0.0
 11
335.500925
 21
345.642984
 31
0.0
  0
LINE
  5
143D
330
70
100
AcDbEntity
  8
Visible
100
AcDbLine
 10
335.517925
 20
345.440984
 30
0.0
 11
335.507925
 21
345.539984
 31
0.0
  0
LINE
  5
143E
330
70
100
AcDbEntity
  8
Visible
100
AcDbLine
 10
335.533925
 20
345.345984
 30
0.0
 11
335.517925
 21
345.440984
 31
0.0
  0
LINE
  5
143F
330
70
100
AcDbEntity
  8
Visible
100
AcDbLine
 10
335.552925
 20
345.253984
 30
0.0
 11
335.533925
 21
345.345984
 31
0.0
  0
LINE
  5
1440
330
70
100
AcDbEntity
  8
Visible
100
AcDbLine
 10
335.576925
 20
345.165984
 30
0.0
 11
335.552925
 21
345.253984
 31
0.0
  0
LINE
  5
1441
330
70
100
AcDbEntity
  8
Visible
100
AcDbLine
 10
335.604925
 20
345.080984
 30
0.0
 11
335.576925
 21
345.165984
 31
0.0
  0
LINE
  5
1442
330
70
100
AcDbEntity
  8
Visible
100
AcDbLine
 10
335.636925
 20
344.999984
 30
0.0
 11
335.604925
 21
345.080984
 31
0.0
  0
LINE
  5
1443
330
70
100
AcDbEntity
  8
Visible
100
AcDbLine
 10
335.673925
 20
344.922984
 30
0.0
 11
335.636925
 21
344.999984
 31
0.0
  0
LINE
  5
1444
330
70
100
AcDbEntity
  8
Visible
100
AcDbLine
 10
335.714925
 20
344.848984
 30
0.0
 11
335.673925
 21
344.922984
 31
0.0
  0
LINE
  5
1445
330
70
100
AcDbEntity
  8
Visible
100
AcDbLine
 10
335.759925
 20
344.778984
 30
0.0
 11
335.714925
 21
344.848984
 31
0.0
  0
LINE
  5
1446
330
70
100
AcDbEntity
  8
Visible
100
AcDbLine
 10
335.807925
 20
344.711984
 30
0.0
 11
335.759925
 21
344.778984
 31
0.0
  0
LINE
  5
1447
330
70
100
AcDbEntity
  8
Visible
100
AcDbLine
 10
335.858925
 20
344.648984
 30
0.0
 11
335.807925
 21
344.711984
 31
0.0
  0
LINE
  5
1448
330
70
100
AcDbEntity
  8
Visible
100
AcDbLine
 10
335.912925
 20
344.589984
 30
0.0
 11
335.858925
 21
344.648984
 31
0.0
  0
LINE
  5
1449
330
70
100
AcDbEntity
  8
Visible
100
AcDbLine
 10
335.969925
 20
344.533984
 30
0.0
 11
335.912925
 21
344.589984
 31
0.0
  0
LINE
  5
144A
330
70
100
AcDbEntity
  8
Visible
100
AcDbLine
 10
336.029925
 20
344.481984
 30
0.0
 11
335.969925
 21
344.533984
 31
0.0
  0
LINE
  5
144B
330
70
100
AcDbEntity
  8
Visible
100
AcDbLine
 10
336.093925
 20
344.432984
 30
0.0
 11
336.029925
 21
344.481984
 31
0.0
  0
LINE
  5
144C
330
70
100
AcDbEntity
  8
Visible
100
AcDbLine
 10
336.159925
 20
344.387984
 30
0.0
 11
336.093925
 21
344.432984
 31
0.0
  0
LINE
  5
144D
330
70
100
AcDbEntity
  8
Visible
100
AcDbLine
 10
336.229925
 20
344.346984
 30
0.0
 11
336.159925
 21
344.387984
 31
0.0
  0
LINE
  5
144E
330
70
100
AcDbEntity
  8
Visible
100
AcDbLine
 10
336.302925
 20
344.308984
 30
0.0
 11
336.229925
 21
344.346984
 31
0.0
  0
LINE
  5
144F
330
70
100
AcDbEntity
  8
Visible
100
AcDbLine
 10
336.377925
 20
344.274984
 30
0.0
 11
336.302925
 21
344.308984
 31
0.0
  0
LINE
  5
1450
330
70
100
AcDbEntity
  8
Visible
100
AcDbLine
 10
336.455925
 20
344.243984
 30
0.0
 11
336.377925
 21
344.274984
 31
0.0
  0
LINE
  5
1451
330
70
100
AcDbEntity
  8
Visible
100
AcDbLine
 10
336.534925
 20
344.216984
 30
0.0
 11
336.455925
 21
344.243984
 31
0.0
  0
LINE
  5
1452
330
70
100
AcDbEntity
  8
Visible
100
AcDbLine
 10
336.615925
 20
344.193984
 30
0.0
 11
336.534925
 21
344.216984
 31
0.0
  0
LINE
  5
1453
330
70
100
AcDbEntity
  8
Visible
100
AcDbLine
 10
336.698925
 20
344.173984
 30
0.0
 11
336.615925
 21
344.193984
 31
0.0
  0
LINE
  5
1454
330
70
100
AcDbEntity
  8
Visible
100
AcDbLine
 10
336.783925
 20
344.157984
 30
0.0
 11
336.698925
 21
344.173984
 31
0.0
  0
LINE
  5
1455
330
70
100
AcDbEntity
  8
Visible
100
AcDbLine
 10
336.870925
 20
344.144984
 30
0.0
 11
336.783925
 21
344.157984
 31
0.0
  0
LINE
  5
1456
330
70
100
AcDbEntity
  8
Visible
100
AcDbLine
 10
336.959925
 20
344.135984
 30
0.0
 11
336.870925
 21
344.144984
 31
0.0
  0
LINE
  5
1457
330
70
100
AcDbEntity
  8
Visible
100
AcDbLine
 10
337.049925
 20
344.130984
 30
0.0
 11
336.959925
 21
344.135984
 31
0.0
  0
LINE
  5
1458
330
70
100
AcDbEntity
  8
Visible
100
AcDbLine
 10
337.142925
 20
344.128984
 30
0.0
 11
337.049925
 21
344.130984
 31
0.0
  0
LINE
  5
1459
330
70
100
AcDbEntity
  8
Visible
100
AcDbLine
 10
337.207925
 20
344.129984
 30
0.0
 11
337.142925
 21
344.128984
 31
0.0
  0
LINE
  5
145A
330
70
100
AcDbEntity
  8
Visible
100
AcDbLine
 10
337.271925
 20
344.131984
 30
0.0
 11
337.207925
 21
344.129984
 31
0.0
  0
LINE
  5
145B
330
70
100
AcDbEntity
  8
Visible
100
AcDbLine
 10
337.335925
 20
344.136984
 30
0.0
 11
337.271925
 21
344.131984
 31
0.0
  0
LINE
  5
145C
330
70
100
AcDbEntity
  8
Visible
100
AcDbLine
 10
337.398925
 20
344.141984
 30
0.0
 11
337.335925
 21
344.136984
 31
0.0
  0
LINE
  5
145D
330
70
100
AcDbEntity
  8
Visible
100
AcDbLine
 10
337.461925
 20
344.149984
 30
0.0
 11
337.398925
 21
344.141984
 31
0.0
  0
LINE
  5
145E
330
70
100
AcDbEntity
  8
Visible
100
AcDbLine
 10
337.523925
 20
344.158984
 30
0.0
 11
337.461925
 21
344.149984
 31
0.0
  0
LINE
  5
145F
330
70
100
AcDbEntity
  8
Visible
100
AcDbLine
 10
337.585925
 20
344.169984
 30
0.0
 11
337.523925
 21
344.158984
 31
0.0
  0
LINE
  5
1460
330
70
100
AcDbEntity
  8
Visible
100
AcDbLine
 10
337.647925
 20
344.182984
 30
0.0
 11
337.585925
 21
344.169984
 31
0.0
  0
LINE
  5
1461
330
70
100
AcDbEntity
  8
Visible
100
AcDbLine
 10
337.708925
 20
344.196984
 30
0.0
 11
337.647925
 21
344.182984
 31
0.0
  0
LINE
  5
1462
330
70
100
AcDbEntity
  8
Visible
100
AcDbLine
 10
337.769925
 20
344.212984
 30
0.0
 11
337.708925
 21
344.196984
 31
0.0
  0
LINE
  5
1463
330
70
100
AcDbEntity
  8
Visible
100
AcDbLine
 10
337.830925
 20
344.229984
 30
0.0
 11
337.769925
 21
344.212984
 31
0.0
  0
LINE
  5
1464
330
70
100
AcDbEntity
  8
Visible
100
AcDbLine
 10
337.890925
 20
344.248984
 30
0.0
 11
337.830925
 21
344.229984
 31
0.0
  0
LINE
  5
1465
330
70
100
AcDbEntity
  8
Visible
100
AcDbLine
 10
337.951925
 20
344.267984
 30
0.0
 11
337.890925
 21
344.248984
 31
0.0
  0
LINE
  5
1466
330
70
100
AcDbEntity
  8
Visible
100
AcDbLine
 10
338.012925
 20
344.287984
 30
0.0
 11
337.951925
 21
344.267984
 31
0.0
  0
LINE
  5
1467
330
70
100
AcDbEntity
  8
Visible
100
AcDbLine
 10
338.073925
 20
344.308984
 30
0.0
 11
338.012925
 21
344.287984
 31
0.0
  0
LINE
  5
1468
330
70
100
AcDbEntity
  8
Visible
100
AcDbLine
 10
338.134925
 20
344.330984
 30
0.0
 11
338.073925
 21
344.308984
 31
0.0
  0
LINE
  5
1469
330
70
100
AcDbEntity
  8
Visible
100
AcDbLine
 10
338.195925
 20
344.353984
 30
0.0
 11
338.134925
 21
344.330984
 31
0.0
  0
LINE
  5
146A
330
70
100
AcDbEntity
  8
Visible
100
AcDbLine
 10
338.256925
 20
344.377984
 30
0.0
 11
338.195925
 21
344.353984
 31
0.0
  0
LINE
  5
146B
330
70
100
AcDbEntity
  8
Visible
100
AcDbLine
 10
338.317925
 20
344.402984
 30
0.0
 11
338.256925
 21
344.377984
 31
0.0
  0
LINE
  5
146C
330
70
100
AcDbEntity
  8
Visible
100
AcDbLine
 10
338.378925
 20
344.428984
 30
0.0
 11
338.317925
 21
344.402984
 31
0.0
  0
LINE
  5
146D
330
70
100
AcDbEntity
  8
Visible
100
AcDbLine
 10
338.246925
 20
345.100984
 30
0.0
 11
338.378925
 21
344.428984
 31
0.0
  0
LINE
  5
146E
330
70
100
AcDbEntity
  8
Visible
100
AcDbLine
 10
338.189925
 20
345.079984
 30
0.0
 11
338.246925
 21
345.100984
 31
0.0
  0
LINE
  5
146F
330
70
100
AcDbEntity
  8
Visible
100
AcDbLine
 10
338.133925
 20
345.059984
 30
0.0
 11
338.189925
 21
345.079984
 31
0.0
  0
LINE
  5
1470
330
70
100
AcDbEntity
  8
Visible
100
AcDbLine
 10
338.078925
 20
345.040984
 30
0.0
 11
338.133925
 21
345.059984
 31
0.0
  0
LINE
  5
1471
330
70
100
AcDbEntity
  8
Visible
100
AcDbLine
 10
338.025925
 20
345.022984
 30
0.0
 11
338.078925
 21
345.040984
 31
0.0
  0
LINE
  5
1472
330
70
100
AcDbEntity
  8
Visible
100
AcDbLine
 10
337.972925
 20
345.006984
 30
0.0
 11
338.025925
 21
345.022984
 31
0.0
  0
LINE
  5
1473
330
70
100
AcDbEntity
  8
Visible
100
AcDbLine
 10
337.921925
 20
344.990984
 30
0.0
 11
337.972925
 21
345.006984
 31
0.0
  0
LINE
  5
1474
330
70
100
AcDbEntity
  8
Visible
100
AcDbLine
 10
337.871925
 20
344.975984
 30
0.0
 11
337.921925
 21
344.990984
 31
0.0
  0
LINE
  5
1475
330
70
100
AcDbEntity
  8
Visible
100
AcDbLine
 10
337.822925
 20
344.962984
 30
0.0
 11
337.871925
 21
344.975984
 31
0.0
  0
LINE
  5
1476
330
70
100
AcDbEntity
  8
Visible
100
AcDbLine
 10
337.774925
 20
344.949984
 30
0.0
 11
337.822925
 21
344.962984
 31
0.0
  0
LINE
  5
1477
330
70
100
AcDbEntity
  8
Visible
100
AcDbLine
 10
337.727925
 20
344.938984
 30
0.0
 11
337.774925
 21
344.949984
 31
0.0
  0
LINE
  5
1478
330
70
100
AcDbEntity
  8
Visible
100
AcDbLine
 10
337.681925
 20
344.928984
 30
0.0
 11
337.727925
 21
344.938984
 31
0.0
  0
LINE
  5
1479
330
70
100
AcDbEntity
  8
Visible
100
AcDbLine
 10
337.587925
 20
344.910984
 30
0.0
 11
337.681925
 21
344.928984
 31
0.0
  0
LINE
  5
147A
330
70
100
AcDbEntity
  8
Visible
100
AcDbLine
 10
337.540925
 20
344.903984
 30
0.0
 11
337.587925
 21
344.910984
 31
0.0
  0
LINE
  5
147B
330
70
100
AcDbEntity
  8
Visible
100
AcDbLine
 10
337.444925
 20
344.893984
 30
0.0
 11
337.540925
 21
344.903984
 31
0.0
  0
LINE
  5
147C
330
70
100
AcDbEntity
  8
Visible
100
AcDbLine
 10
337.396925
 20
344.889984
 30
0.0
 11
337.444925
 21
344.893984
 31
0.0
  0
LINE
  5
147D
330
70
100
AcDbEntity
  8
Visible
100
AcDbLine
 10
337.348925
 20
344.886984
 30
0.0
 11
337.396925
 21
344.889984
 31
0.0
  0
LINE
  5
147E
330
70
100
AcDbEntity
  8
Visible
100
AcDbLine
 10
337.250925
 20
344.884984
 30
0.0
 11
337.348925
 21
344.886984
 31
0.0
  0
LINE
  5
147F
330
70
100
AcDbEntity
  8
Visible
100
AcDbLine
 10
337.093925
 20
344.893984
 30
0.0
 11
337.250925
 21
344.884984
 31
0.0
  0
LINE
  5
1480
330
70
100
AcDbEntity
  8
Visible
100
AcDbLine
 10
336.952925
 20
344.920984
 30
0.0
 11
337.093925
 21
344.893984
 31
0.0
  0
LINE
  5
1481
330
70
100
AcDbEntity
  8
Visible
100
AcDbLine
 10
336.828925
 20
344.964984
 30
0.0
 11
336.952925
 21
344.920984
 31
0.0
  0
LINE
  5
1482
330
70
100
AcDbEntity
  8
Visible
100
AcDbLine
 10
336.720925
 20
345.026984
 30
0.0
 11
336.828925
 21
344.964984
 31
0.0
  0
LINE
  5
1483
330
70
100
AcDbEntity
  8
Visible
100
AcDbLine
 10
336.629925
 20
345.106984
 30
0.0
 11
336.720925
 21
345.026984
 31
0.0
  0
LINE
  5
1484
330
70
100
AcDbEntity
  8
Visible
100
AcDbLine
 10
336.554925
 20
345.204984
 30
0.0
 11
336.629925
 21
345.106984
 31
0.0
  0
LINE
  5
1485
330
70
100
AcDbEntity
  8
Visible
100
AcDbLine
 10
336.497925
 20
345.319984
 30
0.0
 11
336.554925
 21
345.204984
 31
0.0
  0
LINE
  5
1486
330
70
100
AcDbEntity
  8
Visible
100
AcDbLine
 10
336.455925
 20
345.452984
 30
0.0
 11
336.497925
 21
345.319984
 31
0.0
  0
LINE
  5
1487
330
70
100
AcDbEntity
  8
Visible
100
AcDbLine
 10
336.430925
 20
345.603984
 30
0.0
 11
336.455925
 21
345.452984
 31
0.0
  0
LINE
  5
1488
330
70
100
AcDbEntity
  8
Visible
100
AcDbLine
 10
336.422925
 20
345.772984
 30
0.0
 11
336.430925
 21
345.603984
 31
0.0
  0
LINE
  5
1489
330
70
100
AcDbEntity
  8
Visible
100
AcDbLine
 10
329.074925
 20
347.127984
 30
0.0
 11
329.072925
 21
346.984984
 31
0.0
  0
LINE
  5
148A
330
70
100
AcDbEntity
  8
Visible
100
AcDbLine
 10
329.080925
 20
347.266984
 30
0.0
 11
329.074925
 21
347.127984
 31
0.0
  0
LINE
  5
148B
330
70
100
AcDbEntity
  8
Visible
100
AcDbLine
 10
329.090925
 20
347.402984
 30
0.0
 11
329.080925
 21
347.266984
 31
0.0
  0
LINE
  5
148C
330
70
100
AcDbEntity
  8
Visible
100
AcDbLine
 10
329.105925
 20
347.533984
 30
0.0
 11
329.090925
 21
347.402984
 31
0.0
  0
LINE
  5
148D
330
70
100
AcDbEntity
  8
Visible
100
AcDbLine
 10
329.123925
 20
347.660984
 30
0.0
 11
329.105925
 21
347.533984
 31
0.0
  0
LINE
  5
148E
330
70
100
AcDbEntity
  8
Visible
100
AcDbLine
 10
329.145925
 20
347.783984
 30
0.0
 11
329.123925
 21
347.660984
 31
0.0
  0
LINE
  5
148F
330
70
100
AcDbEntity
  8
Visible
100
AcDbLine
 10
329.172925
 20
347.902984
 30
0.0
 11
329.145925
 21
347.783984
 31
0.0
  0
LINE
  5
1490
330
70
100
AcDbEntity
  8
Visible
100
AcDbLine
 10
329.203925
 20
348.017984
 30
0.0
 11
329.172925
 21
347.902984
 31
0.0
  0
LINE
  5
1491
330
70
100
AcDbEntity
  8
Visible
100
AcDbLine
 10
329.237925
 20
348.128984
 30
0.0
 11
329.203925
 21
348.017984
 31
0.0
  0
LINE
  5
1492
330
70
100
AcDbEntity
  8
Visible
100
AcDbLine
 10
329.276925
 20
348.235984
 30
0.0
 11
329.237925
 21
348.128984
 31
0.0
  0
LINE
  5
1493
330
70
100
AcDbEntity
  8
Visible
100
AcDbLine
 10
329.319925
 20
348.338984
 30
0.0
 11
329.276925
 21
348.235984
 31
0.0
  0
LINE
  5
1494
330
70
100
AcDbEntity
  8
Visible
100
AcDbLine
 10
329.365925
 20
348.435984
 30
0.0
 11
329.319925
 21
348.338984
 31
0.0
  0
LINE
  5
1495
330
70
100
AcDbEntity
  8
Visible
100
AcDbLine
 10
329.414925
 20
348.528984
 30
0.0
 11
329.365925
 21
348.435984
 31
0.0
  0
LINE
  5
1496
330
70
100
AcDbEntity
  8
Visible
100
AcDbLine
 10
329.467925
 20
348.616984
 30
0.0
 11
329.414925
 21
348.528984
 31
0.0
  0
LINE
  5
1497
330
70
100
AcDbEntity
  8
Visible
100
AcDbLine
 10
329.524925
 20
348.699984
 30
0.0
 11
329.467925
 21
348.616984
 31
0.0
  0
LINE
  5
1498
330
70
100
AcDbEntity
  8
Visible
100
AcDbLine
 10
329.583925
 20
348.778984
 30
0.0
 11
329.524925
 21
348.699984
 31
0.0
  0
LINE
  5
1499
330
70
100
AcDbEntity
  8
Visible
100
AcDbLine
 10
329.647925
 20
348.851984
 30
0.0
 11
329.583925
 21
348.778984
 31
0.0
  0
LINE
  5
149A
330
70
100
AcDbEntity
  8
Visible
100
AcDbLine
 10
329.714925
 20
348.919984
 30
0.0
 11
329.647925
 21
348.851984
 31
0.0
  0
LINE
  5
149B
330
70
100
AcDbEntity
  8
Visible
100
AcDbLine
 10
329.784925
 20
348.983984
 30
0.0
 11
329.714925
 21
348.919984
 31
0.0
  0
LINE
  5
149C
330
70
100
AcDbEntity
  8
Visible
100
AcDbLine
 10
329.858925
 20
349.042984
 30
0.0
 11
329.784925
 21
348.983984
 31
0.0
  0
LINE
  5
149D
330
70
100
AcDbEntity
  8
Visible
100
AcDbLine
 10
329.935925
 20
349.096984
 30
0.0
 11
329.858925
 21
349.042984
 31
0.0
  0
LINE
  5
149E
330
70
100
AcDbEntity
  8
Visible
100
AcDbLine
 10
330.015925
 20
349.144984
 30
0.0
 11
329.935925
 21
349.096984
 31
0.0
  0
LINE
  5
149F
330
70
100
AcDbEntity
  8
Visible
100
AcDbLine
 10
330.097925
 20
349.186984
 30
0.0
 11
330.015925
 21
349.144984
 31
0.0
  0
LINE
  5
14A0
330
70
100
AcDbEntity
  8
Visible
100
AcDbLine
 10
330.182925
 20
349.222984
 30
0.0
 11
330.097925
 21
349.186984
 31
0.0
  0
LINE
  5
14A1
330
70
100
AcDbEntity
  8
Visible
100
AcDbLine
 10
330.270925
 20
349.254984
 30
0.0
 11
330.182925
 21
349.222984
 31
0.0
  0
LINE
  5
14A2
330
70
100
AcDbEntity
  8
Visible
100
AcDbLine
 10
330.361925
 20
349.279984
 30
0.0
 11
330.270925
 21
349.254984
 31
0.0
  0
LINE
  5
14A3
330
70
100
AcDbEntity
  8
Visible
100
AcDbLine
 10
330.455925
 20
349.299984
 30
0.0
 11
330.361925
 21
349.279984
 31
0.0
  0
LINE
  5
14A4
330
70
100
AcDbEntity
  8
Visible
100
AcDbLine
 10
330.551925
 20
349.313984
 30
0.0
 11
330.455925
 21
349.299984
 31
0.0
  0
LINE
  5
14A5
330
70
100
AcDbEntity
  8
Visible
100
AcDbLine
 10
330.650925
 20
349.321984
 30
0.0
 11
330.551925
 21
349.313984
 31
0.0
  0
LINE
  5
14A6
330
70
100
AcDbEntity
  8
Visible
100
AcDbLine
 10
330.752925
 20
349.324984
 30
0.0
 11
330.650925
 21
349.321984
 31
0.0
  0
LINE
  5
14A7
330
70
100
AcDbEntity
  8
Visible
100
AcDbLine
 10
330.885925
 20
349.320984
 30
0.0
 11
330.752925
 21
349.324984
 31
0.0
  0
LINE
  5
14A8
330
70
100
AcDbEntity
  8
Visible
100
AcDbLine
 10
331.012925
 20
349.307984
 30
0.0
 11
330.885925
 21
349.320984
 31
0.0
  0
LINE
  5
14A9
330
70
100
AcDbEntity
  8
Visible
100
AcDbLine
 10
331.133925
 20
349.285984
 30
0.0
 11
331.012925
 21
349.307984
 31
0.0
  0
LINE
  5
14AA
330
70
100
AcDbEntity
  8
Visible
100
AcDbLine
 10
331.249925
 20
349.255984
 30
0.0
 11
331.133925
 21
349.285984
 31
0.0
  0
LINE
  5
14AB
330
70
100
AcDbEntity
  8
Visible
100
AcDbLine
 10
331.359925
 20
349.217984
 30
0.0
 11
331.249925
 21
349.255984
 31
0.0
  0
LINE
  5
14AC
330
70
100
AcDbEntity
  8
Visible
100
AcDbLine
 10
331.463925
 20
349.170984
 30
0.0
 11
331.359925
 21
349.217984
 31
0.0
  0
LINE
  5
14AD
330
70
100
AcDbEntity
  8
Visible
100
AcDbLine
 10
331.562925
 20
349.114984
 30
0.0
 11
331.463925
 21
349.170984
 31
0.0
  0
LINE
  5
14AE
330
70
100
AcDbEntity
  8
Visible
100
AcDbLine
 10
331.654925
 20
349.049984
 30
0.0
 11
331.562925
 21
349.114984
 31
0.0
  0
LINE
  5
14AF
330
70
100
AcDbEntity
  8
Visible
100
AcDbLine
 10
331.742925
 20
348.977984
 30
0.0
 11
331.654925
 21
349.049984
 31
0.0
  0
LINE
  5
14B0
330
70
100
AcDbEntity
  8
Visible
100
AcDbLine
 10
331.823925
 20
348.895984
 30
0.0
 11
331.742925
 21
348.977984
 31
0.0
  0
LINE
  5
14B1
330
70
100
AcDbEntity
  8
Visible
100
AcDbLine
 10
331.898925
 20
348.805984
 30
0.0
 11
331.823925
 21
348.895984
 31
0.0
  0
LINE
  5
14B2
330
70
100
AcDbEntity
  8
Visible
100
AcDbLine
 10
331.964925
 20
348.708984
 30
0.0
 11
331.898925
 21
348.805984
 31
0.0
  0
LINE
  5
14B3
330
70
100
AcDbEntity
  8
Visible
100
AcDbLine
 10
332.023925
 20
348.602984
 30
0.0
 11
331.964925
 21
348.708984
 31
0.0
  0
LINE
  5
14B4
330
70
100
AcDbEntity
  8
Visible
100
AcDbLine
 10
332.075925
 20
348.489984
 30
0.0
 11
332.023925
 21
348.602984
 31
0.0
  0
LINE
  5
14B5
330
70
100
AcDbEntity
  8
Visible
100
AcDbLine
 10
332.118925
 20
348.368984
 30
0.0
 11
332.075925
 21
348.489984
 31
0.0
  0
LINE
  5
14B6
330
70
100
AcDbEntity
  8
Visible
100
AcDbLine
 10
332.153925
 20
348.239984
 30
0.0
 11
332.118925
 21
348.368984
 31
0.0
  0
LINE
  5
14B7
330
70
100
AcDbEntity
  8
Visible
100
AcDbLine
 10
332.181925
 20
348.102984
 30
0.0
 11
332.153925
 21
348.239984
 31
0.0
  0
LINE
  5
14B8
330
70
100
AcDbEntity
  8
Visible
100
AcDbLine
 10
332.200925
 20
347.957984
 30
0.0
 11
332.181925
 21
348.102984
 31
0.0
  0
LINE
  5
14B9
330
70
100
AcDbEntity
  8
Visible
100
AcDbLine
 10
332.212925
 20
347.804984
 30
0.0
 11
332.200925
 21
347.957984
 31
0.0
  0
LINE
  5
14BA
330
70
100
AcDbEntity
  8
Visible
100
AcDbLine
 10
332.216925
 20
347.644984
 30
0.0
 11
332.212925
 21
347.804984
 31
0.0
  0
LINE
  5
14BB
330
70
100
AcDbEntity
  8
Visible
100
AcDbLine
 10
332.216925
 20
344.272984
 30
0.0
 11
332.216925
 21
347.644984
 31
0.0
  0
LINE
  5
14BC
330
70
100
AcDbEntity
  8
Visible
100
AcDbLine
 10
333.140925
 20
344.272984
 30
0.0
 11
332.216925
 21
344.272984
 31
0.0
  0
LINE
  5
14BD
330
70
100
AcDbEntity
  8
Visible
100
AcDbLine
 10
333.140925
 20
347.644984
 30
0.0
 11
333.140925
 21
344.272984
 31
0.0
  0
LINE
  5
14BE
330
70
100
AcDbEntity
  8
Visible
100
AcDbLine
 10
333.137925
 20
347.797984
 30
0.0
 11
333.140925
 21
347.644984
 31
0.0
  0
LINE
  5
14BF
330
70
100
AcDbEntity
  8
Visible
100
AcDbLine
 10
333.130925
 20
347.945984
 30
0.0
 11
333.137925
 21
347.797984
 31
0.0
  0
LINE
  5
14C0
330
70
100
AcDbEntity
  8
Visible
100
AcDbLine
 10
333.117925
 20
348.090984
 30
0.0
 11
333.130925
 21
347.945984
 31
0.0
  0
LINE
  5
14C1
330
70
100
AcDbEntity
  8
Visible
100
AcDbLine
 10
333.099925
 20
348.230984
 30
0.0
 11
333.117925
 21
348.090984
 31
0.0
  0
LINE
  5
14C2
330
70
100
AcDbEntity
  8
Visible
100
AcDbLine
 10
333.076925
 20
348.365984
 30
0.0
 11
333.099925
 21
348.230984
 31
0.0
  0
LINE
  5
14C3
330
70
100
AcDbEntity
  8
Visible
100
AcDbLine
 10
333.047925
 20
348.497984
 30
0.0
 11
333.076925
 21
348.365984
 31
0.0
  0
LINE
  5
14C4
330
70
100
AcDbEntity
  8
Visible
100
AcDbLine
 10
333.014925
 20
348.625984
 30
0.0
 11
333.047925
 21
348.497984
 31
0.0
  0
LINE
  5
14C5
330
70
100
AcDbEntity
  8
Visible
100
AcDbLine
 10
332.975925
 20
348.748984
 30
0.0
 11
333.014925
 21
348.625984
 31
0.0
  0
LINE
  5
14C6
330
70
100
AcDbEntity
  8
Visible
100
AcDbLine
 10
332.931925
 20
348.867984
 30
0.0
 11
332.975925
 21
348.748984
 31
0.0
  0
LINE
  5
14C7
330
70
100
AcDbEntity
  8
Visible
100
AcDbLine
 10
332.882925
 20
348.982984
 30
0.0
 11
332.931925
 21
348.867984
 31
0.0
  0
LINE
  5
14C8
330
70
100
AcDbEntity
  8
Visible
100
AcDbLine
 10
332.828925
 20
349.092984
 30
0.0
 11
332.882925
 21
348.982984
 31
0.0
  0
LINE
  5
14C9
330
70
100
AcDbEntity
  8
Visible
100
AcDbLine
 10
332.770925
 20
349.197984
 30
0.0
 11
332.828925
 21
349.092984
 31
0.0
  0
LINE
  5
14CA
330
70
100
AcDbEntity
  8
Visible
100
AcDbLine
 10
332.707925
 20
349.297984
 30
0.0
 11
332.770925
 21
349.197984
 31
0.0
  0
LINE
  5
14CB
330
70
100
AcDbEntity
  8
Visible
100
AcDbLine
 10
332.640925
 20
349.391984
 30
0.0
 11
332.707925
 21
349.297984
 31
0.0
  0
LINE
  5
14CC
330
70
100
AcDbEntity
  8
Visible
100
AcDbLine
 10
332.568925
 20
349.481984
 30
0.0
 11
332.640925
 21
349.391984
 31
0.0
  0
LINE
  5
14CD
330
70
100
AcDbEntity
  8
Visible
100
AcDbLine
 10
332.491925
 20
349.565984
 30
0.0
 11
332.568925
 21
349.481984
 31
0.0
  0
LINE
  5
14CE
330
70
100
AcDbEntity
  8
Visible
100
AcDbLine
 10
332.411925
 20
349.644984
 30
0.0
 11
332.491925
 21
349.565984
 31
0.0
  0
LINE
  5
14CF
330
70
100
AcDbEntity
  8
Visible
100
AcDbLine
 10
332.325925
 20
349.717984
 30
0.0
 11
332.411925
 21
349.644984
 31
0.0
  0
LINE
  5
14D0
330
70
100
AcDbEntity
  8
Visible
100
AcDbLine
 10
332.235925
 20
349.786984
 30
0.0
 11
332.325925
 21
349.717984
 31
0.0
  0
LINE
  5
14D1
330
70
100
AcDbEntity
  8
Visible
100
AcDbLine
 10
332.141925
 20
349.849984
 30
0.0
 11
332.235925
 21
349.786984
 31
0.0
  0
LINE
  5
14D2
330
70
100
AcDbEntity
  8
Visible
100
AcDbLine
 10
332.042925
 20
349.907984
 30
0.0
 11
332.141925
 21
349.849984
 31
0.0
  0
LINE
  5
14D3
330
70
100
AcDbEntity
  8
Visible
100
AcDbLine
 10
331.940925
 20
349.958984
 30
0.0
 11
332.042925
 21
349.907984
 31
0.0
  0
LINE
  5
14D4
330
70
100
AcDbEntity
  8
Visible
100
AcDbLine
 10
331.834925
 20
350.004984
 30
0.0
 11
331.940925
 21
349.958984
 31
0.0
  0
LINE
  5
14D5
330
70
100
AcDbEntity
  8
Visible
100
AcDbLine
 10
331.723925
 20
350.043984
 30
0.0
 11
331.834925
 21
350.004984
 31
0.0
  0
LINE
  5
14D6
330
70
100
AcDbEntity
  8
Visible
100
AcDbLine
 10
331.609925
 20
350.076984
 30
0.0
 11
331.723925
 21
350.043984
 31
0.0
  0
LINE
  5
14D7
330
70
100
AcDbEntity
  8
Visible
100
AcDbLine
 10
331.491925
 20
350.104984
 30
0.0
 11
331.609925
 21
350.076984
 31
0.0
  0
LINE
  5
14D8
330
70
100
AcDbEntity
  8
Visible
100
AcDbLine
 10
331.369925
 20
350.125984
 30
0.0
 11
331.491925
 21
350.104984
 31
0.0
  0
LINE
  5
14D9
330
70
100
AcDbEntity
  8
Visible
100
AcDbLine
 10
331.243925
 20
350.140984
 30
0.0
 11
331.369925
 21
350.125984
 31
0.0
  0
LINE
  5
14DA
330
70
100
AcDbEntity
  8
Visible
100
AcDbLine
 10
331.114925
 20
350.149984
 30
0.0
 11
331.243925
 21
350.140984
 31
0.0
  0
LINE
  5
14DB
330
70
100
AcDbEntity
  8
Visible
100
AcDbLine
 10
330.980925
 20
350.152984
 30
0.0
 11
331.114925
 21
350.149984
 31
0.0
  0
LINE
  5
14DC
330
70
100
AcDbEntity
  8
Visible
100
AcDbLine
 10
330.837925
 20
350.148984
 30
0.0
 11
330.980925
 21
350.152984
 31
0.0
  0
LINE
  5
14DD
330
70
100
AcDbEntity
  8
Visible
100
AcDbLine
 10
330.698925
 20
350.137984
 30
0.0
 11
330.837925
 21
350.148984
 31
0.0
  0
LINE
  5
14DE
330
70
100
AcDbEntity
  8
Visible
100
AcDbLine
 10
330.564925
 20
350.118984
 30
0.0
 11
330.698925
 21
350.137984
 31
0.0
  0
LINE
  5
14DF
330
70
100
AcDbEntity
  8
Visible
100
AcDbLine
 10
330.434925
 20
350.092984
 30
0.0
 11
330.564925
 21
350.118984
 31
0.0
  0
LINE
  5
14E0
330
70
100
AcDbEntity
  8
Visible
100
AcDbLine
 10
330.309925
 20
350.058984
 30
0.0
 11
330.434925
 21
350.092984
 31
0.0
  0
LINE
  5
14E1
330
70
100
AcDbEntity
  8
Visible
100
AcDbLine
 10
330.188925
 20
350.017984
 30
0.0
 11
330.309925
 21
350.058984
 31
0.0
  0
LINE
  5
14E2
330
70
100
AcDbEntity
  8
Visible
100
AcDbLine
 10
330.071925
 20
349.968984
 30
0.0
 11
330.188925
 21
350.017984
 31
0.0
  0
LINE
  5
14E3
330
70
100
AcDbEntity
  8
Visible
100
AcDbLine
 10
329.959925
 20
349.912984
 30
0.0
 11
330.071925
 21
349.968984
 31
0.0
  0
LINE
  5
14E4
330
70
100
AcDbEntity
  8
Visible
100
AcDbLine
 10
329.851925
 20
349.848984
 30
0.0
 11
329.959925
 21
349.912984
 31
0.0
  0
LINE
  5
14E5
330
70
100
AcDbEntity
  8
Visible
100
AcDbLine
 10
329.747925
 20
349.777984
 30
0.0
 11
329.851925
 21
349.848984
 31
0.0
  0
LINE
  5
14E6
330
70
100
AcDbEntity
  8
Visible
100
AcDbLine
 10
329.648925
 20
349.699984
 30
0.0
 11
329.747925
 21
349.777984
 31
0.0
  0
LINE
  5
14E7
330
70
100
AcDbEntity
  8
Visible
100
AcDbLine
 10
329.554925
 20
349.614984
 30
0.0
 11
329.648925
 21
349.699984
 31
0.0
  0
LINE
  5
14E8
330
70
100
AcDbEntity
  8
Visible
100
AcDbLine
 10
329.465925
 20
349.522984
 30
0.0
 11
329.554925
 21
349.614984
 31
0.0
  0
LINE
  5
14E9
330
70
100
AcDbEntity
  8
Visible
100
AcDbLine
 10
329.380925
 20
349.424984
 30
0.0
 11
329.465925
 21
349.522984
 31
0.0
  0
LINE
  5
14EA
330
70
100
AcDbEntity
  8
Visible
100
AcDbLine
 10
329.301925
 20
349.319984
 30
0.0
 11
329.380925
 21
349.424984
 31
0.0
  0
LINE
  5
14EB
330
70
100
AcDbEntity
  8
Visible
100
AcDbLine
 10
329.226925
 20
349.207984
 30
0.0
 11
329.301925
 21
349.319984
 31
0.0
  0
LINE
  5
14EC
330
70
100
AcDbEntity
  8
Visible
100
AcDbLine
 10
329.156925
 20
349.089984
 30
0.0
 11
329.226925
 21
349.207984
 31
0.0
  0
LINE
  5
14ED
330
70
100
AcDbEntity
  8
Visible
100
AcDbLine
 10
329.091925
 20
348.964984
 30
0.0
 11
329.156925
 21
349.089984
 31
0.0
  0
LINE
  5
14EE
330
70
100
AcDbEntity
  8
Visible
100
AcDbLine
 10
329.053728
 20
348.880951
 30
0.0
 11
329.091925
 21
348.964984
 31
0.0
  0
LINE
  5
14EF
330
70
100
AcDbEntity
  8
Visible
100
AcDbLine
 10
328.940925
 20
350.008984
 30
0.0
 11
329.053728
 21
348.880951
 31
0.0
  0
LINE
  5
14F0
330
70
100
AcDbEntity
  8
Visible
100
AcDbLine
 10
328.136925
 20
350.008984
 30
0.0
 11
328.940925
 21
350.008984
 31
0.0
  0
LINE
  5
14F1
330
70
100
AcDbEntity
  8
Visible
100
AcDbLine
 10
328.136925
 20
344.272984
 30
0.0
 11
328.136925
 21
350.008984
 31
0.0
  0
LINE
  5
14F2
330
70
100
AcDbEntity
  8
Visible
100
AcDbLine
 10
329.072925
 20
344.272984
 30
0.0
 11
328.136925
 21
344.272984
 31
0.0
  0
LINE
  5
14F3
330
70
100
AcDbEntity
  8
Visible
100
AcDbLine
 10
329.072925
 20
346.984984
 30
0.0
 11
329.072925
 21
344.272984
 31
0.0
  0
LINE
  5
14F4
330
70
100
AcDbEntity
  8
Visible
100
AcDbLine
 10
323.955925
 20
344.142984
 30
0.0
 11
323.806925
 21
344.131984
 31
0.0
  0
LINE
  5
14F5
330
70
100
AcDbEntity
  8
Visible
100
AcDbLine
 10
324.100925
 20
344.159984
 30
0.0
 11
323.955925
 21
344.142984
 31
0.0
  0
LINE
  5
14F6
330
70
100
AcDbEntity
  8
Visible
100
AcDbLine
 10
324.242925
 20
344.183984
 30
0.0
 11
324.100925
 21
344.159984
 31
0.0
  0
LINE
  5
14F7
330
70
100
AcDbEntity
  8
Visible
100
AcDbLine
 10
324.381925
 20
344.213984
 30
0.0
 11
324.242925
 21
344.183984
 31
0.0
  0
LINE
  5
14F8
330
70
100
AcDbEntity
  8
Visible
100
AcDbLine
 10
324.516925
 20
344.251984
 30
0.0
 11
324.381925
 21
344.213984
 31
0.0
  0
LINE
  5
14F9
330
70
100
AcDbEntity
  8
Visible
100
AcDbLine
 10
324.648925
 20
344.296984
 30
0.0
 11
324.516925
 21
344.251984
 31
0.0
  0
LINE
  5
14FA
330
70
100
AcDbEntity
  8
Visible
100
AcDbLine
 10
324.777925
 20
344.347984
 30
0.0
 11
324.648925
 21
344.296984
 31
0.0
  0
LINE
  5
14FB
330
70
100
AcDbEntity
  8
Visible
100
AcDbLine
 10
324.903925
 20
344.405984
 30
0.0
 11
324.777925
 21
344.347984
 31
0.0
  0
LINE
  5
14FC
330
70
100
AcDbEntity
  8
Visible
100
AcDbLine
 10
325.025925
 20
344.470984
 30
0.0
 11
324.903925
 21
344.405984
 31
0.0
  0
LINE
  5
14FD
330
70
100
AcDbEntity
  8
Visible
100
AcDbLine
 10
325.143925
 20
344.542984
 30
0.0
 11
325.025925
 21
344.470984
 31
0.0
  0
LINE
  5
14FE
330
70
100
AcDbEntity
  8
Visible
100
AcDbLine
 10
325.256925
 20
344.620984
 30
0.0
 11
325.143925
 21
344.542984
 31
0.0
  0
LINE
  5
14FF
330
70
100
AcDbEntity
  8
Visible
100
AcDbLine
 10
325.364925
 20
344.705984
 30
0.0
 11
325.256925
 21
344.620984
 31
0.0
  0
LINE
  5
1500
330
70
100
AcDbEntity
  8
Visible
100
AcDbLine
 10
325.466925
 20
344.796984
 30
0.0
 11
325.364925
 21
344.705984
 31
0.0
  0
LINE
  5
1501
330
70
100
AcDbEntity
  8
Visible
100
AcDbLine
 10
325.564925
 20
344.894984
 30
0.0
 11
325.466925
 21
344.796984
 31
0.0
  0
LINE
  5
1502
330
70
100
AcDbEntity
  8
Visible
100
AcDbLine
 10
325.656925
 20
344.999984
 30
0.0
 11
325.564925
 21
344.894984
 31
0.0
  0
LINE
  5
1503
330
70
100
AcDbEntity
  8
Visible
100
AcDbLine
 10
325.743925
 20
345.110984
 30
0.0
 11
325.656925
 21
344.999984
 31
0.0
  0
LINE
  5
1504
330
70
100
AcDbEntity
  8
Visible
100
AcDbLine
 10
325.825925
 20
345.228984
 30
0.0
 11
325.743925
 21
345.110984
 31
0.0
  0
LINE
  5
1505
330
70
100
AcDbEntity
  8
Visible
100
AcDbLine
 10
325.901925
 20
345.353984
 30
0.0
 11
325.825925
 21
345.228984
 31
0.0
  0
LINE
  5
1506
330
70
100
AcDbEntity
  8
Visible
100
AcDbLine
 10
325.973925
 20
345.484984
 30
0.0
 11
325.901925
 21
345.353984
 31
0.0
  0
LINE
  5
1507
330
70
100
AcDbEntity
  8
Visible
100
AcDbLine
 10
326.039925
 20
345.622984
 30
0.0
 11
325.973925
 21
345.484984
 31
0.0
  0
LINE
  5
1508
330
70
100
AcDbEntity
  8
Visible
100
AcDbLine
 10
326.097925
 20
345.765984
 30
0.0
 11
326.039925
 21
345.622984
 31
0.0
  0
LINE
  5
1509
330
70
100
AcDbEntity
  8
Visible
100
AcDbLine
 10
326.149925
 20
345.915984
 30
0.0
 11
326.097925
 21
345.765984
 31
0.0
  0
LINE
  5
150A
330
70
100
AcDbEntity
  8
Visible
100
AcDbLine
 10
326.194925
 20
346.072984
 30
0.0
 11
326.149925
 21
345.915984
 31
0.0
  0
LINE
  5
150B
330
70
100
AcDbEntity
  8
Visible
100
AcDbLine
 10
326.232925
 20
346.234984
 30
0.0
 11
326.194925
 21
346.072984
 31
0.0
  0
LINE
  5
150C
330
70
100
AcDbEntity
  8
Visible
100
AcDbLine
 10
326.263925
 20
346.403984
 30
0.0
 11
326.232925
 21
346.234984
 31
0.0
  0
LINE
  5
150D
330
70
100
AcDbEntity
  8
Visible
100
AcDbLine
 10
326.287925
 20
346.578984
 30
0.0
 11
326.263925
 21
346.403984
 31
0.0
  0
LINE
  5
150E
330
70
100
AcDbEntity
  8
Visible
100
AcDbLine
 10
326.304925
 20
346.759984
 30
0.0
 11
326.287925
 21
346.578984
 31
0.0
  0
LINE
  5
150F
330
70
100
AcDbEntity
  8
Visible
100
AcDbLine
 10
326.315925
 20
346.946984
 30
0.0
 11
326.304925
 21
346.759984
 31
0.0
  0
LINE
  5
1510
330
70
100
AcDbEntity
  8
Visible
100
AcDbLine
 10
326.318925
 20
347.140984
 30
0.0
 11
326.315925
 21
346.946984
 31
0.0
  0
LINE
  5
1511
330
70
100
AcDbEntity
  8
Visible
100
AcDbLine
 10
326.315925
 20
347.335984
 30
0.0
 11
326.318925
 21
347.140984
 31
0.0
  0
LINE
  5
1512
330
70
100
AcDbEntity
  8
Visible
100
AcDbLine
 10
326.304925
 20
347.523984
 30
0.0
 11
326.315925
 21
347.335984
 31
0.0
  0
LINE
  5
1513
330
70
100
AcDbEntity
  8
Visible
100
AcDbLine
 10
326.287925
 20
347.705984
 30
0.0
 11
326.304925
 21
347.523984
 31
0.0
  0
LINE
  5
1514
330
70
100
AcDbEntity
  8
Visible
100
AcDbLine
 10
326.263925
 20
347.881984
 30
0.0
 11
326.287925
 21
347.705984
 31
0.0
  0
LINE
  5
1515
330
70
100
AcDbEntity
  8
Visible
100
AcDbLine
 10
326.232925
 20
348.050984
 30
0.0
 11
326.263925
 21
347.881984
 31
0.0
  0
LINE
  5
1516
330
70
100
AcDbEntity
  8
Visible
100
AcDbLine
 10
326.194925
 20
348.212984
 30
0.0
 11
326.232925
 21
348.050984
 31
0.0
  0
LINE
  5
1517
330
70
100
AcDbEntity
  8
Visible
100
AcDbLine
 10
326.149925
 20
348.369984
 30
0.0
 11
326.194925
 21
348.212984
 31
0.0
  0
LINE
  5
1518
330
70
100
AcDbEntity
  8
Visible
100
AcDbLine
 10
326.097925
 20
348.519984
 30
0.0
 11
326.149925
 21
348.369984
 31
0.0
  0
LINE
  5
1519
330
70
100
AcDbEntity
  8
Visible
100
AcDbLine
 10
326.039925
 20
348.662984
 30
0.0
 11
326.097925
 21
348.519984
 31
0.0
  0
LINE
  5
151A
330
70
100
AcDbEntity
  8
Visible
100
AcDbLine
 10
325.973925
 20
348.799984
 30
0.0
 11
326.039925
 21
348.662984
 31
0.0
  0
LINE
  5
151B
330
70
100
AcDbEntity
  8
Visible
100
AcDbLine
 10
325.901925
 20
348.930984
 30
0.0
 11
325.973925
 21
348.799984
 31
0.0
  0
LINE
  5
151C
330
70
100
AcDbEntity
  8
Visible
100
AcDbLine
 10
325.825925
 20
349.054984
 30
0.0
 11
325.901925
 21
348.930984
 31
0.0
  0
LINE
  5
151D
330
70
100
AcDbEntity
  8
Visible
100
AcDbLine
 10
325.743925
 20
349.171984
 30
0.0
 11
325.825925
 21
349.054984
 31
0.0
  0
LINE
  5
151E
330
70
100
AcDbEntity
  8
Visible
100
AcDbLine
 10
325.656925
 20
349.282984
 30
0.0
 11
325.743925
 21
349.171984
 31
0.0
  0
LINE
  5
151F
330
70
100
AcDbEntity
  8
Visible
100
AcDbLine
 10
325.564925
 20
349.386984
 30
0.0
 11
325.656925
 21
349.282984
 31
0.0
  0
LINE
  5
1520
330
70
100
AcDbEntity
  8
Visible
100
AcDbLine
 10
325.466925
 20
349.484984
 30
0.0
 11
325.564925
 21
349.386984
 31
0.0
  0
LINE
  5
1521
330
70
100
AcDbEntity
  8
Visible
100
AcDbLine
 10
325.364925
 20
349.575984
 30
0.0
 11
325.466925
 21
349.484984
 31
0.0
  0
LINE
  5
1522
330
70
100
AcDbEntity
  8
Visible
100
AcDbLine
 10
325.256925
 20
349.660984
 30
0.0
 11
325.364925
 21
349.575984
 31
0.0
  0
LINE
  5
1523
330
70
100
AcDbEntity
  8
Visible
100
AcDbLine
 10
325.143925
 20
349.738984
 30
0.0
 11
325.256925
 21
349.660984
 31
0.0
  0
LINE
  5
1524
330
70
100
AcDbEntity
  8
Visible
100
AcDbLine
 10
325.025925
 20
349.810984
 30
0.0
 11
325.143925
 21
349.738984
 31
0.0
  0
LINE
  5
1525
330
70
100
AcDbEntity
  8
Visible
100
AcDbLine
 10
324.903925
 20
349.875984
 30
0.0
 11
325.025925
 21
349.810984
 31
0.0
  0
LINE
  5
1526
330
70
100
AcDbEntity
  8
Visible
100
AcDbLine
 10
324.777925
 20
349.933984
 30
0.0
 11
324.903925
 21
349.875984
 31
0.0
  0
LINE
  5
1527
330
70
100
AcDbEntity
  8
Visible
100
AcDbLine
 10
324.648925
 20
349.984984
 30
0.0
 11
324.777925
 21
349.933984
 31
0.0
  0
LINE
  5
1528
330
70
100
AcDbEntity
  8
Visible
100
AcDbLine
 10
324.516925
 20
350.029984
 30
0.0
 11
324.648925
 21
349.984984
 31
0.0
  0
LINE
  5
1529
330
70
100
AcDbEntity
  8
Visible
100
AcDbLine
 10
324.381925
 20
350.066984
 30
0.0
 11
324.516925
 21
350.029984
 31
0.0
  0
LINE
  5
152A
330
70
100
AcDbEntity
  8
Visible
100
AcDbLine
 10
324.242925
 20
350.097984
 30
0.0
 11
324.381925
 21
350.066984
 31
0.0
  0
LINE
  5
152B
330
70
100
AcDbEntity
  8
Visible
100
AcDbLine
 10
324.100925
 20
350.121984
 30
0.0
 11
324.242925
 21
350.097984
 31
0.0
  0
LINE
  5
152C
330
70
100
AcDbEntity
  8
Visible
100
AcDbLine
 10
323.955925
 20
350.138984
 30
0.0
 11
324.100925
 21
350.121984
 31
0.0
  0
LINE
  5
152D
330
70
100
AcDbEntity
  8
Visible
100
AcDbLine
 10
323.806925
 20
350.149984
 30
0.0
 11
323.955925
 21
350.138984
 31
0.0
  0
LINE
  5
152E
330
70
100
AcDbEntity
  8
Visible
100
AcDbLine
 10
323.654925
 20
350.152984
 30
0.0
 11
323.806925
 21
350.149984
 31
0.0
  0
LINE
  5
152F
330
70
100
AcDbEntity
  8
Visible
100
AcDbLine
 10
323.501925
 20
350.149984
 30
0.0
 11
323.654925
 21
350.152984
 31
0.0
  0
LINE
  5
1530
330
70
100
AcDbEntity
  8
Visible
100
AcDbLine
 10
323.351925
 20
350.138984
 30
0.0
 11
323.501925
 21
350.149984
 31
0.0
  0
LINE
  5
1531
330
70
100
AcDbEntity
  8
Visible
100
AcDbLine
 10
323.205925
 20
350.121984
 30
0.0
 11
323.351925
 21
350.138984
 31
0.0
  0
LINE
  5
1532
330
70
100
AcDbEntity
  8
Visible
100
AcDbLine
 10
323.062925
 20
350.097984
 30
0.0
 11
323.205925
 21
350.121984
 31
0.0
  0
LINE
  5
1533
330
70
100
AcDbEntity
  8
Visible
100
AcDbLine
 10
322.923925
 20
350.066984
 30
0.0
 11
323.062925
 21
350.097984
 31
0.0
  0
LINE
  5
1534
330
70
100
AcDbEntity
  8
Visible
100
AcDbLine
 10
322.787925
 20
350.029984
 30
0.0
 11
322.923925
 21
350.066984
 31
0.0
  0
LINE
  5
1535
330
70
100
AcDbEntity
  8
Visible
100
AcDbLine
 10
322.654925
 20
349.984984
 30
0.0
 11
322.787925
 21
350.029984
 31
0.0
  0
LINE
  5
1536
330
70
100
AcDbEntity
  8
Visible
100
AcDbLine
 10
322.525925
 20
349.933984
 30
0.0
 11
322.654925
 21
349.984984
 31
0.0
  0
LINE
  5
1537
330
70
100
AcDbEntity
  8
Visible
100
AcDbLine
 10
322.399925
 20
349.875984
 30
0.0
 11
322.525925
 21
349.933984
 31
0.0
  0
LINE
  5
1538
330
70
100
AcDbEntity
  8
Visible
100
AcDbLine
 10
322.277925
 20
349.810984
 30
0.0
 11
322.399925
 21
349.875984
 31
0.0
  0
LINE
  5
1539
330
70
100
AcDbEntity
  8
Visible
100
AcDbLine
 10
322.159925
 20
349.738984
 30
0.0
 11
322.277925
 21
349.810984
 31
0.0
  0
LINE
  5
153A
330
70
100
AcDbEntity
  8
Visible
100
AcDbLine
 10
322.046925
 20
349.660984
 30
0.0
 11
322.159925
 21
349.738984
 31
0.0
  0
LINE
  5
153B
330
70
100
AcDbEntity
  8
Visible
100
AcDbLine
 10
321.938925
 20
349.575984
 30
0.0
 11
322.046925
 21
349.660984
 31
0.0
  0
LINE
  5
153C
330
70
100
AcDbEntity
  8
Visible
100
AcDbLine
 10
321.835925
 20
349.484984
 30
0.0
 11
321.938925
 21
349.575984
 31
0.0
  0
LINE
  5
153D
330
70
100
AcDbEntity
  8
Visible
100
AcDbLine
 10
321.738925
 20
349.386984
 30
0.0
 11
321.835925
 21
349.484984
 31
0.0
  0
LINE
  5
153E
330
70
100
AcDbEntity
  8
Visible
100
AcDbLine
 10
321.645925
 20
349.282984
 30
0.0
 11
321.738925
 21
349.386984
 31
0.0
  0
LINE
  5
153F
330
70
100
AcDbEntity
  8
Visible
100
AcDbLine
 10
321.558925
 20
349.171984
 30
0.0
 11
321.645925
 21
349.282984
 31
0.0
  0
LINE
  5
1540
330
70
100
AcDbEntity
  8
Visible
100
AcDbLine
 10
321.475925
 20
349.054984
 30
0.0
 11
321.558925
 21
349.171984
 31
0.0
  0
LINE
  5
1541
330
70
100
AcDbEntity
  8
Visible
100
AcDbLine
 10
321.398925
 20
348.930984
 30
0.0
 11
321.475925
 21
349.054984
 31
0.0
  0
LINE
  5
1542
330
70
100
AcDbEntity
  8
Visible
100
AcDbLine
 10
321.326925
 20
348.799984
 30
0.0
 11
321.398925
 21
348.930984
 31
0.0
  0
LINE
  5
1543
330
70
100
AcDbEntity
  8
Visible
100
AcDbLine
 10
321.260925
 20
348.662984
 30
0.0
 11
321.326925
 21
348.799984
 31
0.0
  0
LINE
  5
1544
330
70
100
AcDbEntity
  8
Visible
100
AcDbLine
 10
321.201925
 20
348.519984
 30
0.0
 11
321.260925
 21
348.662984
 31
0.0
  0
LINE
  5
1545
330
70
100
AcDbEntity
  8
Visible
100
AcDbLine
 10
321.149925
 20
348.369984
 30
0.0
 11
321.201925
 21
348.519984
 31
0.0
  0
LINE
  5
1546
330
70
100
AcDbEntity
  8
Visible
100
AcDbLine
 10
321.103925
 20
348.212984
 30
0.0
 11
321.149925
 21
348.369984
 31
0.0
  0
LINE
  5
1547
330
70
100
AcDbEntity
  8
Visible
100
AcDbLine
 10
321.065925
 20
348.050984
 30
0.0
 11
321.103925
 21
348.212984
 31
0.0
  0
LINE
  5
1548
330
70
100
AcDbEntity
  8
Visible
100
AcDbLine
 10
321.034925
 20
347.881984
 30
0.0
 11
321.065925
 21
348.050984
 31
0.0
  0
LINE
  5
1549
330
70
100
AcDbEntity
  8
Visible
100
AcDbLine
 10
321.009925
 20
347.705984
 30
0.0
 11
321.034925
 21
347.881984
 31
0.0
  0
LINE
  5
154A
330
70
100
AcDbEntity
  8
Visible
100
AcDbLine
 10
320.992925
 20
347.523984
 30
0.0
 11
321.009925
 21
347.705984
 31
0.0
  0
LINE
  5
154B
330
70
100
AcDbEntity
  8
Visible
100
AcDbLine
 10
320.981925
 20
347.335984
 30
0.0
 11
320.992925
 21
347.523984
 31
0.0
  0
LINE
  5
154C
330
70
100
AcDbEntity
  8
Visible
100
AcDbLine
 10
320.978925
 20
347.140984
 30
0.0
 11
320.981925
 21
347.335984
 31
0.0
  0
LINE
  5
154D
330
70
100
AcDbEntity
  8
Visible
100
AcDbLine
 10
320.981925
 20
346.946984
 30
0.0
 11
320.978925
 21
347.140984
 31
0.0
  0
LINE
  5
154E
330
70
100
AcDbEntity
  8
Visible
100
AcDbLine
 10
320.992925
 20
346.759984
 30
0.0
 11
320.981925
 21
346.946984
 31
0.0
  0
LINE
  5
154F
330
70
100
AcDbEntity
  8
Visible
100
AcDbLine
 10
321.009925
 20
346.578984
 30
0.0
 11
320.992925
 21
346.759984
 31
0.0
  0
LINE
  5
1550
330
70
100
AcDbEntity
  8
Visible
100
AcDbLine
 10
321.034925
 20
346.403984
 30
0.0
 11
321.009925
 21
346.578984
 31
0.0
  0
LINE
  5
1551
330
70
100
AcDbEntity
  8
Visible
100
AcDbLine
 10
321.065925
 20
346.234984
 30
0.0
 11
321.034925
 21
346.403984
 31
0.0
  0
LINE
  5
1552
330
70
100
AcDbEntity
  8
Visible
100
AcDbLine
 10
321.103925
 20
346.072984
 30
0.0
 11
321.065925
 21
346.234984
 31
0.0
  0
LINE
  5
1553
330
70
100
AcDbEntity
  8
Visible
100
AcDbLine
 10
321.149925
 20
345.915984
 30
0.0
 11
321.103925
 21
346.072984
 31
0.0
  0
LINE
  5
1554
330
70
100
AcDbEntity
  8
Visible
100
AcDbLine
 10
321.201925
 20
345.765984
 30
0.0
 11
321.149925
 21
345.915984
 31
0.0
  0
LINE
  5
1555
330
70
100
AcDbEntity
  8
Visible
100
AcDbLine
 10
321.260925
 20
345.622984
 30
0.0
 11
321.201925
 21
345.765984
 31
0.0
  0
LINE
  5
1556
330
70
100
AcDbEntity
  8
Visible
100
AcDbLine
 10
321.326925
 20
345.484984
 30
0.0
 11
321.260925
 21
345.622984
 31
0.0
  0
LINE
  5
1557
330
70
100
AcDbEntity
  8
Visible
100
AcDbLine
 10
321.398925
 20
345.353984
 30
0.0
 11
321.326925
 21
345.484984
 31
0.0
  0
LINE
  5
1558
330
70
100
AcDbEntity
  8
Visible
100
AcDbLine
 10
321.475925
 20
345.228984
 30
0.0
 11
321.398925
 21
345.353984
 31
0.0
  0
LINE
  5
1559
330
70
100
AcDbEntity
  8
Visible
100
AcDbLine
 10
321.558925
 20
345.110984
 30
0.0
 11
321.475925
 21
345.228984
 31
0.0
  0
LINE
  5
155A
330
70
100
AcDbEntity
  8
Visible
100
AcDbLine
 10
321.645925
 20
344.999984
 30
0.0
 11
321.558925
 21
345.110984
 31
0.0
  0
LINE
  5
155B
330
70
100
AcDbEntity
  8
Visible
100
AcDbLine
 10
321.738925
 20
344.894984
 30
0.0
 11
321.645925
 21
344.999984
 31
0.0
  0
LINE
  5
155C
330
70
100
AcDbEntity
  8
Visible
100
AcDbLine
 10
321.835925
 20
344.796984
 30
0.0
 11
321.738925
 21
344.894984
 31
0.0
  0
LINE
  5
155D
330
70
100
AcDbEntity
  8
Visible
100
AcDbLine
 10
321.938925
 20
344.705984
 30
0.0
 11
321.835925
 21
344.796984
 31
0.0
  0
LINE
  5
155E
330
70
100
AcDbEntity
  8
Visible
100
AcDbLine
 10
322.046925
 20
344.620984
 30
0.0
 11
321.938925
 21
344.705984
 31
0.0
  0
LINE
  5
155F
330
70
100
AcDbEntity
  8
Visible
100
AcDbLine
 10
322.159925
 20
344.542984
 30
0.0
 11
322.046925
 21
344.620984
 31
0.0
  0
LINE
  5
1560
330
70
100
AcDbEntity
  8
Visible
100
AcDbLine
 10
322.277925
 20
344.470984
 30
0.0
 11
322.159925
 21
344.542984
 31
0.0
  0
LINE
  5
1561
330
70
100
AcDbEntity
  8
Visible
100
AcDbLine
 10
322.399925
 20
344.405984
 30
0.0
 11
322.277925
 21
344.470984
 31
0.0
  0
LINE
  5
1562
330
70
100
AcDbEntity
  8
Visible
100
AcDbLine
 10
322.525925
 20
344.347984
 30
0.0
 11
322.399925
 21
344.405984
 31
0.0
  0
LINE
  5
1563
330
70
100
AcDbEntity
  8
Visible
100
AcDbLine
 10
322.654925
 20
344.296984
 30
0.0
 11
322.525925
 21
344.347984
 31
0.0
  0
LINE
  5
1564
330
70
100
AcDbEntity
  8
Visible
100
AcDbLine
 10
322.787925
 20
344.251984
 30
0.0
 11
322.654925
 21
344.296984
 31
0.0
  0
LINE
  5
1565
330
70
100
AcDbEntity
  8
Visible
100
AcDbLine
 10
322.923925
 20
344.213984
 30
0.0
 11
322.787925
 21
344.251984
 31
0.0
  0
LINE
  5
1566
330
70
100
AcDbEntity
  8
Visible
100
AcDbLine
 10
323.062925
 20
344.183984
 30
0.0
 11
322.923925
 21
344.213984
 31
0.0
  0
LINE
  5
1567
330
70
100
AcDbEntity
  8
Visible
100
AcDbLine
 10
323.205925
 20
344.159984
 30
0.0
 11
323.062925
 21
344.183984
 31
0.0
  0
LINE
  5
1568
330
70
100
AcDbEntity
  8
Visible
100
AcDbLine
 10
323.351925
 20
344.142984
 30
0.0
 11
323.205925
 21
344.159984
 31
0.0
  0
LINE
  5
1569
330
70
100
AcDbEntity
  8
Visible
100
AcDbLine
 10
323.501925
 20
344.131984
 30
0.0
 11
323.351925
 21
344.142984
 31
0.0
  0
LINE
  5
156A
330
70
100
AcDbEntity
  8
Visible
100
AcDbLine
 10
323.654925
 20
344.128984
 30
0.0
 11
323.501925
 21
344.131984
 31
0.0
  0
LINE
  5
156B
330
70
100
AcDbEntity
  8
Visible
100
AcDbLine
 10
323.806925
 20
344.131984
 30
0.0
 11
323.654925
 21
344.128984
 31
0.0
  0
LINE
  5
156C
330
70
100
AcDbEntity
  8
Visible
100
AcDbLine
 10
318.176925
 20
346.864984
 30
0.0
 11
318.176925
 21
344.272984
 31
0.0
  0
LINE
  5
156D
330
70
100
AcDbEntity
  8
Visible
100
AcDbLine
 10
318.177925
 20
347.005984
 30
0.0
 11
318.176925
 21
346.864984
 31
0.0
  0
LINE
  5
156E
330
70
100
AcDbEntity
  8
Visible
100
AcDbLine
 10
318.182925
 20
347.142984
 30
0.0
 11
318.177925
 21
347.005984
 31
0.0
  0
LINE
  5
156F
330
70
100
AcDbEntity
  8
Visible
100
AcDbLine
 10
318.189925
 20
347.276984
 30
0.0
 11
318.182925
 21
347.142984
 31
0.0
  0
LINE
  5
1570
330
70
100
AcDbEntity
  8
Visible
100
AcDbLine
 10
318.199925
 20
347.405984
 30
0.0
 11
318.189925
 21
347.276984
 31
0.0
  0
LINE
  5
1571
330
70
100
AcDbEntity
  8
Visible
100
AcDbLine
 10
318.211925
 20
347.531984
 30
0.0
 11
318.199925
 21
347.405984
 31
0.0
  0
LINE
  5
1572
330
70
100
AcDbEntity
  8
Visible
100
AcDbLine
 10
318.227925
 20
347.654984
 30
0.0
 11
318.211925
 21
347.531984
 31
0.0
  0
LINE
  5
1573
330
70
100
AcDbEntity
  8
Visible
100
AcDbLine
 10
318.245925
 20
347.772984
 30
0.0
 11
318.227925
 21
347.654984
 31
0.0
  0
LINE
  5
1574
330
70
100
AcDbEntity
  8
Visible
100
AcDbLine
 10
318.266925
 20
347.887984
 30
0.0
 11
318.245925
 21
347.772984
 31
0.0
  0
LINE
  5
1575
330
70
100
AcDbEntity
  8
Visible
100
AcDbLine
 10
318.290925
 20
347.999984
 30
0.0
 11
318.266925
 21
347.887984
 31
0.0
  0
LINE
  5
1576
330
70
100
AcDbEntity
  8
Visible
100
AcDbLine
 10
318.317925
 20
348.106984
 30
0.0
 11
318.290925
 21
347.999984
 31
0.0
  0
LINE
  5
1577
330
70
100
AcDbEntity
  8
Visible
100
AcDbLine
 10
318.347925
 20
348.209984
 30
0.0
 11
318.317925
 21
348.106984
 31
0.0
  0
LINE
  5
1578
330
70
100
AcDbEntity
  8
Visible
100
AcDbLine
 10
318.380925
 20
348.308984
 30
0.0
 11
318.347925
 21
348.209984
 31
0.0
  0
LINE
  5
1579
330
70
100
AcDbEntity
  8
Visible
100
AcDbLine
 10
318.417925
 20
348.401984
 30
0.0
 11
318.380925
 21
348.308984
 31
0.0
  0
LINE
  5
157A
330
70
100
AcDbEntity
  8
Visible
100
AcDbLine
 10
318.457925
 20
348.490984
 30
0.0
 11
318.417925
 21
348.401984
 31
0.0
  0
LINE
  5
157B
330
70
100
AcDbEntity
  8
Visible
100
AcDbLine
 10
318.501925
 20
348.575984
 30
0.0
 11
318.457925
 21
348.490984
 31
0.0
  0
LINE
  5
157C
330
70
100
AcDbEntity
  8
Visible
100
AcDbLine
 10
318.548925
 20
348.654984
 30
0.0
 11
318.501925
 21
348.575984
 31
0.0
  0
LINE
  5
157D
330
70
100
AcDbEntity
  8
Visible
100
AcDbLine
 10
318.598925
 20
348.729984
 30
0.0
 11
318.548925
 21
348.654984
 31
0.0
  0
LINE
  5
157E
330
70
100
AcDbEntity
  8
Visible
100
AcDbLine
 10
318.652925
 20
348.799984
 30
0.0
 11
318.598925
 21
348.729984
 31
0.0
  0
LINE
  5
157F
330
70
100
AcDbEntity
  8
Visible
100
AcDbLine
 10
318.709925
 20
348.864984
 30
0.0
 11
318.652925
 21
348.799984
 31
0.0
  0
LINE
  5
1580
330
70
100
AcDbEntity
  8
Visible
100
AcDbLine
 10
318.770925
 20
348.925984
 30
0.0
 11
318.709925
 21
348.864984
 31
0.0
  0
LINE
  5
1581
330
70
100
AcDbEntity
  8
Visible
100
AcDbLine
 10
318.834925
 20
348.980984
 30
0.0
 11
318.770925
 21
348.925984
 31
0.0
  0
LINE
  5
1582
330
70
100
AcDbEntity
  8
Visible
100
AcDbLine
 10
318.903925
 20
349.030984
 30
0.0
 11
318.834925
 21
348.980984
 31
0.0
  0
LINE
  5
1583
330
70
100
AcDbEntity
  8
Visible
100
AcDbLine
 10
318.975925
 20
349.073984
 30
0.0
 11
318.903925
 21
349.030984
 31
0.0
  0
LINE
  5
1584
330
70
100
AcDbEntity
  8
Visible
100
AcDbLine
 10
319.051925
 20
349.111984
 30
0.0
 11
318.975925
 21
349.073984
 31
0.0
  0
LINE
  5
1585
330
70
100
AcDbEntity
  8
Visible
100
AcDbLine
 10
319.132925
 20
349.143984
 30
0.0
 11
319.051925
 21
349.111984
 31
0.0
  0
LINE
  5
1586
330
70
100
AcDbEntity
  8
Visible
100
AcDbLine
 10
319.216925
 20
349.169984
 30
0.0
 11
319.132925
 21
349.143984
 31
0.0
  0
LINE
  5
1587
330
70
100
AcDbEntity
  8
Visible
100
AcDbLine
 10
319.304925
 20
349.190984
 30
0.0
 11
319.216925
 21
349.169984
 31
0.0
  0
LINE
  5
1588
330
70
100
AcDbEntity
  8
Visible
100
AcDbLine
 10
319.396925
 20
349.204984
 30
0.0
 11
319.304925
 21
349.190984
 31
0.0
  0
LINE
  5
1589
330
70
100
AcDbEntity
  8
Visible
100
AcDbLine
 10
319.492925
 20
349.213984
 30
0.0
 11
319.396925
 21
349.204984
 31
0.0
  0
LINE
  5
158A
330
70
100
AcDbEntity
  8
Visible
100
AcDbLine
 10
319.592925
 20
349.216984
 30
0.0
 11
319.492925
 21
349.213984
 31
0.0
  0
LINE
  5
158B
330
70
100
AcDbEntity
  8
Visible
100
AcDbLine
 10
319.624925
 20
349.216984
 30
0.0
 11
319.592925
 21
349.216984
 31
0.0
  0
LINE
  5
158C
330
70
100
AcDbEntity
  8
Visible
100
AcDbLine
 10
319.656925
 20
349.214984
 30
0.0
 11
319.624925
 21
349.216984
 31
0.0
  0
LINE
  5
158D
330
70
100
AcDbEntity
  8
Visible
100
AcDbLine
 10
319.689925
 20
349.212984
 30
0.0
 11
319.656925
 21
349.214984
 31
0.0
  0
LINE
  5
158E
330
70
100
AcDbEntity
  8
Visible
100
AcDbLine
 10
319.724925
 20
349.210984
 30
0.0
 11
319.689925
 21
349.212984
 31
0.0
  0
LINE
  5
158F
330
70
100
AcDbEntity
  8
Visible
100
AcDbLine
 10
319.758925
 20
349.206984
 30
0.0
 11
319.724925
 21
349.210984
 31
0.0
  0
LINE
  5
1590
330
70
100
AcDbEntity
  8
Visible
100
AcDbLine
 10
319.794925
 20
349.202984
 30
0.0
 11
319.758925
 21
349.206984
 31
0.0
  0
LINE
  5
1591
330
70
100
AcDbEntity
  8
Visible
100
AcDbLine
 10
319.831925
 20
349.197984
 30
0.0
 11
319.794925
 21
349.202984
 31
0.0
  0
LINE
  5
1592
330
70
100
AcDbEntity
  8
Visible
100
AcDbLine
 10
319.868925
 20
349.191984
 30
0.0
 11
319.831925
 21
349.197984
 31
0.0
  0
LINE
  5
1593
330
70
100
AcDbEntity
  8
Visible
100
AcDbLine
 10
319.946925
 20
349.177984
 30
0.0
 11
319.868925
 21
349.191984
 31
0.0
  0
LINE
  5
1594
330
70
100
AcDbEntity
  8
Visible
100
AcDbLine
 10
320.024925
 20
349.161984
 30
0.0
 11
319.946925
 21
349.177984
 31
0.0
  0
LINE
  5
1595
330
70
100
AcDbEntity
  8
Visible
100
AcDbLine
 10
320.100925
 20
349.143984
 30
0.0
 11
320.024925
 21
349.161984
 31
0.0
  0
LINE
  5
1596
330
70
100
AcDbEntity
  8
Visible
100
AcDbLine
 10
320.137925
 20
349.134984
 30
0.0
 11
320.100925
 21
349.143984
 31
0.0
  0
LINE
  5
1597
330
70
100
AcDbEntity
  8
Visible
100
AcDbLine
 10
320.173925
 20
349.125984
 30
0.0
 11
320.137925
 21
349.134984
 31
0.0
  0
LINE
  5
1598
330
70
100
AcDbEntity
  8
Visible
100
AcDbLine
 10
320.209925
 20
349.115984
 30
0.0
 11
320.173925
 21
349.125984
 31
0.0
  0
LINE
  5
1599
330
70
100
AcDbEntity
  8
Visible
100
AcDbLine
 10
320.244925
 20
349.105984
 30
0.0
 11
320.209925
 21
349.115984
 31
0.0
  0
LINE
  5
159A
330
70
100
AcDbEntity
  8
Visible
100
AcDbLine
 10
320.278925
 20
349.095984
 30
0.0
 11
320.244925
 21
349.105984
 31
0.0
  0
LINE
  5
159B
330
70
100
AcDbEntity
  8
Visible
100
AcDbLine
 10
320.312925
 20
349.084984
 30
0.0
 11
320.278925
 21
349.095984
 31
0.0
  0
LINE
  5
159C
330
70
100
AcDbEntity
  8
Visible
100
AcDbLine
 10
320.372925
 20
350.008984
 30
0.0
 11
320.312925
 21
349.084984
 31
0.0
  0
LINE
  5
159D
330
70
100
AcDbEntity
  8
Visible
100
AcDbLine
 10
320.340925
 20
350.019984
 30
0.0
 11
320.372925
 21
350.008984
 31
0.0
  0
LINE
  5
159E
330
70
100
AcDbEntity
  8
Visible
100
AcDbLine
 10
320.307925
 20
350.029984
 30
0.0
 11
320.340925
 21
350.019984
 31
0.0
  0
LINE
  5
159F
330
70
100
AcDbEntity
  8
Visible
100
AcDbLine
 10
320.243925
 20
350.047984
 30
0.0
 11
320.307925
 21
350.029984
 31
0.0
  0
LINE
  5
15A0
330
70
100
AcDbEntity
  8
Visible
100
AcDbLine
 10
320.179925
 20
350.063984
 30
0.0
 11
320.243925
 21
350.047984
 31
0.0
  0
LINE
  5
15A1
330
70
100
AcDbEntity
  8
Visible
100
AcDbLine
 10
320.115925
 20
350.077984
 30
0.0
 11
320.179925
 21
350.063984
 31
0.0
  0
LINE
  5
15A2
330
70
100
AcDbEntity
  8
Visible
100
AcDbLine
 10
320.051925
 20
350.089984
 30
0.0
 11
320.115925
 21
350.077984
 31
0.0
  0
LINE
  5
15A3
330
70
100
AcDbEntity
  8
Visible
100
AcDbLine
 10
320.019925
 20
350.094984
 30
0.0
 11
320.051925
 21
350.089984
 31
0.0
  0
LINE
  5
15A4
330
70
100
AcDbEntity
  8
Visible
100
AcDbLine
 10
319.986925
 20
350.099984
 30
0.0
 11
320.019925
 21
350.094984
 31
0.0
  0
LINE
  5
15A5
330
70
100
AcDbEntity
  8
Visible
100
AcDbLine
 10
319.953925
 20
350.103984
 30
0.0
 11
319.986925
 21
350.099984
 31
0.0
  0
LINE
  5
15A6
330
70
100
AcDbEntity
  8
Visible
100
AcDbLine
 10
319.919925
 20
350.106984
 30
0.0
 11
319.953925
 21
350.103984
 31
0.0
  0
LINE
  5
15A7
330
70
100
AcDbEntity
  8
Visible
100
AcDbLine
 10
319.884925
 20
350.109984
 30
0.0
 11
319.919925
 21
350.106984
 31
0.0
  0
LINE
  5
15A8
330
70
100
AcDbEntity
  8
Visible
100
AcDbLine
 10
319.848925
 20
350.112984
 30
0.0
 11
319.884925
 21
350.109984
 31
0.0
  0
LINE
  5
15A9
330
70
100
AcDbEntity
  8
Visible
100
AcDbLine
 10
319.812925
 20
350.114984
 30
0.0
 11
319.848925
 21
350.112984
 31
0.0
  0
LINE
  5
15AA
330
70
100
AcDbEntity
  8
Visible
100
AcDbLine
 10
319.738925
 20
350.116984
 30
0.0
 11
319.812925
 21
350.114984
 31
0.0
  0
LINE
  5
15AB
330
70
100
AcDbEntity
  8
Visible
100
AcDbLine
 10
319.700925
 20
350.116984
 30
0.0
 11
319.738925
 21
350.116984
 31
0.0
  0
LINE
  5
15AC
330
70
100
AcDbEntity
  8
Visible
100
AcDbLine
 10
319.585925
 20
350.112984
 30
0.0
 11
319.700925
 21
350.116984
 31
0.0
  0
LINE
  5
15AD
330
70
100
AcDbEntity
  8
Visible
100
AcDbLine
 10
319.474925
 20
350.102984
 30
0.0
 11
319.585925
 21
350.112984
 31
0.0
  0
LINE
  5
15AE
330
70
100
AcDbEntity
  8
Visible
100
AcDbLine
 10
319.367925
 20
350.084984
 30
0.0
 11
319.474925
 21
350.102984
 31
0.0
  0
LINE
  5
15AF
330
70
100
AcDbEntity
  8
Visible
100
AcDbLine
 10
319.263925
 20
350.059984
 30
0.0
 11
319.367925
 21
350.084984
 31
0.0
  0
LINE
  5
15B0
330
70
100
AcDbEntity
  8
Visible
100
AcDbLine
 10
319.162925
 20
350.027984
 30
0.0
 11
319.263925
 21
350.059984
 31
0.0
  0
LINE
  5
15B1
330
70
100
AcDbEntity
  8
Visible
100
AcDbLine
 10
319.065925
 20
349.987984
 30
0.0
 11
319.162925
 21
350.027984
 31
0.0
  0
LINE
  5
15B2
330
70
100
AcDbEntity
  8
Visible
100
AcDbLine
 10
318.972925
 20
349.941984
 30
0.0
 11
319.065925
 21
349.987984
 31
0.0
  0
LINE
  5
15B3
330
70
100
AcDbEntity
  8
Visible
100
AcDbLine
 10
318.882925
 20
349.888984
 30
0.0
 11
318.972925
 21
349.941984
 31
0.0
  0
LINE
  5
15B4
330
70
100
AcDbEntity
  8
Visible
100
AcDbLine
 10
318.796925
 20
349.827984
 30
0.0
 11
318.882925
 21
349.888984
 31
0.0
  0
LINE
  5
15B5
330
70
100
AcDbEntity
  8
Visible
100
AcDbLine
 10
318.713925
 20
349.759984
 30
0.0
 11
318.796925
 21
349.827984
 31
0.0
  0
LINE
  5
15B6
330
70
100
AcDbEntity
  8
Visible
100
AcDbLine
 10
318.634925
 20
349.684984
 30
0.0
 11
318.713925
 21
349.759984
 31
0.0
  0
LINE
  5
15B7
330
70
100
AcDbEntity
  8
Visible
100
AcDbLine
 10
318.559925
 20
349.602984
 30
0.0
 11
318.634925
 21
349.684984
 31
0.0
  0
LINE
  5
15B8
330
70
100
AcDbEntity
  8
Visible
100
AcDbLine
 10
318.488925
 20
349.512984
 30
0.0
 11
318.559925
 21
349.602984
 31
0.0
  0
LINE
  5
15B9
330
70
100
AcDbEntity
  8
Visible
100
AcDbLine
 10
318.420925
 20
349.415984
 30
0.0
 11
318.488925
 21
349.512984
 31
0.0
  0
LINE
  5
15BA
330
70
100
AcDbEntity
  8
Visible
100
AcDbLine
 10
318.357925
 20
349.311984
 30
0.0
 11
318.420925
 21
349.415984
 31
0.0
  0
LINE
  5
15BB
330
70
100
AcDbEntity
  8
Visible
100
AcDbLine
 10
318.297925
 20
349.199984
 30
0.0
 11
318.357925
 21
349.311984
 31
0.0
  0
LINE
  5
15BC
330
70
100
AcDbEntity
  8
Visible
100
AcDbLine
 10
318.242925
 20
349.080984
 30
0.0
 11
318.297925
 21
349.199984
 31
0.0
  0
LINE
  5
15BD
330
70
100
AcDbEntity
  8
Visible
100
AcDbLine
 10
318.190925
 20
348.954984
 30
0.0
 11
318.242925
 21
349.080984
 31
0.0
  0
LINE
  5
15BE
330
70
100
AcDbEntity
  8
Visible
100
AcDbLine
 10
318.176925
 20
348.9159
 30
0.0
 11
318.190925
 21
348.954984
 31
0.0
  0
LINE
  5
15BF
330
70
100
AcDbEntity
  8
Visible
100
AcDbLine
 10
318.176925
 20
350.020984
 30
0.0
 11
318.176925
 21
348.9159
 31
0.0
  0
LINE
  5
15C0
330
70
100
AcDbEntity
  8
Visible
100
AcDbLine
 10
317.240925
 20
350.020984
 30
0.0
 11
318.176925
 21
350.020984
 31
0.0
  0
LINE
  5
15C1
330
70
100
AcDbEntity
  8
Visible
100
AcDbLine
 10
317.240925
 20
344.272984
 30
0.0
 11
317.240925
 21
350.020984
 31
0.0
  0
LINE
  5
15C2
330
70
100
AcDbEntity
  8
Visible
100
AcDbLine
 10
318.176925
 20
344.272984
 30
0.0
 11
317.240925
 21
344.272984
 31
0.0
  0
LINE
  5
15C3
330
70
100
AcDbEntity
  8
Visible
100
AcDbLine
 10
315.284925
 20
347.692984
 30
0.0
 11
311.888925
 21
347.692984
 31
0.0
  0
LINE
  5
15C4
330
70
100
AcDbEntity
  8
Visible
100
AcDbLine
 10
315.284925
 20
348.496984
 30
0.0
 11
315.284925
 21
347.692984
 31
0.0
  0
LINE
  5
15C5
330
70
100
AcDbEntity
  8
Visible
100
AcDbLine
 10
311.888925
 20
348.496984
 30
0.0
 11
315.284925
 21
348.496984
 31
0.0
  0
LINE
  5
15C6
330
70
100
AcDbEntity
  8
Visible
100
AcDbLine
 10
311.888925
 20
351.004984
 30
0.0
 11
311.888925
 21
348.496984
 31
0.0
  0
LINE
  5
15C7
330
70
100
AcDbEntity
  8
Visible
100
AcDbLine
 10
315.536925
 20
351.004984
 30
0.0
 11
311.888925
 21
351.004984
 31
0.0
  0
LINE
  5
15C8
330
70
100
AcDbEntity
  8
Visible
100
AcDbLine
 10
315.536925
 20
351.808984
 30
0.0
 11
315.536925
 21
351.004984
 31
0.0
  0
LINE
  5
15C9
330
70
100
AcDbEntity
  8
Visible
100
AcDbLine
 10
310.952925
 20
351.808984
 30
0.0
 11
315.536925
 21
351.808984
 31
0.0
  0
LINE
  5
15CA
330
70
100
AcDbEntity
  8
Visible
100
AcDbLine
 10
310.952925
 20
344.272984
 30
0.0
 11
310.952925
 21
351.808984
 31
0.0
  0
LINE
  5
15CB
330
70
100
AcDbEntity
  8
Visible
100
AcDbLine
 10
311.888925
 20
344.272984
 30
0.0
 11
310.952925
 21
344.272984
 31
0.0
  0
LINE
  5
15CC
330
70
100
AcDbEntity
  8
Visible
100
AcDbLine
 10
311.888925
 20
347.692984
 30
0.0
 11
311.888925
 21
344.272984
 31
0.0
  0
LINE
  5
15CD
330
70
100
AcDbEntity
  8
Visible
100
AcDbLine
 10
524.209925
 20
623.540984
 30
0.0
 11
518.209925
 21
623.540984
 31
0.0
  0
LINE
  5
15CE
330
70
100
AcDbEntity
  8
Visible
100
AcDbLine
 10
524.209925
 20
594.540984
 30
0.0
 11
524.209925
 21
623.540984
 31
0.0
  0
LINE
  5
15CF
330
70
100
AcDbEntity
  8
Visible
100
AcDbLine
 10
518.209925
 20
594.540984
 30
0.0
 11
524.209925
 21
594.540984
 31
0.0
  0
LINE
  5
15D0
330
70
100
AcDbEntity
  8
Visible
100
AcDbLine
 10
518.209925
 20
565.540984
 30
0.0
 11
518.209925
 21
594.540984
 31
0.0
  0
LINE
  5
15D1
330
70
100
AcDbEntity
  8
Visible
100
AcDbLine
 10
524.209925
 20
565.540984
 30
0.0
 11
518.209925
 21
565.540984
 31
0.0
  0
LINE
  5
15D2
330
70
100
AcDbEntity
  8
Visible
100
AcDbLine
 10
524.209925
 20
536.540984
 30
0.0
 11
524.209925
 21
565.540984
 31
0.0
  0
LINE
  5
15D3
330
70
100
AcDbEntity
  8
Visible
100
AcDbLine
 10
518.209925
 20
536.540984
 30
0.0
 11
524.209925
 21
536.540984
 31
0.0
  0
LINE
  5
15D4
330
70
100
AcDbEntity
  8
Visible
100
AcDbLine
 10
518.209925
 20
507.540984
 30
0.0
 11
518.209925
 21
536.540984
 31
0.0
  0
LINE
  5
15D5
330
70
100
AcDbEntity
  8
Visible
100
AcDbLine
 10
524.209925
 20
507.540984
 30
0.0
 11
518.209925
 21
507.540984
 31
0.0
  0
LINE
  5
15D6
330
70
100
AcDbEntity
  8
Visible
100
AcDbLine
 10
524.209925
 20
478.540984
 30
0.0
 11
524.209925
 21
507.540984
 31
0.0
  0
LINE
  5
15D7
330
70
100
AcDbEntity
  8
Visible
100
AcDbLine
 10
518.209925
 20
478.540984
 30
0.0
 11
524.209925
 21
478.540984
 31
0.0
  0
LINE
  5
15D8
330
70
100
AcDbEntity
  8
Visible
100
AcDbLine
 10
518.209925
 20
449.540984
 30
0.0
 11
518.209925
 21
478.540984
 31
0.0
  0
LINE
  5
15D9
330
70
100
AcDbEntity
  8
Visible
100
AcDbLine
 10
524.209925
 20
449.540984
 30
0.0
 11
518.209925
 21
449.540984
 31
0.0
  0
LINE
  5
15DA
330
70
100
AcDbEntity
  8
Visible
100
AcDbLine
 10
524.209925
 20
420.540984
 30
0.0
 11
524.209925
 21
449.540984
 31
0.0
  0
LINE
  5
15DB
330
70
100
AcDbEntity
  8
Visible
100
AcDbLine
 10
518.209925
 20
420.540984
 30
0.0
 11
524.209925
 21
420.540984
 31
0.0
  0
LINE
  5
15DC
330
70
100
AcDbEntity
  8
Visible
100
AcDbLine
 10
518.209925
 20
391.540984
 30
0.0
 11
518.209925
 21
420.540984
 31
0.0
  0
LINE
  5
15DD
330
70
100
AcDbEntity
  8
Visible
100
AcDbLine
 10
524.209925
 20
391.540984
 30
0.0
 11
518.209925
 21
391.540984
 31
0.0
  0
LINE
  5
15DE
330
70
100
AcDbEntity
  8
Visible
100
AcDbLine
 10
524.209925
 20
362.540984
 30
0.0
 11
524.209925
 21
391.540984
 31
0.0
  0
LINE
  5
15DF
330
70
100
AcDbEntity
  8
Visible
100
AcDbLine
 10
518.209925
 20
362.540984
 30
0.0
 11
524.209925
 21
362.540984
 31
0.0
  0
LINE
  5
15E0
330
70
100
AcDbEntity
  8
Visible
100
AcDbLine
 10
518.209925
 20
333.540984
 30
0.0
 11
518.209925
 21
362.540984
 31
0.0
  0
LINE
  5
15E1
330
70
100
AcDbEntity
  8
Visible
100
AcDbLine
 10
524.209925
 20
333.540984
 30
0.0
 11
518.209925
 21
333.540984
 31
0.0
  0
LINE
  5
15E2
330
70
100
AcDbEntity
  8
Visible
100
AcDbLine
 10
524.209925
 20
304.540984
 30
0.0
 11
524.209925
 21
333.540984
 31
0.0
  0
LINE
  5
15E3
330
70
100
AcDbEntity
  8
Visible
100
AcDbLine
 10
518.209925
 20
304.540984
 30
0.0
 11
524.209925
 21
304.540984
 31
0.0
  0
LINE
  5
15E4
330
70
100
AcDbEntity
  8
Visible
100
AcDbLine
 10
518.209925
 20
275.540984
 30
0.0
 11
518.209925
 21
304.540984
 31
0.0
  0
LINE
  5
15E5
330
70
100
AcDbEntity
  8
Visible
100
AcDbLine
 10
524.209925
 20
275.540984
 30
0.0
 11
518.209925
 21
275.540984
 31
0.0
  0
LINE
  5
15E6
330
70
100
AcDbEntity
  8
Visible
100
AcDbLine
 10
524.209925
 20
246.540984
 30
0.0
 11
524.209925
 21
275.540984
 31
0.0
  0
LINE
  5
15E7
330
70
100
AcDbEntity
  8
Visible
100
AcDbLine
 10
518.209925
 20
246.540984
 30
0.0
 11
524.209925
 21
246.540984
 31
0.0
  0
LINE
  5
15E8
330
70
100
AcDbEntity
  8
Visible
100
AcDbLine
 10
518.209925
 20
217.540984
 30
0.0
 11
518.209925
 21
246.540984
 31
0.0
  0
LINE
  5
15E9
330
70
100
AcDbEntity
  8
Visible
100
AcDbLine
 10
524.209925
 20
217.540984
 30
0.0
 11
518.209925
 21
217.540984
 31
0.0
  0
LINE
  5
15EA
330
70
100
AcDbEntity
  8
Visible
100
AcDbLine
 10
524.209925
 20
188.540984
 30
0.0
 11
524.209925
 21
217.540984
 31
0.0
  0
LINE
  5
15EB
330
70
100
AcDbEntity
  8
Visible
100
AcDbLine
 10
518.209925
 20
188.540984
 30
0.0
 11
524.209925
 21
188.540984
 31
0.0
  0
LINE
  5
15EC
330
70
100
AcDbEntity
  8
Visible
100
AcDbLine
 10
518.209925
 20
159.540984
 30
0.0
 11
518.209925
 21
188.540984
 31
0.0
  0
LINE
  5
15ED
330
70
100
AcDbEntity
  8
Visible
100
AcDbLine
 10
524.209925
 20
159.540984
 30
0.0
 11
518.209925
 21
159.540984
 31
0.0
  0
LINE
  5
15EE
330
70
100
AcDbEntity
  8
Visible
100
AcDbLine
 10
524.209925
 20
130.540984
 30
0.0
 11
524.209925
 21
159.540984
 31
0.0
  0
LINE
  5
15EF
330
70
100
AcDbEntity
  8
Visible
100
AcDbLine
 10
518.209925
 20
130.540984
 30
0.0
 11
524.209925
 21
130.540984
 31
0.0
  0
LINE
  5
15F0
330
70
100
AcDbEntity
  8
Visible
100
AcDbLine
 10
518.209925
 20
101.540984
 30
0.0
 11
518.209925
 21
130.540984
 31
0.0
  0
LINE
  5
15F1
330
70
100
AcDbEntity
  8
Visible
100
AcDbLine
 10
524.209925
 20
101.540984
 30
0.0
 11
518.209925
 21
101.540984
 31
0.0
  0
LINE
  5
15F2
330
70
100
AcDbEntity
  8
Visible
100
AcDbLine
 10
524.209925
 20
72.540984
 30
0.0
 11
524.209925
 21
101.540984
 31
0.0
  0
LINE
  5
15F3
330
70
100
AcDbEntity
  8
Visible
100
AcDbLine
 10
518.209925
 20
72.540984
 30
0.0
 11
524.209925
 21
72.540984
 31
0.0
  0
LINE
  5
15F4
330
70
100
AcDbEntity
  8
Visible
100
AcDbLine
 10
518.209925
 20
48.040984
 30
0.0
 11
518.209925
 21
72.540984
 31
0.0
  0
LINE
  5
15F5
330
70
100
AcDbEntity
  8
Visible
100
AcDbLine
 10
483.709925
 20
48.040984
 30
0.0
 11
518.209925
 21
48.040984
 31
0.0
  0
LINE
  5
15F6
330
70
100
AcDbEntity
  8
Visible
100
AcDbLine
 10
483.709925
 20
54.040984
 30
0.0
 11
483.709925
 21
48.040984
 31
0.0
  0
LINE
  5
15F7
330
70
100
AcDbEntity
  8
Visible
100
AcDbLine
 10
454.709925
 20
54.040984
 30
0.0
 11
483.709925
 21
54.040984
 31
0.0
  0
LINE
  5
15F8
330
70
100
AcDbEntity
  8
Visible
100
AcDbLine
 10
454.709925
 20
48.040984
 30
0.0
 11
454.709925
 21
54.040984
 31
0.0
  0
LINE
  5
15F9
330
70
100
AcDbEntity
  8
Visible
100
AcDbLine
 10
425.709925
 20
48.040984
 30
0.0
 11
454.709925
 21
48.040984
 31
0.0
  0
LINE
  5
15FA
330
70
100
AcDbEntity
  8
Visible
100
AcDbLine
 10
425.709925
 20
54.040984
 30
0.0
 11
425.709925
 21
48.040984
 31
0.0
  0
LINE
  5
15FB
330
70
100
AcDbEntity
  8
Visible
100
AcDbLine
 10
396.709925
 20
54.040984
 30
0.0
 11
425.709925
 21
54.040984
 31
0.0
  0
LINE
  5
15FC
330
70
100
AcDbEntity
  8
Visible
100
AcDbLine
 10
396.709925
 20
48.040984
 30
0.0
 11
396.709925
 21
54.040984
 31
0.0
  0
LINE
  5
15FD
330
70
100
AcDbEntity
  8
Visible
100
AcDbLine
 10
367.709925
 20
48.040984
 30
0.0
 11
396.709925
 21
48.040984
 31
0.0
  0
LINE
  5
15FE
330
70
100
AcDbEntity
  8
Visible
100
AcDbLine
 10
367.709925
 20
54.040984
 30
0.0
 11
367.709925
 21
48.040984
 31
0.0
  0
LINE
  5
15FF
330
70
100
AcDbEntity
  8
Visible
100
AcDbLine
 10
338.709925
 20
54.040984
 30
0.0
 11
367.709925
 21
54.040984
 31
0.0
  0
LINE
  5
1600
330
70
100
AcDbEntity
  8
Visible
100
AcDbLine
 10
338.709925
 20
48.040984
 30
0.0
 11
338.709925
 21
54.040984
 31
0.0
  0
LINE
  5
1601
330
70
100
AcDbEntity
  8
Visible
100
AcDbLine
 10
309.709925
 20
48.040984
 30
0.0
 11
338.709925
 21
48.040984
 31
0.0
  0
LINE
  5
1602
330
70
100
AcDbEntity
  8
Visible
100
AcDbLine
 10
309.709925
 20
54.040984
 30
0.0
 11
309.709925
 21
48.040984
 31
0.0
  0
LINE
  5
1603
330
70
100
AcDbEntity
  8
Visible
100
AcDbLine
 10
280.709925
 20
54.040984
 30
0.0
 11
309.709925
 21
54.040984
 31
0.0
  0
LINE
  5
1604
330
70
100
AcDbEntity
  8
Visible
100
AcDbLine
 10
280.709925
 20
48.040984
 30
0.0
 11
280.709925
 21
54.040984
 31
0.0
  0
LINE
  5
1605
330
70
100
AcDbEntity
  8
Visible
100
AcDbLine
 10
251.709925
 20
48.040984
 30
0.0
 11
280.709925
 21
48.040984
 31
0.0
  0
LINE
  5
1606
330
70
100
AcDbEntity
  8
Visible
100
AcDbLine
 10
251.709925
 20
54.040984
 30
0.0
 11
251.709925
 21
48.040984
 31
0.0
  0
LINE
  5
1607
330
70
100
AcDbEntity
  8
Visible
100
AcDbLine
 10
222.709925
 20
54.040984
 30
0.0
 11
251.709925
 21
54.040984
 31
0.0
  0
LINE
  5
1608
330
70
100
AcDbEntity
  8
Visible
100
AcDbLine
 10
222.709925
 20
48.040984
 30
0.0
 11
222.709925
 21
54.040984
 31
0.0
  0
LINE
  5
1609
330
70
100
AcDbEntity
  8
Visible
100
AcDbLine
 10
193.709925
 20
48.040984
 30
0.0
 11
222.709925
 21
48.040984
 31
0.0
  0
LINE
  5
160A
330
70
100
AcDbEntity
  8
Visible
100
AcDbLine
 10
193.709925
 20
54.040984
 30
0.0
 11
193.709925
 21
48.040984
 31
0.0
  0
LINE
  5
160B
330
70
100
AcDbEntity
  8
Visible
100
AcDbLine
 10
164.709925
 20
54.040984
 30
0.0
 11
193.709925
 21
54.040984
 31
0.0
  0
LINE
  5
160C
330
70
100
AcDbEntity
  8
Visible
100
AcDbLine
 10
164.709925
 20
48.040984
 30
0.0
 11
164.709925
 21
54.040984
 31
0.0
  0
LINE
  5
160D
330
70
100
AcDbEntity
  8
Visible
100
AcDbLine
 10
130.209925
 20
48.040984
 30
0.0
 11
164.709925
 21
48.040984
 31
0.0
  0
LINE
  5
160E
330
70
100
AcDbEntity
  8
Visible
100
AcDbLine
 10
130.209925
 20
72.540984
 30
0.0
 11
130.209925
 21
48.040984
 31
0.0
  0
LINE
  5
160F
330
70
100
AcDbEntity
  8
Visible
100
AcDbLine
 10
124.209925
 20
72.540984
 30
0.0
 11
130.209925
 21
72.540984
 31
0.0
  0
LINE
  5
1610
330
70
100
AcDbEntity
  8
Visible
100
AcDbLine
 10
124.209925
 20
101.540984
 30
0.0
 11
124.209925
 21
72.540984
 31
0.0
  0
LINE
  5
1611
330
70
100
AcDbEntity
  8
Visible
100
AcDbLine
 10
130.209925
 20
101.540984
 30
0.0
 11
124.209925
 21
101.540984
 31
0.0
  0
LINE
  5
1612
330
70
100
AcDbEntity
  8
Visible
100
AcDbLine
 10
130.209925
 20
130.540984
 30
0.0
 11
130.209925
 21
101.540984
 31
0.0
  0
LINE
  5
1613
330
70
100
AcDbEntity
  8
Visible
100
AcDbLine
 10
124.209925
 20
130.540984
 30
0.0
 11
130.209925
 21
130.540984
 31
0.0
  0
LINE
  5
1614
330
70
100
AcDbEntity
  8
Visible
100
AcDbLine
 10
124.209925
 20
159.540984
 30
0.0
 11
124.209925
 21
130.540984
 31
0.0
  0
LINE
  5
1615
330
70
100
AcDbEntity
  8
Visible
100
AcDbLine
 10
130.209925
 20
159.540984
 30
0.0
 11
124.209925
 21
159.540984
 31
0.0
  0
LINE
  5
1616
330
70
100
AcDbEntity
  8
Visible
100
AcDbLine
 10
130.209925
 20
188.540984
 30
0.0
 11
130.209925
 21
159.540984
 31
0.0
  0
LINE
  5
1617
330
70
100
AcDbEntity
  8
Visible
100
AcDbLine
 10
124.209925
 20
188.540984
 30
0.0
 11
130.209925
 21
188.540984
 31
0.0
  0
LINE
  5
1618
330
70
100
AcDbEntity
  8
Visible
100
AcDbLine
 10
124.209925
 20
217.540984
 30
0.0
 11
124.209925
 21
188.540984
 31
0.0
  0
LINE
  5
1619
330
70
100
AcDbEntity
  8
Visible
100
AcDbLine
 10
130.209925
 20
217.540984
 30
0.0
 11
124.209925
 21
217.540984
 31
0.0
  0
LINE
  5
161A
330
70
100
AcDbEntity
  8
Visible
100
AcDbLine
 10
130.209925
 20
246.540984
 30
0.0
 11
130.209925
 21
217.540984
 31
0.0
  0
LINE
  5
161B
330
70
100
AcDbEntity
  8
Visible
100
AcDbLine
 10
124.209925
 20
246.540984
 30
0.0
 11
130.209925
 21
246.540984
 31
0.0
  0
LINE
  5
161C
330
70
100
AcDbEntity
  8
Visible
100
AcDbLine
 10
124.209925
 20
275.540984
 30
0.0
 11
124.209925
 21
246.540984
 31
0.0
  0
LINE
  5
161D
330
70
100
AcDbEntity
  8
Visible
100
AcDbLine
 10
130.209925
 20
275.540984
 30
0.0
 11
124.209925
 21
275.540984
 31
0.0
  0
LINE
  5
161E
330
70
100
AcDbEntity
  8
Visible
100
AcDbLine
 10
130.209925
 20
304.540984
 30
0.0
 11
130.209925
 21
275.540984
 31
0.0
  0
LINE
  5
161F
330
70
100
AcDbEntity
  8
Visible
100
AcDbLine
 10
124.209925
 20
304.540984
 30
0.0
 11
130.209925
 21
304.540984
 31
0.0
  0
LINE
  5
1620
330
70
100
AcDbEntity
  8
Visible
100
AcDbLine
 10
124.209925
 20
333.540984
 30
0.0
 11
124.209925
 21
304.540984
 31
0.0
  0
LINE
  5
1621
330
70
100
AcDbEntity
  8
Visible
100
AcDbLine
 10
130.209925
 20
333.540984
 30
0.0
 11
124.209925
 21
333.540984
 31
0.0
  0
LINE
  5
1622
330
70
100
AcDbEntity
  8
Visible
100
AcDbLine
 10
130.209925
 20
362.540984
 30
0.0
 11
130.209925
 21
333.540984
 31
0.0
  0
LINE
  5
1623
330
70
100
AcDbEntity
  8
Visible
100
AcDbLine
 10
124.209925
 20
362.540984
 30
0.0
 11
130.209925
 21
362.540984
 31
0.0
  0
LINE
  5
1624
330
70
100
AcDbEntity
  8
Visible
100
AcDbLine
 10
124.209925
 20
391.540984
 30
0.0
 11
124.209925
 21
362.540984
 31
0.0
  0
LINE
  5
1625
330
70
100
AcDbEntity
  8
Visible
100
AcDbLine
 10
130.209925
 20
391.540984
 30
0.0
 11
124.209925
 21
391.540984
 31
0.0
  0
LINE
  5
1626
330
70
100
AcDbEntity
  8
Visible
100
AcDbLine
 10
130.209925
 20
420.540984
 30
0.0
 11
130.209925
 21
391.540984
 31
0.0
  0
LINE
  5
1627
330
70
100
AcDbEntity
  8
Visible
100
AcDbLine
 10
124.209925
 20
420.540984
 30
0.0
 11
130.209925
 21
420.540984
 31
0.0
  0
LINE
  5
1628
330
70
100
AcDbEntity
  8
Visible
100
AcDbLine
 10
124.209925
 20
449.540984
 30
0.0
 11
124.209925
 21
420.540984
 31
0.0
  0
LINE
  5
1629
330
70
100
AcDbEntity
  8
Visible
100
AcDbLine
 10
130.209925
 20
449.540984
 30
0.0
 11
124.209925
 21
449.540984
 31
0.0
  0
LINE
  5
162A
330
70
100
AcDbEntity
  8
Visible
100
AcDbLine
 10
130.209925
 20
478.540984
 30
0.0
 11
130.209925
 21
449.540984
 31
0.0
  0
LINE
  5
162B
330
70
100
AcDbEntity
  8
Visible
100
AcDbLine
 10
124.209925
 20
478.540984
 30
0.0
 11
130.209925
 21
478.540984
 31
0.0
  0
LINE
  5
162C
330
70
100
AcDbEntity
  8
Visible
100
AcDbLine
 10
124.209925
 20
507.540984
 30
0.0
 11
124.209925
 21
478.540984
 31
0.0
  0
LINE
  5
162D
330
70
100
AcDbEntity
  8
Visible
100
AcDbLine
 10
130.209925
 20
507.540984
 30
0.0
 11
124.209925
 21
507.540984
 31
0.0
  0
LINE
  5
162E
330
70
100
AcDbEntity
  8
Visible
100
AcDbLine
 10
130.209925
 20
536.540984
 30
0.0
 11
130.209925
 21
507.540984
 31
0.0
  0
LINE
  5
162F
330
70
100
AcDbEntity
  8
Visible
100
AcDbLine
 10
124.209925
 20
536.540984
 30
0.0
 11
130.209925
 21
536.540984
 31
0.0
  0
LINE
  5
1630
330
70
100
AcDbEntity
  8
Visible
100
AcDbLine
 10
124.209925
 20
565.540984
 30
0.0
 11
124.209925
 21
536.540984
 31
0.0
  0
LINE
  5
1631
330
70
100
AcDbEntity
  8
Visible
100
AcDbLine
 10
130.209925
 20
565.540984
 30
0.0
 11
124.209925
 21
565.540984
 31
0.0
  0
LINE
  5
1632
330
70
100
AcDbEntity
  8
Visible
100
AcDbLine
 10
130.209925
 20
594.540984
 30
0.0
 11
130.209925
 21
565.540984
 31
0.0
  0
LINE
  5
1633
330
70
100
AcDbEntity
  8
Visible
100
AcDbLine
 10
124.209925
 20
594.540984
 30
0.0
 11
130.209925
 21
594.540984
 31
0.0
  0
LINE
  5
1634
330
70
100
AcDbEntity
  8
Visible
100
AcDbLine
 10
124.209925
 20
623.540984
 30
0.0
 11
124.209925
 21
594.540984
 31
0.0
  0
LINE
  5
1635
330
70
100
AcDbEntity
  8
Visible
100
AcDbLine
 10
130.209925
 20
623.540984
 30
0.0
 11
124.209925
 21
623.540984
 31
0.0
  0
LINE
  5
1636
330
70
100
AcDbEntity
  8
Visible
100
AcDbLine
 10
130.209925
 20
648.040984
 30
0.0
 11
130.209925
 21
623.540984
 31
0.0
  0
LINE
  5
1637
330
70
100
AcDbEntity
  8
Visible
100
AcDbLine
 10
164.709925
 20
648.040984
 30
0.0
 11
130.209925
 21
648.040984
 31
0.0
  0
LINE
  5
1638
330
70
100
AcDbEntity
  8
Visible
100
AcDbLine
 10
164.709925
 20
642.040984
 30
0.0
 11
164.709925
 21
648.040984
 31
0.0
  0
LINE
  5
1639
330
70
100
AcDbEntity
  8
Visible
100
AcDbLine
 10
193.709925
 20
642.040984
 30
0.0
 11
164.709925
 21
642.040984
 31
0.0
  0
LINE
  5
163A
330
70
100
AcDbEntity
  8
Visible
100
AcDbLine
 10
193.709925
 20
648.040984
 30
0.0
 11
193.709925
 21
642.040984
 31
0.0
  0
LINE
  5
163B
330
70
100
AcDbEntity
  8
Visible
100
AcDbLine
 10
222.709925
 20
648.040984
 30
0.0
 11
193.709925
 21
648.040984
 31
0.0
  0
LINE
  5
163C
330
70
100
AcDbEntity
  8
Visible
100
AcDbLine
 10
222.709925
 20
642.040984
 30
0.0
 11
222.709925
 21
648.040984
 31
0.0
  0
LINE
  5
163D
330
70
100
AcDbEntity
  8
Visible
100
AcDbLine
 10
251.709925
 20
642.040984
 30
0.0
 11
222.709925
 21
642.040984
 31
0.0
  0
LINE
  5
163E
330
70
100
AcDbEntity
  8
Visible
100
AcDbLine
 10
251.709925
 20
648.040984
 30
0.0
 11
251.709925
 21
642.040984
 31
0.0
  0
LINE
  5
163F
330
70
100
AcDbEntity
  8
Visible
100
AcDbLine
 10
280.709925
 20
648.040984
 30
0.0
 11
251.709925
 21
648.040984
 31
0.0
  0
LINE
  5
1640
330
70
100
AcDbEntity
  8
Visible
100
AcDbLine
 10
280.709925
 20
642.040984
 30
0.0
 11
280.709925
 21
648.040984
 31
0.0
  0
LINE
  5
1641
330
70
100
AcDbEntity
  8
Visible
100
AcDbLine
 10
309.709925
 20
642.040984
 30
0.0
 11
280.709925
 21
642.040984
 31
0.0
  0
LINE
  5
1642
330
70
100
AcDbEntity
  8
Visible
100
AcDbLine
 10
309.709925
 20
648.040984
 30
0.0
 11
309.709925
 21
642.040984
 31
0.0
  0
LINE
  5
1643
330
70
100
AcDbEntity
  8
Visible
100
AcDbLine
 10
338.709925
 20
648.040984
 30
0.0
 11
309.709925
 21
648.040984
 31
0.0
  0
LINE
  5
1644
330
70
100
AcDbEntity
  8
Visible
100
AcDbLine
 10
338.709925
 20
642.040984
 30
0.0
 11
338.709925
 21
648.040984
 31
0.0
  0
LINE
  5
1645
330
70
100
AcDbEntity
  8
Visible
100
AcDbLine
 10
367.709925
 20
642.040984
 30
0.0
 11
338.709925
 21
642.040984
 31
0.0
  0
LINE
  5
1646
330
70
100
AcDbEntity
  8
Visible
100
AcDbLine
 10
367.709925
 20
648.040984
 30
0.0
 11
367.709925
 21
642.040984
 31
0.0
  0
LINE
  5
1647
330
70
100
AcDbEntity
  8
Visible
100
AcDbLine
 10
396.709925
 20
648.040984
 30
0.0
 11
367.709925
 21
648.040984
 31
0.0
  0
LINE
  5
1648
330
70
100
AcDbEntity
  8
Visible
100
AcDbLine
 10
396.709925
 20
642.040984
 30
0.0
 11
396.709925
 21
648.040984
 31
0.0
  0
LINE
  5
1649
330
70
100
AcDbEntity
  8
Visible
100
AcDbLine
 10
425.709925
 20
642.040984
 30
0.0
 11
396.709925
 21
642.040984
 31
0.0
  0
LINE
  5
164A
330
70
100
AcDbEntity
  8
Visible
100
AcDbLine
 10
425.709925
 20
648.040984
 30
0.0
 11
425.709925
 21
642.040984
 31
0.0
  0
LINE
  5
164B
330
70
100
AcDbEntity
  8
Visible
100
AcDbLine
 10
454.709925
 20
648.040984
 30
0.0
 11
425.709925
 21
648.040984
 31
0.0
  0
LINE
  5
164C
330
70
100
AcDbEntity
  8
Visible
100
AcDbLine
 10
454.709925
 20
642.040984
 30
0.0
 11
454.709925
 21
648.040984
 31
0.0
  0
LINE
  5
164D
330
70
100
AcDbEntity
  8
Visible
100
AcDbLine
 10
483.709925
 20
642.040984
 30
0.0
 11
454.709925
 21
642.040984
 31
0.0
  0
LINE
  5
164E
330
70
100
AcDbEntity
  8
Visible
100
AcDbLine
 10
483.709925
 20
648.040984
 30
0.0
 11
483.709925
 21
642.040984
 31
0.0
  0
LINE
  5
164F
330
70
100
AcDbEntity
  8
Visible
100
AcDbLine
 10
518.209925
 20
648.040984
 30
0.0
 11
483.709925
 21
648.040984
 31
0.0
  0
LINE
  5
1650
330
70
100
AcDbEntity
  8
Visible
100
AcDbLine
 10
518.209925
 20
623.540984
 30
0.0
 11
518.209925
 21
648.040984
 31
0.0
  0
CIRCLE
  5
1651
330
70
100
AcDbEntity
  8
Visible
100
AcDbCircle
 10
-1163.709925
 20
1063.040984
 30
0.0
 40
2.499999999999857
210
0.0
220
0.0
230
-1.0
  0
CIRCLE
  5
1652
330
70
100
AcDbEntity
  8
Visible
100
AcDbCircle
 10
-1077.709925
 20
813.040984
 30
0.0
 40
2.5
210
0.0
220
0.0
230
-1.0
  0
CIRCLE
  5
1653
330
70
100
AcDbEntity
  8
Visible
100
AcDbCircle
 10
-1175.709925
 20
813.040984
 30
0.0
 40
2.5
210
0.0
220
0.0
230
-1.0
  0
CIRCLE
  5
1654
330
70
100
AcDbEntity
  8
Visible
100
AcDbCircle
 10
-1180.209925
 20
748.040984
 30
0.0
 40
2.000000000000028
210
0.0
220
0.0
230
-1.0
  0
CIRCLE
  5
1655
330
70
100
AcDbEntity
  8
Visible
100
AcDbCircle
 10
-1105.209925
 20
748.040984
 30
0.0
 40
2.000000000000028
210
0.0
220
0.0
230
-1.0
  0
CIRCLE
  5
1656
330
70
100
AcDbEntity
  8
Visible
100
AcDbCircle
 10
-1163.709925
 20
813.040984
 30
0.0
 40
2.499999999999857
210
0.0
220
0.0
230
-1.0
  0
CIRCLE
  5
1657
330
70
100
AcDbEntity
  8
Visible
100
AcDbCircle
 10
-1077.709925
 20
1063.040984
 30
0.0
 40
2.5
210
0.0
220
0.0
230
-1.0
  0
CIRCLE
  5
1658
330
70
100
AcDbEntity
  8
Visible
100
AcDbCircle
 10
-1175.709925
 20
1063.040984
 30
0.0
 40
2.5
210
0.0
220
0.0
230
-1.0
  0
CIRCLE
  5
1659
330
70
100
AcDbEntity
  8
Visible
100
AcDbCircle
 10
-1121.709925
 20
1063.040984
 30
0.0
 40
2.5
210
0.0
220
0.0
230
-1.0
  0
CIRCLE
  5
165A
330
70
100
AcDbEntity
  8
Visible
100
AcDbCircle
 10
-1109.709925
 20
813.040984
 30
0.0
 40
2.5
210
0.0
220
0.0
230
-1.0
  0
CIRCLE
  5
165B
330
70
100
AcDbEntity
  8
Visible
100
AcDbCircle
 10
-1207.709925
 20
813.040984
 30
0.0
 40
2.5
210
0.0
220
0.0
230
-1.0
  0
LINE
  5
165C
330
70
100
AcDbEntity
  8
Visible
100
AcDbLine
 10
1164.209925
 20
768.540984
 30
0.0
 11
1164.209925
 21
727.540984
 31
0.0
  0
LINE
  5
165D
330
70
100
AcDbEntity
  8
Visible
100
AcDbLine
 10
1121.209925
 20
768.540984
 30
0.0
 11
1164.209925
 21
768.540984
 31
0.0
  0
LINE
  5
165E
330
70
100
AcDbEntity
  8
Visible
100
AcDbLine
 10
1121.209925
 20
727.540984
 30
0.0
 11
1121.209925
 21
768.540984
 31
0.0
  0
LINE
  5
165F
330
70
100
AcDbEntity
  8
Visible
100
AcDbLine
 10
1164.209925
 20
727.540984
 30
0.0
 11
1121.209925
 21
727.540984
 31
0.0
  0
CIRCLE
  5
1660
330
70
100
AcDbEntity
  8
Visible
100
AcDbCircle
 10
-1294.209925
 20
708.040984
 30
0.0
 40
14.99999999999985
210
0.0
220
0.0
230
-1.0
  0
CIRCLE
  5
1661
330
70
100
AcDbEntity
  8
Visible
100
AcDbCircle
 10
-1121.709925
 20
813.040984
 30
0.0
 40
2.5
210
0.0
220
0.0
230
-1.0
  0
CIRCLE
  5
1662
330
70
100
AcDbEntity
  8
Visible
100
AcDbCircle
 10
-1109.709925
 20
1063.040984
 30
0.0
 40
2.5
210
0.0
220
0.0
230
-1.0
  0
CIRCLE
  5
1663
330
70
100
AcDbEntity
  8
Visible
100
AcDbCircle
 10
-1207.709925
 20
1063.040984
 30
0.0
 40
2.5
210
0.0
220
0.0
230
-1.0
  0
LINE
  5
1664
330
70
100
AcDbEntity
  8
Visible
100
AcDbLine
 10
1336.209925
 20
1260.040984
 30
0.0
 11
949.209925
 21
1260.040984
 31
0.0
  0
LINE
  5
1665
330
70
100
AcDbEntity
  8
Visible
100
AcDbLine
 10
1336.209925
 20
673.040984
 30
0.0
 11
1336.209925
 21
1260.040984
 31
0.0
  0
LINE
  5
1666
330
70
100
AcDbEntity
  8
Visible
100
AcDbLine
 10
949.209925
 20
673.040984
 30
0.0
 11
1336.209925
 21
673.040984
 31
0.0
  0
LINE
  5
1667
330
70
100
AcDbEntity
  8
Visible
100
AcDbLine
 10
949.209925
 20
1260.040984
 30
0.0
 11
949.209925
 21
673.040984
 31
0.0
  0
CIRCLE
  5
1668
330
70
100
AcDbEntity
  8
Visible
100
AcDbCircle
 10
-569.709916
 20
692.540961
 30
0.0
 40
2.999999999999971
210
0.0
220
0.0
230
-1.0
  0
CIRCLE
  5
1669
330
70
100
AcDbEntity
  8
Visible
100
AcDbCircle
 10
-569.709916
 20
1009.540961
 30
0.0
 40
2.999999999999971
210
0.0
220
0.0
230
-1.0
  0
CIRCLE
  5
166A
330
70
100
AcDbEntity
  8
Visible
100
AcDbCircle
 10
-884.709916
 20
692.540961
 30
0.0
 40
2.999999999999971
210
0.0
220
0.0
230
-1.0
  0
CIRCLE
  5
166B
330
70
100
AcDbEntity
  8
Visible
100
AcDbCircle
 10
-884.709916
 20
1009.540961
 30
0.0
 40
2.999999999999971
210
0.0
220
0.0
230
-1.0
  0
LINE
  5
166C
330
70
100
AcDbEntity
  8
Visible
100
AcDbLine
 10
742.402925
 20
851.867984
 30
0.0
 11
742.442904
 21
851.759858
 31
0.0
  0
LINE
  5
166D
330
70
100
AcDbEntity
  8
Visible
100
AcDbLine
 10
742.353925
 20
851.982984
 30
0.0
 11
742.402925
 21
851.867984
 31
0.0
  0
LINE
  5
166E
330
70
100
AcDbEntity
  8
Visible
100
AcDbLine
 10
742.299925
 20
852.092984
 30
0.0
 11
742.353925
 21
851.982984
 31
0.0
  0
LINE
  5
166F
330
70
100
AcDbEntity
  8
Visible
100
AcDbLine
 10
742.241925
 20
852.197984
 30
0.0
 11
742.299925
 21
852.092984
 31
0.0
  0
LINE
  5
1670
330
70
100
AcDbEntity
  8
Visible
100
AcDbLine
 10
742.178925
 20
852.297984
 30
0.0
 11
742.241925
 21
852.197984
 31
0.0
  0
LINE
  5
1671
330
70
100
AcDbEntity
  8
Visible
100
AcDbLine
 10
742.111925
 20
852.391984
 30
0.0
 11
742.178925
 21
852.297984
 31
0.0
  0
LINE
  5
1672
330
70
100
AcDbEntity
  8
Visible
100
AcDbLine
 10
742.039925
 20
852.481984
 30
0.0
 11
742.111925
 21
852.391984
 31
0.0
  0
LINE
  5
1673
330
70
100
AcDbEntity
  8
Visible
100
AcDbLine
 10
741.962925
 20
852.565984
 30
0.0
 11
742.039925
 21
852.481984
 31
0.0
  0
LINE
  5
1674
330
70
100
AcDbEntity
  8
Visible
100
AcDbLine
 10
741.882925
 20
852.644984
 30
0.0
 11
741.962925
 21
852.565984
 31
0.0
  0
LINE
  5
1675
330
70
100
AcDbEntity
  8
Visible
100
AcDbLine
 10
741.796925
 20
852.717984
 30
0.0
 11
741.882925
 21
852.644984
 31
0.0
  0
LINE
  5
1676
330
70
100
AcDbEntity
  8
Visible
100
AcDbLine
 10
741.706925
 20
852.786984
 30
0.0
 11
741.796925
 21
852.717984
 31
0.0
  0
LINE
  5
1677
330
70
100
AcDbEntity
  8
Visible
100
AcDbLine
 10
741.612925
 20
852.849984
 30
0.0
 11
741.706925
 21
852.786984
 31
0.0
  0
LINE
  5
1678
330
70
100
AcDbEntity
  8
Visible
100
AcDbLine
 10
741.513925
 20
852.907984
 30
0.0
 11
741.612925
 21
852.849984
 31
0.0
  0
LINE
  5
1679
330
70
100
AcDbEntity
  8
Visible
100
AcDbLine
 10
741.411925
 20
852.958984
 30
0.0
 11
741.513925
 21
852.907984
 31
0.0
  0
LINE
  5
167A
330
70
100
AcDbEntity
  8
Visible
100
AcDbLine
 10
741.305925
 20
853.004984
 30
0.0
 11
741.411925
 21
852.958984
 31
0.0
  0
LINE
  5
167B
330
70
100
AcDbEntity
  8
Visible
100
AcDbLine
 10
741.194925
 20
853.043984
 30
0.0
 11
741.305925
 21
853.004984
 31
0.0
  0
LINE
  5
167C
330
70
100
AcDbEntity
  8
Visible
100
AcDbLine
 10
741.080925
 20
853.076984
 30
0.0
 11
741.194925
 21
853.043984
 31
0.0
  0
LINE
  5
167D
330
70
100
AcDbEntity
  8
Visible
100
AcDbLine
 10
740.962925
 20
853.104984
 30
0.0
 11
741.080925
 21
853.076984
 31
0.0
  0
LINE
  5
167E
330
70
100
AcDbEntity
  8
Visible
100
AcDbLine
 10
740.840925
 20
853.125984
 30
0.0
 11
740.962925
 21
853.104984
 31
0.0
  0
LINE
  5
167F
330
70
100
AcDbEntity
  8
Visible
100
AcDbLine
 10
740.714925
 20
853.140984
 30
0.0
 11
740.840925
 21
853.125984
 31
0.0
  0
LINE
  5
1680
330
70
100
AcDbEntity
  8
Visible
100
AcDbLine
 10
740.585925
 20
853.149984
 30
0.0
 11
740.714925
 21
853.140984
 31
0.0
  0
LINE
  5
1681
330
70
100
AcDbEntity
  8
Visible
100
AcDbLine
 10
740.451925
 20
853.152984
 30
0.0
 11
740.585925
 21
853.149984
 31
0.0
  0
LINE
  5
1682
330
70
100
AcDbEntity
  8
Visible
100
AcDbLine
 10
740.316925
 20
853.149984
 30
0.0
 11
740.451925
 21
853.152984
 31
0.0
  0
LINE
  5
1683
330
70
100
AcDbEntity
  8
Visible
100
AcDbLine
 10
740.185925
 20
853.139984
 30
0.0
 11
740.316925
 21
853.149984
 31
0.0
  0
LINE
  5
1684
330
70
100
AcDbEntity
  8
Visible
100
AcDbLine
 10
740.058925
 20
853.122984
 30
0.0
 11
740.185925
 21
853.139984
 31
0.0
  0
LINE
  5
1685
330
70
100
AcDbEntity
  8
Visible
100
AcDbLine
 10
739.935925
 20
853.098984
 30
0.0
 11
740.058925
 21
853.122984
 31
0.0
  0
LINE
  5
1686
330
70
100
AcDbEntity
  8
Visible
100
AcDbLine
 10
739.816925
 20
853.068984
 30
0.0
 11
739.935925
 21
853.098984
 31
0.0
  0
LINE
  5
1687
330
70
100
AcDbEntity
  8
Visible
100
AcDbLine
 10
739.700925
 20
853.031984
 30
0.0
 11
739.816925
 21
853.068984
 31
0.0
  0
LINE
  5
1688
330
70
100
AcDbEntity
  8
Visible
100
AcDbLine
 10
739.589925
 20
852.987984
 30
0.0
 11
739.700925
 21
853.031984
 31
0.0
  0
LINE
  5
1689
330
70
100
AcDbEntity
  8
Visible
100
AcDbLine
 10
739.481925
 20
852.937984
 30
0.0
 11
739.589925
 21
852.987984
 31
0.0
  0
LINE
  5
168A
330
70
100
AcDbEntity
  8
Visible
100
AcDbLine
 10
739.378925
 20
852.880984
 30
0.0
 11
739.481925
 21
852.937984
 31
0.0
  0
LINE
  5
168B
330
70
100
AcDbEntity
  8
Visible
100
AcDbLine
 10
739.278925
 20
852.816984
 30
0.0
 11
739.378925
 21
852.880984
 31
0.0
  0
LINE
  5
168C
330
70
100
AcDbEntity
  8
Visible
100
AcDbLine
 10
739.182925
 20
852.746984
 30
0.0
 11
739.278925
 21
852.816984
 31
0.0
  0
LINE
  5
168D
330
70
100
AcDbEntity
  8
Visible
100
AcDbLine
 10
739.091925
 20
852.670984
 30
0.0
 11
739.182925
 21
852.746984
 31
0.0
  0
LINE
  5
168E
330
70
100
AcDbEntity
  8
Visible
100
AcDbLine
 10
739.004925
 20
852.588984
 30
0.0
 11
739.091925
 21
852.670984
 31
0.0
  0
LINE
  5
168F
330
70
100
AcDbEntity
  8
Visible
100
AcDbLine
 10
738.922925
 20
852.501984
 30
0.0
 11
739.004925
 21
852.588984
 31
0.0
  0
LINE
  5
1690
330
70
100
AcDbEntity
  8
Visible
100
AcDbLine
 10
738.844925
 20
852.408984
 30
0.0
 11
738.922925
 21
852.501984
 31
0.0
  0
LINE
  5
1691
330
70
100
AcDbEntity
  8
Visible
100
AcDbLine
 10
738.770925
 20
852.309984
 30
0.0
 11
738.844925
 21
852.408984
 31
0.0
  0
LINE
  5
1692
330
70
100
AcDbEntity
  8
Visible
100
AcDbLine
 10
738.701925
 20
852.204984
 30
0.0
 11
738.770925
 21
852.309984
 31
0.0
  0
LINE
  5
1693
330
70
100
AcDbEntity
  8
Visible
100
AcDbLine
 10
738.636925
 20
852.094984
 30
0.0
 11
738.701925
 21
852.204984
 31
0.0
  0
LINE
  5
1694
330
70
100
AcDbEntity
  8
Visible
100
AcDbLine
 10
738.575925
 20
851.978984
 30
0.0
 11
738.636925
 21
852.094984
 31
0.0
  0
LINE
  5
1695
330
70
100
AcDbEntity
  8
Visible
100
AcDbLine
 10
738.519925
 20
851.856984
 30
0.0
 11
738.575925
 21
851.978984
 31
0.0
  0
LINE
  5
1696
330
70
100
AcDbEntity
  8
Visible
100
AcDbLine
 10
738.411925
 20
853.008984
 30
0.0
 11
738.519925
 21
851.856984
 31
0.0
  0
LINE
  5
1697
330
70
100
AcDbEntity
  8
Visible
100
AcDbLine
 10
737.607925
 20
853.008984
 30
0.0
 11
738.411925
 21
853.008984
 31
0.0
  0
LINE
  5
1698
330
70
100
AcDbEntity
  8
Visible
100
AcDbLine
 10
737.607925
 20
847.272984
 30
0.0
 11
737.607925
 21
853.008984
 31
0.0
  0
LINE
  5
1699
330
70
100
AcDbEntity
  8
Visible
100
AcDbLine
 10
738.543925
 20
847.272984
 30
0.0
 11
737.607925
 21
847.272984
 31
0.0
  0
LINE
  5
169A
330
70
100
AcDbEntity
  8
Visible
100
AcDbLine
 10
738.543925
 20
849.984984
 30
0.0
 11
738.543925
 21
847.272984
 31
0.0
  0
LINE
  5
169B
330
70
100
AcDbEntity
  8
Visible
100
AcDbLine
 10
738.545925
 20
850.127984
 30
0.0
 11
738.543925
 21
849.984984
 31
0.0
  0
LINE
  5
169C
330
70
100
AcDbEntity
  8
Visible
100
AcDbLine
 10
738.551925
 20
850.266984
 30
0.0
 11
738.545925
 21
850.127984
 31
0.0
  0
LINE
  5
169D
330
70
100
AcDbEntity
  8
Visible
100
AcDbLine
 10
738.561925
 20
850.402984
 30
0.0
 11
738.551925
 21
850.266984
 31
0.0
  0
LINE
  5
169E
330
70
100
AcDbEntity
  8
Visible
100
AcDbLine
 10
738.576925
 20
850.533984
 30
0.0
 11
738.561925
 21
850.402984
 31
0.0
  0
LINE
  5
169F
330
70
100
AcDbEntity
  8
Visible
100
AcDbLine
 10
738.594925
 20
850.660984
 30
0.0
 11
738.576925
 21
850.533984
 31
0.0
  0
LINE
  5
16A0
330
70
100
AcDbEntity
  8
Visible
100
AcDbLine
 10
738.616925
 20
850.783984
 30
0.0
 11
738.594925
 21
850.660984
 31
0.0
  0
LINE
  5
16A1
330
70
100
AcDbEntity
  8
Visible
100
AcDbLine
 10
738.643925
 20
850.902984
 30
0.0
 11
738.616925
 21
850.783984
 31
0.0
  0
LINE
  5
16A2
330
70
100
AcDbEntity
  8
Visible
100
AcDbLine
 10
738.674925
 20
851.017984
 30
0.0
 11
738.643925
 21
850.902984
 31
0.0
  0
LINE
  5
16A3
330
70
100
AcDbEntity
  8
Visible
100
AcDbLine
 10
738.708925
 20
851.128984
 30
0.0
 11
738.674925
 21
851.017984
 31
0.0
  0
LINE
  5
16A4
330
70
100
AcDbEntity
  8
Visible
100
AcDbLine
 10
738.747925
 20
851.235984
 30
0.0
 11
738.708925
 21
851.128984
 31
0.0
  0
LINE
  5
16A5
330
70
100
AcDbEntity
  8
Visible
100
AcDbLine
 10
738.790925
 20
851.338984
 30
0.0
 11
738.747925
 21
851.235984
 31
0.0
  0
LINE
  5
16A6
330
70
100
AcDbEntity
  8
Visible
100
AcDbLine
 10
738.836925
 20
851.435984
 30
0.0
 11
738.790925
 21
851.338984
 31
0.0
  0
LINE
  5
16A7
330
70
100
AcDbEntity
  8
Visible
100
AcDbLine
 10
738.885925
 20
851.528984
 30
0.0
 11
738.836925
 21
851.435984
 31
0.0
  0
LINE
  5
16A8
330
70
100
AcDbEntity
  8
Visible
100
AcDbLine
 10
738.938925
 20
851.616984
 30
0.0
 11
738.885925
 21
851.528984
 31
0.0
  0
LINE
  5
16A9
330
70
100
AcDbEntity
  8
Visible
100
AcDbLine
 10
738.994925
 20
851.699984
 30
0.0
 11
738.938925
 21
851.616984
 31
0.0
  0
LINE
  5
16AA
330
70
100
AcDbEntity
  8
Visible
100
AcDbLine
 10
739.054925
 20
851.778984
 30
0.0
 11
738.994925
 21
851.699984
 31
0.0
  0
LINE
  5
16AB
330
70
100
AcDbEntity
  8
Visible
100
AcDbLine
 10
739.118925
 20
851.851984
 30
0.0
 11
739.054925
 21
851.778984
 31
0.0
  0
LINE
  5
16AC
330
70
100
AcDbEntity
  8
Visible
100
AcDbLine
 10
739.185925
 20
851.919984
 30
0.0
 11
739.118925
 21
851.851984
 31
0.0
  0
LINE
  5
16AD
330
70
100
AcDbEntity
  8
Visible
100
AcDbLine
 10
739.255925
 20
851.983984
 30
0.0
 11
739.185925
 21
851.919984
 31
0.0
  0
LINE
  5
16AE
330
70
100
AcDbEntity
  8
Visible
100
AcDbLine
 10
739.329925
 20
852.042984
 30
0.0
 11
739.255925
 21
851.983984
 31
0.0
  0
LINE
  5
16AF
330
70
100
AcDbEntity
  8
Visible
100
AcDbLine
 10
739.406925
 20
852.096984
 30
0.0
 11
739.329925
 21
852.042984
 31
0.0
  0
LINE
  5
16B0
330
70
100
AcDbEntity
  8
Visible
100
AcDbLine
 10
739.486925
 20
852.144984
 30
0.0
 11
739.406925
 21
852.096984
 31
0.0
  0
LINE
  5
16B1
330
70
100
AcDbEntity
  8
Visible
100
AcDbLine
 10
739.568925
 20
852.186984
 30
0.0
 11
739.486925
 21
852.144984
 31
0.0
  0
LINE
  5
16B2
330
70
100
AcDbEntity
  8
Visible
100
AcDbLine
 10
739.653925
 20
852.222984
 30
0.0
 11
739.568925
 21
852.186984
 31
0.0
  0
LINE
  5
16B3
330
70
100
AcDbEntity
  8
Visible
100
AcDbLine
 10
739.742925
 20
852.253984
 30
0.0
 11
739.653925
 21
852.222984
 31
0.0
  0
LINE
  5
16B4
330
70
100
AcDbEntity
  8
Visible
100
AcDbLine
 10
739.832925
 20
852.279984
 30
0.0
 11
739.742925
 21
852.253984
 31
0.0
  0
LINE
  5
16B5
330
70
100
AcDbEntity
  8
Visible
100
AcDbLine
 10
739.926925
 20
852.299984
 30
0.0
 11
739.832925
 21
852.279984
 31
0.0
  0
LINE
  5
16B6
330
70
100
AcDbEntity
  8
Visible
100
AcDbLine
 10
740.022925
 20
852.313984
 30
0.0
 11
739.926925
 21
852.299984
 31
0.0
  0
LINE
  5
16B7
330
70
100
AcDbEntity
  8
Visible
100
AcDbLine
 10
740.121925
 20
852.321984
 30
0.0
 11
740.022925
 21
852.313984
 31
0.0
  0
LINE
  5
16B8
330
70
100
AcDbEntity
  8
Visible
100
AcDbLine
 10
740.223925
 20
852.324984
 30
0.0
 11
740.121925
 21
852.321984
 31
0.0
  0
LINE
  5
16B9
330
70
100
AcDbEntity
  8
Visible
100
AcDbLine
 10
740.356925
 20
852.320984
 30
0.0
 11
740.223925
 21
852.324984
 31
0.0
  0
LINE
  5
16BA
330
70
100
AcDbEntity
  8
Visible
100
AcDbLine
 10
740.483925
 20
852.307984
 30
0.0
 11
740.356925
 21
852.320984
 31
0.0
  0
LINE
  5
16BB
330
70
100
AcDbEntity
  8
Visible
100
AcDbLine
 10
740.604925
 20
852.285984
 30
0.0
 11
740.483925
 21
852.307984
 31
0.0
  0
LINE
  5
16BC
330
70
100
AcDbEntity
  8
Visible
100
AcDbLine
 10
740.720925
 20
852.255984
 30
0.0
 11
740.604925
 21
852.285984
 31
0.0
  0
LINE
  5
16BD
330
70
100
AcDbEntity
  8
Visible
100
AcDbLine
 10
740.830925
 20
852.217984
 30
0.0
 11
740.720925
 21
852.255984
 31
0.0
  0
LINE
  5
16BE
330
70
100
AcDbEntity
  8
Visible
100
AcDbLine
 10
740.934925
 20
852.170984
 30
0.0
 11
740.830925
 21
852.217984
 31
0.0
  0
LINE
  5
16BF
330
70
100
AcDbEntity
  8
Visible
100
AcDbLine
 10
741.033925
 20
852.114984
 30
0.0
 11
740.934925
 21
852.170984
 31
0.0
  0
LINE
  5
16C0
330
70
100
AcDbEntity
  8
Visible
100
AcDbLine
 10
741.125925
 20
852.049984
 30
0.0
 11
741.033925
 21
852.114984
 31
0.0
  0
LINE
  5
16C1
330
70
100
AcDbEntity
  8
Visible
100
AcDbLine
 10
741.213925
 20
851.977984
 30
0.0
 11
741.125925
 21
852.049984
 31
0.0
  0
LINE
  5
16C2
330
70
100
AcDbEntity
  8
Visible
100
AcDbLine
 10
741.294925
 20
851.895984
 30
0.0
 11
741.213925
 21
851.977984
 31
0.0
  0
LINE
  5
16C3
330
70
100
AcDbEntity
  8
Visible
100
AcDbLine
 10
741.369925
 20
851.805984
 30
0.0
 11
741.294925
 21
851.895984
 31
0.0
  0
LINE
  5
16C4
330
70
100
AcDbEntity
  8
Visible
100
AcDbLine
 10
741.435925
 20
851.708984
 30
0.0
 11
741.369925
 21
851.805984
 31
0.0
  0
LINE
  5
16C5
330
70
100
AcDbEntity
  8
Visible
100
AcDbLine
 10
741.494925
 20
851.602984
 30
0.0
 11
741.435925
 21
851.708984
 31
0.0
  0
LINE
  5
16C6
330
70
100
AcDbEntity
  8
Visible
100
AcDbLine
 10
741.546925
 20
851.489984
 30
0.0
 11
741.494925
 21
851.602984
 31
0.0
  0
LINE
  5
16C7
330
70
100
AcDbEntity
  8
Visible
100
AcDbLine
 10
741.589925
 20
851.368984
 30
0.0
 11
741.546925
 21
851.489984
 31
0.0
  0
LINE
  5
16C8
330
70
100
AcDbEntity
  8
Visible
100
AcDbLine
 10
741.624925
 20
851.239984
 30
0.0
 11
741.589925
 21
851.368984
 31
0.0
  0
LINE
  5
16C9
330
70
100
AcDbEntity
  8
Visible
100
AcDbLine
 10
741.652925
 20
851.102984
 30
0.0
 11
741.624925
 21
851.239984
 31
0.0
  0
LINE
  5
16CA
330
70
100
AcDbEntity
  8
Visible
100
AcDbLine
 10
741.671925
 20
850.957984
 30
0.0
 11
741.652925
 21
851.102984
 31
0.0
  0
LINE
  5
16CB
330
70
100
AcDbEntity
  8
Visible
100
AcDbLine
 10
741.683925
 20
850.804984
 30
0.0
 11
741.671925
 21
850.957984
 31
0.0
  0
LINE
  5
16CC
330
70
100
AcDbEntity
  8
Visible
100
AcDbLine
 10
741.687925
 20
850.644984
 30
0.0
 11
741.683925
 21
850.804984
 31
0.0
  0
LINE
  5
16CD
330
70
100
AcDbEntity
  8
Visible
100
AcDbLine
 10
741.687925
 20
847.272984
 30
0.0
 11
741.687925
 21
850.644984
 31
0.0
  0
LINE
  5
16CE
330
70
100
AcDbEntity
  8
Visible
100
AcDbLine
 10
742.611925
 20
847.272984
 30
0.0
 11
741.687925
 21
847.272984
 31
0.0
  0
LINE
  5
16CF
330
70
100
AcDbEntity
  8
Visible
100
AcDbLine
 10
742.611925
 20
850.056984
 30
0.0
 11
742.611925
 21
847.272984
 31
0.0
  0
LINE
  5
16D0
330
70
100
AcDbEntity
  8
Visible
100
AcDbLine
 10
742.615925
 20
850.264984
 30
0.0
 11
742.611925
 21
850.056984
 31
0.0
  0
LINE
  5
16D1
330
70
100
AcDbEntity
  8
Visible
100
AcDbLine
 10
742.628925
 20
850.462984
 30
0.0
 11
742.615925
 21
850.264984
 31
0.0
  0
LINE
  5
16D2
330
70
100
AcDbEntity
  8
Visible
100
AcDbLine
 10
742.648925
 20
850.652984
 30
0.0
 11
742.628925
 21
850.462984
 31
0.0
  0
LINE
  5
16D3
330
70
100
AcDbEntity
  8
Visible
100
AcDbLine
 10
742.677925
 20
850.832984
 30
0.0
 11
742.648925
 21
850.652984
 31
0.0
  0
LINE
  5
16D4
330
70
100
AcDbEntity
  8
Visible
100
AcDbLine
 10
742.714925
 20
851.003984
 30
0.0
 11
742.677925
 21
850.832984
 31
0.0
  0
LINE
  5
16D5
330
70
100
AcDbEntity
  8
Visible
100
AcDbLine
 10
742.760925
 20
851.165984
 30
0.0
 11
742.714925
 21
851.003984
 31
0.0
  0
LINE
  5
16D6
330
70
100
AcDbEntity
  8
Visible
100
AcDbLine
 10
742.814925
 20
851.318984
 30
0.0
 11
742.760925
 21
851.165984
 31
0.0
  0
LINE
  5
16D7
330
70
100
AcDbEntity
  8
Visible
100
AcDbLine
 10
742.876925
 20
851.461984
 30
0.0
 11
742.814925
 21
851.318984
 31
0.0
  0
LINE
  5
16D8
330
70
100
AcDbEntity
  8
Visible
100
AcDbLine
 10
742.946925
 20
851.596984
 30
0.0
 11
742.876925
 21
851.461984
 31
0.0
  0
LINE
  5
16D9
330
70
100
AcDbEntity
  8
Visible
100
AcDbLine
 10
743.025925
 20
851.721984
 30
0.0
 11
742.946925
 21
851.596984
 31
0.0
  0
LINE
  5
16DA
330
70
100
AcDbEntity
  8
Visible
100
AcDbLine
 10
743.111925
 20
851.836984
 30
0.0
 11
743.025925
 21
851.721984
 31
0.0
  0
LINE
  5
16DB
330
70
100
AcDbEntity
  8
Visible
100
AcDbLine
 10
743.205925
 20
851.938984
 30
0.0
 11
743.111925
 21
851.836984
 31
0.0
  0
LINE
  5
16DC
330
70
100
AcDbEntity
  8
Visible
100
AcDbLine
 10
743.306925
 20
852.029984
 30
0.0
 11
743.205925
 21
851.938984
 31
0.0
  0
LINE
  5
16DD
330
70
100
AcDbEntity
  8
Visible
100
AcDbLine
 10
743.415925
 20
852.107984
 30
0.0
 11
743.306925
 21
852.029984
 31
0.0
  0
LINE
  5
16DE
330
70
100
AcDbEntity
  8
Visible
100
AcDbLine
 10
743.531925
 20
852.173984
 30
0.0
 11
743.415925
 21
852.107984
 31
0.0
  0
LINE
  5
16DF
330
70
100
AcDbEntity
  8
Visible
100
AcDbLine
 10
743.654925
 20
852.228984
 30
0.0
 11
743.531925
 21
852.173984
 31
0.0
  0
LINE
  5
16E0
330
70
100
AcDbEntity
  8
Visible
100
AcDbLine
 10
743.784925
 20
852.270984
 30
0.0
 11
743.654925
 21
852.228984
 31
0.0
  0
LINE
  5
16E1
330
70
100
AcDbEntity
  8
Visible
100
AcDbLine
 10
743.922925
 20
852.300984
 30
0.0
 11
743.784925
 21
852.270984
 31
0.0
  0
LINE
  5
16E2
330
70
100
AcDbEntity
  8
Visible
100
AcDbLine
 10
744.067925
 20
852.318984
 30
0.0
 11
743.922925
 21
852.300984
 31
0.0
  0
LINE
  5
16E3
330
70
100
AcDbEntity
  8
Visible
100
AcDbLine
 10
744.219925
 20
852.324984
 30
0.0
 11
744.067925
 21
852.318984
 31
0.0
  0
LINE
  5
16E4
330
70
100
AcDbEntity
  8
Visible
100
AcDbLine
 10
744.349925
 20
852.320984
 30
0.0
 11
744.219925
 21
852.324984
 31
0.0
  0
LINE
  5
16E5
330
70
100
AcDbEntity
  8
Visible
100
AcDbLine
 10
744.474925
 20
852.307984
 30
0.0
 11
744.349925
 21
852.320984
 31
0.0
  0
LINE
  5
16E6
330
70
100
AcDbEntity
  8
Visible
100
AcDbLine
 10
744.594925
 20
852.285984
 30
0.0
 11
744.474925
 21
852.307984
 31
0.0
  0
LINE
  5
16E7
330
70
100
AcDbEntity
  8
Visible
100
AcDbLine
 10
744.708925
 20
852.255984
 30
0.0
 11
744.594925
 21
852.285984
 31
0.0
  0
LINE
  5
16E8
330
70
100
AcDbEntity
  8
Visible
100
AcDbLine
 10
744.817925
 20
852.217984
 30
0.0
 11
744.708925
 21
852.255984
 31
0.0
  0
LINE
  5
16E9
330
70
100
AcDbEntity
  8
Visible
100
AcDbLine
 10
744.920925
 20
852.170984
 30
0.0
 11
744.817925
 21
852.217984
 31
0.0
  0
LINE
  5
16EA
330
70
100
AcDbEntity
  8
Visible
100
AcDbLine
 10
745.018925
 20
852.114984
 30
0.0
 11
744.920925
 21
852.170984
 31
0.0
  0
LINE
  5
16EB
330
70
100
AcDbEntity
  8
Visible
100
AcDbLine
 10
745.110925
 20
852.049984
 30
0.0
 11
745.018925
 21
852.114984
 31
0.0
  0
LINE
  5
16EC
330
70
100
AcDbEntity
  8
Visible
100
AcDbLine
 10
745.197925
 20
851.977984
 30
0.0
 11
745.110925
 21
852.049984
 31
0.0
  0
LINE
  5
16ED
330
70
100
AcDbEntity
  8
Visible
100
AcDbLine
 10
745.278925
 20
851.895984
 30
0.0
 11
745.197925
 21
851.977984
 31
0.0
  0
LINE
  5
16EE
330
70
100
AcDbEntity
  8
Visible
100
AcDbLine
 10
745.353925
 20
851.805984
 30
0.0
 11
745.278925
 21
851.895984
 31
0.0
  0
LINE
  5
16EF
330
70
100
AcDbEntity
  8
Visible
100
AcDbLine
 10
745.419925
 20
851.708984
 30
0.0
 11
745.353925
 21
851.805984
 31
0.0
  0
LINE
  5
16F0
330
70
100
AcDbEntity
  8
Visible
100
AcDbLine
 10
745.478925
 20
851.602984
 30
0.0
 11
745.419925
 21
851.708984
 31
0.0
  0
LINE
  5
16F1
330
70
100
AcDbEntity
  8
Visible
100
AcDbLine
 10
745.530925
 20
851.489984
 30
0.0
 11
745.478925
 21
851.602984
 31
0.0
  0
LINE
  5
16F2
330
70
100
AcDbEntity
  8
Visible
100
AcDbLine
 10
745.573925
 20
851.368984
 30
0.0
 11
745.530925
 21
851.489984
 31
0.0
  0
LINE
  5
16F3
330
70
100
AcDbEntity
  8
Visible
100
AcDbLine
 10
745.608925
 20
851.239984
 30
0.0
 11
745.573925
 21
851.368984
 31
0.0
  0
LINE
  5
16F4
330
70
100
AcDbEntity
  8
Visible
100
AcDbLine
 10
745.636925
 20
851.102984
 30
0.0
 11
745.608925
 21
851.239984
 31
0.0
  0
LINE
  5
16F5
330
70
100
AcDbEntity
  8
Visible
100
AcDbLine
 10
745.655925
 20
850.957984
 30
0.0
 11
745.636925
 21
851.102984
 31
0.0
  0
LINE
  5
16F6
330
70
100
AcDbEntity
  8
Visible
100
AcDbLine
 10
745.667925
 20
850.804984
 30
0.0
 11
745.655925
 21
850.957984
 31
0.0
  0
LINE
  5
16F7
330
70
100
AcDbEntity
  8
Visible
100
AcDbLine
 10
745.671925
 20
850.644984
 30
0.0
 11
745.667925
 21
850.804984
 31
0.0
  0
LINE
  5
16F8
330
70
100
AcDbEntity
  8
Visible
100
AcDbLine
 10
745.671925
 20
847.272984
 30
0.0
 11
745.671925
 21
850.644984
 31
0.0
  0
LINE
  5
16F9
330
70
100
AcDbEntity
  8
Visible
100
AcDbLine
 10
746.607925
 20
847.272984
 30
0.0
 11
745.671925
 21
847.272984
 31
0.0
  0
LINE
  5
16FA
330
70
100
AcDbEntity
  8
Visible
100
AcDbLine
 10
746.607925
 20
850.644984
 30
0.0
 11
746.607925
 21
847.272984
 31
0.0
  0
LINE
  5
16FB
330
70
100
AcDbEntity
  8
Visible
100
AcDbLine
 10
746.604925
 20
850.797984
 30
0.0
 11
746.607925
 21
850.644984
 31
0.0
  0
LINE
  5
16FC
330
70
100
AcDbEntity
  8
Visible
100
AcDbLine
 10
746.597925
 20
850.945984
 30
0.0
 11
746.604925
 21
850.797984
 31
0.0
  0
LINE
  5
16FD
330
70
100
AcDbEntity
  8
Visible
100
AcDbLine
 10
746.584925
 20
851.089984
 30
0.0
 11
746.597925
 21
850.945984
 31
0.0
  0
LINE
  5
16FE
330
70
100
AcDbEntity
  8
Visible
100
AcDbLine
 10
746.566925
 20
851.230984
 30
0.0
 11
746.584925
 21
851.089984
 31
0.0
  0
LINE
  5
16FF
330
70
100
AcDbEntity
  8
Visible
100
AcDbLine
 10
746.542925
 20
851.366984
 30
0.0
 11
746.566925
 21
851.230984
 31
0.0
  0
LINE
  5
1700
330
70
100
AcDbEntity
  8
Visible
100
AcDbLine
 10
746.514925
 20
851.497984
 30
0.0
 11
746.542925
 21
851.366984
 31
0.0
  0
LINE
  5
1701
330
70
100
AcDbEntity
  8
Visible
100
AcDbLine
 10
746.481925
 20
851.625984
 30
0.0
 11
746.514925
 21
851.497984
 31
0.0
  0
LINE
  5
1702
330
70
100
AcDbEntity
  8
Visible
100
AcDbLine
 10
746.442925
 20
851.748984
 30
0.0
 11
746.481925
 21
851.625984
 31
0.0
  0
LINE
  5
1703
330
70
100
AcDbEntity
  8
Visible
100
AcDbLine
 10
746.398925
 20
851.867984
 30
0.0
 11
746.442925
 21
851.748984
 31
0.0
  0
LINE
  5
1704
330
70
100
AcDbEntity
  8
Visible
100
AcDbLine
 10
746.349925
 20
851.982984
 30
0.0
 11
746.398925
 21
851.867984
 31
0.0
  0
LINE
  5
1705
330
70
100
AcDbEntity
  8
Visible
100
AcDbLine
 10
746.295925
 20
852.092984
 30
0.0
 11
746.349925
 21
851.982984
 31
0.0
  0
LINE
  5
1706
330
70
100
AcDbEntity
  8
Visible
100
AcDbLine
 10
746.237925
 20
852.197984
 30
0.0
 11
746.295925
 21
852.092984
 31
0.0
  0
LINE
  5
1707
330
70
100
AcDbEntity
  8
Visible
100
AcDbLine
 10
746.174925
 20
852.297984
 30
0.0
 11
746.237925
 21
852.197984
 31
0.0
  0
LINE
  5
1708
330
70
100
AcDbEntity
  8
Visible
100
AcDbLine
 10
746.107925
 20
852.391984
 30
0.0
 11
746.174925
 21
852.297984
 31
0.0
  0
LINE
  5
1709
330
70
100
AcDbEntity
  8
Visible
100
AcDbLine
 10
746.035925
 20
852.481984
 30
0.0
 11
746.107925
 21
852.391984
 31
0.0
  0
LINE
  5
170A
330
70
100
AcDbEntity
  8
Visible
100
AcDbLine
 10
745.958925
 20
852.565984
 30
0.0
 11
746.035925
 21
852.481984
 31
0.0
  0
LINE
  5
170B
330
70
100
AcDbEntity
  8
Visible
100
AcDbLine
 10
745.878925
 20
852.644984
 30
0.0
 11
745.958925
 21
852.565984
 31
0.0
  0
LINE
  5
170C
330
70
100
AcDbEntity
  8
Visible
100
AcDbLine
 10
745.792925
 20
852.717984
 30
0.0
 11
745.878925
 21
852.644984
 31
0.0
  0
LINE
  5
170D
330
70
100
AcDbEntity
  8
Visible
100
AcDbLine
 10
745.702925
 20
852.786984
 30
0.0
 11
745.792925
 21
852.717984
 31
0.0
  0
LINE
  5
170E
330
70
100
AcDbEntity
  8
Visible
100
AcDbLine
 10
745.608925
 20
852.849984
 30
0.0
 11
745.702925
 21
852.786984
 31
0.0
  0
LINE
  5
170F
330
70
100
AcDbEntity
  8
Visible
100
AcDbLine
 10
745.509925
 20
852.907984
 30
0.0
 11
745.608925
 21
852.849984
 31
0.0
  0
LINE
  5
1710
330
70
100
AcDbEntity
  8
Visible
100
AcDbLine
 10
745.407925
 20
852.958984
 30
0.0
 11
745.509925
 21
852.907984
 31
0.0
  0
LINE
  5
1711
330
70
100
AcDbEntity
  8
Visible
100
AcDbLine
 10
745.301925
 20
853.004984
 30
0.0
 11
745.407925
 21
852.958984
 31
0.0
  0
LINE
  5
1712
330
70
100
AcDbEntity
  8
Visible
100
AcDbLine
 10
745.190925
 20
853.043984
 30
0.0
 11
745.301925
 21
853.004984
 31
0.0
  0
LINE
  5
1713
330
70
100
AcDbEntity
  8
Visible
100
AcDbLine
 10
745.076925
 20
853.076984
 30
0.0
 11
745.190925
 21
853.043984
 31
0.0
  0
LINE
  5
1714
330
70
100
AcDbEntity
  8
Visible
100
AcDbLine
 10
744.958925
 20
853.104984
 30
0.0
 11
745.076925
 21
853.076984
 31
0.0
  0
LINE
  5
1715
330
70
100
AcDbEntity
  8
Visible
100
AcDbLine
 10
744.836925
 20
853.125984
 30
0.0
 11
744.958925
 21
853.104984
 31
0.0
  0
LINE
  5
1716
330
70
100
AcDbEntity
  8
Visible
100
AcDbLine
 10
744.710925
 20
853.140984
 30
0.0
 11
744.836925
 21
853.125984
 31
0.0
  0
LINE
  5
1717
330
70
100
AcDbEntity
  8
Visible
100
AcDbLine
 10
744.581925
 20
853.149984
 30
0.0
 11
744.710925
 21
853.140984
 31
0.0
  0
LINE
  5
1718
330
70
100
AcDbEntity
  8
Visible
100
AcDbLine
 10
744.447925
 20
853.152984
 30
0.0
 11
744.581925
 21
853.149984
 31
0.0
  0
LINE
  5
1719
330
70
100
AcDbEntity
  8
Visible
100
AcDbLine
 10
744.341925
 20
853.150984
 30
0.0
 11
744.447925
 21
853.152984
 31
0.0
  0
LINE
  5
171A
330
70
100
AcDbEntity
  8
Visible
100
AcDbLine
 10
744.238925
 20
853.144984
 30
0.0
 11
744.341925
 21
853.150984
 31
0.0
  0
LINE
  5
171B
330
70
100
AcDbEntity
  8
Visible
100
AcDbLine
 10
744.137925
 20
853.135984
 30
0.0
 11
744.238925
 21
853.144984
 31
0.0
  0
LINE
  5
171C
330
70
100
AcDbEntity
  8
Visible
100
AcDbLine
 10
744.038925
 20
853.121984
 30
0.0
 11
744.137925
 21
853.135984
 31
0.0
  0
LINE
  5
171D
330
70
100
AcDbEntity
  8
Visible
100
AcDbLine
 10
743.941925
 20
853.104984
 30
0.0
 11
744.038925
 21
853.121984
 31
0.0
  0
LINE
  5
171E
330
70
100
AcDbEntity
  8
Visible
100
AcDbLine
 10
743.847925
 20
853.083984
 30
0.0
 11
743.941925
 21
853.104984
 31
0.0
  0
LINE
  5
171F
330
70
100
AcDbEntity
  8
Visible
100
AcDbLine
 10
743.755925
 20
853.058984
 30
0.0
 11
743.847925
 21
853.083984
 31
0.0
  0
LINE
  5
1720
330
70
100
AcDbEntity
  8
Visible
100
AcDbLine
 10
743.666925
 20
853.029984
 30
0.0
 11
743.755925
 21
853.058984
 31
0.0
  0
LINE
  5
1721
330
70
100
AcDbEntity
  8
Visible
100
AcDbLine
 10
743.578925
 20
852.996984
 30
0.0
 11
743.666925
 21
853.029984
 31
0.0
  0
LINE
  5
1722
330
70
100
AcDbEntity
  8
Visible
100
AcDbLine
 10
743.493925
 20
852.960984
 30
0.0
 11
743.578925
 21
852.996984
 31
0.0
  0
LINE
  5
1723
330
70
100
AcDbEntity
  8
Visible
100
AcDbLine
 10
743.410925
 20
852.920984
 30
0.0
 11
743.493925
 21
852.960984
 31
0.0
  0
LINE
  5
1724
330
70
100
AcDbEntity
  8
Visible
100
AcDbLine
 10
743.330925
 20
852.875984
 30
0.0
 11
743.410925
 21
852.920984
 31
0.0
  0
LINE
  5
1725
330
70
100
AcDbEntity
  8
Visible
100
AcDbLine
 10
743.252925
 20
852.827984
 30
0.0
 11
743.330925
 21
852.875984
 31
0.0
  0
LINE
  5
1726
330
70
100
AcDbEntity
  8
Visible
100
AcDbLine
 10
743.177925
 20
852.775984
 30
0.0
 11
743.252925
 21
852.827984
 31
0.0
  0
LINE
  5
1727
330
70
100
AcDbEntity
  8
Visible
100
AcDbLine
 10
743.104925
 20
852.719984
 30
0.0
 11
743.177925
 21
852.775984
 31
0.0
  0
LINE
  5
1728
330
70
100
AcDbEntity
  8
Visible
100
AcDbLine
 10
743.034925
 20
852.659984
 30
0.0
 11
743.104925
 21
852.719984
 31
0.0
  0
LINE
  5
1729
330
70
100
AcDbEntity
  8
Visible
100
AcDbLine
 10
742.967925
 20
852.596984
 30
0.0
 11
743.034925
 21
852.659984
 31
0.0
  0
LINE
  5
172A
330
70
100
AcDbEntity
  8
Visible
100
AcDbLine
 10
742.902925
 20
852.528984
 30
0.0
 11
742.967925
 21
852.596984
 31
0.0
  0
LINE
  5
172B
330
70
100
AcDbEntity
  8
Visible
100
AcDbLine
 10
742.839925
 20
852.456984
 30
0.0
 11
742.902925
 21
852.528984
 31
0.0
  0
LINE
  5
172C
330
70
100
AcDbEntity
  8
Visible
100
AcDbLine
 10
742.779925
 20
852.381984
 30
0.0
 11
742.839925
 21
852.456984
 31
0.0
  0
LINE
  5
172D
330
70
100
AcDbEntity
  8
Visible
100
AcDbLine
 10
742.722925
 20
852.302984
 30
0.0
 11
742.779925
 21
852.381984
 31
0.0
  0
LINE
  5
172E
330
70
100
AcDbEntity
  8
Visible
100
AcDbLine
 10
742.667925
 20
852.218984
 30
0.0
 11
742.722925
 21
852.302984
 31
0.0
  0
LINE
  5
172F
330
70
100
AcDbEntity
  8
Visible
100
AcDbLine
 10
742.615925
 20
852.131984
 30
0.0
 11
742.667925
 21
852.218984
 31
0.0
  0
LINE
  5
1730
330
70
100
AcDbEntity
  8
Visible
100
AcDbLine
 10
742.566925
 20
852.040984
 30
0.0
 11
742.615925
 21
852.131984
 31
0.0
  0
LINE
  5
1731
330
70
100
AcDbEntity
  8
Visible
100
AcDbLine
 10
742.520925
 20
851.945984
 30
0.0
 11
742.566925
 21
852.040984
 31
0.0
  0
LINE
  5
1732
330
70
100
AcDbEntity
  8
Visible
100
AcDbLine
 10
742.477925
 20
851.846984
 30
0.0
 11
742.520925
 21
851.945984
 31
0.0
  0
LINE
  5
1733
330
70
100
AcDbEntity
  8
Visible
100
AcDbLine
 10
742.442904
 20
851.759858
 30
0.0
 11
742.477925
 21
851.846984
 31
0.0
  0
LINE
  5
1734
330
70
100
AcDbEntity
  8
Visible
100
AcDbLine
 10
733.426925
 20
847.142984
 30
0.0
 11
733.277925
 21
847.131984
 31
0.0
  0
LINE
  5
1735
330
70
100
AcDbEntity
  8
Visible
100
AcDbLine
 10
733.571925
 20
847.159984
 30
0.0
 11
733.426925
 21
847.142984
 31
0.0
  0
LINE
  5
1736
330
70
100
AcDbEntity
  8
Visible
100
AcDbLine
 10
733.713925
 20
847.183984
 30
0.0
 11
733.571925
 21
847.159984
 31
0.0
  0
LINE
  5
1737
330
70
100
AcDbEntity
  8
Visible
100
AcDbLine
 10
733.852925
 20
847.213984
 30
0.0
 11
733.713925
 21
847.183984
 31
0.0
  0
LINE
  5
1738
330
70
100
AcDbEntity
  8
Visible
100
AcDbLine
 10
733.987925
 20
847.251984
 30
0.0
 11
733.852925
 21
847.213984
 31
0.0
  0
LINE
  5
1739
330
70
100
AcDbEntity
  8
Visible
100
AcDbLine
 10
734.119925
 20
847.296984
 30
0.0
 11
733.987925
 21
847.251984
 31
0.0
  0
LINE
  5
173A
330
70
100
AcDbEntity
  8
Visible
100
AcDbLine
 10
734.248925
 20
847.347984
 30
0.0
 11
734.119925
 21
847.296984
 31
0.0
  0
LINE
  5
173B
330
70
100
AcDbEntity
  8
Visible
100
AcDbLine
 10
734.374925
 20
847.405984
 30
0.0
 11
734.248925
 21
847.347984
 31
0.0
  0
LINE
  5
173C
330
70
100
AcDbEntity
  8
Visible
100
AcDbLine
 10
734.496925
 20
847.470984
 30
0.0
 11
734.374925
 21
847.405984
 31
0.0
  0
LINE
  5
173D
330
70
100
AcDbEntity
  8
Visible
100
AcDbLine
 10
734.614925
 20
847.542984
 30
0.0
 11
734.496925
 21
847.470984
 31
0.0
  0
LINE
  5
173E
330
70
100
AcDbEntity
  8
Visible
100
AcDbLine
 10
734.727925
 20
847.620984
 30
0.0
 11
734.614925
 21
847.542984
 31
0.0
  0
LINE
  5
173F
330
70
100
AcDbEntity
  8
Visible
100
AcDbLine
 10
734.835925
 20
847.705984
 30
0.0
 11
734.727925
 21
847.620984
 31
0.0
  0
LINE
  5
1740
330
70
100
AcDbEntity
  8
Visible
100
AcDbLine
 10
734.937925
 20
847.796984
 30
0.0
 11
734.835925
 21
847.705984
 31
0.0
  0
LINE
  5
1741
330
70
100
AcDbEntity
  8
Visible
100
AcDbLine
 10
735.035925
 20
847.895984
 30
0.0
 11
734.937925
 21
847.796984
 31
0.0
  0
LINE
  5
1742
330
70
100
AcDbEntity
  8
Visible
100
AcDbLine
 10
735.127925
 20
847.999984
 30
0.0
 11
735.035925
 21
847.895984
 31
0.0
  0
LINE
  5
1743
330
70
100
AcDbEntity
  8
Visible
100
AcDbLine
 10
735.214925
 20
848.111984
 30
0.0
 11
735.127925
 21
847.999984
 31
0.0
  0
LINE
  5
1744
330
70
100
AcDbEntity
  8
Visible
100
AcDbLine
 10
735.296925
 20
848.228984
 30
0.0
 11
735.214925
 21
848.111984
 31
0.0
  0
LINE
  5
1745
330
70
100
AcDbEntity
  8
Visible
100
AcDbLine
 10
735.372925
 20
848.353984
 30
0.0
 11
735.296925
 21
848.228984
 31
0.0
  0
LINE
  5
1746
330
70
100
AcDbEntity
  8
Visible
100
AcDbLine
 10
735.444925
 20
848.484984
 30
0.0
 11
735.372925
 21
848.353984
 31
0.0
  0
LINE
  5
1747
330
70
100
AcDbEntity
  8
Visible
100
AcDbLine
 10
735.510925
 20
848.622984
 30
0.0
 11
735.444925
 21
848.484984
 31
0.0
  0
LINE
  5
1748
330
70
100
AcDbEntity
  8
Visible
100
AcDbLine
 10
735.568925
 20
848.765984
 30
0.0
 11
735.510925
 21
848.622984
 31
0.0
  0
LINE
  5
1749
330
70
100
AcDbEntity
  8
Visible
100
AcDbLine
 10
735.620925
 20
848.915984
 30
0.0
 11
735.568925
 21
848.765984
 31
0.0
  0
LINE
  5
174A
330
70
100
AcDbEntity
  8
Visible
100
AcDbLine
 10
735.665925
 20
849.072984
 30
0.0
 11
735.620925
 21
848.915984
 31
0.0
  0
LINE
  5
174B
330
70
100
AcDbEntity
  8
Visible
100
AcDbLine
 10
735.703925
 20
849.234984
 30
0.0
 11
735.665925
 21
849.072984
 31
0.0
  0
LINE
  5
174C
330
70
100
AcDbEntity
  8
Visible
100
AcDbLine
 10
735.734925
 20
849.403984
 30
0.0
 11
735.703925
 21
849.234984
 31
0.0
  0
LINE
  5
174D
330
70
100
AcDbEntity
  8
Visible
100
AcDbLine
 10
735.758925
 20
849.578984
 30
0.0
 11
735.734925
 21
849.403984
 31
0.0
  0
LINE
  5
174E
330
70
100
AcDbEntity
  8
Visible
100
AcDbLine
 10
735.775925
 20
849.759984
 30
0.0
 11
735.758925
 21
849.578984
 31
0.0
  0
LINE
  5
174F
330
70
100
AcDbEntity
  8
Visible
100
AcDbLine
 10
735.786925
 20
849.946984
 30
0.0
 11
735.775925
 21
849.759984
 31
0.0
  0
LINE
  5
1750
330
70
100
AcDbEntity
  8
Visible
100
AcDbLine
 10
735.789925
 20
850.140984
 30
0.0
 11
735.786925
 21
849.946984
 31
0.0
  0
LINE
  5
1751
330
70
100
AcDbEntity
  8
Visible
100
AcDbLine
 10
735.786925
 20
850.335984
 30
0.0
 11
735.789925
 21
850.140984
 31
0.0
  0
LINE
  5
1752
330
70
100
AcDbEntity
  8
Visible
100
AcDbLine
 10
735.775925
 20
850.523984
 30
0.0
 11
735.786925
 21
850.335984
 31
0.0
  0
LINE
  5
1753
330
70
100
AcDbEntity
  8
Visible
100
AcDbLine
 10
735.758925
 20
850.705984
 30
0.0
 11
735.775925
 21
850.523984
 31
0.0
  0
LINE
  5
1754
330
70
100
AcDbEntity
  8
Visible
100
AcDbLine
 10
735.734925
 20
850.881984
 30
0.0
 11
735.758925
 21
850.705984
 31
0.0
  0
LINE
  5
1755
330
70
100
AcDbEntity
  8
Visible
100
AcDbLine
 10
735.703925
 20
851.050984
 30
0.0
 11
735.734925
 21
850.881984
 31
0.0
  0
LINE
  5
1756
330
70
100
AcDbEntity
  8
Visible
100
AcDbLine
 10
735.665925
 20
851.212984
 30
0.0
 11
735.703925
 21
851.050984
 31
0.0
  0
LINE
  5
1757
330
70
100
AcDbEntity
  8
Visible
100
AcDbLine
 10
735.620925
 20
851.369984
 30
0.0
 11
735.665925
 21
851.212984
 31
0.0
  0
LINE
  5
1758
330
70
100
AcDbEntity
  8
Visible
100
AcDbLine
 10
735.568925
 20
851.519984
 30
0.0
 11
735.620925
 21
851.369984
 31
0.0
  0
LINE
  5
1759
330
70
100
AcDbEntity
  8
Visible
100
AcDbLine
 10
735.510925
 20
851.662984
 30
0.0
 11
735.568925
 21
851.519984
 31
0.0
  0
LINE
  5
175A
330
70
100
AcDbEntity
  8
Visible
100
AcDbLine
 10
735.444925
 20
851.799984
 30
0.0
 11
735.510925
 21
851.662984
 31
0.0
  0
LINE
  5
175B
330
70
100
AcDbEntity
  8
Visible
100
AcDbLine
 10
735.372925
 20
851.930984
 30
0.0
 11
735.444925
 21
851.799984
 31
0.0
  0
LINE
  5
175C
330
70
100
AcDbEntity
  8
Visible
100
AcDbLine
 10
735.296925
 20
852.054984
 30
0.0
 11
735.372925
 21
851.930984
 31
0.0
  0
LINE
  5
175D
330
70
100
AcDbEntity
  8
Visible
100
AcDbLine
 10
735.214925
 20
852.171984
 30
0.0
 11
735.296925
 21
852.054984
 31
0.0
  0
LINE
  5
175E
330
70
100
AcDbEntity
  8
Visible
100
AcDbLine
 10
735.127925
 20
852.282984
 30
0.0
 11
735.214925
 21
852.171984
 31
0.0
  0
LINE
  5
175F
330
70
100
AcDbEntity
  8
Visible
100
AcDbLine
 10
735.035925
 20
852.386984
 30
0.0
 11
735.127925
 21
852.282984
 31
0.0
  0
LINE
  5
1760
330
70
100
AcDbEntity
  8
Visible
100
AcDbLine
 10
734.937925
 20
852.484984
 30
0.0
 11
735.035925
 21
852.386984
 31
0.0
  0
LINE
  5
1761
330
70
100
AcDbEntity
  8
Visible
100
AcDbLine
 10
734.835925
 20
852.575984
 30
0.0
 11
734.937925
 21
852.484984
 31
0.0
  0
LINE
  5
1762
330
70
100
AcDbEntity
  8
Visible
100
AcDbLine
 10
734.727925
 20
852.660984
 30
0.0
 11
734.835925
 21
852.575984
 31
0.0
  0
LINE
  5
1763
330
70
100
AcDbEntity
  8
Visible
100
AcDbLine
 10
734.614925
 20
852.738984
 30
0.0
 11
734.727925
 21
852.660984
 31
0.0
  0
LINE
  5
1764
330
70
100
AcDbEntity
  8
Visible
100
AcDbLine
 10
734.496925
 20
852.810984
 30
0.0
 11
734.614925
 21
852.738984
 31
0.0
  0
LINE
  5
1765
330
70
100
AcDbEntity
  8
Visible
100
AcDbLine
 10
734.374925
 20
852.875984
 30
0.0
 11
734.496925
 21
852.810984
 31
0.0
  0
LINE
  5
1766
330
70
100
AcDbEntity
  8
Visible
100
AcDbLine
 10
734.248925
 20
852.933984
 30
0.0
 11
734.374925
 21
852.875984
 31
0.0
  0
LINE
  5
1767
330
70
100
AcDbEntity
  8
Visible
100
AcDbLine
 10
734.119925
 20
852.984984
 30
0.0
 11
734.248925
 21
852.933984
 31
0.0
  0
LINE
  5
1768
330
70
100
AcDbEntity
  8
Visible
100
AcDbLine
 10
733.987925
 20
853.029984
 30
0.0
 11
734.119925
 21
852.984984
 31
0.0
  0
LINE
  5
1769
330
70
100
AcDbEntity
  8
Visible
100
AcDbLine
 10
733.852925
 20
853.067984
 30
0.0
 11
733.987925
 21
853.029984
 31
0.0
  0
LINE
  5
176A
330
70
100
AcDbEntity
  8
Visible
100
AcDbLine
 10
733.713925
 20
853.097984
 30
0.0
 11
733.852925
 21
853.067984
 31
0.0
  0
LINE
  5
176B
330
70
100
AcDbEntity
  8
Visible
100
AcDbLine
 10
733.571925
 20
853.121984
 30
0.0
 11
733.713925
 21
853.097984
 31
0.0
  0
LINE
  5
176C
330
70
100
AcDbEntity
  8
Visible
100
AcDbLine
 10
733.426925
 20
853.138984
 30
0.0
 11
733.571925
 21
853.121984
 31
0.0
  0
LINE
  5
176D
330
70
100
AcDbEntity
  8
Visible
100
AcDbLine
 10
733.277925
 20
853.149984
 30
0.0
 11
733.426925
 21
853.138984
 31
0.0
  0
LINE
  5
176E
330
70
100
AcDbEntity
  8
Visible
100
AcDbLine
 10
733.125925
 20
853.152984
 30
0.0
 11
733.277925
 21
853.149984
 31
0.0
  0
LINE
  5
176F
330
70
100
AcDbEntity
  8
Visible
100
AcDbLine
 10
732.972925
 20
853.149984
 30
0.0
 11
733.125925
 21
853.152984
 31
0.0
  0
LINE
  5
1770
330
70
100
AcDbEntity
  8
Visible
100
AcDbLine
 10
732.822925
 20
853.138984
 30
0.0
 11
732.972925
 21
853.149984
 31
0.0
  0
LINE
  5
1771
330
70
100
AcDbEntity
  8
Visible
100
AcDbLine
 10
732.676925
 20
853.121984
 30
0.0
 11
732.822925
 21
853.138984
 31
0.0
  0
LINE
  5
1772
330
70
100
AcDbEntity
  8
Visible
100
AcDbLine
 10
732.533925
 20
853.097984
 30
0.0
 11
732.676925
 21
853.121984
 31
0.0
  0
LINE
  5
1773
330
70
100
AcDbEntity
  8
Visible
100
AcDbLine
 10
732.394925
 20
853.067984
 30
0.0
 11
732.533925
 21
853.097984
 31
0.0
  0
LINE
  5
1774
330
70
100
AcDbEntity
  8
Visible
100
AcDbLine
 10
732.258925
 20
853.029984
 30
0.0
 11
732.394925
 21
853.067984
 31
0.0
  0
LINE
  5
1775
330
70
100
AcDbEntity
  8
Visible
100
AcDbLine
 10
732.125925
 20
852.984984
 30
0.0
 11
732.258925
 21
853.029984
 31
0.0
  0
LINE
  5
1776
330
70
100
AcDbEntity
  8
Visible
100
AcDbLine
 10
731.996925
 20
852.933984
 30
0.0
 11
732.125925
 21
852.984984
 31
0.0
  0
LINE
  5
1777
330
70
100
AcDbEntity
  8
Visible
100
AcDbLine
 10
731.870925
 20
852.875984
 30
0.0
 11
731.996925
 21
852.933984
 31
0.0
  0
LINE
  5
1778
330
70
100
AcDbEntity
  8
Visible
100
AcDbLine
 10
731.748925
 20
852.810984
 30
0.0
 11
731.870925
 21
852.875984
 31
0.0
  0
LINE
  5
1779
330
70
100
AcDbEntity
  8
Visible
100
AcDbLine
 10
731.630925
 20
852.738984
 30
0.0
 11
731.748925
 21
852.810984
 31
0.0
  0
LINE
  5
177A
330
70
100
AcDbEntity
  8
Visible
100
AcDbLine
 10
731.517925
 20
852.660984
 30
0.0
 11
731.630925
 21
852.738984
 31
0.0
  0
LINE
  5
177B
330
70
100
AcDbEntity
  8
Visible
100
AcDbLine
 10
731.409925
 20
852.575984
 30
0.0
 11
731.517925
 21
852.660984
 31
0.0
  0
LINE
  5
177C
330
70
100
AcDbEntity
  8
Visible
100
AcDbLine
 10
731.306925
 20
852.484984
 30
0.0
 11
731.409925
 21
852.575984
 31
0.0
  0
LINE
  5
177D
330
70
100
AcDbEntity
  8
Visible
100
AcDbLine
 10
731.209925
 20
852.386984
 30
0.0
 11
731.306925
 21
852.484984
 31
0.0
  0
LINE
  5
177E
330
70
100
AcDbEntity
  8
Visible
100
AcDbLine
 10
731.116925
 20
852.282984
 30
0.0
 11
731.209925
 21
852.386984
 31
0.0
  0
LINE
  5
177F
330
70
100
AcDbEntity
  8
Visible
100
AcDbLine
 10
731.029925
 20
852.171984
 30
0.0
 11
731.116925
 21
852.282984
 31
0.0
  0
LINE
  5
1780
330
70
100
AcDbEntity
  8
Visible
100
AcDbLine
 10
730.946925
 20
852.054984
 30
0.0
 11
731.029925
 21
852.171984
 31
0.0
  0
LINE
  5
1781
330
70
100
AcDbEntity
  8
Visible
100
AcDbLine
 10
730.869925
 20
851.930984
 30
0.0
 11
730.946925
 21
852.054984
 31
0.0
  0
LINE
  5
1782
330
70
100
AcDbEntity
  8
Visible
100
AcDbLine
 10
730.797925
 20
851.799984
 30
0.0
 11
730.869925
 21
851.930984
 31
0.0
  0
LINE
  5
1783
330
70
100
AcDbEntity
  8
Visible
100
AcDbLine
 10
730.731925
 20
851.662984
 30
0.0
 11
730.797925
 21
851.799984
 31
0.0
  0
LINE
  5
1784
330
70
100
AcDbEntity
  8
Visible
100
AcDbLine
 10
730.672925
 20
851.519984
 30
0.0
 11
730.731925
 21
851.662984
 31
0.0
  0
LINE
  5
1785
330
70
100
AcDbEntity
  8
Visible
100
AcDbLine
 10
730.620925
 20
851.369984
 30
0.0
 11
730.672925
 21
851.519984
 31
0.0
  0
LINE
  5
1786
330
70
100
AcDbEntity
  8
Visible
100
AcDbLine
 10
730.574925
 20
851.212984
 30
0.0
 11
730.620925
 21
851.369984
 31
0.0
  0
LINE
  5
1787
330
70
100
AcDbEntity
  8
Visible
100
AcDbLine
 10
730.536925
 20
851.050984
 30
0.0
 11
730.574925
 21
851.212984
 31
0.0
  0
LINE
  5
1788
330
70
100
AcDbEntity
  8
Visible
100
AcDbLine
 10
730.505925
 20
850.881984
 30
0.0
 11
730.536925
 21
851.050984
 31
0.0
  0
LINE
  5
1789
330
70
100
AcDbEntity
  8
Visible
100
AcDbLine
 10
730.480925
 20
850.705984
 30
0.0
 11
730.505925
 21
850.881984
 31
0.0
  0
LINE
  5
178A
330
70
100
AcDbEntity
  8
Visible
100
AcDbLine
 10
730.463925
 20
850.523984
 30
0.0
 11
730.480925
 21
850.705984
 31
0.0
  0
LINE
  5
178B
330
70
100
AcDbEntity
  8
Visible
100
AcDbLine
 10
730.452925
 20
850.335984
 30
0.0
 11
730.463925
 21
850.523984
 31
0.0
  0
LINE
  5
178C
330
70
100
AcDbEntity
  8
Visible
100
AcDbLine
 10
730.449925
 20
850.140984
 30
0.0
 11
730.452925
 21
850.335984
 31
0.0
  0
LINE
  5
178D
330
70
100
AcDbEntity
  8
Visible
100
AcDbLine
 10
730.452925
 20
849.946984
 30
0.0
 11
730.449925
 21
850.140984
 31
0.0
  0
LINE
  5
178E
330
70
100
AcDbEntity
  8
Visible
100
AcDbLine
 10
730.463925
 20
849.759984
 30
0.0
 11
730.452925
 21
849.946984
 31
0.0
  0
LINE
  5
178F
330
70
100
AcDbEntity
  8
Visible
100
AcDbLine
 10
730.480925
 20
849.578984
 30
0.0
 11
730.463925
 21
849.759984
 31
0.0
  0
LINE
  5
1790
330
70
100
AcDbEntity
  8
Visible
100
AcDbLine
 10
730.505925
 20
849.403984
 30
0.0
 11
730.480925
 21
849.578984
 31
0.0
  0
LINE
  5
1791
330
70
100
AcDbEntity
  8
Visible
100
AcDbLine
 10
730.536925
 20
849.234984
 30
0.0
 11
730.505925
 21
849.403984
 31
0.0
  0
LINE
  5
1792
330
70
100
AcDbEntity
  8
Visible
100
AcDbLine
 10
730.574925
 20
849.072984
 30
0.0
 11
730.536925
 21
849.234984
 31
0.0
  0
LINE
  5
1793
330
70
100
AcDbEntity
  8
Visible
100
AcDbLine
 10
730.620925
 20
848.915984
 30
0.0
 11
730.574925
 21
849.072984
 31
0.0
  0
LINE
  5
1794
330
70
100
AcDbEntity
  8
Visible
100
AcDbLine
 10
730.672925
 20
848.765984
 30
0.0
 11
730.620925
 21
848.915984
 31
0.0
  0
LINE
  5
1795
330
70
100
AcDbEntity
  8
Visible
100
AcDbLine
 10
730.731925
 20
848.622984
 30
0.0
 11
730.672925
 21
848.765984
 31
0.0
  0
LINE
  5
1796
330
70
100
AcDbEntity
  8
Visible
100
AcDbLine
 10
730.797925
 20
848.484984
 30
0.0
 11
730.731925
 21
848.622984
 31
0.0
  0
LINE
  5
1797
330
70
100
AcDbEntity
  8
Visible
100
AcDbLine
 10
730.869925
 20
848.353984
 30
0.0
 11
730.797925
 21
848.484984
 31
0.0
  0
LINE
  5
1798
330
70
100
AcDbEntity
  8
Visible
100
AcDbLine
 10
730.946925
 20
848.228984
 30
0.0
 11
730.869925
 21
848.353984
 31
0.0
  0
LINE
  5
1799
330
70
100
AcDbEntity
  8
Visible
100
AcDbLine
 10
731.029925
 20
848.111984
 30
0.0
 11
730.946925
 21
848.228984
 31
0.0
  0
LINE
  5
179A
330
70
100
AcDbEntity
  8
Visible
100
AcDbLine
 10
731.116925
 20
847.999984
 30
0.0
 11
731.029925
 21
848.111984
 31
0.0
  0
LINE
  5
179B
330
70
100
AcDbEntity
  8
Visible
100
AcDbLine
 10
731.209925
 20
847.895984
 30
0.0
 11
731.116925
 21
847.999984
 31
0.0
  0
LINE
  5
179C
330
70
100
AcDbEntity
  8
Visible
100
AcDbLine
 10
731.306925
 20
847.796984
 30
0.0
 11
731.209925
 21
847.895984
 31
0.0
  0
LINE
  5
179D
330
70
100
AcDbEntity
  8
Visible
100
AcDbLine
 10
731.409925
 20
847.705984
 30
0.0
 11
731.306925
 21
847.796984
 31
0.0
  0
LINE
  5
179E
330
70
100
AcDbEntity
  8
Visible
100
AcDbLine
 10
731.517925
 20
847.620984
 30
0.0
 11
731.409925
 21
847.705984
 31
0.0
  0
LINE
  5
179F
330
70
100
AcDbEntity
  8
Visible
100
AcDbLine
 10
731.630925
 20
847.542984
 30
0.0
 11
731.517925
 21
847.620984
 31
0.0
  0
LINE
  5
17A0
330
70
100
AcDbEntity
  8
Visible
100
AcDbLine
 10
731.748925
 20
847.470984
 30
0.0
 11
731.630925
 21
847.542984
 31
0.0
  0
LINE
  5
17A1
330
70
100
AcDbEntity
  8
Visible
100
AcDbLine
 10
731.870925
 20
847.405984
 30
0.0
 11
731.748925
 21
847.470984
 31
0.0
  0
LINE
  5
17A2
330
70
100
AcDbEntity
  8
Visible
100
AcDbLine
 10
731.996925
 20
847.347984
 30
0.0
 11
731.870925
 21
847.405984
 31
0.0
  0
LINE
  5
17A3
330
70
100
AcDbEntity
  8
Visible
100
AcDbLine
 10
732.125925
 20
847.296984
 30
0.0
 11
731.996925
 21
847.347984
 31
0.0
  0
LINE
  5
17A4
330
70
100
AcDbEntity
  8
Visible
100
AcDbLine
 10
732.258925
 20
847.251984
 30
0.0
 11
732.125925
 21
847.296984
 31
0.0
  0
LINE
  5
17A5
330
70
100
AcDbEntity
  8
Visible
100
AcDbLine
 10
732.394925
 20
847.213984
 30
0.0
 11
732.258925
 21
847.251984
 31
0.0
  0
LINE
  5
17A6
330
70
100
AcDbEntity
  8
Visible
100
AcDbLine
 10
732.533925
 20
847.183984
 30
0.0
 11
732.394925
 21
847.213984
 31
0.0
  0
LINE
  5
17A7
330
70
100
AcDbEntity
  8
Visible
100
AcDbLine
 10
732.676925
 20
847.159984
 30
0.0
 11
732.533925
 21
847.183984
 31
0.0
  0
LINE
  5
17A8
330
70
100
AcDbEntity
  8
Visible
100
AcDbLine
 10
732.822925
 20
847.142984
 30
0.0
 11
732.676925
 21
847.159984
 31
0.0
  0
LINE
  5
17A9
330
70
100
AcDbEntity
  8
Visible
100
AcDbLine
 10
732.972925
 20
847.131984
 30
0.0
 11
732.822925
 21
847.142984
 31
0.0
  0
LINE
  5
17AA
330
70
100
AcDbEntity
  8
Visible
100
AcDbLine
 10
733.125925
 20
847.128984
 30
0.0
 11
732.972925
 21
847.131984
 31
0.0
  0
LINE
  5
17AB
330
70
100
AcDbEntity
  8
Visible
100
AcDbLine
 10
733.277925
 20
847.131984
 30
0.0
 11
733.125925
 21
847.128984
 31
0.0
  0
LINE
  5
17AC
330
70
100
AcDbEntity
  8
Visible
100
AcDbLine
 10
726.657925
 20
853.008984
 30
0.0
 11
726.657925
 21
854.604984
 31
0.0
  0
LINE
  5
17AD
330
70
100
AcDbEntity
  8
Visible
100
AcDbLine
 10
725.733925
 20
853.008984
 30
0.0
 11
726.657925
 21
853.008984
 31
0.0
  0
LINE
  5
17AE
330
70
100
AcDbEntity
  8
Visible
100
AcDbLine
 10
725.733925
 20
852.360984
 30
0.0
 11
725.733925
 21
853.008984
 31
0.0
  0
LINE
  5
17AF
330
70
100
AcDbEntity
  8
Visible
100
AcDbLine
 10
726.657925
 20
852.360984
 30
0.0
 11
725.733925
 21
852.360984
 31
0.0
  0
LINE
  5
17B0
330
70
100
AcDbEntity
  8
Visible
100
AcDbLine
 10
726.657925
 20
848.748984
 30
0.0
 11
726.657925
 21
852.360984
 31
0.0
  0
LINE
  5
17B1
330
70
100
AcDbEntity
  8
Visible
100
AcDbLine
 10
726.659925
 20
848.642984
 30
0.0
 11
726.657925
 21
848.748984
 31
0.0
  0
LINE
  5
17B2
330
70
100
AcDbEntity
  8
Visible
100
AcDbLine
 10
726.666925
 20
848.539984
 30
0.0
 11
726.659925
 21
848.642984
 31
0.0
  0
LINE
  5
17B3
330
70
100
AcDbEntity
  8
Visible
100
AcDbLine
 10
726.676925
 20
848.440984
 30
0.0
 11
726.666925
 21
848.539984
 31
0.0
  0
LINE
  5
17B4
330
70
100
AcDbEntity
  8
Visible
100
AcDbLine
 10
726.692925
 20
848.345984
 30
0.0
 11
726.676925
 21
848.440984
 31
0.0
  0
LINE
  5
17B5
330
70
100
AcDbEntity
  8
Visible
100
AcDbLine
 10
726.711925
 20
848.253984
 30
0.0
 11
726.692925
 21
848.345984
 31
0.0
  0
LINE
  5
17B6
330
70
100
AcDbEntity
  8
Visible
100
AcDbLine
 10
726.735925
 20
848.165984
 30
0.0
 11
726.711925
 21
848.253984
 31
0.0
  0
LINE
  5
17B7
330
70
100
AcDbEntity
  8
Visible
100
AcDbLine
 10
726.763925
 20
848.080984
 30
0.0
 11
726.735925
 21
848.165984
 31
0.0
  0
LINE
  5
17B8
330
70
100
AcDbEntity
  8
Visible
100
AcDbLine
 10
726.795925
 20
847.999984
 30
0.0
 11
726.763925
 21
848.080984
 31
0.0
  0
LINE
  5
17B9
330
70
100
AcDbEntity
  8
Visible
100
AcDbLine
 10
726.832925
 20
847.922984
 30
0.0
 11
726.795925
 21
847.999984
 31
0.0
  0
LINE
  5
17BA
330
70
100
AcDbEntity
  8
Visible
100
AcDbLine
 10
726.873925
 20
847.848984
 30
0.0
 11
726.832925
 21
847.922984
 31
0.0
  0
LINE
  5
17BB
330
70
100
AcDbEntity
  8
Visible
100
AcDbLine
 10
726.918925
 20
847.778984
 30
0.0
 11
726.873925
 21
847.848984
 31
0.0
  0
LINE
  5
17BC
330
70
100
AcDbEntity
  8
Visible
100
AcDbLine
 10
726.966925
 20
847.711984
 30
0.0
 11
726.918925
 21
847.778984
 31
0.0
  0
LINE
  5
17BD
330
70
100
AcDbEntity
  8
Visible
100
AcDbLine
 10
727.017925
 20
847.648984
 30
0.0
 11
726.966925
 21
847.711984
 31
0.0
  0
LINE
  5
17BE
330
70
100
AcDbEntity
  8
Visible
100
AcDbLine
 10
727.071925
 20
847.589984
 30
0.0
 11
727.017925
 21
847.648984
 31
0.0
  0
LINE
  5
17BF
330
70
100
AcDbEntity
  8
Visible
100
AcDbLine
 10
727.128925
 20
847.533984
 30
0.0
 11
727.071925
 21
847.589984
 31
0.0
  0
LINE
  5
17C0
330
70
100
AcDbEntity
  8
Visible
100
AcDbLine
 10
727.188925
 20
847.481984
 30
0.0
 11
727.128925
 21
847.533984
 31
0.0
  0
LINE
  5
17C1
330
70
100
AcDbEntity
  8
Visible
100
AcDbLine
 10
727.252925
 20
847.432984
 30
0.0
 11
727.188925
 21
847.481984
 31
0.0
  0
LINE
  5
17C2
330
70
100
AcDbEntity
  8
Visible
100
AcDbLine
 10
727.318925
 20
847.387984
 30
0.0
 11
727.252925
 21
847.432984
 31
0.0
  0
LINE
  5
17C3
330
70
100
AcDbEntity
  8
Visible
100
AcDbLine
 10
727.388925
 20
847.346984
 30
0.0
 11
727.318925
 21
847.387984
 31
0.0
  0
LINE
  5
17C4
330
70
100
AcDbEntity
  8
Visible
100
AcDbLine
 10
727.461925
 20
847.308984
 30
0.0
 11
727.388925
 21
847.346984
 31
0.0
  0
LINE
  5
17C5
330
70
100
AcDbEntity
  8
Visible
100
AcDbLine
 10
727.536925
 20
847.274984
 30
0.0
 11
727.461925
 21
847.308984
 31
0.0
  0
LINE
  5
17C6
330
70
100
AcDbEntity
  8
Visible
100
AcDbLine
 10
727.614925
 20
847.243984
 30
0.0
 11
727.536925
 21
847.274984
 31
0.0
  0
LINE
  5
17C7
330
70
100
AcDbEntity
  8
Visible
100
AcDbLine
 10
727.693925
 20
847.216984
 30
0.0
 11
727.614925
 21
847.243984
 31
0.0
  0
LINE
  5
17C8
330
70
100
AcDbEntity
  8
Visible
100
AcDbLine
 10
727.774925
 20
847.193984
 30
0.0
 11
727.693925
 21
847.216984
 31
0.0
  0
LINE
  5
17C9
330
70
100
AcDbEntity
  8
Visible
100
AcDbLine
 10
727.857925
 20
847.173984
 30
0.0
 11
727.774925
 21
847.193984
 31
0.0
  0
LINE
  5
17CA
330
70
100
AcDbEntity
  8
Visible
100
AcDbLine
 10
727.942925
 20
847.157984
 30
0.0
 11
727.857925
 21
847.173984
 31
0.0
  0
LINE
  5
17CB
330
70
100
AcDbEntity
  8
Visible
100
AcDbLine
 10
728.029925
 20
847.144984
 30
0.0
 11
727.942925
 21
847.157984
 31
0.0
  0
LINE
  5
17CC
330
70
100
AcDbEntity
  8
Visible
100
AcDbLine
 10
728.118925
 20
847.135984
 30
0.0
 11
728.029925
 21
847.144984
 31
0.0
  0
LINE
  5
17CD
330
70
100
AcDbEntity
  8
Visible
100
AcDbLine
 10
728.208925
 20
847.130984
 30
0.0
 11
728.118925
 21
847.135984
 31
0.0
  0
LINE
  5
17CE
330
70
100
AcDbEntity
  8
Visible
100
AcDbLine
 10
728.301925
 20
847.128984
 30
0.0
 11
728.208925
 21
847.130984
 31
0.0
  0
LINE
  5
17CF
330
70
100
AcDbEntity
  8
Visible
100
AcDbLine
 10
728.366925
 20
847.129984
 30
0.0
 11
728.301925
 21
847.128984
 31
0.0
  0
LINE
  5
17D0
330
70
100
AcDbEntity
  8
Visible
100
AcDbLine
 10
728.430925
 20
847.131984
 30
0.0
 11
728.366925
 21
847.129984
 31
0.0
  0
LINE
  5
17D1
330
70
100
AcDbEntity
  8
Visible
100
AcDbLine
 10
728.494925
 20
847.136984
 30
0.0
 11
728.430925
 21
847.131984
 31
0.0
  0
LINE
  5
17D2
330
70
100
AcDbEntity
  8
Visible
100
AcDbLine
 10
728.557925
 20
847.141984
 30
0.0
 11
728.494925
 21
847.136984
 31
0.0
  0
LINE
  5
17D3
330
70
100
AcDbEntity
  8
Visible
100
AcDbLine
 10
728.620925
 20
847.149984
 30
0.0
 11
728.557925
 21
847.141984
 31
0.0
  0
LINE
  5
17D4
330
70
100
AcDbEntity
  8
Visible
100
AcDbLine
 10
728.682925
 20
847.158984
 30
0.0
 11
728.620925
 21
847.149984
 31
0.0
  0
LINE
  5
17D5
330
70
100
AcDbEntity
  8
Visible
100
AcDbLine
 10
728.744925
 20
847.169984
 30
0.0
 11
728.682925
 21
847.158984
 31
0.0
  0
LINE
  5
17D6
330
70
100
AcDbEntity
  8
Visible
100
AcDbLine
 10
728.806925
 20
847.182984
 30
0.0
 11
728.744925
 21
847.169984
 31
0.0
  0
LINE
  5
17D7
330
70
100
AcDbEntity
  8
Visible
100
AcDbLine
 10
728.867925
 20
847.196984
 30
0.0
 11
728.806925
 21
847.182984
 31
0.0
  0
LINE
  5
17D8
330
70
100
AcDbEntity
  8
Visible
100
AcDbLine
 10
728.928925
 20
847.212984
 30
0.0
 11
728.867925
 21
847.196984
 31
0.0
  0
LINE
  5
17D9
330
70
100
AcDbEntity
  8
Visible
100
AcDbLine
 10
728.989925
 20
847.229984
 30
0.0
 11
728.928925
 21
847.212984
 31
0.0
  0
LINE
  5
17DA
330
70
100
AcDbEntity
  8
Visible
100
AcDbLine
 10
729.049925
 20
847.248984
 30
0.0
 11
728.989925
 21
847.229984
 31
0.0
  0
LINE
  5
17DB
330
70
100
AcDbEntity
  8
Visible
100
AcDbLine
 10
729.110925
 20
847.267984
 30
0.0
 11
729.049925
 21
847.248984
 31
0.0
  0
LINE
  5
17DC
330
70
100
AcDbEntity
  8
Visible
100
AcDbLine
 10
729.171925
 20
847.287984
 30
0.0
 11
729.110925
 21
847.267984
 31
0.0
  0
LINE
  5
17DD
330
70
100
AcDbEntity
  8
Visible
100
AcDbLine
 10
729.232925
 20
847.308984
 30
0.0
 11
729.171925
 21
847.287984
 31
0.0
  0
LINE
  5
17DE
330
70
100
AcDbEntity
  8
Visible
100
AcDbLine
 10
729.293925
 20
847.330984
 30
0.0
 11
729.232925
 21
847.308984
 31
0.0
  0
LINE
  5
17DF
330
70
100
AcDbEntity
  8
Visible
100
AcDbLine
 10
729.354925
 20
847.353984
 30
0.0
 11
729.293925
 21
847.330984
 31
0.0
  0
LINE
  5
17E0
330
70
100
AcDbEntity
  8
Visible
100
AcDbLine
 10
729.415925
 20
847.377984
 30
0.0
 11
729.354925
 21
847.353984
 31
0.0
  0
LINE
  5
17E1
330
70
100
AcDbEntity
  8
Visible
100
AcDbLine
 10
729.476925
 20
847.402984
 30
0.0
 11
729.415925
 21
847.377984
 31
0.0
  0
LINE
  5
17E2
330
70
100
AcDbEntity
  8
Visible
100
AcDbLine
 10
729.537925
 20
847.428984
 30
0.0
 11
729.476925
 21
847.402984
 31
0.0
  0
LINE
  5
17E3
330
70
100
AcDbEntity
  8
Visible
100
AcDbLine
 10
729.405925
 20
848.100984
 30
0.0
 11
729.537925
 21
847.428984
 31
0.0
  0
LINE
  5
17E4
330
70
100
AcDbEntity
  8
Visible
100
AcDbLine
 10
729.348925
 20
848.079984
 30
0.0
 11
729.405925
 21
848.100984
 31
0.0
  0
LINE
  5
17E5
330
70
100
AcDbEntity
  8
Visible
100
AcDbLine
 10
729.292925
 20
848.059984
 30
0.0
 11
729.348925
 21
848.079984
 31
0.0
  0
LINE
  5
17E6
330
70
100
AcDbEntity
  8
Visible
100
AcDbLine
 10
729.237925
 20
848.040984
 30
0.0
 11
729.292925
 21
848.059984
 31
0.0
  0
LINE
  5
17E7
330
70
100
AcDbEntity
  8
Visible
100
AcDbLine
 10
729.184925
 20
848.022984
 30
0.0
 11
729.237925
 21
848.040984
 31
0.0
  0
LINE
  5
17E8
330
70
100
AcDbEntity
  8
Visible
100
AcDbLine
 10
729.131925
 20
848.006984
 30
0.0
 11
729.184925
 21
848.022984
 31
0.0
  0
LINE
  5
17E9
330
70
100
AcDbEntity
  8
Visible
100
AcDbLine
 10
729.080925
 20
847.990984
 30
0.0
 11
729.131925
 21
848.006984
 31
0.0
  0
LINE
  5
17EA
330
70
100
AcDbEntity
  8
Visible
100
AcDbLine
 10
729.030925
 20
847.975984
 30
0.0
 11
729.080925
 21
847.990984
 31
0.0
  0
LINE
  5
17EB
330
70
100
AcDbEntity
  8
Visible
100
AcDbLine
 10
728.981925
 20
847.962984
 30
0.0
 11
729.030925
 21
847.975984
 31
0.0
  0
LINE
  5
17EC
330
70
100
AcDbEntity
  8
Visible
100
AcDbLine
 10
728.933925
 20
847.949984
 30
0.0
 11
728.981925
 21
847.962984
 31
0.0
  0
LINE
  5
17ED
330
70
100
AcDbEntity
  8
Visible
100
AcDbLine
 10
728.886925
 20
847.938984
 30
0.0
 11
728.933925
 21
847.949984
 31
0.0
  0
LINE
  5
17EE
330
70
100
AcDbEntity
  8
Visible
100
AcDbLine
 10
728.840925
 20
847.928984
 30
0.0
 11
728.886925
 21
847.938984
 31
0.0
  0
LINE
  5
17EF
330
70
100
AcDbEntity
  8
Visible
100
AcDbLine
 10
728.746925
 20
847.910984
 30
0.0
 11
728.840925
 21
847.928984
 31
0.0
  0
LINE
  5
17F0
330
70
100
AcDbEntity
  8
Visible
100
AcDbLine
 10
728.699925
 20
847.903984
 30
0.0
 11
728.746925
 21
847.910984
 31
0.0
  0
LINE
  5
17F1
330
70
100
AcDbEntity
  8
Visible
100
AcDbLine
 10
728.651925
 20
847.897984
 30
0.0
 11
728.699925
 21
847.903984
 31
0.0
  0
LINE
  5
17F2
330
70
100
AcDbEntity
  8
Visible
100
AcDbLine
 10
728.555925
 20
847.889984
 30
0.0
 11
728.651925
 21
847.897984
 31
0.0
  0
LINE
  5
17F3
330
70
100
AcDbEntity
  8
Visible
100
AcDbLine
 10
728.507925
 20
847.886984
 30
0.0
 11
728.555925
 21
847.889984
 31
0.0
  0
LINE
  5
17F4
330
70
100
AcDbEntity
  8
Visible
100
AcDbLine
 10
728.409925
 20
847.884984
 30
0.0
 11
728.507925
 21
847.886984
 31
0.0
  0
LINE
  5
17F5
330
70
100
AcDbEntity
  8
Visible
100
AcDbLine
 10
728.252925
 20
847.893984
 30
0.0
 11
728.409925
 21
847.884984
 31
0.0
  0
LINE
  5
17F6
330
70
100
AcDbEntity
  8
Visible
100
AcDbLine
 10
728.111925
 20
847.920984
 30
0.0
 11
728.252925
 21
847.893984
 31
0.0
  0
LINE
  5
17F7
330
70
100
AcDbEntity
  8
Visible
100
AcDbLine
 10
727.987925
 20
847.964984
 30
0.0
 11
728.111925
 21
847.920984
 31
0.0
  0
LINE
  5
17F8
330
70
100
AcDbEntity
  8
Visible
100
AcDbLine
 10
727.879925
 20
848.026984
 30
0.0
 11
727.987925
 21
847.964984
 31
0.0
  0
LINE
  5
17F9
330
70
100
AcDbEntity
  8
Visible
100
AcDbLine
 10
727.788925
 20
848.106984
 30
0.0
 11
727.879925
 21
848.026984
 31
0.0
  0
LINE
  5
17FA
330
70
100
AcDbEntity
  8
Visible
100
AcDbLine
 10
727.713925
 20
848.204984
 30
0.0
 11
727.788925
 21
848.106984
 31
0.0
  0
LINE
  5
17FB
330
70
100
AcDbEntity
  8
Visible
100
AcDbLine
 10
727.656925
 20
848.319984
 30
0.0
 11
727.713925
 21
848.204984
 31
0.0
  0
LINE
  5
17FC
330
70
100
AcDbEntity
  8
Visible
100
AcDbLine
 10
727.614925
 20
848.452984
 30
0.0
 11
727.656925
 21
848.319984
 31
0.0
  0
LINE
  5
17FD
330
70
100
AcDbEntity
  8
Visible
100
AcDbLine
 10
727.589925
 20
848.603984
 30
0.0
 11
727.614925
 21
848.452984
 31
0.0
  0
LINE
  5
17FE
330
70
100
AcDbEntity
  8
Visible
100
AcDbLine
 10
727.581925
 20
848.772984
 30
0.0
 11
727.589925
 21
848.603984
 31
0.0
  0
LINE
  5
17FF
330
70
100
AcDbEntity
  8
Visible
100
AcDbLine
 10
727.581925
 20
852.360984
 30
0.0
 11
727.581925
 21
848.772984
 31
0.0
  0
LINE
  5
1800
330
70
100
AcDbEntity
  8
Visible
100
AcDbLine
 10
729.393925
 20
852.360984
 30
0.0
 11
727.581925
 21
852.360984
 31
0.0
  0
LINE
  5
1801
330
70
100
AcDbEntity
  8
Visible
100
AcDbLine
 10
729.393925
 20
853.008984
 30
0.0
 11
729.393925
 21
852.360984
 31
0.0
  0
LINE
  5
1802
330
70
100
AcDbEntity
  8
Visible
100
AcDbLine
 10
727.581925
 20
853.008984
 30
0.0
 11
729.393925
 21
853.008984
 31
0.0
  0
LINE
  5
1803
330
70
100
AcDbEntity
  8
Visible
100
AcDbLine
 10
727.581925
 20
854.604984
 30
0.0
 11
727.581925
 21
853.008984
 31
0.0
  0
LINE
  5
1804
330
70
100
AcDbEntity
  8
Visible
100
AcDbLine
 10
726.657925
 20
854.604984
 30
0.0
 11
727.581925
 21
854.604984
 31
0.0
  0
LINE
  5
1805
330
70
100
AcDbEntity
  8
Visible
100
AcDbLine
 10
722.145925
 20
853.008984
 30
0.0
 11
722.145925
 21
854.604984
 31
0.0
  0
LINE
  5
1806
330
70
100
AcDbEntity
  8
Visible
100
AcDbLine
 10
721.221925
 20
853.008984
 30
0.0
 11
722.145925
 21
853.008984
 31
0.0
  0
LINE
  5
1807
330
70
100
AcDbEntity
  8
Visible
100
AcDbLine
 10
721.221925
 20
852.360984
 30
0.0
 11
721.221925
 21
853.008984
 31
0.0
  0
LINE
  5
1808
330
70
100
AcDbEntity
  8
Visible
100
AcDbLine
 10
722.145925
 20
852.360984
 30
0.0
 11
721.221925
 21
852.360984
 31
0.0
  0
LINE
  5
1809
330
70
100
AcDbEntity
  8
Visible
100
AcDbLine
 10
722.145925
 20
848.748984
 30
0.0
 11
722.145925
 21
852.360984
 31
0.0
  0
LINE
  5
180A
330
70
100
AcDbEntity
  8
Visible
100
AcDbLine
 10
722.147925
 20
848.642984
 30
0.0
 11
722.145925
 21
848.748984
 31
0.0
  0
LINE
  5
180B
330
70
100
AcDbEntity
  8
Visible
100
AcDbLine
 10
722.154925
 20
848.539984
 30
0.0
 11
722.147925
 21
848.642984
 31
0.0
  0
LINE
  5
180C
330
70
100
AcDbEntity
  8
Visible
100
AcDbLine
 10
722.164925
 20
848.440984
 30
0.0
 11
722.154925
 21
848.539984
 31
0.0
  0
LINE
  5
180D
330
70
100
AcDbEntity
  8
Visible
100
AcDbLine
 10
722.180925
 20
848.345984
 30
0.0
 11
722.164925
 21
848.440984
 31
0.0
  0
LINE
  5
180E
330
70
100
AcDbEntity
  8
Visible
100
AcDbLine
 10
722.199925
 20
848.253984
 30
0.0
 11
722.180925
 21
848.345984
 31
0.0
  0
LINE
  5
180F
330
70
100
AcDbEntity
  8
Visible
100
AcDbLine
 10
722.223925
 20
848.165984
 30
0.0
 11
722.199925
 21
848.253984
 31
0.0
  0
LINE
  5
1810
330
70
100
AcDbEntity
  8
Visible
100
AcDbLine
 10
722.251925
 20
848.080984
 30
0.0
 11
722.223925
 21
848.165984
 31
0.0
  0
LINE
  5
1811
330
70
100
AcDbEntity
  8
Visible
100
AcDbLine
 10
722.283925
 20
847.999984
 30
0.0
 11
722.251925
 21
848.080984
 31
0.0
  0
LINE
  5
1812
330
70
100
AcDbEntity
  8
Visible
100
AcDbLine
 10
722.320925
 20
847.922984
 30
0.0
 11
722.283925
 21
847.999984
 31
0.0
  0
LINE
  5
1813
330
70
100
AcDbEntity
  8
Visible
100
AcDbLine
 10
722.361925
 20
847.848984
 30
0.0
 11
722.320925
 21
847.922984
 31
0.0
  0
LINE
  5
1814
330
70
100
AcDbEntity
  8
Visible
100
AcDbLine
 10
722.406925
 20
847.778984
 30
0.0
 11
722.361925
 21
847.848984
 31
0.0
  0
LINE
  5
1815
330
70
100
AcDbEntity
  8
Visible
100
AcDbLine
 10
722.454925
 20
847.711984
 30
0.0
 11
722.406925
 21
847.778984
 31
0.0
  0
LINE
  5
1816
330
70
100
AcDbEntity
  8
Visible
100
AcDbLine
 10
722.505925
 20
847.648984
 30
0.0
 11
722.454925
 21
847.711984
 31
0.0
  0
LINE
  5
1817
330
70
100
AcDbEntity
  8
Visible
100
AcDbLine
 10
722.559925
 20
847.589984
 30
0.0
 11
722.505925
 21
847.648984
 31
0.0
  0
LINE
  5
1818
330
70
100
AcDbEntity
  8
Visible
100
AcDbLine
 10
722.616925
 20
847.533984
 30
0.0
 11
722.559925
 21
847.589984
 31
0.0
  0
LINE
  5
1819
330
70
100
AcDbEntity
  8
Visible
100
AcDbLine
 10
722.676925
 20
847.481984
 30
0.0
 11
722.616925
 21
847.533984
 31
0.0
  0
LINE
  5
181A
330
70
100
AcDbEntity
  8
Visible
100
AcDbLine
 10
722.740925
 20
847.432984
 30
0.0
 11
722.676925
 21
847.481984
 31
0.0
  0
LINE
  5
181B
330
70
100
AcDbEntity
  8
Visible
100
AcDbLine
 10
722.806925
 20
847.387984
 30
0.0
 11
722.740925
 21
847.432984
 31
0.0
  0
LINE
  5
181C
330
70
100
AcDbEntity
  8
Visible
100
AcDbLine
 10
722.876925
 20
847.346984
 30
0.0
 11
722.806925
 21
847.387984
 31
0.0
  0
LINE
  5
181D
330
70
100
AcDbEntity
  8
Visible
100
AcDbLine
 10
722.949925
 20
847.308984
 30
0.0
 11
722.876925
 21
847.346984
 31
0.0
  0
LINE
  5
181E
330
70
100
AcDbEntity
  8
Visible
100
AcDbLine
 10
723.024925
 20
847.274984
 30
0.0
 11
722.949925
 21
847.308984
 31
0.0
  0
LINE
  5
181F
330
70
100
AcDbEntity
  8
Visible
100
AcDbLine
 10
723.102925
 20
847.243984
 30
0.0
 11
723.024925
 21
847.274984
 31
0.0
  0
LINE
  5
1820
330
70
100
AcDbEntity
  8
Visible
100
AcDbLine
 10
723.181925
 20
847.216984
 30
0.0
 11
723.102925
 21
847.243984
 31
0.0
  0
LINE
  5
1821
330
70
100
AcDbEntity
  8
Visible
100
AcDbLine
 10
723.262925
 20
847.193984
 30
0.0
 11
723.181925
 21
847.216984
 31
0.0
  0
LINE
  5
1822
330
70
100
AcDbEntity
  8
Visible
100
AcDbLine
 10
723.345925
 20
847.173984
 30
0.0
 11
723.262925
 21
847.193984
 31
0.0
  0
LINE
  5
1823
330
70
100
AcDbEntity
  8
Visible
100
AcDbLine
 10
723.430925
 20
847.157984
 30
0.0
 11
723.345925
 21
847.173984
 31
0.0
  0
LINE
  5
1824
330
70
100
AcDbEntity
  8
Visible
100
AcDbLine
 10
723.517925
 20
847.144984
 30
0.0
 11
723.430925
 21
847.157984
 31
0.0
  0
LINE
  5
1825
330
70
100
AcDbEntity
  8
Visible
100
AcDbLine
 10
723.606925
 20
847.135984
 30
0.0
 11
723.517925
 21
847.144984
 31
0.0
  0
LINE
  5
1826
330
70
100
AcDbEntity
  8
Visible
100
AcDbLine
 10
723.696925
 20
847.130984
 30
0.0
 11
723.606925
 21
847.135984
 31
0.0
  0
LINE
  5
1827
330
70
100
AcDbEntity
  8
Visible
100
AcDbLine
 10
723.789925
 20
847.128984
 30
0.0
 11
723.696925
 21
847.130984
 31
0.0
  0
LINE
  5
1828
330
70
100
AcDbEntity
  8
Visible
100
AcDbLine
 10
723.854925
 20
847.129984
 30
0.0
 11
723.789925
 21
847.128984
 31
0.0
  0
LINE
  5
1829
330
70
100
AcDbEntity
  8
Visible
100
AcDbLine
 10
723.918925
 20
847.131984
 30
0.0
 11
723.854925
 21
847.129984
 31
0.0
  0
LINE
  5
182A
330
70
100
AcDbEntity
  8
Visible
100
AcDbLine
 10
723.982925
 20
847.136984
 30
0.0
 11
723.918925
 21
847.131984
 31
0.0
  0
LINE
  5
182B
330
70
100
AcDbEntity
  8
Visible
100
AcDbLine
 10
724.045925
 20
847.141984
 30
0.0
 11
723.982925
 21
847.136984
 31
0.0
  0
LINE
  5
182C
330
70
100
AcDbEntity
  8
Visible
100
AcDbLine
 10
724.108925
 20
847.149984
 30
0.0
 11
724.045925
 21
847.141984
 31
0.0
  0
LINE
  5
182D
330
70
100
AcDbEntity
  8
Visible
100
AcDbLine
 10
724.170925
 20
847.158984
 30
0.0
 11
724.108925
 21
847.149984
 31
0.0
  0
LINE
  5
182E
330
70
100
AcDbEntity
  8
Visible
100
AcDbLine
 10
724.232925
 20
847.169984
 30
0.0
 11
724.170925
 21
847.158984
 31
0.0
  0
LINE
  5
182F
330
70
100
AcDbEntity
  8
Visible
100
AcDbLine
 10
724.294925
 20
847.182984
 30
0.0
 11
724.232925
 21
847.169984
 31
0.0
  0
LINE
  5
1830
330
70
100
AcDbEntity
  8
Visible
100
AcDbLine
 10
724.355925
 20
847.196984
 30
0.0
 11
724.294925
 21
847.182984
 31
0.0
  0
LINE
  5
1831
330
70
100
AcDbEntity
  8
Visible
100
AcDbLine
 10
724.416925
 20
847.212984
 30
0.0
 11
724.355925
 21
847.196984
 31
0.0
  0
LINE
  5
1832
330
70
100
AcDbEntity
  8
Visible
100
AcDbLine
 10
724.477925
 20
847.229984
 30
0.0
 11
724.416925
 21
847.212984
 31
0.0
  0
LINE
  5
1833
330
70
100
AcDbEntity
  8
Visible
100
AcDbLine
 10
724.537925
 20
847.248984
 30
0.0
 11
724.477925
 21
847.229984
 31
0.0
  0
LINE
  5
1834
330
70
100
AcDbEntity
  8
Visible
100
AcDbLine
 10
724.598925
 20
847.267984
 30
0.0
 11
724.537925
 21
847.248984
 31
0.0
  0
LINE
  5
1835
330
70
100
AcDbEntity
  8
Visible
100
AcDbLine
 10
724.659925
 20
847.287984
 30
0.0
 11
724.598925
 21
847.267984
 31
0.0
  0
LINE
  5
1836
330
70
100
AcDbEntity
  8
Visible
100
AcDbLine
 10
724.720925
 20
847.308984
 30
0.0
 11
724.659925
 21
847.287984
 31
0.0
  0
LINE
  5
1837
330
70
100
AcDbEntity
  8
Visible
100
AcDbLine
 10
724.781925
 20
847.330984
 30
0.0
 11
724.720925
 21
847.308984
 31
0.0
  0
LINE
  5
1838
330
70
100
AcDbEntity
  8
Visible
100
AcDbLine
 10
724.842925
 20
847.353984
 30
0.0
 11
724.781925
 21
847.330984
 31
0.0
  0
LINE
  5
1839
330
70
100
AcDbEntity
  8
Visible
100
AcDbLine
 10
724.903925
 20
847.377984
 30
0.0
 11
724.842925
 21
847.353984
 31
0.0
  0
LINE
  5
183A
330
70
100
AcDbEntity
  8
Visible
100
AcDbLine
 10
724.964925
 20
847.402984
 30
0.0
 11
724.903925
 21
847.377984
 31
0.0
  0
LINE
  5
183B
330
70
100
AcDbEntity
  8
Visible
100
AcDbLine
 10
725.025925
 20
847.428984
 30
0.0
 11
724.964925
 21
847.402984
 31
0.0
  0
LINE
  5
183C
330
70
100
AcDbEntity
  8
Visible
100
AcDbLine
 10
724.893925
 20
848.100984
 30
0.0
 11
725.025925
 21
847.428984
 31
0.0
  0
LINE
  5
183D
330
70
100
AcDbEntity
  8
Visible
100
AcDbLine
 10
724.836925
 20
848.079984
 30
0.0
 11
724.893925
 21
848.100984
 31
0.0
  0
LINE
  5
183E
330
70
100
AcDbEntity
  8
Visible
100
AcDbLine
 10
724.780925
 20
848.059984
 30
0.0
 11
724.836925
 21
848.079984
 31
0.0
  0
LINE
  5
183F
330
70
100
AcDbEntity
  8
Visible
100
AcDbLine
 10
724.725925
 20
848.040984
 30
0.0
 11
724.780925
 21
848.059984
 31
0.0
  0
LINE
  5
1840
330
70
100
AcDbEntity
  8
Visible
100
AcDbLine
 10
724.672925
 20
848.022984
 30
0.0
 11
724.725925
 21
848.040984
 31
0.0
  0
LINE
  5
1841
330
70
100
AcDbEntity
  8
Visible
100
AcDbLine
 10
724.619925
 20
848.006984
 30
0.0
 11
724.672925
 21
848.022984
 31
0.0
  0
LINE
  5
1842
330
70
100
AcDbEntity
  8
Visible
100
AcDbLine
 10
724.568925
 20
847.990984
 30
0.0
 11
724.619925
 21
848.006984
 31
0.0
  0
LINE
  5
1843
330
70
100
AcDbEntity
  8
Visible
100
AcDbLine
 10
724.518925
 20
847.975984
 30
0.0
 11
724.568925
 21
847.990984
 31
0.0
  0
LINE
  5
1844
330
70
100
AcDbEntity
  8
Visible
100
AcDbLine
 10
724.469925
 20
847.962984
 30
0.0
 11
724.518925
 21
847.975984
 31
0.0
  0
LINE
  5
1845
330
70
100
AcDbEntity
  8
Visible
100
AcDbLine
 10
724.421925
 20
847.949984
 30
0.0
 11
724.469925
 21
847.962984
 31
0.0
  0
LINE
  5
1846
330
70
100
AcDbEntity
  8
Visible
100
AcDbLine
 10
724.374925
 20
847.938984
 30
0.0
 11
724.421925
 21
847.949984
 31
0.0
  0
LINE
  5
1847
330
70
100
AcDbEntity
  8
Visible
100
AcDbLine
 10
724.328925
 20
847.928984
 30
0.0
 11
724.374925
 21
847.938984
 31
0.0
  0
LINE
  5
1848
330
70
100
AcDbEntity
  8
Visible
100
AcDbLine
 10
724.234925
 20
847.910984
 30
0.0
 11
724.328925
 21
847.928984
 31
0.0
  0
LINE
  5
1849
330
70
100
AcDbEntity
  8
Visible
100
AcDbLine
 10
724.187925
 20
847.903984
 30
0.0
 11
724.234925
 21
847.910984
 31
0.0
  0
LINE
  5
184A
330
70
100
AcDbEntity
  8
Visible
100
AcDbLine
 10
724.139925
 20
847.897984
 30
0.0
 11
724.187925
 21
847.903984
 31
0.0
  0
LINE
  5
184B
330
70
100
AcDbEntity
  8
Visible
100
AcDbLine
 10
724.043925
 20
847.889984
 30
0.0
 11
724.139925
 21
847.897984
 31
0.0
  0
LINE
  5
184C
330
70
100
AcDbEntity
  8
Visible
100
AcDbLine
 10
723.995925
 20
847.886984
 30
0.0
 11
724.043925
 21
847.889984
 31
0.0
  0
LINE
  5
184D
330
70
100
AcDbEntity
  8
Visible
100
AcDbLine
 10
723.897925
 20
847.884984
 30
0.0
 11
723.995925
 21
847.886984
 31
0.0
  0
LINE
  5
184E
330
70
100
AcDbEntity
  8
Visible
100
AcDbLine
 10
723.740925
 20
847.893984
 30
0.0
 11
723.897925
 21
847.884984
 31
0.0
  0
LINE
  5
184F
330
70
100
AcDbEntity
  8
Visible
100
AcDbLine
 10
723.599925
 20
847.920984
 30
0.0
 11
723.740925
 21
847.893984
 31
0.0
  0
LINE
  5
1850
330
70
100
AcDbEntity
  8
Visible
100
AcDbLine
 10
723.475925
 20
847.964984
 30
0.0
 11
723.599925
 21
847.920984
 31
0.0
  0
LINE
  5
1851
330
70
100
AcDbEntity
  8
Visible
100
AcDbLine
 10
723.367925
 20
848.026984
 30
0.0
 11
723.475925
 21
847.964984
 31
0.0
  0
LINE
  5
1852
330
70
100
AcDbEntity
  8
Visible
100
AcDbLine
 10
723.276925
 20
848.106984
 30
0.0
 11
723.367925
 21
848.026984
 31
0.0
  0
LINE
  5
1853
330
70
100
AcDbEntity
  8
Visible
100
AcDbLine
 10
723.201925
 20
848.204984
 30
0.0
 11
723.276925
 21
848.106984
 31
0.0
  0
LINE
  5
1854
330
70
100
AcDbEntity
  8
Visible
100
AcDbLine
 10
723.144925
 20
848.319984
 30
0.0
 11
723.201925
 21
848.204984
 31
0.0
  0
LINE
  5
1855
330
70
100
AcDbEntity
  8
Visible
100
AcDbLine
 10
723.102925
 20
848.452984
 30
0.0
 11
723.144925
 21
848.319984
 31
0.0
  0
LINE
  5
1856
330
70
100
AcDbEntity
  8
Visible
100
AcDbLine
 10
723.077925
 20
848.603984
 30
0.0
 11
723.102925
 21
848.452984
 31
0.0
  0
LINE
  5
1857
330
70
100
AcDbEntity
  8
Visible
100
AcDbLine
 10
723.069925
 20
848.772984
 30
0.0
 11
723.077925
 21
848.603984
 31
0.0
  0
LINE
  5
1858
330
70
100
AcDbEntity
  8
Visible
100
AcDbLine
 10
723.069925
 20
852.360984
 30
0.0
 11
723.069925
 21
848.772984
 31
0.0
  0
LINE
  5
1859
330
70
100
AcDbEntity
  8
Visible
100
AcDbLine
 10
724.881925
 20
852.360984
 30
0.0
 11
723.069925
 21
852.360984
 31
0.0
  0
LINE
  5
185A
330
70
100
AcDbEntity
  8
Visible
100
AcDbLine
 10
724.881925
 20
853.008984
 30
0.0
 11
724.881925
 21
852.360984
 31
0.0
  0
LINE
  5
185B
330
70
100
AcDbEntity
  8
Visible
100
AcDbLine
 10
723.069925
 20
853.008984
 30
0.0
 11
724.881925
 21
853.008984
 31
0.0
  0
LINE
  5
185C
330
70
100
AcDbEntity
  8
Visible
100
AcDbLine
 10
723.069925
 20
854.604984
 30
0.0
 11
723.069925
 21
853.008984
 31
0.0
  0
LINE
  5
185D
330
70
100
AcDbEntity
  8
Visible
100
AcDbLine
 10
722.145925
 20
854.604984
 30
0.0
 11
723.069925
 21
854.604984
 31
0.0
  0
LINE
  5
185E
330
70
100
AcDbEntity
  8
Visible
100
AcDbLine
 10
717.844925
 20
847.142984
 30
0.0
 11
717.695925
 21
847.131984
 31
0.0
  0
LINE
  5
185F
330
70
100
AcDbEntity
  8
Visible
100
AcDbLine
 10
717.989925
 20
847.159984
 30
0.0
 11
717.844925
 21
847.142984
 31
0.0
  0
LINE
  5
1860
330
70
100
AcDbEntity
  8
Visible
100
AcDbLine
 10
718.131925
 20
847.183984
 30
0.0
 11
717.989925
 21
847.159984
 31
0.0
  0
LINE
  5
1861
330
70
100
AcDbEntity
  8
Visible
100
AcDbLine
 10
718.270925
 20
847.213984
 30
0.0
 11
718.131925
 21
847.183984
 31
0.0
  0
LINE
  5
1862
330
70
100
AcDbEntity
  8
Visible
100
AcDbLine
 10
718.405925
 20
847.251984
 30
0.0
 11
718.270925
 21
847.213984
 31
0.0
  0
LINE
  5
1863
330
70
100
AcDbEntity
  8
Visible
100
AcDbLine
 10
718.537925
 20
847.296984
 30
0.0
 11
718.405925
 21
847.251984
 31
0.0
  0
LINE
  5
1864
330
70
100
AcDbEntity
  8
Visible
100
AcDbLine
 10
718.666925
 20
847.347984
 30
0.0
 11
718.537925
 21
847.296984
 31
0.0
  0
LINE
  5
1865
330
70
100
AcDbEntity
  8
Visible
100
AcDbLine
 10
718.792925
 20
847.405984
 30
0.0
 11
718.666925
 21
847.347984
 31
0.0
  0
LINE
  5
1866
330
70
100
AcDbEntity
  8
Visible
100
AcDbLine
 10
718.914925
 20
847.470984
 30
0.0
 11
718.792925
 21
847.405984
 31
0.0
  0
LINE
  5
1867
330
70
100
AcDbEntity
  8
Visible
100
AcDbLine
 10
719.032925
 20
847.542984
 30
0.0
 11
718.914925
 21
847.470984
 31
0.0
  0
LINE
  5
1868
330
70
100
AcDbEntity
  8
Visible
100
AcDbLine
 10
719.145925
 20
847.620984
 30
0.0
 11
719.032925
 21
847.542984
 31
0.0
  0
LINE
  5
1869
330
70
100
AcDbEntity
  8
Visible
100
AcDbLine
 10
719.253925
 20
847.705984
 30
0.0
 11
719.145925
 21
847.620984
 31
0.0
  0
LINE
  5
186A
330
70
100
AcDbEntity
  8
Visible
100
AcDbLine
 10
719.355925
 20
847.796984
 30
0.0
 11
719.253925
 21
847.705984
 31
0.0
  0
LINE
  5
186B
330
70
100
AcDbEntity
  8
Visible
100
AcDbLine
 10
719.453925
 20
847.895984
 30
0.0
 11
719.355925
 21
847.796984
 31
0.0
  0
LINE
  5
186C
330
70
100
AcDbEntity
  8
Visible
100
AcDbLine
 10
719.545925
 20
847.999984
 30
0.0
 11
719.453925
 21
847.895984
 31
0.0
  0
LINE
  5
186D
330
70
100
AcDbEntity
  8
Visible
100
AcDbLine
 10
719.632925
 20
848.111984
 30
0.0
 11
719.545925
 21
847.999984
 31
0.0
  0
LINE
  5
186E
330
70
100
AcDbEntity
  8
Visible
100
AcDbLine
 10
719.714925
 20
848.228984
 30
0.0
 11
719.632925
 21
848.111984
 31
0.0
  0
LINE
  5
186F
330
70
100
AcDbEntity
  8
Visible
100
AcDbLine
 10
719.790925
 20
848.353984
 30
0.0
 11
719.714925
 21
848.228984
 31
0.0
  0
LINE
  5
1870
330
70
100
AcDbEntity
  8
Visible
100
AcDbLine
 10
719.862925
 20
848.484984
 30
0.0
 11
719.790925
 21
848.353984
 31
0.0
  0
LINE
  5
1871
330
70
100
AcDbEntity
  8
Visible
100
AcDbLine
 10
719.928925
 20
848.622984
 30
0.0
 11
719.862925
 21
848.484984
 31
0.0
  0
LINE
  5
1872
330
70
100
AcDbEntity
  8
Visible
100
AcDbLine
 10
719.986925
 20
848.765984
 30
0.0
 11
719.928925
 21
848.622984
 31
0.0
  0
LINE
  5
1873
330
70
100
AcDbEntity
  8
Visible
100
AcDbLine
 10
720.038925
 20
848.915984
 30
0.0
 11
719.986925
 21
848.765984
 31
0.0
  0
LINE
  5
1874
330
70
100
AcDbEntity
  8
Visible
100
AcDbLine
 10
720.083925
 20
849.072984
 30
0.0
 11
720.038925
 21
848.915984
 31
0.0
  0
LINE
  5
1875
330
70
100
AcDbEntity
  8
Visible
100
AcDbLine
 10
720.121925
 20
849.234984
 30
0.0
 11
720.083925
 21
849.072984
 31
0.0
  0
LINE
  5
1876
330
70
100
AcDbEntity
  8
Visible
100
AcDbLine
 10
720.152925
 20
849.403984
 30
0.0
 11
720.121925
 21
849.234984
 31
0.0
  0
LINE
  5
1877
330
70
100
AcDbEntity
  8
Visible
100
AcDbLine
 10
720.176925
 20
849.578984
 30
0.0
 11
720.152925
 21
849.403984
 31
0.0
  0
LINE
  5
1878
330
70
100
AcDbEntity
  8
Visible
100
AcDbLine
 10
720.193925
 20
849.759984
 30
0.0
 11
720.176925
 21
849.578984
 31
0.0
  0
LINE
  5
1879
330
70
100
AcDbEntity
  8
Visible
100
AcDbLine
 10
720.204925
 20
849.946984
 30
0.0
 11
720.193925
 21
849.759984
 31
0.0
  0
LINE
  5
187A
330
70
100
AcDbEntity
  8
Visible
100
AcDbLine
 10
720.207925
 20
850.140984
 30
0.0
 11
720.204925
 21
849.946984
 31
0.0
  0
LINE
  5
187B
330
70
100
AcDbEntity
  8
Visible
100
AcDbLine
 10
720.204925
 20
850.335984
 30
0.0
 11
720.207925
 21
850.140984
 31
0.0
  0
LINE
  5
187C
330
70
100
AcDbEntity
  8
Visible
100
AcDbLine
 10
720.193925
 20
850.523984
 30
0.0
 11
720.204925
 21
850.335984
 31
0.0
  0
LINE
  5
187D
330
70
100
AcDbEntity
  8
Visible
100
AcDbLine
 10
720.176925
 20
850.705984
 30
0.0
 11
720.193925
 21
850.523984
 31
0.0
  0
LINE
  5
187E
330
70
100
AcDbEntity
  8
Visible
100
AcDbLine
 10
720.152925
 20
850.881984
 30
0.0
 11
720.176925
 21
850.705984
 31
0.0
  0
LINE
  5
187F
330
70
100
AcDbEntity
  8
Visible
100
AcDbLine
 10
720.121925
 20
851.050984
 30
0.0
 11
720.152925
 21
850.881984
 31
0.0
  0
LINE
  5
1880
330
70
100
AcDbEntity
  8
Visible
100
AcDbLine
 10
720.083925
 20
851.212984
 30
0.0
 11
720.121925
 21
851.050984
 31
0.0
  0
LINE
  5
1881
330
70
100
AcDbEntity
  8
Visible
100
AcDbLine
 10
720.038925
 20
851.369984
 30
0.0
 11
720.083925
 21
851.212984
 31
0.0
  0
LINE
  5
1882
330
70
100
AcDbEntity
  8
Visible
100
AcDbLine
 10
719.986925
 20
851.519984
 30
0.0
 11
720.038925
 21
851.369984
 31
0.0
  0
LINE
  5
1883
330
70
100
AcDbEntity
  8
Visible
100
AcDbLine
 10
719.928925
 20
851.662984
 30
0.0
 11
719.986925
 21
851.519984
 31
0.0
  0
LINE
  5
1884
330
70
100
AcDbEntity
  8
Visible
100
AcDbLine
 10
719.862925
 20
851.799984
 30
0.0
 11
719.928925
 21
851.662984
 31
0.0
  0
LINE
  5
1885
330
70
100
AcDbEntity
  8
Visible
100
AcDbLine
 10
719.790925
 20
851.930984
 30
0.0
 11
719.862925
 21
851.799984
 31
0.0
  0
LINE
  5
1886
330
70
100
AcDbEntity
  8
Visible
100
AcDbLine
 10
719.714925
 20
852.054984
 30
0.0
 11
719.790925
 21
851.930984
 31
0.0
  0
LINE
  5
1887
330
70
100
AcDbEntity
  8
Visible
100
AcDbLine
 10
719.632925
 20
852.171984
 30
0.0
 11
719.714925
 21
852.054984
 31
0.0
  0
LINE
  5
1888
330
70
100
AcDbEntity
  8
Visible
100
AcDbLine
 10
719.545925
 20
852.282984
 30
0.0
 11
719.632925
 21
852.171984
 31
0.0
  0
LINE
  5
1889
330
70
100
AcDbEntity
  8
Visible
100
AcDbLine
 10
719.453925
 20
852.386984
 30
0.0
 11
719.545925
 21
852.282984
 31
0.0
  0
LINE
  5
188A
330
70
100
AcDbEntity
  8
Visible
100
AcDbLine
 10
719.355925
 20
852.484984
 30
0.0
 11
719.453925
 21
852.386984
 31
0.0
  0
LINE
  5
188B
330
70
100
AcDbEntity
  8
Visible
100
AcDbLine
 10
719.253925
 20
852.575984
 30
0.0
 11
719.355925
 21
852.484984
 31
0.0
  0
LINE
  5
188C
330
70
100
AcDbEntity
  8
Visible
100
AcDbLine
 10
719.145925
 20
852.660984
 30
0.0
 11
719.253925
 21
852.575984
 31
0.0
  0
LINE
  5
188D
330
70
100
AcDbEntity
  8
Visible
100
AcDbLine
 10
719.032925
 20
852.738984
 30
0.0
 11
719.145925
 21
852.660984
 31
0.0
  0
LINE
  5
188E
330
70
100
AcDbEntity
  8
Visible
100
AcDbLine
 10
718.914925
 20
852.810984
 30
0.0
 11
719.032925
 21
852.738984
 31
0.0
  0
LINE
  5
188F
330
70
100
AcDbEntity
  8
Visible
100
AcDbLine
 10
718.792925
 20
852.875984
 30
0.0
 11
718.914925
 21
852.810984
 31
0.0
  0
LINE
  5
1890
330
70
100
AcDbEntity
  8
Visible
100
AcDbLine
 10
718.666925
 20
852.933984
 30
0.0
 11
718.792925
 21
852.875984
 31
0.0
  0
LINE
  5
1891
330
70
100
AcDbEntity
  8
Visible
100
AcDbLine
 10
718.537925
 20
852.984984
 30
0.0
 11
718.666925
 21
852.933984
 31
0.0
  0
LINE
  5
1892
330
70
100
AcDbEntity
  8
Visible
100
AcDbLine
 10
718.405925
 20
853.029984
 30
0.0
 11
718.537925
 21
852.984984
 31
0.0
  0
LINE
  5
1893
330
70
100
AcDbEntity
  8
Visible
100
AcDbLine
 10
718.270925
 20
853.067984
 30
0.0
 11
718.405925
 21
853.029984
 31
0.0
  0
LINE
  5
1894
330
70
100
AcDbEntity
  8
Visible
100
AcDbLine
 10
718.131925
 20
853.097984
 30
0.0
 11
718.270925
 21
853.067984
 31
0.0
  0
LINE
  5
1895
330
70
100
AcDbEntity
  8
Visible
100
AcDbLine
 10
717.989925
 20
853.121984
 30
0.0
 11
718.131925
 21
853.097984
 31
0.0
  0
LINE
  5
1896
330
70
100
AcDbEntity
  8
Visible
100
AcDbLine
 10
717.844925
 20
853.138984
 30
0.0
 11
717.989925
 21
853.121984
 31
0.0
  0
LINE
  5
1897
330
70
100
AcDbEntity
  8
Visible
100
AcDbLine
 10
717.695925
 20
853.149984
 30
0.0
 11
717.844925
 21
853.138984
 31
0.0
  0
LINE
  5
1898
330
70
100
AcDbEntity
  8
Visible
100
AcDbLine
 10
717.543925
 20
853.152984
 30
0.0
 11
717.695925
 21
853.149984
 31
0.0
  0
LINE
  5
1899
330
70
100
AcDbEntity
  8
Visible
100
AcDbLine
 10
717.390925
 20
853.149984
 30
0.0
 11
717.543925
 21
853.152984
 31
0.0
  0
LINE
  5
189A
330
70
100
AcDbEntity
  8
Visible
100
AcDbLine
 10
717.240925
 20
853.138984
 30
0.0
 11
717.390925
 21
853.149984
 31
0.0
  0
LINE
  5
189B
330
70
100
AcDbEntity
  8
Visible
100
AcDbLine
 10
717.094925
 20
853.121984
 30
0.0
 11
717.240925
 21
853.138984
 31
0.0
  0
LINE
  5
189C
330
70
100
AcDbEntity
  8
Visible
100
AcDbLine
 10
716.951925
 20
853.097984
 30
0.0
 11
717.094925
 21
853.121984
 31
0.0
  0
LINE
  5
189D
330
70
100
AcDbEntity
  8
Visible
100
AcDbLine
 10
716.812925
 20
853.067984
 30
0.0
 11
716.951925
 21
853.097984
 31
0.0
  0
LINE
  5
189E
330
70
100
AcDbEntity
  8
Visible
100
AcDbLine
 10
716.676925
 20
853.029984
 30
0.0
 11
716.812925
 21
853.067984
 31
0.0
  0
LINE
  5
189F
330
70
100
AcDbEntity
  8
Visible
100
AcDbLine
 10
716.543925
 20
852.984984
 30
0.0
 11
716.676925
 21
853.029984
 31
0.0
  0
LINE
  5
18A0
330
70
100
AcDbEntity
  8
Visible
100
AcDbLine
 10
716.414925
 20
852.933984
 30
0.0
 11
716.543925
 21
852.984984
 31
0.0
  0
LINE
  5
18A1
330
70
100
AcDbEntity
  8
Visible
100
AcDbLine
 10
716.288925
 20
852.875984
 30
0.0
 11
716.414925
 21
852.933984
 31
0.0
  0
LINE
  5
18A2
330
70
100
AcDbEntity
  8
Visible
100
AcDbLine
 10
716.166925
 20
852.810984
 30
0.0
 11
716.288925
 21
852.875984
 31
0.0
  0
LINE
  5
18A3
330
70
100
AcDbEntity
  8
Visible
100
AcDbLine
 10
716.048925
 20
852.738984
 30
0.0
 11
716.166925
 21
852.810984
 31
0.0
  0
LINE
  5
18A4
330
70
100
AcDbEntity
  8
Visible
100
AcDbLine
 10
715.935925
 20
852.660984
 30
0.0
 11
716.048925
 21
852.738984
 31
0.0
  0
LINE
  5
18A5
330
70
100
AcDbEntity
  8
Visible
100
AcDbLine
 10
715.827925
 20
852.575984
 30
0.0
 11
715.935925
 21
852.660984
 31
0.0
  0
LINE
  5
18A6
330
70
100
AcDbEntity
  8
Visible
100
AcDbLine
 10
715.724925
 20
852.484984
 30
0.0
 11
715.827925
 21
852.575984
 31
0.0
  0
LINE
  5
18A7
330
70
100
AcDbEntity
  8
Visible
100
AcDbLine
 10
715.627925
 20
852.386984
 30
0.0
 11
715.724925
 21
852.484984
 31
0.0
  0
LINE
  5
18A8
330
70
100
AcDbEntity
  8
Visible
100
AcDbLine
 10
715.534925
 20
852.282984
 30
0.0
 11
715.627925
 21
852.386984
 31
0.0
  0
LINE
  5
18A9
330
70
100
AcDbEntity
  8
Visible
100
AcDbLine
 10
715.447925
 20
852.171984
 30
0.0
 11
715.534925
 21
852.282984
 31
0.0
  0
LINE
  5
18AA
330
70
100
AcDbEntity
  8
Visible
100
AcDbLine
 10
715.364925
 20
852.054984
 30
0.0
 11
715.447925
 21
852.171984
 31
0.0
  0
LINE
  5
18AB
330
70
100
AcDbEntity
  8
Visible
100
AcDbLine
 10
715.287925
 20
851.930984
 30
0.0
 11
715.364925
 21
852.054984
 31
0.0
  0
LINE
  5
18AC
330
70
100
AcDbEntity
  8
Visible
100
AcDbLine
 10
715.215925
 20
851.799984
 30
0.0
 11
715.287925
 21
851.930984
 31
0.0
  0
LINE
  5
18AD
330
70
100
AcDbEntity
  8
Visible
100
AcDbLine
 10
715.149925
 20
851.662984
 30
0.0
 11
715.215925
 21
851.799984
 31
0.0
  0
LINE
  5
18AE
330
70
100
AcDbEntity
  8
Visible
100
AcDbLine
 10
715.090925
 20
851.519984
 30
0.0
 11
715.149925
 21
851.662984
 31
0.0
  0
LINE
  5
18AF
330
70
100
AcDbEntity
  8
Visible
100
AcDbLine
 10
715.038925
 20
851.369984
 30
0.0
 11
715.090925
 21
851.519984
 31
0.0
  0
LINE
  5
18B0
330
70
100
AcDbEntity
  8
Visible
100
AcDbLine
 10
714.992925
 20
851.212984
 30
0.0
 11
715.038925
 21
851.369984
 31
0.0
  0
LINE
  5
18B1
330
70
100
AcDbEntity
  8
Visible
100
AcDbLine
 10
714.954925
 20
851.050984
 30
0.0
 11
714.992925
 21
851.212984
 31
0.0
  0
LINE
  5
18B2
330
70
100
AcDbEntity
  8
Visible
100
AcDbLine
 10
714.923925
 20
850.881984
 30
0.0
 11
714.954925
 21
851.050984
 31
0.0
  0
LINE
  5
18B3
330
70
100
AcDbEntity
  8
Visible
100
AcDbLine
 10
714.898925
 20
850.705984
 30
0.0
 11
714.923925
 21
850.881984
 31
0.0
  0
LINE
  5
18B4
330
70
100
AcDbEntity
  8
Visible
100
AcDbLine
 10
714.881925
 20
850.523984
 30
0.0
 11
714.898925
 21
850.705984
 31
0.0
  0
LINE
  5
18B5
330
70
100
AcDbEntity
  8
Visible
100
AcDbLine
 10
714.870925
 20
850.335984
 30
0.0
 11
714.881925
 21
850.523984
 31
0.0
  0
LINE
  5
18B6
330
70
100
AcDbEntity
  8
Visible
100
AcDbLine
 10
714.867925
 20
850.140984
 30
0.0
 11
714.870925
 21
850.335984
 31
0.0
  0
LINE
  5
18B7
330
70
100
AcDbEntity
  8
Visible
100
AcDbLine
 10
714.870925
 20
849.946984
 30
0.0
 11
714.867925
 21
850.140984
 31
0.0
  0
LINE
  5
18B8
330
70
100
AcDbEntity
  8
Visible
100
AcDbLine
 10
714.881925
 20
849.759984
 30
0.0
 11
714.870925
 21
849.946984
 31
0.0
  0
LINE
  5
18B9
330
70
100
AcDbEntity
  8
Visible
100
AcDbLine
 10
714.898925
 20
849.578984
 30
0.0
 11
714.881925
 21
849.759984
 31
0.0
  0
LINE
  5
18BA
330
70
100
AcDbEntity
  8
Visible
100
AcDbLine
 10
714.923925
 20
849.403984
 30
0.0
 11
714.898925
 21
849.578984
 31
0.0
  0
LINE
  5
18BB
330
70
100
AcDbEntity
  8
Visible
100
AcDbLine
 10
714.954925
 20
849.234984
 30
0.0
 11
714.923925
 21
849.403984
 31
0.0
  0
LINE
  5
18BC
330
70
100
AcDbEntity
  8
Visible
100
AcDbLine
 10
714.992925
 20
849.072984
 30
0.0
 11
714.954925
 21
849.234984
 31
0.0
  0
LINE
  5
18BD
330
70
100
AcDbEntity
  8
Visible
100
AcDbLine
 10
715.038925
 20
848.915984
 30
0.0
 11
714.992925
 21
849.072984
 31
0.0
  0
LINE
  5
18BE
330
70
100
AcDbEntity
  8
Visible
100
AcDbLine
 10
715.090925
 20
848.765984
 30
0.0
 11
715.038925
 21
848.915984
 31
0.0
  0
LINE
  5
18BF
330
70
100
AcDbEntity
  8
Visible
100
AcDbLine
 10
715.149925
 20
848.622984
 30
0.0
 11
715.090925
 21
848.765984
 31
0.0
  0
LINE
  5
18C0
330
70
100
AcDbEntity
  8
Visible
100
AcDbLine
 10
715.215925
 20
848.484984
 30
0.0
 11
715.149925
 21
848.622984
 31
0.0
  0
LINE
  5
18C1
330
70
100
AcDbEntity
  8
Visible
100
AcDbLine
 10
715.287925
 20
848.353984
 30
0.0
 11
715.215925
 21
848.484984
 31
0.0
  0
LINE
  5
18C2
330
70
100
AcDbEntity
  8
Visible
100
AcDbLine
 10
715.364925
 20
848.228984
 30
0.0
 11
715.287925
 21
848.353984
 31
0.0
  0
LINE
  5
18C3
330
70
100
AcDbEntity
  8
Visible
100
AcDbLine
 10
715.447925
 20
848.111984
 30
0.0
 11
715.364925
 21
848.228984
 31
0.0
  0
LINE
  5
18C4
330
70
100
AcDbEntity
  8
Visible
100
AcDbLine
 10
715.534925
 20
847.999984
 30
0.0
 11
715.447925
 21
848.111984
 31
0.0
  0
LINE
  5
18C5
330
70
100
AcDbEntity
  8
Visible
100
AcDbLine
 10
715.627925
 20
847.895984
 30
0.0
 11
715.534925
 21
847.999984
 31
0.0
  0
LINE
  5
18C6
330
70
100
AcDbEntity
  8
Visible
100
AcDbLine
 10
715.724925
 20
847.796984
 30
0.0
 11
715.627925
 21
847.895984
 31
0.0
  0
LINE
  5
18C7
330
70
100
AcDbEntity
  8
Visible
100
AcDbLine
 10
715.827925
 20
847.705984
 30
0.0
 11
715.724925
 21
847.796984
 31
0.0
  0
LINE
  5
18C8
330
70
100
AcDbEntity
  8
Visible
100
AcDbLine
 10
715.935925
 20
847.620984
 30
0.0
 11
715.827925
 21
847.705984
 31
0.0
  0
LINE
  5
18C9
330
70
100
AcDbEntity
  8
Visible
100
AcDbLine
 10
716.048925
 20
847.542984
 30
0.0
 11
715.935925
 21
847.620984
 31
0.0
  0
LINE
  5
18CA
330
70
100
AcDbEntity
  8
Visible
100
AcDbLine
 10
716.166925
 20
847.470984
 30
0.0
 11
716.048925
 21
847.542984
 31
0.0
  0
LINE
  5
18CB
330
70
100
AcDbEntity
  8
Visible
100
AcDbLine
 10
716.288925
 20
847.405984
 30
0.0
 11
716.166925
 21
847.470984
 31
0.0
  0
LINE
  5
18CC
330
70
100
AcDbEntity
  8
Visible
100
AcDbLine
 10
716.414925
 20
847.347984
 30
0.0
 11
716.288925
 21
847.405984
 31
0.0
  0
LINE
  5
18CD
330
70
100
AcDbEntity
  8
Visible
100
AcDbLine
 10
716.543925
 20
847.296984
 30
0.0
 11
716.414925
 21
847.347984
 31
0.0
  0
LINE
  5
18CE
330
70
100
AcDbEntity
  8
Visible
100
AcDbLine
 10
716.676925
 20
847.251984
 30
0.0
 11
716.543925
 21
847.296984
 31
0.0
  0
LINE
  5
18CF
330
70
100
AcDbEntity
  8
Visible
100
AcDbLine
 10
716.812925
 20
847.213984
 30
0.0
 11
716.676925
 21
847.251984
 31
0.0
  0
LINE
  5
18D0
330
70
100
AcDbEntity
  8
Visible
100
AcDbLine
 10
716.951925
 20
847.183984
 30
0.0
 11
716.812925
 21
847.213984
 31
0.0
  0
LINE
  5
18D1
330
70
100
AcDbEntity
  8
Visible
100
AcDbLine
 10
717.094925
 20
847.159984
 30
0.0
 11
716.951925
 21
847.183984
 31
0.0
  0
LINE
  5
18D2
330
70
100
AcDbEntity
  8
Visible
100
AcDbLine
 10
717.240925
 20
847.142984
 30
0.0
 11
717.094925
 21
847.159984
 31
0.0
  0
LINE
  5
18D3
330
70
100
AcDbEntity
  8
Visible
100
AcDbLine
 10
717.390925
 20
847.131984
 30
0.0
 11
717.240925
 21
847.142984
 31
0.0
  0
LINE
  5
18D4
330
70
100
AcDbEntity
  8
Visible
100
AcDbLine
 10
717.543925
 20
847.128984
 30
0.0
 11
717.390925
 21
847.131984
 31
0.0
  0
LINE
  5
18D5
330
70
100
AcDbEntity
  8
Visible
100
AcDbLine
 10
717.695925
 20
847.131984
 30
0.0
 11
717.543925
 21
847.128984
 31
0.0
  0
LINE
  5
18D6
330
70
100
AcDbEntity
  8
Visible
100
AcDbLine
 10
711.115925
 20
847.279984
 30
0.0
 11
710.974925
 21
847.274984
 31
0.0
  0
LINE
  5
18D7
330
70
100
AcDbEntity
  8
Visible
100
AcDbLine
 10
711.250925
 20
847.288984
 30
0.0
 11
711.115925
 21
847.279984
 31
0.0
  0
LINE
  5
18D8
330
70
100
AcDbEntity
  8
Visible
100
AcDbLine
 10
711.381925
 20
847.300984
 30
0.0
 11
711.250925
 21
847.288984
 31
0.0
  0
LINE
  5
18D9
330
70
100
AcDbEntity
  8
Visible
100
AcDbLine
 10
711.507925
 20
847.315984
 30
0.0
 11
711.381925
 21
847.300984
 31
0.0
  0
LINE
  5
18DA
330
70
100
AcDbEntity
  8
Visible
100
AcDbLine
 10
711.628925
 20
847.335984
 30
0.0
 11
711.507925
 21
847.315984
 31
0.0
  0
LINE
  5
18DB
330
70
100
AcDbEntity
  8
Visible
100
AcDbLine
 10
711.745925
 20
847.357984
 30
0.0
 11
711.628925
 21
847.335984
 31
0.0
  0
LINE
  5
18DC
330
70
100
AcDbEntity
  8
Visible
100
AcDbLine
 10
711.856925
 20
847.383984
 30
0.0
 11
711.745925
 21
847.357984
 31
0.0
  0
LINE
  5
18DD
330
70
100
AcDbEntity
  8
Visible
100
AcDbLine
 10
711.963925
 20
847.413984
 30
0.0
 11
711.856925
 21
847.383984
 31
0.0
  0
LINE
  5
18DE
330
70
100
AcDbEntity
  8
Visible
100
AcDbLine
 10
712.065925
 20
847.446984
 30
0.0
 11
711.963925
 21
847.413984
 31
0.0
  0
LINE
  5
18DF
330
70
100
AcDbEntity
  8
Visible
100
AcDbLine
 10
712.163925
 20
847.482984
 30
0.0
 11
712.065925
 21
847.446984
 31
0.0
  0
LINE
  5
18E0
330
70
100
AcDbEntity
  8
Visible
100
AcDbLine
 10
712.256925
 20
847.520984
 30
0.0
 11
712.163925
 21
847.482984
 31
0.0
  0
LINE
  5
18E1
330
70
100
AcDbEntity
  8
Visible
100
AcDbLine
 10
712.346925
 20
847.561984
 30
0.0
 11
712.256925
 21
847.520984
 31
0.0
  0
LINE
  5
18E2
330
70
100
AcDbEntity
  8
Visible
100
AcDbLine
 10
712.432925
 20
847.604984
 30
0.0
 11
712.346925
 21
847.561984
 31
0.0
  0
LINE
  5
18E3
330
70
100
AcDbEntity
  8
Visible
100
AcDbLine
 10
712.513925
 20
847.650984
 30
0.0
 11
712.432925
 21
847.604984
 31
0.0
  0
LINE
  5
18E4
330
70
100
AcDbEntity
  8
Visible
100
AcDbLine
 10
712.591925
 20
847.698984
 30
0.0
 11
712.513925
 21
847.650984
 31
0.0
  0
LINE
  5
18E5
330
70
100
AcDbEntity
  8
Visible
100
AcDbLine
 10
712.665925
 20
847.748984
 30
0.0
 11
712.591925
 21
847.698984
 31
0.0
  0
LINE
  5
18E6
330
70
100
AcDbEntity
  8
Visible
100
AcDbLine
 10
712.735925
 20
847.801984
 30
0.0
 11
712.665925
 21
847.748984
 31
0.0
  0
LINE
  5
18E7
330
70
100
AcDbEntity
  8
Visible
100
AcDbLine
 10
712.801925
 20
847.856984
 30
0.0
 11
712.735925
 21
847.801984
 31
0.0
  0
LINE
  5
18E8
330
70
100
AcDbEntity
  8
Visible
100
AcDbLine
 10
712.863925
 20
847.914984
 30
0.0
 11
712.801925
 21
847.856984
 31
0.0
  0
LINE
  5
18E9
330
70
100
AcDbEntity
  8
Visible
100
AcDbLine
 10
712.921925
 20
847.974984
 30
0.0
 11
712.863925
 21
847.914984
 31
0.0
  0
LINE
  5
18EA
330
70
100
AcDbEntity
  8
Visible
100
AcDbLine
 10
712.976925
 20
848.034984
 30
0.0
 11
712.921925
 21
847.974984
 31
0.0
  0
LINE
  5
18EB
330
70
100
AcDbEntity
  8
Visible
100
AcDbLine
 10
713.028925
 20
848.097984
 30
0.0
 11
712.976925
 21
848.034984
 31
0.0
  0
LINE
  5
18EC
330
70
100
AcDbEntity
  8
Visible
100
AcDbLine
 10
713.076925
 20
848.161984
 30
0.0
 11
713.028925
 21
848.097984
 31
0.0
  0
LINE
  5
18ED
330
70
100
AcDbEntity
  8
Visible
100
AcDbLine
 10
713.120925
 20
848.226984
 30
0.0
 11
713.076925
 21
848.161984
 31
0.0
  0
LINE
  5
18EE
330
70
100
AcDbEntity
  8
Visible
100
AcDbLine
 10
713.161925
 20
848.293984
 30
0.0
 11
713.120925
 21
848.226984
 31
0.0
  0
LINE
  5
18EF
330
70
100
AcDbEntity
  8
Visible
100
AcDbLine
 10
713.199925
 20
848.361984
 30
0.0
 11
713.161925
 21
848.293984
 31
0.0
  0
LINE
  5
18F0
330
70
100
AcDbEntity
  8
Visible
100
AcDbLine
 10
713.234925
 20
848.430984
 30
0.0
 11
713.199925
 21
848.361984
 31
0.0
  0
LINE
  5
18F1
330
70
100
AcDbEntity
  8
Visible
100
AcDbLine
 10
713.264925
 20
848.502984
 30
0.0
 11
713.234925
 21
848.430984
 31
0.0
  0
LINE
  5
18F2
330
70
100
AcDbEntity
  8
Visible
100
AcDbLine
 10
713.292925
 20
848.574984
 30
0.0
 11
713.264925
 21
848.502984
 31
0.0
  0
LINE
  5
18F3
330
70
100
AcDbEntity
  8
Visible
100
AcDbLine
 10
713.317925
 20
848.647984
 30
0.0
 11
713.292925
 21
848.574984
 31
0.0
  0
LINE
  5
18F4
330
70
100
AcDbEntity
  8
Visible
100
AcDbLine
 10
713.338925
 20
848.721984
 30
0.0
 11
713.317925
 21
848.647984
 31
0.0
  0
LINE
  5
18F5
330
70
100
AcDbEntity
  8
Visible
100
AcDbLine
 10
713.358925
 20
848.795984
 30
0.0
 11
713.338925
 21
848.721984
 31
0.0
  0
LINE
  5
18F6
330
70
100
AcDbEntity
  8
Visible
100
AcDbLine
 10
713.375925
 20
848.870984
 30
0.0
 11
713.358925
 21
848.795984
 31
0.0
  0
LINE
  5
18F7
330
70
100
AcDbEntity
  8
Visible
100
AcDbLine
 10
713.389925
 20
848.944984
 30
0.0
 11
713.375925
 21
848.870984
 31
0.0
  0
LINE
  5
18F8
330
70
100
AcDbEntity
  8
Visible
100
AcDbLine
 10
713.400925
 20
849.020984
 30
0.0
 11
713.389925
 21
848.944984
 31
0.0
  0
LINE
  5
18F9
330
70
100
AcDbEntity
  8
Visible
100
AcDbLine
 10
713.409925
 20
849.095984
 30
0.0
 11
713.400925
 21
849.020984
 31
0.0
  0
LINE
  5
18FA
330
70
100
AcDbEntity
  8
Visible
100
AcDbLine
 10
713.416925
 20
849.171984
 30
0.0
 11
713.409925
 21
849.095984
 31
0.0
  0
LINE
  5
18FB
330
70
100
AcDbEntity
  8
Visible
100
AcDbLine
 10
713.420925
 20
849.247984
 30
0.0
 11
713.416925
 21
849.171984
 31
0.0
  0
LINE
  5
18FC
330
70
100
AcDbEntity
  8
Visible
100
AcDbLine
 10
713.421925
 20
849.324984
 30
0.0
 11
713.420925
 21
849.247984
 31
0.0
  0
LINE
  5
18FD
330
70
100
AcDbEntity
  8
Visible
100
AcDbLine
 10
713.419925
 20
849.407984
 30
0.0
 11
713.421925
 21
849.324984
 31
0.0
  0
LINE
  5
18FE
330
70
100
AcDbEntity
  8
Visible
100
AcDbLine
 10
713.413925
 20
849.490984
 30
0.0
 11
713.419925
 21
849.407984
 31
0.0
  0
LINE
  5
18FF
330
70
100
AcDbEntity
  8
Visible
100
AcDbLine
 10
713.403925
 20
849.571984
 30
0.0
 11
713.413925
 21
849.490984
 31
0.0
  0
LINE
  5
1900
330
70
100
AcDbEntity
  8
Visible
100
AcDbLine
 10
713.389925
 20
849.652984
 30
0.0
 11
713.403925
 21
849.571984
 31
0.0
  0
LINE
  5
1901
330
70
100
AcDbEntity
  8
Visible
100
AcDbLine
 10
713.372925
 20
849.731984
 30
0.0
 11
713.389925
 21
849.652984
 31
0.0
  0
LINE
  5
1902
330
70
100
AcDbEntity
  8
Visible
100
AcDbLine
 10
713.350925
 20
849.810984
 30
0.0
 11
713.372925
 21
849.731984
 31
0.0
  0
LINE
  5
1903
330
70
100
AcDbEntity
  8
Visible
100
AcDbLine
 10
713.324925
 20
849.887984
 30
0.0
 11
713.350925
 21
849.810984
 31
0.0
  0
LINE
  5
1904
330
70
100
AcDbEntity
  8
Visible
100
AcDbLine
 10
713.294925
 20
849.963984
 30
0.0
 11
713.324925
 21
849.887984
 31
0.0
  0
LINE
  5
1905
330
70
100
AcDbEntity
  8
Visible
100
AcDbLine
 10
713.261925
 20
850.039984
 30
0.0
 11
713.294925
 21
849.963984
 31
0.0
  0
LINE
  5
1906
330
70
100
AcDbEntity
  8
Visible
100
AcDbLine
 10
713.223925
 20
850.113984
 30
0.0
 11
713.261925
 21
850.039984
 31
0.0
  0
LINE
  5
1907
330
70
100
AcDbEntity
  8
Visible
100
AcDbLine
 10
713.182925
 20
850.186984
 30
0.0
 11
713.223925
 21
850.113984
 31
0.0
  0
LINE
  5
1908
330
70
100
AcDbEntity
  8
Visible
100
AcDbLine
 10
713.138925
 20
850.256984
 30
0.0
 11
713.182925
 21
850.186984
 31
0.0
  0
LINE
  5
1909
330
70
100
AcDbEntity
  8
Visible
100
AcDbLine
 10
713.090925
 20
850.324984
 30
0.0
 11
713.138925
 21
850.256984
 31
0.0
  0
LINE
  5
190A
330
70
100
AcDbEntity
  8
Visible
100
AcDbLine
 10
713.040925
 20
850.390984
 30
0.0
 11
713.090925
 21
850.324984
 31
0.0
  0
LINE
  5
190B
330
70
100
AcDbEntity
  8
Visible
100
AcDbLine
 10
712.987925
 20
850.453984
 30
0.0
 11
713.040925
 21
850.390984
 31
0.0
  0
LINE
  5
190C
330
70
100
AcDbEntity
  8
Visible
100
AcDbLine
 10
712.930925
 20
850.515984
 30
0.0
 11
712.987925
 21
850.453984
 31
0.0
  0
LINE
  5
190D
330
70
100
AcDbEntity
  8
Visible
100
AcDbLine
 10
712.871925
 20
850.574984
 30
0.0
 11
712.930925
 21
850.515984
 31
0.0
  0
LINE
  5
190E
330
70
100
AcDbEntity
  8
Visible
100
AcDbLine
 10
712.808925
 20
850.630984
 30
0.0
 11
712.871925
 21
850.574984
 31
0.0
  0
LINE
  5
190F
330
70
100
AcDbEntity
  8
Visible
100
AcDbLine
 10
712.743925
 20
850.685984
 30
0.0
 11
712.808925
 21
850.630984
 31
0.0
  0
LINE
  5
1910
330
70
100
AcDbEntity
  8
Visible
100
AcDbLine
 10
712.674925
 20
850.737984
 30
0.0
 11
712.743925
 21
850.685984
 31
0.0
  0
LINE
  5
1911
330
70
100
AcDbEntity
  8
Visible
100
AcDbLine
 10
712.603925
 20
850.786984
 30
0.0
 11
712.674925
 21
850.737984
 31
0.0
  0
LINE
  5
1912
330
70
100
AcDbEntity
  8
Visible
100
AcDbLine
 10
712.529925
 20
850.832984
 30
0.0
 11
712.603925
 21
850.786984
 31
0.0
  0
LINE
  5
1913
330
70
100
AcDbEntity
  8
Visible
100
AcDbLine
 10
712.453925
 20
850.874984
 30
0.0
 11
712.529925
 21
850.832984
 31
0.0
  0
LINE
  5
1914
330
70
100
AcDbEntity
  8
Visible
100
AcDbLine
 10
712.375925
 20
850.912984
 30
0.0
 11
712.453925
 21
850.874984
 31
0.0
  0
LINE
  5
1915
330
70
100
AcDbEntity
  8
Visible
100
AcDbLine
 10
712.295925
 20
850.946984
 30
0.0
 11
712.375925
 21
850.912984
 31
0.0
  0
LINE
  5
1916
330
70
100
AcDbEntity
  8
Visible
100
AcDbLine
 10
712.213925
 20
850.977984
 30
0.0
 11
712.295925
 21
850.946984
 31
0.0
  0
LINE
  5
1917
330
70
100
AcDbEntity
  8
Visible
100
AcDbLine
 10
712.128925
 20
851.004984
 30
0.0
 11
712.213925
 21
850.977984
 31
0.0
  0
LINE
  5
1918
330
70
100
AcDbEntity
  8
Visible
100
AcDbLine
 10
712.041925
 20
851.028984
 30
0.0
 11
712.128925
 21
851.004984
 31
0.0
  0
LINE
  5
1919
330
70
100
AcDbEntity
  8
Visible
100
AcDbLine
 10
711.952925
 20
851.048984
 30
0.0
 11
712.041925
 21
851.028984
 31
0.0
  0
LINE
  5
191A
330
70
100
AcDbEntity
  8
Visible
100
AcDbLine
 10
711.861925
 20
851.064984
 30
0.0
 11
711.952925
 21
851.048984
 31
0.0
  0
LINE
  5
191B
330
70
100
AcDbEntity
  8
Visible
100
AcDbLine
 10
712.000925
 20
851.102984
 30
0.0
 11
711.861925
 21
851.064984
 31
0.0
  0
LINE
  5
191C
330
70
100
AcDbEntity
  8
Visible
100
AcDbLine
 10
712.132925
 20
851.146984
 30
0.0
 11
712.000925
 21
851.102984
 31
0.0
  0
LINE
  5
191D
330
70
100
AcDbEntity
  8
Visible
100
AcDbLine
 10
712.257925
 20
851.196984
 30
0.0
 11
712.132925
 21
851.146984
 31
0.0
  0
LINE
  5
191E
330
70
100
AcDbEntity
  8
Visible
100
AcDbLine
 10
712.375925
 20
851.252984
 30
0.0
 11
712.257925
 21
851.196984
 31
0.0
  0
LINE
  5
191F
330
70
100
AcDbEntity
  8
Visible
100
AcDbLine
 10
712.486925
 20
851.314984
 30
0.0
 11
712.375925
 21
851.252984
 31
0.0
  0
LINE
  5
1920
330
70
100
AcDbEntity
  8
Visible
100
AcDbLine
 10
712.589925
 20
851.382984
 30
0.0
 11
712.486925
 21
851.314984
 31
0.0
  0
LINE
  5
1921
330
70
100
AcDbEntity
  8
Visible
100
AcDbLine
 10
712.686925
 20
851.456984
 30
0.0
 11
712.589925
 21
851.382984
 31
0.0
  0
LINE
  5
1922
330
70
100
AcDbEntity
  8
Visible
100
AcDbLine
 10
712.775925
 20
851.536984
 30
0.0
 11
712.686925
 21
851.456984
 31
0.0
  0
LINE
  5
1923
330
70
100
AcDbEntity
  8
Visible
100
AcDbLine
 10
712.857925
 20
851.623984
 30
0.0
 11
712.775925
 21
851.536984
 31
0.0
  0
LINE
  5
1924
330
70
100
AcDbEntity
  8
Visible
100
AcDbLine
 10
712.932925
 20
851.715984
 30
0.0
 11
712.857925
 21
851.623984
 31
0.0
  0
LINE
  5
1925
330
70
100
AcDbEntity
  8
Visible
100
AcDbLine
 10
713.000925
 20
851.812984
 30
0.0
 11
712.932925
 21
851.715984
 31
0.0
  0
LINE
  5
1926
330
70
100
AcDbEntity
  8
Visible
100
AcDbLine
 10
713.061925
 20
851.913984
 30
0.0
 11
713.000925
 21
851.812984
 31
0.0
  0
LINE
  5
1927
330
70
100
AcDbEntity
  8
Visible
100
AcDbLine
 10
713.114925
 20
852.017984
 30
0.0
 11
713.061925
 21
851.913984
 31
0.0
  0
LINE
  5
1928
330
70
100
AcDbEntity
  8
Visible
100
AcDbLine
 10
713.160925
 20
852.124984
 30
0.0
 11
713.114925
 21
852.017984
 31
0.0
  0
LINE
  5
1929
330
70
100
AcDbEntity
  8
Visible
100
AcDbLine
 10
713.200925
 20
852.235984
 30
0.0
 11
713.160925
 21
852.124984
 31
0.0
  0
LINE
  5
192A
330
70
100
AcDbEntity
  8
Visible
100
AcDbLine
 10
713.232925
 20
852.349984
 30
0.0
 11
713.200925
 21
852.235984
 31
0.0
  0
LINE
  5
192B
330
70
100
AcDbEntity
  8
Visible
100
AcDbLine
 10
713.257925
 20
852.467984
 30
0.0
 11
713.232925
 21
852.349984
 31
0.0
  0
LINE
  5
192C
330
70
100
AcDbEntity
  8
Visible
100
AcDbLine
 10
713.275925
 20
852.588984
 30
0.0
 11
713.257925
 21
852.467984
 31
0.0
  0
LINE
  5
192D
330
70
100
AcDbEntity
  8
Visible
100
AcDbLine
 10
713.285925
 20
852.712984
 30
0.0
 11
713.275925
 21
852.588984
 31
0.0
  0
LINE
  5
192E
330
70
100
AcDbEntity
  8
Visible
100
AcDbLine
 10
713.289925
 20
852.840984
 30
0.0
 11
713.285925
 21
852.712984
 31
0.0
  0
LINE
  5
192F
330
70
100
AcDbEntity
  8
Visible
100
AcDbLine
 10
713.286925
 20
852.945984
 30
0.0
 11
713.289925
 21
852.840984
 31
0.0
  0
LINE
  5
1930
330
70
100
AcDbEntity
  8
Visible
100
AcDbLine
 10
713.278925
 20
853.048984
 30
0.0
 11
713.286925
 21
852.945984
 31
0.0
  0
LINE
  5
1931
330
70
100
AcDbEntity
  8
Visible
100
AcDbLine
 10
713.265925
 20
853.150984
 30
0.0
 11
713.278925
 21
853.048984
 31
0.0
  0
LINE
  5
1932
330
70
100
AcDbEntity
  8
Visible
100
AcDbLine
 10
713.246925
 20
853.249984
 30
0.0
 11
713.265925
 21
853.150984
 31
0.0
  0
LINE
  5
1933
330
70
100
AcDbEntity
  8
Visible
100
AcDbLine
 10
713.222925
 20
853.348984
 30
0.0
 11
713.246925
 21
853.249984
 31
0.0
  0
LINE
  5
1934
330
70
100
AcDbEntity
  8
Visible
100
AcDbLine
 10
713.192925
 20
853.444984
 30
0.0
 11
713.222925
 21
853.348984
 31
0.0
  0
LINE
  5
1935
330
70
100
AcDbEntity
  8
Visible
100
AcDbLine
 10
713.157925
 20
853.540984
 30
0.0
 11
713.192925
 21
853.444984
 31
0.0
  0
LINE
  5
1936
330
70
100
AcDbEntity
  8
Visible
100
AcDbLine
 10
713.116925
 20
853.633984
 30
0.0
 11
713.157925
 21
853.540984
 31
0.0
  0
LINE
  5
1937
330
70
100
AcDbEntity
  8
Visible
100
AcDbLine
 10
713.070925
 20
853.725984
 30
0.0
 11
713.116925
 21
853.633984
 31
0.0
  0
LINE
  5
1938
330
70
100
AcDbEntity
  8
Visible
100
AcDbLine
 10
713.019925
 20
853.815984
 30
0.0
 11
713.070925
 21
853.725984
 31
0.0
  0
LINE
  5
1939
330
70
100
AcDbEntity
  8
Visible
100
AcDbLine
 10
712.962925
 20
853.903984
 30
0.0
 11
713.019925
 21
853.815984
 31
0.0
  0
LINE
  5
193A
330
70
100
AcDbEntity
  8
Visible
100
AcDbLine
 10
712.900925
 20
853.987984
 30
0.0
 11
712.962925
 21
853.903984
 31
0.0
  0
LINE
  5
193B
330
70
100
AcDbEntity
  8
Visible
100
AcDbLine
 10
712.832925
 20
854.068984
 30
0.0
 11
712.900925
 21
853.987984
 31
0.0
  0
LINE
  5
193C
330
70
100
AcDbEntity
  8
Visible
100
AcDbLine
 10
712.759925
 20
854.145984
 30
0.0
 11
712.832925
 21
854.068984
 31
0.0
  0
LINE
  5
193D
330
70
100
AcDbEntity
  8
Visible
100
AcDbLine
 10
712.680925
 20
854.218984
 30
0.0
 11
712.759925
 21
854.145984
 31
0.0
  0
LINE
  5
193E
330
70
100
AcDbEntity
  8
Visible
100
AcDbLine
 10
712.596925
 20
854.289984
 30
0.0
 11
712.680925
 21
854.218984
 31
0.0
  0
LINE
  5
193F
330
70
100
AcDbEntity
  8
Visible
100
AcDbLine
 10
712.506925
 20
854.356984
 30
0.0
 11
712.596925
 21
854.289984
 31
0.0
  0
LINE
  5
1940
330
70
100
AcDbEntity
  8
Visible
100
AcDbLine
 10
712.410925
 20
854.419984
 30
0.0
 11
712.506925
 21
854.356984
 31
0.0
  0
LINE
  5
1941
330
70
100
AcDbEntity
  8
Visible
100
AcDbLine
 10
712.309925
 20
854.479984
 30
0.0
 11
712.410925
 21
854.419984
 31
0.0
  0
LINE
  5
1942
330
70
100
AcDbEntity
  8
Visible
100
AcDbLine
 10
712.203925
 20
854.535984
 30
0.0
 11
712.309925
 21
854.479984
 31
0.0
  0
LINE
  5
1943
330
70
100
AcDbEntity
  8
Visible
100
AcDbLine
 10
712.091925
 20
854.587984
 30
0.0
 11
712.203925
 21
854.535984
 31
0.0
  0
LINE
  5
1944
330
70
100
AcDbEntity
  8
Visible
100
AcDbLine
 10
711.973925
 20
854.633984
 30
0.0
 11
712.091925
 21
854.587984
 31
0.0
  0
LINE
  5
1945
330
70
100
AcDbEntity
  8
Visible
100
AcDbLine
 10
711.850925
 20
854.674984
 30
0.0
 11
711.973925
 21
854.633984
 31
0.0
  0
LINE
  5
1946
330
70
100
AcDbEntity
  8
Visible
100
AcDbLine
 10
711.721925
 20
854.710984
 30
0.0
 11
711.850925
 21
854.674984
 31
0.0
  0
LINE
  5
1947
330
70
100
AcDbEntity
  8
Visible
100
AcDbLine
 10
711.587925
 20
854.740984
 30
0.0
 11
711.721925
 21
854.710984
 31
0.0
  0
LINE
  5
1948
330
70
100
AcDbEntity
  8
Visible
100
AcDbLine
 10
711.446925
 20
854.764984
 30
0.0
 11
711.587925
 21
854.740984
 31
0.0
  0
LINE
  5
1949
330
70
100
AcDbEntity
  8
Visible
100
AcDbLine
 10
711.300925
 20
854.783984
 30
0.0
 11
711.446925
 21
854.764984
 31
0.0
  0
LINE
  5
194A
330
70
100
AcDbEntity
  8
Visible
100
AcDbLine
 10
711.149925
 20
854.797984
 30
0.0
 11
711.300925
 21
854.783984
 31
0.0
  0
LINE
  5
194B
330
70
100
AcDbEntity
  8
Visible
100
AcDbLine
 10
710.992925
 20
854.805984
 30
0.0
 11
711.149925
 21
854.797984
 31
0.0
  0
LINE
  5
194C
330
70
100
AcDbEntity
  8
Visible
100
AcDbLine
 10
710.829925
 20
854.808984
 30
0.0
 11
710.992925
 21
854.805984
 31
0.0
  0
LINE
  5
194D
330
70
100
AcDbEntity
  8
Visible
100
AcDbLine
 10
708.009925
 20
854.808984
 30
0.0
 11
710.829925
 21
854.808984
 31
0.0
  0
LINE
  5
194E
330
70
100
AcDbEntity
  8
Visible
100
AcDbLine
 10
708.009925
 20
847.272984
 30
0.0
 11
708.009925
 21
854.808984
 31
0.0
  0
LINE
  5
194F
330
70
100
AcDbEntity
  8
Visible
100
AcDbLine
 10
710.829925
 20
847.272984
 30
0.0
 11
708.009925
 21
847.272984
 31
0.0
  0
LINE
  5
1950
330
70
100
AcDbEntity
  8
Visible
100
AcDbLine
 10
710.974925
 20
847.274984
 30
0.0
 11
710.829925
 21
847.272984
 31
0.0
  0
LINE
  5
1951
330
70
100
AcDbEntity
  8
Visible
100
AcDbLine
 10
921.209925
 20
1045.040984
 30
0.0
 11
886.709925
 21
1045.040984
 31
0.0
  0
LINE
  5
1952
330
70
100
AcDbEntity
  8
Visible
100
AcDbLine
 10
921.209925
 20
1010.540984
 30
0.0
 11
921.209925
 21
1045.040984
 31
0.0
  0
LINE
  5
1953
330
70
100
AcDbEntity
  8
Visible
100
AcDbLine
 10
927.209925
 20
1010.540984
 30
0.0
 11
921.209925
 21
1010.540984
 31
0.0
  0
LINE
  5
1954
330
70
100
AcDbEntity
  8
Visible
100
AcDbLine
 10
927.209925
 20
981.540984
 30
0.0
 11
927.209925
 21
1010.540984
 31
0.0
  0
LINE
  5
1955
330
70
100
AcDbEntity
  8
Visible
100
AcDbLine
 10
921.209925
 20
981.540984
 30
0.0
 11
927.209925
 21
981.540984
 31
0.0
  0
LINE
  5
1956
330
70
100
AcDbEntity
  8
Visible
100
AcDbLine
 10
921.209925
 20
952.540984
 30
0.0
 11
921.209925
 21
981.540984
 31
0.0
  0
LINE
  5
1957
330
70
100
AcDbEntity
  8
Visible
100
AcDbLine
 10
927.209925
 20
952.540984
 30
0.0
 11
921.209925
 21
952.540984
 31
0.0
  0
LINE
  5
1958
330
70
100
AcDbEntity
  8
Visible
100
AcDbLine
 10
927.209925
 20
923.540984
 30
0.0
 11
927.209925
 21
952.540984
 31
0.0
  0
LINE
  5
1959
330
70
100
AcDbEntity
  8
Visible
100
AcDbLine
 10
921.209925
 20
923.540984
 30
0.0
 11
927.209925
 21
923.540984
 31
0.0
  0
LINE
  5
195A
330
70
100
AcDbEntity
  8
Visible
100
AcDbLine
 10
921.209925
 20
894.540984
 30
0.0
 11
921.209925
 21
923.540984
 31
0.0
  0
LINE
  5
195B
330
70
100
AcDbEntity
  8
Visible
100
AcDbLine
 10
927.209925
 20
894.540984
 30
0.0
 11
921.209925
 21
894.540984
 31
0.0
  0
LINE
  5
195C
330
70
100
AcDbEntity
  8
Visible
100
AcDbLine
 10
927.209925
 20
865.540984
 30
0.0
 11
927.209925
 21
894.540984
 31
0.0
  0
LINE
  5
195D
330
70
100
AcDbEntity
  8
Visible
100
AcDbLine
 10
921.209925
 20
865.540984
 30
0.0
 11
927.209925
 21
865.540984
 31
0.0
  0
LINE
  5
195E
330
70
100
AcDbEntity
  8
Visible
100
AcDbLine
 10
921.209925
 20
836.540984
 30
0.0
 11
921.209925
 21
865.540984
 31
0.0
  0
LINE
  5
195F
330
70
100
AcDbEntity
  8
Visible
100
AcDbLine
 10
927.209925
 20
836.540984
 30
0.0
 11
921.209925
 21
836.540984
 31
0.0
  0
LINE
  5
1960
330
70
100
AcDbEntity
  8
Visible
100
AcDbLine
 10
927.209925
 20
807.540984
 30
0.0
 11
927.209925
 21
836.540984
 31
0.0
  0
LINE
  5
1961
330
70
100
AcDbEntity
  8
Visible
100
AcDbLine
 10
921.209925
 20
807.540984
 30
0.0
 11
927.209925
 21
807.540984
 31
0.0
  0
LINE
  5
1962
330
70
100
AcDbEntity
  8
Visible
100
AcDbLine
 10
921.209925
 20
778.540984
 30
0.0
 11
921.209925
 21
807.540984
 31
0.0
  0
LINE
  5
1963
330
70
100
AcDbEntity
  8
Visible
100
AcDbLine
 10
927.209925
 20
778.540984
 30
0.0
 11
921.209925
 21
778.540984
 31
0.0
  0
LINE
  5
1964
330
70
100
AcDbEntity
  8
Visible
100
AcDbLine
 10
927.209925
 20
749.540984
 30
0.0
 11
927.209925
 21
778.540984
 31
0.0
  0
LINE
  5
1965
330
70
100
AcDbEntity
  8
Visible
100
AcDbLine
 10
921.209925
 20
749.540984
 30
0.0
 11
927.209925
 21
749.540984
 31
0.0
  0
LINE
  5
1966
330
70
100
AcDbEntity
  8
Visible
100
AcDbLine
 10
921.209925
 20
720.540984
 30
0.0
 11
921.209925
 21
749.540984
 31
0.0
  0
LINE
  5
1967
330
70
100
AcDbEntity
  8
Visible
100
AcDbLine
 10
927.209925
 20
720.540984
 30
0.0
 11
921.209925
 21
720.540984
 31
0.0
  0
LINE
  5
1968
330
70
100
AcDbEntity
  8
Visible
100
AcDbLine
 10
927.209925
 20
691.540984
 30
0.0
 11
927.209925
 21
720.540984
 31
0.0
  0
LINE
  5
1969
330
70
100
AcDbEntity
  8
Visible
100
AcDbLine
 10
921.209925
 20
691.540984
 30
0.0
 11
927.209925
 21
691.540984
 31
0.0
  0
LINE
  5
196A
330
70
100
AcDbEntity
  8
Visible
100
AcDbLine
 10
921.209925
 20
657.040984
 30
0.0
 11
921.209925
 21
691.540984
 31
0.0
  0
LINE
  5
196B
330
70
100
AcDbEntity
  8
Visible
100
AcDbLine
 10
886.709925
 20
657.040984
 30
0.0
 11
921.209925
 21
657.040984
 31
0.0
  0
LINE
  5
196C
330
70
100
AcDbEntity
  8
Visible
100
AcDbLine
 10
886.709925
 20
651.040984
 30
0.0
 11
886.709925
 21
657.040984
 31
0.0
  0
LINE
  5
196D
330
70
100
AcDbEntity
  8
Visible
100
AcDbLine
 10
857.709925
 20
651.040984
 30
0.0
 11
886.709925
 21
651.040984
 31
0.0
  0
LINE
  5
196E
330
70
100
AcDbEntity
  8
Visible
100
AcDbLine
 10
857.709925
 20
657.040984
 30
0.0
 11
857.709925
 21
651.040984
 31
0.0
  0
LINE
  5
196F
330
70
100
AcDbEntity
  8
Visible
100
AcDbLine
 10
828.709925
 20
657.040984
 30
0.0
 11
857.709925
 21
657.040984
 31
0.0
  0
LINE
  5
1970
330
70
100
AcDbEntity
  8
Visible
100
AcDbLine
 10
828.709925
 20
651.040984
 30
0.0
 11
828.709925
 21
657.040984
 31
0.0
  0
LINE
  5
1971
330
70
100
AcDbEntity
  8
Visible
100
AcDbLine
 10
799.709925
 20
651.040984
 30
0.0
 11
828.709925
 21
651.040984
 31
0.0
  0
LINE
  5
1972
330
70
100
AcDbEntity
  8
Visible
100
AcDbLine
 10
799.709925
 20
657.040984
 30
0.0
 11
799.709925
 21
651.040984
 31
0.0
  0
LINE
  5
1973
330
70
100
AcDbEntity
  8
Visible
100
AcDbLine
 10
770.709925
 20
657.040984
 30
0.0
 11
799.709925
 21
657.040984
 31
0.0
  0
LINE
  5
1974
330
70
100
AcDbEntity
  8
Visible
100
AcDbLine
 10
770.709925
 20
651.040984
 30
0.0
 11
770.709925
 21
657.040984
 31
0.0
  0
LINE
  5
1975
330
70
100
AcDbEntity
  8
Visible
100
AcDbLine
 10
741.709925
 20
651.040984
 30
0.0
 11
770.709925
 21
651.040984
 31
0.0
  0
LINE
  5
1976
330
70
100
AcDbEntity
  8
Visible
100
AcDbLine
 10
741.709925
 20
657.040984
 30
0.0
 11
741.709925
 21
651.040984
 31
0.0
  0
LINE
  5
1977
330
70
100
AcDbEntity
  8
Visible
100
AcDbLine
 10
712.709925
 20
657.040984
 30
0.0
 11
741.709925
 21
657.040984
 31
0.0
  0
LINE
  5
1978
330
70
100
AcDbEntity
  8
Visible
100
AcDbLine
 10
712.709925
 20
651.040984
 30
0.0
 11
712.709925
 21
657.040984
 31
0.0
  0
LINE
  5
1979
330
70
100
AcDbEntity
  8
Visible
100
AcDbLine
 10
683.709925
 20
651.040984
 30
0.0
 11
712.709925
 21
651.040984
 31
0.0
  0
LINE
  5
197A
330
70
100
AcDbEntity
  8
Visible
100
AcDbLine
 10
683.709925
 20
657.040984
 30
0.0
 11
683.709925
 21
651.040984
 31
0.0
  0
LINE
  5
197B
330
70
100
AcDbEntity
  8
Visible
100
AcDbLine
 10
654.709925
 20
657.040984
 30
0.0
 11
683.709925
 21
657.040984
 31
0.0
  0
LINE
  5
197C
330
70
100
AcDbEntity
  8
Visible
100
AcDbLine
 10
654.709925
 20
651.040984
 30
0.0
 11
654.709925
 21
657.040984
 31
0.0
  0
LINE
  5
197D
330
70
100
AcDbEntity
  8
Visible
100
AcDbLine
 10
625.709925
 20
651.040984
 30
0.0
 11
654.709925
 21
651.040984
 31
0.0
  0
LINE
  5
197E
330
70
100
AcDbEntity
  8
Visible
100
AcDbLine
 10
625.709925
 20
657.040984
 30
0.0
 11
625.709925
 21
651.040984
 31
0.0
  0
LINE
  5
197F
330
70
100
AcDbEntity
  8
Visible
100
AcDbLine
 10
596.709925
 20
657.040984
 30
0.0
 11
625.709925
 21
657.040984
 31
0.0
  0
LINE
  5
1980
330
70
100
AcDbEntity
  8
Visible
100
AcDbLine
 10
596.709925
 20
651.040984
 30
0.0
 11
596.709925
 21
657.040984
 31
0.0
  0
LINE
  5
1981
330
70
100
AcDbEntity
  8
Visible
100
AcDbLine
 10
567.709925
 20
651.040984
 30
0.0
 11
596.709925
 21
651.040984
 31
0.0
  0
LINE
  5
1982
330
70
100
AcDbEntity
  8
Visible
100
AcDbLine
 10
567.709925
 20
657.040984
 30
0.0
 11
567.709925
 21
651.040984
 31
0.0
  0
LINE
  5
1983
330
70
100
AcDbEntity
  8
Visible
100
AcDbLine
 10
533.209925
 20
657.040984
 30
0.0
 11
567.709925
 21
657.040984
 31
0.0
  0
LINE
  5
1984
330
70
100
AcDbEntity
  8
Visible
100
AcDbLine
 10
533.209925
 20
691.540984
 30
0.0
 11
533.209925
 21
657.040984
 31
0.0
  0
LINE
  5
1985
330
70
100
AcDbEntity
  8
Visible
100
AcDbLine
 10
527.209925
 20
691.540984
 30
0.0
 11
533.209925
 21
691.540984
 31
0.0
  0
LINE
  5
1986
330
70
100
AcDbEntity
  8
Visible
100
AcDbLine
 10
527.209925
 20
720.540984
 30
0.0
 11
527.209925
 21
691.540984
 31
0.0
  0
LINE
  5
1987
330
70
100
AcDbEntity
  8
Visible
100
AcDbLine
 10
533.209925
 20
720.540984
 30
0.0
 11
527.209925
 21
720.540984
 31
0.0
  0
LINE
  5
1988
330
70
100
AcDbEntity
  8
Visible
100
AcDbLine
 10
533.209925
 20
749.540984
 30
0.0
 11
533.209925
 21
720.540984
 31
0.0
  0
LINE
  5
1989
330
70
100
AcDbEntity
  8
Visible
100
AcDbLine
 10
527.209925
 20
749.540984
 30
0.0
 11
533.209925
 21
749.540984
 31
0.0
  0
LINE
  5
198A
330
70
100
AcDbEntity
  8
Visible
100
AcDbLine
 10
527.209925
 20
778.540984
 30
0.0
 11
527.209925
 21
749.540984
 31
0.0
  0
LINE
  5
198B
330
70
100
AcDbEntity
  8
Visible
100
AcDbLine
 10
533.209925
 20
778.540984
 30
0.0
 11
527.209925
 21
778.540984
 31
0.0
  0
LINE
  5
198C
330
70
100
AcDbEntity
  8
Visible
100
AcDbLine
 10
533.209925
 20
807.540984
 30
0.0
 11
533.209925
 21
778.540984
 31
0.0
  0
LINE
  5
198D
330
70
100
AcDbEntity
  8
Visible
100
AcDbLine
 10
527.209925
 20
807.540984
 30
0.0
 11
533.209925
 21
807.540984
 31
0.0
  0
LINE
  5
198E
330
70
100
AcDbEntity
  8
Visible
100
AcDbLine
 10
527.209925
 20
836.540984
 30
0.0
 11
527.209925
 21
807.540984
 31
0.0
  0
LINE
  5
198F
330
70
100
AcDbEntity
  8
Visible
100
AcDbLine
 10
533.209925
 20
836.540984
 30
0.0
 11
527.209925
 21
836.540984
 31
0.0
  0
LINE
  5
1990
330
70
100
AcDbEntity
  8
Visible
100
AcDbLine
 10
533.209925
 20
865.540984
 30
0.0
 11
533.209925
 21
836.540984
 31
0.0
  0
LINE
  5
1991
330
70
100
AcDbEntity
  8
Visible
100
AcDbLine
 10
527.209925
 20
865.540984
 30
0.0
 11
533.209925
 21
865.540984
 31
0.0
  0
LINE
  5
1992
330
70
100
AcDbEntity
  8
Visible
100
AcDbLine
 10
527.209925
 20
894.540984
 30
0.0
 11
527.209925
 21
865.540984
 31
0.0
  0
LINE
  5
1993
330
70
100
AcDbEntity
  8
Visible
100
AcDbLine
 10
533.209925
 20
894.540984
 30
0.0
 11
527.209925
 21
894.540984
 31
0.0
  0
LINE
  5
1994
330
70
100
AcDbEntity
  8
Visible
100
AcDbLine
 10
533.209925
 20
923.540984
 30
0.0
 11
533.209925
 21
894.540984
 31
0.0
  0
LINE
  5
1995
330
70
100
AcDbEntity
  8
Visible
100
AcDbLine
 10
527.209925
 20
923.540984
 30
0.0
 11
533.209925
 21
923.540984
 31
0.0
  0
LINE
  5
1996
330
70
100
AcDbEntity
  8
Visible
100
AcDbLine
 10
527.209925
 20
952.540984
 30
0.0
 11
527.209925
 21
923.540984
 31
0.0
  0
LINE
  5
1997
330
70
100
AcDbEntity
  8
Visible
100
AcDbLine
 10
533.209925
 20
952.540984
 30
0.0
 11
527.209925
 21
952.540984
 31
0.0
  0
LINE
  5
1998
330
70
100
AcDbEntity
  8
Visible
100
AcDbLine
 10
533.209925
 20
981.540984
 30
0.0
 11
533.209925
 21
952.540984
 31
0.0
  0
LINE
  5
1999
330
70
100
AcDbEntity
  8
Visible
100
AcDbLine
 10
527.209925
 20
981.540984
 30
0.0
 11
533.209925
 21
981.540984
 31
0.0
  0
LINE
  5
199A
330
70
100
AcDbEntity
  8
Visible
100
AcDbLine
 10
527.209925
 20
1010.540984
 30
0.0
 11
527.209925
 21
981.540984
 31
0.0
  0
LINE
  5
199B
330
70
100
AcDbEntity
  8
Visible
100
AcDbLine
 10
533.209925
 20
1010.540984
 30
0.0
 11
527.209925
 21
1010.540984
 31
0.0
  0
LINE
  5
199C
330
70
100
AcDbEntity
  8
Visible
100
AcDbLine
 10
533.209925
 20
1045.040984
 30
0.0
 11
533.209925
 21
1010.540984
 31
0.0
  0
LINE
  5
199D
330
70
100
AcDbEntity
  8
Visible
100
AcDbLine
 10
567.709925
 20
1045.040984
 30
0.0
 11
533.209925
 21
1045.040984
 31
0.0
  0
LINE
  5
199E
330
70
100
AcDbEntity
  8
Visible
100
AcDbLine
 10
567.709925
 20
1051.040984
 30
0.0
 11
567.709925
 21
1045.040984
 31
0.0
  0
LINE
  5
199F
330
70
100
AcDbEntity
  8
Visible
100
AcDbLine
 10
596.709925
 20
1051.040984
 30
0.0
 11
567.709925
 21
1051.040984
 31
0.0
  0
LINE
  5
19A0
330
70
100
AcDbEntity
  8
Visible
100
AcDbLine
 10
596.709925
 20
1045.040984
 30
0.0
 11
596.709925
 21
1051.040984
 31
0.0
  0
LINE
  5
19A1
330
70
100
AcDbEntity
  8
Visible
100
AcDbLine
 10
625.709925
 20
1045.040984
 30
0.0
 11
596.709925
 21
1045.040984
 31
0.0
  0
LINE
  5
19A2
330
70
100
AcDbEntity
  8
Visible
100
AcDbLine
 10
625.709925
 20
1051.040984
 30
0.0
 11
625.709925
 21
1045.040984
 31
0.0
  0
LINE
  5
19A3
330
70
100
AcDbEntity
  8
Visible
100
AcDbLine
 10
654.709925
 20
1051.040984
 30
0.0
 11
625.709925
 21
1051.040984
 31
0.0
  0
LINE
  5
19A4
330
70
100
AcDbEntity
  8
Visible
100
AcDbLine
 10
654.709925
 20
1045.040984
 30
0.0
 11
654.709925
 21
1051.040984
 31
0.0
  0
LINE
  5
19A5
330
70
100
AcDbEntity
  8
Visible
100
AcDbLine
 10
683.709925
 20
1045.040984
 30
0.0
 11
654.709925
 21
1045.040984
 31
0.0
  0
LINE
  5
19A6
330
70
100
AcDbEntity
  8
Visible
100
AcDbLine
 10
683.709925
 20
1051.040984
 30
0.0
 11
683.709925
 21
1045.040984
 31
0.0
  0
LINE
  5
19A7
330
70
100
AcDbEntity
  8
Visible
100
AcDbLine
 10
712.709925
 20
1051.040984
 30
0.0
 11
683.709925
 21
1051.040984
 31
0.0
  0
LINE
  5
19A8
330
70
100
AcDbEntity
  8
Visible
100
AcDbLine
 10
712.709925
 20
1045.040984
 30
0.0
 11
712.709925
 21
1051.040984
 31
0.0
  0
LINE
  5
19A9
330
70
100
AcDbEntity
  8
Visible
100
AcDbLine
 10
741.709925
 20
1045.040984
 30
0.0
 11
712.709925
 21
1045.040984
 31
0.0
  0
LINE
  5
19AA
330
70
100
AcDbEntity
  8
Visible
100
AcDbLine
 10
741.709925
 20
1051.040984
 30
0.0
 11
741.709925
 21
1045.040984
 31
0.0
  0
LINE
  5
19AB
330
70
100
AcDbEntity
  8
Visible
100
AcDbLine
 10
770.709925
 20
1051.040984
 30
0.0
 11
741.709925
 21
1051.040984
 31
0.0
  0
LINE
  5
19AC
330
70
100
AcDbEntity
  8
Visible
100
AcDbLine
 10
770.709925
 20
1045.040984
 30
0.0
 11
770.709925
 21
1051.040984
 31
0.0
  0
LINE
  5
19AD
330
70
100
AcDbEntity
  8
Visible
100
AcDbLine
 10
799.709925
 20
1045.040984
 30
0.0
 11
770.709925
 21
1045.040984
 31
0.0
  0
LINE
  5
19AE
330
70
100
AcDbEntity
  8
Visible
100
AcDbLine
 10
799.709925
 20
1051.040984
 30
0.0
 11
799.709925
 21
1045.040984
 31
0.0
  0
LINE
  5
19AF
330
70
100
AcDbEntity
  8
Visible
100
AcDbLine
 10
828.709925
 20
1051.040984
 30
0.0
 11
799.709925
 21
1051.040984
 31
0.0
  0
LINE
  5
19B0
330
70
100
AcDbEntity
  8
Visible
100
AcDbLine
 10
828.709925
 20
1045.040984
 30
0.0
 11
828.709925
 21
1051.040984
 31
0.0
  0
LINE
  5
19B1
330
70
100
AcDbEntity
  8
Visible
100
AcDbLine
 10
857.709925
 20
1045.040984
 30
0.0
 11
828.709925
 21
1045.040984
 31
0.0
  0
LINE
  5
19B2
330
70
100
AcDbEntity
  8
Visible
100
AcDbLine
 10
857.709925
 20
1051.040984
 30
0.0
 11
857.709925
 21
1045.040984
 31
0.0
  0
LINE
  5
19B3
330
70
100
AcDbEntity
  8
Visible
100
AcDbLine
 10
886.709925
 20
1051.040984
 30
0.0
 11
857.709925
 21
1051.040984
 31
0.0
  0
LINE
  5
19B4
330
70
100
AcDbEntity
  8
Visible
100
AcDbLine
 10
886.709925
 20
1045.040984
 30
0.0
 11
886.709925
 21
1051.040984
 31
0.0
  0
LINE
  5
19B5
330
70
100
AcDbEntity
  8
Visible
100
AcDbLine
 10
335.756925
 20
954.238984
 30
0.0
 11
336.680925
 21
954.238984
 31
0.0
  0
LINE
  5
19B6
330
70
100
AcDbEntity
  8
Visible
100
AcDbLine
 10
335.756925
 20
952.642984
 30
0.0
 11
335.756925
 21
954.238984
 31
0.0
  0
LINE
  5
19B7
330
70
100
AcDbEntity
  8
Visible
100
AcDbLine
 10
334.832925
 20
952.642984
 30
0.0
 11
335.756925
 21
952.642984
 31
0.0
  0
LINE
  5
19B8
330
70
100
AcDbEntity
  8
Visible
100
AcDbLine
 10
334.832925
 20
951.994984
 30
0.0
 11
334.832925
 21
952.642984
 31
0.0
  0
LINE
  5
19B9
330
70
100
AcDbEntity
  8
Visible
100
AcDbLine
 10
335.756925
 20
951.994984
 30
0.0
 11
334.832925
 21
951.994984
 31
0.0
  0
LINE
  5
19BA
330
70
100
AcDbEntity
  8
Visible
100
AcDbLine
 10
335.756925
 20
948.382984
 30
0.0
 11
335.756925
 21
951.994984
 31
0.0
  0
LINE
  5
19BB
330
70
100
AcDbEntity
  8
Visible
100
AcDbLine
 10
335.758925
 20
948.276984
 30
0.0
 11
335.756925
 21
948.382984
 31
0.0
  0
LINE
  5
19BC
330
70
100
AcDbEntity
  8
Visible
100
AcDbLine
 10
335.765925
 20
948.173984
 30
0.0
 11
335.758925
 21
948.276984
 31
0.0
  0
LINE
  5
19BD
330
70
100
AcDbEntity
  8
Visible
100
AcDbLine
 10
335.775925
 20
948.074984
 30
0.0
 11
335.765925
 21
948.173984
 31
0.0
  0
LINE
  5
19BE
330
70
100
AcDbEntity
  8
Visible
100
AcDbLine
 10
335.791925
 20
947.979984
 30
0.0
 11
335.775925
 21
948.074984
 31
0.0
  0
LINE
  5
19BF
330
70
100
AcDbEntity
  8
Visible
100
AcDbLine
 10
335.810925
 20
947.887984
 30
0.0
 11
335.791925
 21
947.979984
 31
0.0
  0
LINE
  5
19C0
330
70
100
AcDbEntity
  8
Visible
100
AcDbLine
 10
335.834925
 20
947.799984
 30
0.0
 11
335.810925
 21
947.887984
 31
0.0
  0
LINE
  5
19C1
330
70
100
AcDbEntity
  8
Visible
100
AcDbLine
 10
335.862925
 20
947.714984
 30
0.0
 11
335.834925
 21
947.799984
 31
0.0
  0
LINE
  5
19C2
330
70
100
AcDbEntity
  8
Visible
100
AcDbLine
 10
335.894925
 20
947.633984
 30
0.0
 11
335.862925
 21
947.714984
 31
0.0
  0
LINE
  5
19C3
330
70
100
AcDbEntity
  8
Visible
100
AcDbLine
 10
335.931925
 20
947.556984
 30
0.0
 11
335.894925
 21
947.633984
 31
0.0
  0
LINE
  5
19C4
330
70
100
AcDbEntity
  8
Visible
100
AcDbLine
 10
335.972925
 20
947.482984
 30
0.0
 11
335.931925
 21
947.556984
 31
0.0
  0
LINE
  5
19C5
330
70
100
AcDbEntity
  8
Visible
100
AcDbLine
 10
336.017925
 20
947.412984
 30
0.0
 11
335.972925
 21
947.482984
 31
0.0
  0
LINE
  5
19C6
330
70
100
AcDbEntity
  8
Visible
100
AcDbLine
 10
336.065925
 20
947.345984
 30
0.0
 11
336.017925
 21
947.412984
 31
0.0
  0
LINE
  5
19C7
330
70
100
AcDbEntity
  8
Visible
100
AcDbLine
 10
336.116925
 20
947.282984
 30
0.0
 11
336.065925
 21
947.345984
 31
0.0
  0
LINE
  5
19C8
330
70
100
AcDbEntity
  8
Visible
100
AcDbLine
 10
336.170925
 20
947.223984
 30
0.0
 11
336.116925
 21
947.282984
 31
0.0
  0
LINE
  5
19C9
330
70
100
AcDbEntity
  8
Visible
100
AcDbLine
 10
336.227925
 20
947.167984
 30
0.0
 11
336.170925
 21
947.223984
 31
0.0
  0
LINE
  5
19CA
330
70
100
AcDbEntity
  8
Visible
100
AcDbLine
 10
336.287925
 20
947.115984
 30
0.0
 11
336.227925
 21
947.167984
 31
0.0
  0
LINE
  5
19CB
330
70
100
AcDbEntity
  8
Visible
100
AcDbLine
 10
336.351925
 20
947.066984
 30
0.0
 11
336.287925
 21
947.115984
 31
0.0
  0
LINE
  5
19CC
330
70
100
AcDbEntity
  8
Visible
100
AcDbLine
 10
336.417925
 20
947.021984
 30
0.0
 11
336.351925
 21
947.066984
 31
0.0
  0
LINE
  5
19CD
330
70
100
AcDbEntity
  8
Visible
100
AcDbLine
 10
336.487925
 20
946.980984
 30
0.0
 11
336.417925
 21
947.021984
 31
0.0
  0
LINE
  5
19CE
330
70
100
AcDbEntity
  8
Visible
100
AcDbLine
 10
336.560925
 20
946.942984
 30
0.0
 11
336.487925
 21
946.980984
 31
0.0
  0
LINE
  5
19CF
330
70
100
AcDbEntity
  8
Visible
100
AcDbLine
 10
336.635925
 20
946.908984
 30
0.0
 11
336.560925
 21
946.942984
 31
0.0
  0
LINE
  5
19D0
330
70
100
AcDbEntity
  8
Visible
100
AcDbLine
 10
336.713925
 20
946.877984
 30
0.0
 11
336.635925
 21
946.908984
 31
0.0
  0
LINE
  5
19D1
330
70
100
AcDbEntity
  8
Visible
100
AcDbLine
 10
336.792925
 20
946.850984
 30
0.0
 11
336.713925
 21
946.877984
 31
0.0
  0
LINE
  5
19D2
330
70
100
AcDbEntity
  8
Visible
100
AcDbLine
 10
336.873925
 20
946.827984
 30
0.0
 11
336.792925
 21
946.850984
 31
0.0
  0
LINE
  5
19D3
330
70
100
AcDbEntity
  8
Visible
100
AcDbLine
 10
336.956925
 20
946.807984
 30
0.0
 11
336.873925
 21
946.827984
 31
0.0
  0
LINE
  5
19D4
330
70
100
AcDbEntity
  8
Visible
100
AcDbLine
 10
337.041925
 20
946.791984
 30
0.0
 11
336.956925
 21
946.807984
 31
0.0
  0
LINE
  5
19D5
330
70
100
AcDbEntity
  8
Visible
100
AcDbLine
 10
337.128925
 20
946.778984
 30
0.0
 11
337.041925
 21
946.791984
 31
0.0
  0
LINE
  5
19D6
330
70
100
AcDbEntity
  8
Visible
100
AcDbLine
 10
337.217925
 20
946.769984
 30
0.0
 11
337.128925
 21
946.778984
 31
0.0
  0
LINE
  5
19D7
330
70
100
AcDbEntity
  8
Visible
100
AcDbLine
 10
337.307925
 20
946.764984
 30
0.0
 11
337.217925
 21
946.769984
 31
0.0
  0
LINE
  5
19D8
330
70
100
AcDbEntity
  8
Visible
100
AcDbLine
 10
337.400925
 20
946.762984
 30
0.0
 11
337.307925
 21
946.764984
 31
0.0
  0
LINE
  5
19D9
330
70
100
AcDbEntity
  8
Visible
100
AcDbLine
 10
337.465925
 20
946.763984
 30
0.0
 11
337.400925
 21
946.762984
 31
0.0
  0
LINE
  5
19DA
330
70
100
AcDbEntity
  8
Visible
100
AcDbLine
 10
337.529925
 20
946.765984
 30
0.0
 11
337.465925
 21
946.763984
 31
0.0
  0
LINE
  5
19DB
330
70
100
AcDbEntity
  8
Visible
100
AcDbLine
 10
337.593925
 20
946.770984
 30
0.0
 11
337.529925
 21
946.765984
 31
0.0
  0
LINE
  5
19DC
330
70
100
AcDbEntity
  8
Visible
100
AcDbLine
 10
337.656925
 20
946.775984
 30
0.0
 11
337.593925
 21
946.770984
 31
0.0
  0
LINE
  5
19DD
330
70
100
AcDbEntity
  8
Visible
100
AcDbLine
 10
337.719925
 20
946.783984
 30
0.0
 11
337.656925
 21
946.775984
 31
0.0
  0
LINE
  5
19DE
330
70
100
AcDbEntity
  8
Visible
100
AcDbLine
 10
337.781925
 20
946.792984
 30
0.0
 11
337.719925
 21
946.783984
 31
0.0
  0
LINE
  5
19DF
330
70
100
AcDbEntity
  8
Visible
100
AcDbLine
 10
337.843925
 20
946.803984
 30
0.0
 11
337.781925
 21
946.792984
 31
0.0
  0
LINE
  5
19E0
330
70
100
AcDbEntity
  8
Visible
100
AcDbLine
 10
337.905925
 20
946.816984
 30
0.0
 11
337.843925
 21
946.803984
 31
0.0
  0
LINE
  5
19E1
330
70
100
AcDbEntity
  8
Visible
100
AcDbLine
 10
337.966925
 20
946.830984
 30
0.0
 11
337.905925
 21
946.816984
 31
0.0
  0
LINE
  5
19E2
330
70
100
AcDbEntity
  8
Visible
100
AcDbLine
 10
338.027925
 20
946.846984
 30
0.0
 11
337.966925
 21
946.830984
 31
0.0
  0
LINE
  5
19E3
330
70
100
AcDbEntity
  8
Visible
100
AcDbLine
 10
338.088925
 20
946.863984
 30
0.0
 11
338.027925
 21
946.846984
 31
0.0
  0
LINE
  5
19E4
330
70
100
AcDbEntity
  8
Visible
100
AcDbLine
 10
338.148925
 20
946.882984
 30
0.0
 11
338.088925
 21
946.863984
 31
0.0
  0
LINE
  5
19E5
330
70
100
AcDbEntity
  8
Visible
100
AcDbLine
 10
338.209925
 20
946.901984
 30
0.0
 11
338.148925
 21
946.882984
 31
0.0
  0
LINE
  5
19E6
330
70
100
AcDbEntity
  8
Visible
100
AcDbLine
 10
338.270925
 20
946.921984
 30
0.0
 11
338.209925
 21
946.901984
 31
0.0
  0
LINE
  5
19E7
330
70
100
AcDbEntity
  8
Visible
100
AcDbLine
 10
338.331925
 20
946.942984
 30
0.0
 11
338.270925
 21
946.921984
 31
0.0
  0
LINE
  5
19E8
330
70
100
AcDbEntity
  8
Visible
100
AcDbLine
 10
338.392925
 20
946.964984
 30
0.0
 11
338.331925
 21
946.942984
 31
0.0
  0
LINE
  5
19E9
330
70
100
AcDbEntity
  8
Visible
100
AcDbLine
 10
338.453925
 20
946.987984
 30
0.0
 11
338.392925
 21
946.964984
 31
0.0
  0
LINE
  5
19EA
330
70
100
AcDbEntity
  8
Visible
100
AcDbLine
 10
338.514925
 20
947.011984
 30
0.0
 11
338.453925
 21
946.987984
 31
0.0
  0
LINE
  5
19EB
330
70
100
AcDbEntity
  8
Visible
100
AcDbLine
 10
338.575925
 20
947.036984
 30
0.0
 11
338.514925
 21
947.011984
 31
0.0
  0
LINE
  5
19EC
330
70
100
AcDbEntity
  8
Visible
100
AcDbLine
 10
338.636925
 20
947.062984
 30
0.0
 11
338.575925
 21
947.036984
 31
0.0
  0
LINE
  5
19ED
330
70
100
AcDbEntity
  8
Visible
100
AcDbLine
 10
338.504925
 20
947.734984
 30
0.0
 11
338.636925
 21
947.062984
 31
0.0
  0
LINE
  5
19EE
330
70
100
AcDbEntity
  8
Visible
100
AcDbLine
 10
338.447925
 20
947.713984
 30
0.0
 11
338.504925
 21
947.734984
 31
0.0
  0
LINE
  5
19EF
330
70
100
AcDbEntity
  8
Visible
100
AcDbLine
 10
338.391925
 20
947.693984
 30
0.0
 11
338.447925
 21
947.713984
 31
0.0
  0
LINE
  5
19F0
330
70
100
AcDbEntity
  8
Visible
100
AcDbLine
 10
338.336925
 20
947.674984
 30
0.0
 11
338.391925
 21
947.693984
 31
0.0
  0
LINE
  5
19F1
330
70
100
AcDbEntity
  8
Visible
100
AcDbLine
 10
338.283925
 20
947.656984
 30
0.0
 11
338.336925
 21
947.674984
 31
0.0
  0
LINE
  5
19F2
330
70
100
AcDbEntity
  8
Visible
100
AcDbLine
 10
338.230925
 20
947.640984
 30
0.0
 11
338.283925
 21
947.656984
 31
0.0
  0
LINE
  5
19F3
330
70
100
AcDbEntity
  8
Visible
100
AcDbLine
 10
338.179925
 20
947.624984
 30
0.0
 11
338.230925
 21
947.640984
 31
0.0
  0
LINE
  5
19F4
330
70
100
AcDbEntity
  8
Visible
100
AcDbLine
 10
338.129925
 20
947.609984
 30
0.0
 11
338.179925
 21
947.624984
 31
0.0
  0
LINE
  5
19F5
330
70
100
AcDbEntity
  8
Visible
100
AcDbLine
 10
338.080925
 20
947.596984
 30
0.0
 11
338.129925
 21
947.609984
 31
0.0
  0
LINE
  5
19F6
330
70
100
AcDbEntity
  8
Visible
100
AcDbLine
 10
338.032925
 20
947.583984
 30
0.0
 11
338.080925
 21
947.596984
 31
0.0
  0
LINE
  5
19F7
330
70
100
AcDbEntity
  8
Visible
100
AcDbLine
 10
337.985925
 20
947.572984
 30
0.0
 11
338.032925
 21
947.583984
 31
0.0
  0
LINE
  5
19F8
330
70
100
AcDbEntity
  8
Visible
100
AcDbLine
 10
337.939925
 20
947.562984
 30
0.0
 11
337.985925
 21
947.572984
 31
0.0
  0
LINE
  5
19F9
330
70
100
AcDbEntity
  8
Visible
100
AcDbLine
 10
337.845925
 20
947.544984
 30
0.0
 11
337.939925
 21
947.562984
 31
0.0
  0
LINE
  5
19FA
330
70
100
AcDbEntity
  8
Visible
100
AcDbLine
 10
337.798925
 20
947.537984
 30
0.0
 11
337.845925
 21
947.544984
 31
0.0
  0
LINE
  5
19FB
330
70
100
AcDbEntity
  8
Visible
100
AcDbLine
 10
337.750925
 20
947.531984
 30
0.0
 11
337.798925
 21
947.537984
 31
0.0
  0
LINE
  5
19FC
330
70
100
AcDbEntity
  8
Visible
100
AcDbLine
 10
337.654925
 20
947.523984
 30
0.0
 11
337.750925
 21
947.531984
 31
0.0
  0
LINE
  5
19FD
330
70
100
AcDbEntity
  8
Visible
100
AcDbLine
 10
337.606925
 20
947.520984
 30
0.0
 11
337.654925
 21
947.523984
 31
0.0
  0
LINE
  5
19FE
330
70
100
AcDbEntity
  8
Visible
100
AcDbLine
 10
337.508925
 20
947.518984
 30
0.0
 11
337.606925
 21
947.520984
 31
0.0
  0
LINE
  5
19FF
330
70
100
AcDbEntity
  8
Visible
100
AcDbLine
 10
337.351925
 20
947.527984
 30
0.0
 11
337.508925
 21
947.518984
 31
0.0
  0
LINE
  5
1A00
330
70
100
AcDbEntity
  8
Visible
100
AcDbLine
 10
337.210925
 20
947.554984
 30
0.0
 11
337.351925
 21
947.527984
 31
0.0
  0
LINE
  5
1A01
330
70
100
AcDbEntity
  8
Visible
100
AcDbLine
 10
337.086925
 20
947.598984
 30
0.0
 11
337.210925
 21
947.554984
 31
0.0
  0
LINE
  5
1A02
330
70
100
AcDbEntity
  8
Visible
100
AcDbLine
 10
336.978925
 20
947.660984
 30
0.0
 11
337.086925
 21
947.598984
 31
0.0
  0
LINE
  5
1A03
330
70
100
AcDbEntity
  8
Visible
100
AcDbLine
 10
336.887925
 20
947.740984
 30
0.0
 11
336.978925
 21
947.660984
 31
0.0
  0
LINE
  5
1A04
330
70
100
AcDbEntity
  8
Visible
100
AcDbLine
 10
336.812925
 20
947.838984
 30
0.0
 11
336.887925
 21
947.740984
 31
0.0
  0
LINE
  5
1A05
330
70
100
AcDbEntity
  8
Visible
100
AcDbLine
 10
336.755925
 20
947.953984
 30
0.0
 11
336.812925
 21
947.838984
 31
0.0
  0
LINE
  5
1A06
330
70
100
AcDbEntity
  8
Visible
100
AcDbLine
 10
336.713925
 20
948.086984
 30
0.0
 11
336.755925
 21
947.953984
 31
0.0
  0
LINE
  5
1A07
330
70
100
AcDbEntity
  8
Visible
100
AcDbLine
 10
336.688925
 20
948.237984
 30
0.0
 11
336.713925
 21
948.086984
 31
0.0
  0
LINE
  5
1A08
330
70
100
AcDbEntity
  8
Visible
100
AcDbLine
 10
336.680925
 20
948.406984
 30
0.0
 11
336.688925
 21
948.237984
 31
0.0
  0
LINE
  5
1A09
330
70
100
AcDbEntity
  8
Visible
100
AcDbLine
 10
336.680925
 20
951.994984
 30
0.0
 11
336.680925
 21
948.406984
 31
0.0
  0
LINE
  5
1A0A
330
70
100
AcDbEntity
  8
Visible
100
AcDbLine
 10
338.492925
 20
951.994984
 30
0.0
 11
336.680925
 21
951.994984
 31
0.0
  0
LINE
  5
1A0B
330
70
100
AcDbEntity
  8
Visible
100
AcDbLine
 10
338.492925
 20
952.642984
 30
0.0
 11
338.492925
 21
951.994984
 31
0.0
  0
LINE
  5
1A0C
330
70
100
AcDbEntity
  8
Visible
100
AcDbLine
 10
336.680925
 20
952.642984
 30
0.0
 11
338.492925
 21
952.642984
 31
0.0
  0
LINE
  5
1A0D
330
70
100
AcDbEntity
  8
Visible
100
AcDbLine
 10
336.680925
 20
954.238984
 30
0.0
 11
336.680925
 21
952.642984
 31
0.0
  0
LINE
  5
1A0E
330
70
100
AcDbEntity
  8
Visible
100
AcDbLine
 10
329.332925
 20
949.761984
 30
0.0
 11
329.330925
 21
949.618984
 31
0.0
  0
LINE
  5
1A0F
330
70
100
AcDbEntity
  8
Visible
100
AcDbLine
 10
329.338925
 20
949.900984
 30
0.0
 11
329.332925
 21
949.761984
 31
0.0
  0
LINE
  5
1A10
330
70
100
AcDbEntity
  8
Visible
100
AcDbLine
 10
329.348925
 20
950.036984
 30
0.0
 11
329.338925
 21
949.900984
 31
0.0
  0
LINE
  5
1A11
330
70
100
AcDbEntity
  8
Visible
100
AcDbLine
 10
329.363925
 20
950.167984
 30
0.0
 11
329.348925
 21
950.036984
 31
0.0
  0
LINE
  5
1A12
330
70
100
AcDbEntity
  8
Visible
100
AcDbLine
 10
329.381925
 20
950.294984
 30
0.0
 11
329.363925
 21
950.167984
 31
0.0
  0
LINE
  5
1A13
330
70
100
AcDbEntity
  8
Visible
100
AcDbLine
 10
329.403925
 20
950.417984
 30
0.0
 11
329.381925
 21
950.294984
 31
0.0
  0
LINE
  5
1A14
330
70
100
AcDbEntity
  8
Visible
100
AcDbLine
 10
329.430925
 20
950.536984
 30
0.0
 11
329.403925
 21
950.417984
 31
0.0
  0
LINE
  5
1A15
330
70
100
AcDbEntity
  8
Visible
100
AcDbLine
 10
329.461925
 20
950.651984
 30
0.0
 11
329.430925
 21
950.536984
 31
0.0
  0
LINE
  5
1A16
330
70
100
AcDbEntity
  8
Visible
100
AcDbLine
 10
329.495925
 20
950.762984
 30
0.0
 11
329.461925
 21
950.651984
 31
0.0
  0
LINE
  5
1A17
330
70
100
AcDbEntity
  8
Visible
100
AcDbLine
 10
329.534925
 20
950.869984
 30
0.0
 11
329.495925
 21
950.762984
 31
0.0
  0
LINE
  5
1A18
330
70
100
AcDbEntity
  8
Visible
100
AcDbLine
 10
329.577925
 20
950.972984
 30
0.0
 11
329.534925
 21
950.869984
 31
0.0
  0
LINE
  5
1A19
330
70
100
AcDbEntity
  8
Visible
100
AcDbLine
 10
329.623925
 20
951.069984
 30
0.0
 11
329.577925
 21
950.972984
 31
0.0
  0
LINE
  5
1A1A
330
70
100
AcDbEntity
  8
Visible
100
AcDbLine
 10
329.672925
 20
951.162984
 30
0.0
 11
329.623925
 21
951.069984
 31
0.0
  0
LINE
  5
1A1B
330
70
100
AcDbEntity
  8
Visible
100
AcDbLine
 10
329.725925
 20
951.250984
 30
0.0
 11
329.672925
 21
951.162984
 31
0.0
  0
LINE
  5
1A1C
330
70
100
AcDbEntity
  8
Visible
100
AcDbLine
 10
329.781925
 20
951.333984
 30
0.0
 11
329.725925
 21
951.250984
 31
0.0
  0
LINE
  5
1A1D
330
70
100
AcDbEntity
  8
Visible
100
AcDbLine
 10
329.841925
 20
951.412984
 30
0.0
 11
329.781925
 21
951.333984
 31
0.0
  0
LINE
  5
1A1E
330
70
100
AcDbEntity
  8
Visible
100
AcDbLine
 10
329.905925
 20
951.485984
 30
0.0
 11
329.841925
 21
951.412984
 31
0.0
  0
LINE
  5
1A1F
330
70
100
AcDbEntity
  8
Visible
100
AcDbLine
 10
329.972925
 20
951.553984
 30
0.0
 11
329.905925
 21
951.485984
 31
0.0
  0
LINE
  5
1A20
330
70
100
AcDbEntity
  8
Visible
100
AcDbLine
 10
330.042925
 20
951.617984
 30
0.0
 11
329.972925
 21
951.553984
 31
0.0
  0
LINE
  5
1A21
330
70
100
AcDbEntity
  8
Visible
100
AcDbLine
 10
330.116925
 20
951.676984
 30
0.0
 11
330.042925
 21
951.617984
 31
0.0
  0
LINE
  5
1A22
330
70
100
AcDbEntity
  8
Visible
100
AcDbLine
 10
330.193925
 20
951.730984
 30
0.0
 11
330.116925
 21
951.676984
 31
0.0
  0
LINE
  5
1A23
330
70
100
AcDbEntity
  8
Visible
100
AcDbLine
 10
330.273925
 20
951.778984
 30
0.0
 11
330.193925
 21
951.730984
 31
0.0
  0
LINE
  5
1A24
330
70
100
AcDbEntity
  8
Visible
100
AcDbLine
 10
330.355925
 20
951.820984
 30
0.0
 11
330.273925
 21
951.778984
 31
0.0
  0
LINE
  5
1A25
330
70
100
AcDbEntity
  8
Visible
100
AcDbLine
 10
330.440925
 20
951.856984
 30
0.0
 11
330.355925
 21
951.820984
 31
0.0
  0
LINE
  5
1A26
330
70
100
AcDbEntity
  8
Visible
100
AcDbLine
 10
330.529925
 20
951.887984
 30
0.0
 11
330.440925
 21
951.856984
 31
0.0
  0
LINE
  5
1A27
330
70
100
AcDbEntity
  8
Visible
100
AcDbLine
 10
330.619925
 20
951.913984
 30
0.0
 11
330.529925
 21
951.887984
 31
0.0
  0
LINE
  5
1A28
330
70
100
AcDbEntity
  8
Visible
100
AcDbLine
 10
330.713925
 20
951.933984
 30
0.0
 11
330.619925
 21
951.913984
 31
0.0
  0
LINE
  5
1A29
330
70
100
AcDbEntity
  8
Visible
100
AcDbLine
 10
330.809925
 20
951.947984
 30
0.0
 11
330.713925
 21
951.933984
 31
0.0
  0
LINE
  5
1A2A
330
70
100
AcDbEntity
  8
Visible
100
AcDbLine
 10
330.908925
 20
951.955984
 30
0.0
 11
330.809925
 21
951.947984
 31
0.0
  0
LINE
  5
1A2B
330
70
100
AcDbEntity
  8
Visible
100
AcDbLine
 10
331.010925
 20
951.958984
 30
0.0
 11
330.908925
 21
951.955984
 31
0.0
  0
LINE
  5
1A2C
330
70
100
AcDbEntity
  8
Visible
100
AcDbLine
 10
331.143925
 20
951.954984
 30
0.0
 11
331.010925
 21
951.958984
 31
0.0
  0
LINE
  5
1A2D
330
70
100
AcDbEntity
  8
Visible
100
AcDbLine
 10
331.270925
 20
951.941984
 30
0.0
 11
331.143925
 21
951.954984
 31
0.0
  0
LINE
  5
1A2E
330
70
100
AcDbEntity
  8
Visible
100
AcDbLine
 10
331.391925
 20
951.919984
 30
0.0
 11
331.270925
 21
951.941984
 31
0.0
  0
LINE
  5
1A2F
330
70
100
AcDbEntity
  8
Visible
100
AcDbLine
 10
331.507925
 20
951.889984
 30
0.0
 11
331.391925
 21
951.919984
 31
0.0
  0
LINE
  5
1A30
330
70
100
AcDbEntity
  8
Visible
100
AcDbLine
 10
331.617925
 20
951.851984
 30
0.0
 11
331.507925
 21
951.889984
 31
0.0
  0
LINE
  5
1A31
330
70
100
AcDbEntity
  8
Visible
100
AcDbLine
 10
331.721925
 20
951.804984
 30
0.0
 11
331.617925
 21
951.851984
 31
0.0
  0
LINE
  5
1A32
330
70
100
AcDbEntity
  8
Visible
100
AcDbLine
 10
331.820925
 20
951.748984
 30
0.0
 11
331.721925
 21
951.804984
 31
0.0
  0
LINE
  5
1A33
330
70
100
AcDbEntity
  8
Visible
100
AcDbLine
 10
331.912925
 20
951.683984
 30
0.0
 11
331.820925
 21
951.748984
 31
0.0
  0
LINE
  5
1A34
330
70
100
AcDbEntity
  8
Visible
100
AcDbLine
 10
332.000925
 20
951.611984
 30
0.0
 11
331.912925
 21
951.683984
 31
0.0
  0
LINE
  5
1A35
330
70
100
AcDbEntity
  8
Visible
100
AcDbLine
 10
332.081925
 20
951.529984
 30
0.0
 11
332.000925
 21
951.611984
 31
0.0
  0
LINE
  5
1A36
330
70
100
AcDbEntity
  8
Visible
100
AcDbLine
 10
332.156925
 20
951.439984
 30
0.0
 11
332.081925
 21
951.529984
 31
0.0
  0
LINE
  5
1A37
330
70
100
AcDbEntity
  8
Visible
100
AcDbLine
 10
332.222925
 20
951.342984
 30
0.0
 11
332.156925
 21
951.439984
 31
0.0
  0
LINE
  5
1A38
330
70
100
AcDbEntity
  8
Visible
100
AcDbLine
 10
332.281925
 20
951.236984
 30
0.0
 11
332.222925
 21
951.342984
 31
0.0
  0
LINE
  5
1A39
330
70
100
AcDbEntity
  8
Visible
100
AcDbLine
 10
332.333925
 20
951.123984
 30
0.0
 11
332.281925
 21
951.236984
 31
0.0
  0
LINE
  5
1A3A
330
70
100
AcDbEntity
  8
Visible
100
AcDbLine
 10
332.376925
 20
951.002984
 30
0.0
 11
332.333925
 21
951.123984
 31
0.0
  0
LINE
  5
1A3B
330
70
100
AcDbEntity
  8
Visible
100
AcDbLine
 10
332.411925
 20
950.873984
 30
0.0
 11
332.376925
 21
951.002984
 31
0.0
  0
LINE
  5
1A3C
330
70
100
AcDbEntity
  8
Visible
100
AcDbLine
 10
332.439925
 20
950.736984
 30
0.0
 11
332.411925
 21
950.873984
 31
0.0
  0
LINE
  5
1A3D
330
70
100
AcDbEntity
  8
Visible
100
AcDbLine
 10
332.458925
 20
950.591984
 30
0.0
 11
332.439925
 21
950.736984
 31
0.0
  0
LINE
  5
1A3E
330
70
100
AcDbEntity
  8
Visible
100
AcDbLine
 10
332.470925
 20
950.438984
 30
0.0
 11
332.458925
 21
950.591984
 31
0.0
  0
LINE
  5
1A3F
330
70
100
AcDbEntity
  8
Visible
100
AcDbLine
 10
332.474925
 20
950.278984
 30
0.0
 11
332.470925
 21
950.438984
 31
0.0
  0
LINE
  5
1A40
330
70
100
AcDbEntity
  8
Visible
100
AcDbLine
 10
332.474925
 20
946.906984
 30
0.0
 11
332.474925
 21
950.278984
 31
0.0
  0
LINE
  5
1A41
330
70
100
AcDbEntity
  8
Visible
100
AcDbLine
 10
333.398925
 20
946.906984
 30
0.0
 11
332.474925
 21
946.906984
 31
0.0
  0
LINE
  5
1A42
330
70
100
AcDbEntity
  8
Visible
100
AcDbLine
 10
333.398925
 20
950.278984
 30
0.0
 11
333.398925
 21
946.906984
 31
0.0
  0
LINE
  5
1A43
330
70
100
AcDbEntity
  8
Visible
100
AcDbLine
 10
333.395925
 20
950.431984
 30
0.0
 11
333.398925
 21
950.278984
 31
0.0
  0
LINE
  5
1A44
330
70
100
AcDbEntity
  8
Visible
100
AcDbLine
 10
333.388925
 20
950.579984
 30
0.0
 11
333.395925
 21
950.431984
 31
0.0
  0
LINE
  5
1A45
330
70
100
AcDbEntity
  8
Visible
100
AcDbLine
 10
333.375925
 20
950.723984
 30
0.0
 11
333.388925
 21
950.579984
 31
0.0
  0
LINE
  5
1A46
330
70
100
AcDbEntity
  8
Visible
100
AcDbLine
 10
333.357925
 20
950.864984
 30
0.0
 11
333.375925
 21
950.723984
 31
0.0
  0
LINE
  5
1A47
330
70
100
AcDbEntity
  8
Visible
100
AcDbLine
 10
333.334925
 20
951.000984
 30
0.0
 11
333.357925
 21
950.864984
 31
0.0
  0
LINE
  5
1A48
330
70
100
AcDbEntity
  8
Visible
100
AcDbLine
 10
333.305925
 20
951.131984
 30
0.0
 11
333.334925
 21
951.000984
 31
0.0
  0
LINE
  5
1A49
330
70
100
AcDbEntity
  8
Visible
100
AcDbLine
 10
333.272925
 20
951.259984
 30
0.0
 11
333.305925
 21
951.131984
 31
0.0
  0
LINE
  5
1A4A
330
70
100
AcDbEntity
  8
Visible
100
AcDbLine
 10
333.233925
 20
951.382984
 30
0.0
 11
333.272925
 21
951.259984
 31
0.0
  0
LINE
  5
1A4B
330
70
100
AcDbEntity
  8
Visible
100
AcDbLine
 10
333.189925
 20
951.501984
 30
0.0
 11
333.233925
 21
951.382984
 31
0.0
  0
LINE
  5
1A4C
330
70
100
AcDbEntity
  8
Visible
100
AcDbLine
 10
333.140925
 20
951.616984
 30
0.0
 11
333.189925
 21
951.501984
 31
0.0
  0
LINE
  5
1A4D
330
70
100
AcDbEntity
  8
Visible
100
AcDbLine
 10
333.086925
 20
951.726984
 30
0.0
 11
333.140925
 21
951.616984
 31
0.0
  0
LINE
  5
1A4E
330
70
100
AcDbEntity
  8
Visible
100
AcDbLine
 10
333.028925
 20
951.831984
 30
0.0
 11
333.086925
 21
951.726984
 31
0.0
  0
LINE
  5
1A4F
330
70
100
AcDbEntity
  8
Visible
100
AcDbLine
 10
332.965925
 20
951.931984
 30
0.0
 11
333.028925
 21
951.831984
 31
0.0
  0
LINE
  5
1A50
330
70
100
AcDbEntity
  8
Visible
100
AcDbLine
 10
332.898925
 20
952.025984
 30
0.0
 11
332.965925
 21
951.931984
 31
0.0
  0
LINE
  5
1A51
330
70
100
AcDbEntity
  8
Visible
100
AcDbLine
 10
332.826925
 20
952.115984
 30
0.0
 11
332.898925
 21
952.025984
 31
0.0
  0
LINE
  5
1A52
330
70
100
AcDbEntity
  8
Visible
100
AcDbLine
 10
332.749925
 20
952.199984
 30
0.0
 11
332.826925
 21
952.115984
 31
0.0
  0
LINE
  5
1A53
330
70
100
AcDbEntity
  8
Visible
100
AcDbLine
 10
332.669925
 20
952.278984
 30
0.0
 11
332.749925
 21
952.199984
 31
0.0
  0
LINE
  5
1A54
330
70
100
AcDbEntity
  8
Visible
100
AcDbLine
 10
332.583925
 20
952.351984
 30
0.0
 11
332.669925
 21
952.278984
 31
0.0
  0
LINE
  5
1A55
330
70
100
AcDbEntity
  8
Visible
100
AcDbLine
 10
332.493925
 20
952.420984
 30
0.0
 11
332.583925
 21
952.351984
 31
0.0
  0
LINE
  5
1A56
330
70
100
AcDbEntity
  8
Visible
100
AcDbLine
 10
332.399925
 20
952.483984
 30
0.0
 11
332.493925
 21
952.420984
 31
0.0
  0
LINE
  5
1A57
330
70
100
AcDbEntity
  8
Visible
100
AcDbLine
 10
332.300925
 20
952.541984
 30
0.0
 11
332.399925
 21
952.483984
 31
0.0
  0
LINE
  5
1A58
330
70
100
AcDbEntity
  8
Visible
100
AcDbLine
 10
332.198925
 20
952.592984
 30
0.0
 11
332.300925
 21
952.541984
 31
0.0
  0
LINE
  5
1A59
330
70
100
AcDbEntity
  8
Visible
100
AcDbLine
 10
332.092925
 20
952.638984
 30
0.0
 11
332.198925
 21
952.592984
 31
0.0
  0
LINE
  5
1A5A
330
70
100
AcDbEntity
  8
Visible
100
AcDbLine
 10
331.981925
 20
952.677984
 30
0.0
 11
332.092925
 21
952.638984
 31
0.0
  0
LINE
  5
1A5B
330
70
100
AcDbEntity
  8
Visible
100
AcDbLine
 10
331.867925
 20
952.710984
 30
0.0
 11
331.981925
 21
952.677984
 31
0.0
  0
LINE
  5
1A5C
330
70
100
AcDbEntity
  8
Visible
100
AcDbLine
 10
331.749925
 20
952.738984
 30
0.0
 11
331.867925
 21
952.710984
 31
0.0
  0
LINE
  5
1A5D
330
70
100
AcDbEntity
  8
Visible
100
AcDbLine
 10
331.627925
 20
952.759984
 30
0.0
 11
331.749925
 21
952.738984
 31
0.0
  0
LINE
  5
1A5E
330
70
100
AcDbEntity
  8
Visible
100
AcDbLine
 10
331.501925
 20
952.774984
 30
0.0
 11
331.627925
 21
952.759984
 31
0.0
  0
LINE
  5
1A5F
330
70
100
AcDbEntity
  8
Visible
100
AcDbLine
 10
331.372925
 20
952.783984
 30
0.0
 11
331.501925
 21
952.774984
 31
0.0
  0
LINE
  5
1A60
330
70
100
AcDbEntity
  8
Visible
100
AcDbLine
 10
331.238925
 20
952.786984
 30
0.0
 11
331.372925
 21
952.783984
 31
0.0
  0
LINE
  5
1A61
330
70
100
AcDbEntity
  8
Visible
100
AcDbLine
 10
331.095925
 20
952.782984
 30
0.0
 11
331.238925
 21
952.786984
 31
0.0
  0
LINE
  5
1A62
330
70
100
AcDbEntity
  8
Visible
100
AcDbLine
 10
330.956925
 20
952.771984
 30
0.0
 11
331.095925
 21
952.782984
 31
0.0
  0
LINE
  5
1A63
330
70
100
AcDbEntity
  8
Visible
100
AcDbLine
 10
330.822925
 20
952.752984
 30
0.0
 11
330.956925
 21
952.771984
 31
0.0
  0
LINE
  5
1A64
330
70
100
AcDbEntity
  8
Visible
100
AcDbLine
 10
330.692925
 20
952.726984
 30
0.0
 11
330.822925
 21
952.752984
 31
0.0
  0
LINE
  5
1A65
330
70
100
AcDbEntity
  8
Visible
100
AcDbLine
 10
330.567925
 20
952.692984
 30
0.0
 11
330.692925
 21
952.726984
 31
0.0
  0
LINE
  5
1A66
330
70
100
AcDbEntity
  8
Visible
100
AcDbLine
 10
330.446925
 20
952.651984
 30
0.0
 11
330.567925
 21
952.692984
 31
0.0
  0
LINE
  5
1A67
330
70
100
AcDbEntity
  8
Visible
100
AcDbLine
 10
330.329925
 20
952.602984
 30
0.0
 11
330.446925
 21
952.651984
 31
0.0
  0
LINE
  5
1A68
330
70
100
AcDbEntity
  8
Visible
100
AcDbLine
 10
330.217925
 20
952.546984
 30
0.0
 11
330.329925
 21
952.602984
 31
0.0
  0
LINE
  5
1A69
330
70
100
AcDbEntity
  8
Visible
100
AcDbLine
 10
330.109925
 20
952.482984
 30
0.0
 11
330.217925
 21
952.546984
 31
0.0
  0
LINE
  5
1A6A
330
70
100
AcDbEntity
  8
Visible
100
AcDbLine
 10
330.005925
 20
952.411984
 30
0.0
 11
330.109925
 21
952.482984
 31
0.0
  0
LINE
  5
1A6B
330
70
100
AcDbEntity
  8
Visible
100
AcDbLine
 10
329.906925
 20
952.333984
 30
0.0
 11
330.005925
 21
952.411984
 31
0.0
  0
LINE
  5
1A6C
330
70
100
AcDbEntity
  8
Visible
100
AcDbLine
 10
329.812925
 20
952.248984
 30
0.0
 11
329.906925
 21
952.333984
 31
0.0
  0
LINE
  5
1A6D
330
70
100
AcDbEntity
  8
Visible
100
AcDbLine
 10
329.723925
 20
952.156984
 30
0.0
 11
329.812925
 21
952.248984
 31
0.0
  0
LINE
  5
1A6E
330
70
100
AcDbEntity
  8
Visible
100
AcDbLine
 10
329.638925
 20
952.058984
 30
0.0
 11
329.723925
 21
952.156984
 31
0.0
  0
LINE
  5
1A6F
330
70
100
AcDbEntity
  8
Visible
100
AcDbLine
 10
329.559925
 20
951.953984
 30
0.0
 11
329.638925
 21
952.058984
 31
0.0
  0
LINE
  5
1A70
330
70
100
AcDbEntity
  8
Visible
100
AcDbLine
 10
329.484925
 20
951.841984
 30
0.0
 11
329.559925
 21
951.953984
 31
0.0
  0
LINE
  5
1A71
330
70
100
AcDbEntity
  8
Visible
100
AcDbLine
 10
329.414925
 20
951.723984
 30
0.0
 11
329.484925
 21
951.841984
 31
0.0
  0
LINE
  5
1A72
330
70
100
AcDbEntity
  8
Visible
100
AcDbLine
 10
329.349925
 20
951.598984
 30
0.0
 11
329.414925
 21
951.723984
 31
0.0
  0
LINE
  5
1A73
330
70
100
AcDbEntity
  8
Visible
100
AcDbLine
 10
329.330925
 20
951.557184
 30
0.0
 11
329.349925
 21
951.598984
 31
0.0
  0
LINE
  5
1A74
330
70
100
AcDbEntity
  8
Visible
100
AcDbLine
 10
329.330925
 20
955.090984
 30
0.0
 11
329.330925
 21
951.557184
 31
0.0
  0
LINE
  5
1A75
330
70
100
AcDbEntity
  8
Visible
100
AcDbLine
 10
328.394925
 20
955.090984
 30
0.0
 11
329.330925
 21
955.090984
 31
0.0
  0
LINE
  5
1A76
330
70
100
AcDbEntity
  8
Visible
100
AcDbLine
 10
328.394925
 20
946.906984
 30
0.0
 11
328.394925
 21
955.090984
 31
0.0
  0
LINE
  5
1A77
330
70
100
AcDbEntity
  8
Visible
100
AcDbLine
 10
329.330925
 20
946.906984
 30
0.0
 11
328.394925
 21
946.906984
 31
0.0
  0
LINE
  5
1A78
330
70
100
AcDbEntity
  8
Visible
100
AcDbLine
 10
329.330925
 20
949.618984
 30
0.0
 11
329.330925
 21
946.906984
 31
0.0
  0
LINE
  5
1A79
330
70
100
AcDbEntity
  8
Visible
100
AcDbLine
 10
321.805925
 20
947.070984
 30
0.0
 11
321.862805
 21
947.085093
 31
0.0
  0
LINE
  5
1A7A
330
70
100
AcDbEntity
  8
Visible
100
AcDbLine
 10
321.682925
 20
947.032984
 30
0.0
 11
321.805925
 21
947.070984
 31
0.0
  0
LINE
  5
1A7B
330
70
100
AcDbEntity
  8
Visible
100
AcDbLine
 10
321.564925
 20
946.986984
 30
0.0
 11
321.682925
 21
947.032984
 31
0.0
  0
LINE
  5
1A7C
330
70
100
AcDbEntity
  8
Visible
100
AcDbLine
 10
321.452925
 20
946.933984
 30
0.0
 11
321.564925
 21
946.986984
 31
0.0
  0
LINE
  5
1A7D
330
70
100
AcDbEntity
  8
Visible
100
AcDbLine
 10
321.346925
 20
946.874984
 30
0.0
 11
321.452925
 21
946.933984
 31
0.0
  0
LINE
  5
1A7E
330
70
100
AcDbEntity
  8
Visible
100
AcDbLine
 10
321.245925
 20
946.807984
 30
0.0
 11
321.346925
 21
946.874984
 31
0.0
  0
LINE
  5
1A7F
330
70
100
AcDbEntity
  8
Visible
100
AcDbLine
 10
321.152925
 20
946.734984
 30
0.0
 11
321.245925
 21
946.807984
 31
0.0
  0
LINE
  5
1A80
330
70
100
AcDbEntity
  8
Visible
100
AcDbLine
 10
321.069925
 20
946.654984
 30
0.0
 11
321.152925
 21
946.734984
 31
0.0
  0
LINE
  5
1A81
330
70
100
AcDbEntity
  8
Visible
100
AcDbLine
 10
320.996925
 20
946.568984
 30
0.0
 11
321.069925
 21
946.654984
 31
0.0
  0
LINE
  5
1A82
330
70
100
AcDbEntity
  8
Visible
100
AcDbLine
 10
320.932925
 20
946.476984
 30
0.0
 11
320.996925
 21
946.568984
 31
0.0
  0
LINE
  5
1A83
330
70
100
AcDbEntity
  8
Visible
100
AcDbLine
 10
320.878925
 20
946.377984
 30
0.0
 11
320.932925
 21
946.476984
 31
0.0
  0
LINE
  5
1A84
330
70
100
AcDbEntity
  8
Visible
100
AcDbLine
 10
320.834925
 20
946.272984
 30
0.0
 11
320.878925
 21
946.377984
 31
0.0
  0
LINE
  5
1A85
330
70
100
AcDbEntity
  8
Visible
100
AcDbLine
 10
320.800925
 20
946.161984
 30
0.0
 11
320.834925
 21
946.272984
 31
0.0
  0
LINE
  5
1A86
330
70
100
AcDbEntity
  8
Visible
100
AcDbLine
 10
320.776925
 20
946.044984
 30
0.0
 11
320.800925
 21
946.161984
 31
0.0
  0
LINE
  5
1A87
330
70
100
AcDbEntity
  8
Visible
100
AcDbLine
 10
320.761925
 20
945.920984
 30
0.0
 11
320.776925
 21
946.044984
 31
0.0
  0
LINE
  5
1A88
330
70
100
AcDbEntity
  8
Visible
100
AcDbLine
 10
320.756925
 20
945.790984
 30
0.0
 11
320.761925
 21
945.920984
 31
0.0
  0
LINE
  5
1A89
330
70
100
AcDbEntity
  8
Visible
100
AcDbLine
 10
320.760925
 20
945.690984
 30
0.0
 11
320.756925
 21
945.790984
 31
0.0
  0
LINE
  5
1A8A
330
70
100
AcDbEntity
  8
Visible
100
AcDbLine
 10
320.770925
 20
945.592984
 30
0.0
 11
320.760925
 21
945.690984
 31
0.0
  0
LINE
  5
1A8B
330
70
100
AcDbEntity
  8
Visible
100
AcDbLine
 10
320.788925
 20
945.495984
 30
0.0
 11
320.770925
 21
945.592984
 31
0.0
  0
LINE
  5
1A8C
330
70
100
AcDbEntity
  8
Visible
100
AcDbLine
 10
320.813925
 20
945.401984
 30
0.0
 11
320.788925
 21
945.495984
 31
0.0
  0
LINE
  5
1A8D
330
70
100
AcDbEntity
  8
Visible
100
AcDbLine
 10
320.845925
 20
945.308984
 30
0.0
 11
320.813925
 21
945.401984
 31
0.0
  0
LINE
  5
1A8E
330
70
100
AcDbEntity
  8
Visible
100
AcDbLine
 10
320.885925
 20
945.217984
 30
0.0
 11
320.845925
 21
945.308984
 31
0.0
  0
LINE
  5
1A8F
330
70
100
AcDbEntity
  8
Visible
100
AcDbLine
 10
320.931925
 20
945.127984
 30
0.0
 11
320.885925
 21
945.217984
 31
0.0
  0
LINE
  5
1A90
330
70
100
AcDbEntity
  8
Visible
100
AcDbLine
 10
320.984925
 20
945.039984
 30
0.0
 11
320.931925
 21
945.127984
 31
0.0
  0
LINE
  5
1A91
330
70
100
AcDbEntity
  8
Visible
100
AcDbLine
 10
321.045925
 20
944.953984
 30
0.0
 11
320.984925
 21
945.039984
 31
0.0
  0
LINE
  5
1A92
330
70
100
AcDbEntity
  8
Visible
100
AcDbLine
 10
321.113925
 20
944.869984
 30
0.0
 11
321.045925
 21
944.953984
 31
0.0
  0
LINE
  5
1A93
330
70
100
AcDbEntity
  8
Visible
100
AcDbLine
 10
321.187925
 20
944.787984
 30
0.0
 11
321.113925
 21
944.869984
 31
0.0
  0
LINE
  5
1A94
330
70
100
AcDbEntity
  8
Visible
100
AcDbLine
 10
321.267925
 20
944.709984
 30
0.0
 11
321.187925
 21
944.787984
 31
0.0
  0
LINE
  5
1A95
330
70
100
AcDbEntity
  8
Visible
100
AcDbLine
 10
321.353925
 20
944.634984
 30
0.0
 11
321.267925
 21
944.709984
 31
0.0
  0
LINE
  5
1A96
330
70
100
AcDbEntity
  8
Visible
100
AcDbLine
 10
321.445925
 20
944.562984
 30
0.0
 11
321.353925
 21
944.634984
 31
0.0
  0
LINE
  5
1A97
330
70
100
AcDbEntity
  8
Visible
100
AcDbLine
 10
321.543925
 20
944.494984
 30
0.0
 11
321.445925
 21
944.562984
 31
0.0
  0
LINE
  5
1A98
330
70
100
AcDbEntity
  8
Visible
100
AcDbLine
 10
321.646925
 20
944.429984
 30
0.0
 11
321.543925
 21
944.494984
 31
0.0
  0
LINE
  5
1A99
330
70
100
AcDbEntity
  8
Visible
100
AcDbLine
 10
321.755925
 20
944.368984
 30
0.0
 11
321.646925
 21
944.429984
 31
0.0
  0
LINE
  5
1A9A
330
70
100
AcDbEntity
  8
Visible
100
AcDbLine
 10
321.870925
 20
944.309984
 30
0.0
 11
321.755925
 21
944.368984
 31
0.0
  0
LINE
  5
1A9B
330
70
100
AcDbEntity
  8
Visible
100
AcDbLine
 10
321.991925
 20
944.254984
 30
0.0
 11
321.870925
 21
944.309984
 31
0.0
  0
LINE
  5
1A9C
330
70
100
AcDbEntity
  8
Visible
100
AcDbLine
 10
322.118925
 20
944.203984
 30
0.0
 11
321.991925
 21
944.254984
 31
0.0
  0
LINE
  5
1A9D
330
70
100
AcDbEntity
  8
Visible
100
AcDbLine
 10
322.250925
 20
944.156984
 30
0.0
 11
322.118925
 21
944.203984
 31
0.0
  0
LINE
  5
1A9E
330
70
100
AcDbEntity
  8
Visible
100
AcDbLine
 10
322.387925
 20
944.113984
 30
0.0
 11
322.250925
 21
944.156984
 31
0.0
  0
LINE
  5
1A9F
330
70
100
AcDbEntity
  8
Visible
100
AcDbLine
 10
322.528925
 20
944.076984
 30
0.0
 11
322.387925
 21
944.113984
 31
0.0
  0
LINE
  5
1AA0
330
70
100
AcDbEntity
  8
Visible
100
AcDbLine
 10
322.674925
 20
944.044984
 30
0.0
 11
322.528925
 21
944.076984
 31
0.0
  0
LINE
  5
1AA1
330
70
100
AcDbEntity
  8
Visible
100
AcDbLine
 10
322.824925
 20
944.016984
 30
0.0
 11
322.674925
 21
944.044984
 31
0.0
  0
LINE
  5
1AA2
330
70
100
AcDbEntity
  8
Visible
100
AcDbLine
 10
322.980925
 20
943.994984
 30
0.0
 11
322.824925
 21
944.016984
 31
0.0
  0
LINE
  5
1AA3
330
70
100
AcDbEntity
  8
Visible
100
AcDbLine
 10
323.140925
 20
943.976984
 30
0.0
 11
322.980925
 21
943.994984
 31
0.0
  0
LINE
  5
1AA4
330
70
100
AcDbEntity
  8
Visible
100
AcDbLine
 10
323.305925
 20
943.964984
 30
0.0
 11
323.140925
 21
943.976984
 31
0.0
  0
LINE
  5
1AA5
330
70
100
AcDbEntity
  8
Visible
100
AcDbLine
 10
323.474925
 20
943.956984
 30
0.0
 11
323.305925
 21
943.964984
 31
0.0
  0
LINE
  5
1AA6
330
70
100
AcDbEntity
  8
Visible
100
AcDbLine
 10
323.648925
 20
943.954984
 30
0.0
 11
323.474925
 21
943.956984
 31
0.0
  0
LINE
  5
1AA7
330
70
100
AcDbEntity
  8
Visible
100
AcDbLine
 10
323.854925
 20
943.957984
 30
0.0
 11
323.648925
 21
943.954984
 31
0.0
  0
LINE
  5
1AA8
330
70
100
AcDbEntity
  8
Visible
100
AcDbLine
 10
324.054925
 20
943.967984
 30
0.0
 11
323.854925
 21
943.957984
 31
0.0
  0
LINE
  5
1AA9
330
70
100
AcDbEntity
  8
Visible
100
AcDbLine
 10
324.248925
 20
943.984984
 30
0.0
 11
324.054925
 21
943.967984
 31
0.0
  0
LINE
  5
1AAA
330
70
100
AcDbEntity
  8
Visible
100
AcDbLine
 10
324.436925
 20
944.007984
 30
0.0
 11
324.248925
 21
943.984984
 31
0.0
  0
LINE
  5
1AAB
330
70
100
AcDbEntity
  8
Visible
100
AcDbLine
 10
324.619925
 20
944.037984
 30
0.0
 11
324.436925
 21
944.007984
 31
0.0
  0
LINE
  5
1AAC
330
70
100
AcDbEntity
  8
Visible
100
AcDbLine
 10
324.795925
 20
944.074984
 30
0.0
 11
324.619925
 21
944.037984
 31
0.0
  0
LINE
  5
1AAD
330
70
100
AcDbEntity
  8
Visible
100
AcDbLine
 10
324.966925
 20
944.117984
 30
0.0
 11
324.795925
 21
944.074984
 31
0.0
  0
LINE
  5
1AAE
330
70
100
AcDbEntity
  8
Visible
100
AcDbLine
 10
325.130925
 20
944.167984
 30
0.0
 11
324.966925
 21
944.117984
 31
0.0
  0
LINE
  5
1AAF
330
70
100
AcDbEntity
  8
Visible
100
AcDbLine
 10
325.289925
 20
944.224984
 30
0.0
 11
325.130925
 21
944.167984
 31
0.0
  0
LINE
  5
1AB0
330
70
100
AcDbEntity
  8
Visible
100
AcDbLine
 10
325.442925
 20
944.287984
 30
0.0
 11
325.289925
 21
944.224984
 31
0.0
  0
LINE
  5
1AB1
330
70
100
AcDbEntity
  8
Visible
100
AcDbLine
 10
325.589925
 20
944.355984
 30
0.0
 11
325.442925
 21
944.287984
 31
0.0
  0
LINE
  5
1AB2
330
70
100
AcDbEntity
  8
Visible
100
AcDbLine
 10
325.728925
 20
944.428984
 30
0.0
 11
325.589925
 21
944.355984
 31
0.0
  0
LINE
  5
1AB3
330
70
100
AcDbEntity
  8
Visible
100
AcDbLine
 10
325.861925
 20
944.504984
 30
0.0
 11
325.728925
 21
944.428984
 31
0.0
  0
LINE
  5
1AB4
330
70
100
AcDbEntity
  8
Visible
100
AcDbLine
 10
325.986925
 20
944.583984
 30
0.0
 11
325.861925
 21
944.504984
 31
0.0
  0
LINE
  5
1AB5
330
70
100
AcDbEntity
  8
Visible
100
AcDbLine
 10
326.105925
 20
944.666984
 30
0.0
 11
325.986925
 21
944.583984
 31
0.0
  0
LINE
  5
1AB6
330
70
100
AcDbEntity
  8
Visible
100
AcDbLine
 10
326.217925
 20
944.754984
 30
0.0
 11
326.105925
 21
944.666984
 31
0.0
  0
LINE
  5
1AB7
330
70
100
AcDbEntity
  8
Visible
100
AcDbLine
 10
326.321925
 20
944.844984
 30
0.0
 11
326.217925
 21
944.754984
 31
0.0
  0
LINE
  5
1AB8
330
70
100
AcDbEntity
  8
Visible
100
AcDbLine
 10
326.419925
 20
944.939984
 30
0.0
 11
326.321925
 21
944.844984
 31
0.0
  0
LINE
  5
1AB9
330
70
100
AcDbEntity
  8
Visible
100
AcDbLine
 10
326.510925
 20
945.037984
 30
0.0
 11
326.419925
 21
944.939984
 31
0.0
  0
LINE
  5
1ABA
330
70
100
AcDbEntity
  8
Visible
100
AcDbLine
 10
326.594925
 20
945.139984
 30
0.0
 11
326.510925
 21
945.037984
 31
0.0
  0
LINE
  5
1ABB
330
70
100
AcDbEntity
  8
Visible
100
AcDbLine
 10
326.670925
 20
945.243984
 30
0.0
 11
326.594925
 21
945.139984
 31
0.0
  0
LINE
  5
1ABC
330
70
100
AcDbEntity
  8
Visible
100
AcDbLine
 10
326.739925
 20
945.348984
 30
0.0
 11
326.670925
 21
945.243984
 31
0.0
  0
LINE
  5
1ABD
330
70
100
AcDbEntity
  8
Visible
100
AcDbLine
 10
326.799925
 20
945.454984
 30
0.0
 11
326.739925
 21
945.348984
 31
0.0
  0
LINE
  5
1ABE
330
70
100
AcDbEntity
  8
Visible
100
AcDbLine
 10
326.851925
 20
945.561984
 30
0.0
 11
326.799925
 21
945.454984
 31
0.0
  0
LINE
  5
1ABF
330
70
100
AcDbEntity
  8
Visible
100
AcDbLine
 10
326.895925
 20
945.669984
 30
0.0
 11
326.851925
 21
945.561984
 31
0.0
  0
LINE
  5
1AC0
330
70
100
AcDbEntity
  8
Visible
100
AcDbLine
 10
326.932925
 20
945.778984
 30
0.0
 11
326.895925
 21
945.669984
 31
0.0
  0
LINE
  5
1AC1
330
70
100
AcDbEntity
  8
Visible
100
AcDbLine
 10
326.960925
 20
945.888984
 30
0.0
 11
326.932925
 21
945.778984
 31
0.0
  0
LINE
  5
1AC2
330
70
100
AcDbEntity
  8
Visible
100
AcDbLine
 10
326.980925
 20
945.998984
 30
0.0
 11
326.960925
 21
945.888984
 31
0.0
  0
LINE
  5
1AC3
330
70
100
AcDbEntity
  8
Visible
100
AcDbLine
 10
326.992925
 20
946.110984
 30
0.0
 11
326.980925
 21
945.998984
 31
0.0
  0
LINE
  5
1AC4
330
70
100
AcDbEntity
  8
Visible
100
AcDbLine
 10
326.996925
 20
946.222984
 30
0.0
 11
326.992925
 21
946.110984
 31
0.0
  0
LINE
  5
1AC5
330
70
100
AcDbEntity
  8
Visible
100
AcDbLine
 10
326.991925
 20
946.342984
 30
0.0
 11
326.996925
 21
946.222984
 31
0.0
  0
LINE
  5
1AC6
330
70
100
AcDbEntity
  8
Visible
100
AcDbLine
 10
326.977925
 20
946.456984
 30
0.0
 11
326.991925
 21
946.342984
 31
0.0
  0
LINE
  5
1AC7
330
70
100
AcDbEntity
  8
Visible
100
AcDbLine
 10
326.954925
 20
946.565984
 30
0.0
 11
326.977925
 21
946.456984
 31
0.0
  0
LINE
  5
1AC8
330
70
100
AcDbEntity
  8
Visible
100
AcDbLine
 10
326.922925
 20
946.668984
 30
0.0
 11
326.954925
 21
946.565984
 31
0.0
  0
LINE
  5
1AC9
330
70
100
AcDbEntity
  8
Visible
100
AcDbLine
 10
326.880925
 20
946.766984
 30
0.0
 11
326.922925
 21
946.668984
 31
0.0
  0
LINE
  5
1ACA
330
70
100
AcDbEntity
  8
Visible
100
AcDbLine
 10
326.829925
 20
946.859984
 30
0.0
 11
326.880925
 21
946.766984
 31
0.0
  0
LINE
  5
1ACB
330
70
100
AcDbEntity
  8
Visible
100
AcDbLine
 10
326.768925
 20
946.947984
 30
0.0
 11
326.829925
 21
946.859984
 31
0.0
  0
LINE
  5
1ACC
330
70
100
AcDbEntity
  8
Visible
100
AcDbLine
 10
326.698925
 20
947.028984
 30
0.0
 11
326.768925
 21
946.947984
 31
0.0
  0
LINE
  5
1ACD
330
70
100
AcDbEntity
  8
Visible
100
AcDbLine
 10
326.619925
 20
947.105984
 30
0.0
 11
326.698925
 21
947.028984
 31
0.0
  0
LINE
  5
1ACE
330
70
100
AcDbEntity
  8
Visible
100
AcDbLine
 10
326.531925
 20
947.176984
 30
0.0
 11
326.619925
 21
947.105984
 31
0.0
  0
LINE
  5
1ACF
330
70
100
AcDbEntity
  8
Visible
100
AcDbLine
 10
326.435925
 20
947.241984
 30
0.0
 11
326.531925
 21
947.176984
 31
0.0
  0
LINE
  5
1AD0
330
70
100
AcDbEntity
  8
Visible
100
AcDbLine
 10
326.331925
 20
947.299984
 30
0.0
 11
326.435925
 21
947.241984
 31
0.0
  0
LINE
  5
1AD1
330
70
100
AcDbEntity
  8
Visible
100
AcDbLine
 10
326.221925
 20
947.350984
 30
0.0
 11
326.331925
 21
947.299984
 31
0.0
  0
LINE
  5
1AD2
330
70
100
AcDbEntity
  8
Visible
100
AcDbLine
 10
326.104925
 20
947.395984
 30
0.0
 11
326.221925
 21
947.350984
 31
0.0
  0
LINE
  5
1AD3
330
70
100
AcDbEntity
  8
Visible
100
AcDbLine
 10
325.980925
 20
947.433984
 30
0.0
 11
326.104925
 21
947.395984
 31
0.0
  0
LINE
  5
1AD4
330
70
100
AcDbEntity
  8
Visible
100
AcDbLine
 10
325.849925
 20
947.463984
 30
0.0
 11
325.980925
 21
947.433984
 31
0.0
  0
LINE
  5
1AD5
330
70
100
AcDbEntity
  8
Visible
100
AcDbLine
 10
325.711925
 20
947.487984
 30
0.0
 11
325.849925
 21
947.463984
 31
0.0
  0
LINE
  5
1AD6
330
70
100
AcDbEntity
  8
Visible
100
AcDbLine
 10
325.566925
 20
947.504984
 30
0.0
 11
325.711925
 21
947.487984
 31
0.0
  0
LINE
  5
1AD7
330
70
100
AcDbEntity
  8
Visible
100
AcDbLine
 10
325.415925
 20
947.515984
 30
0.0
 11
325.566925
 21
947.504984
 31
0.0
  0
LINE
  5
1AD8
330
70
100
AcDbEntity
  8
Visible
100
AcDbLine
 10
325.256925
 20
947.518984
 30
0.0
 11
325.415925
 21
947.515984
 31
0.0
  0
LINE
  5
1AD9
330
70
100
AcDbEntity
  8
Visible
100
AcDbLine
 10
323.024925
 20
947.518984
 30
0.0
 11
325.256925
 21
947.518984
 31
0.0
  0
LINE
  5
1ADA
330
70
100
AcDbEntity
  8
Visible
100
AcDbLine
 10
322.908925
 20
947.520984
 30
0.0
 11
323.024925
 21
947.518984
 31
0.0
  0
LINE
  5
1ADB
330
70
100
AcDbEntity
  8
Visible
100
AcDbLine
 10
322.799925
 20
947.525984
 30
0.0
 11
322.908925
 21
947.520984
 31
0.0
  0
LINE
  5
1ADC
330
70
100
AcDbEntity
  8
Visible
100
AcDbLine
 10
322.697925
 20
947.535984
 30
0.0
 11
322.799925
 21
947.525984
 31
0.0
  0
LINE
  5
1ADD
330
70
100
AcDbEntity
  8
Visible
100
AcDbLine
 10
322.604925
 20
947.548984
 30
0.0
 11
322.697925
 21
947.535984
 31
0.0
  0
LINE
  5
1ADE
330
70
100
AcDbEntity
  8
Visible
100
AcDbLine
 10
322.517925
 20
947.564984
 30
0.0
 11
322.604925
 21
947.548984
 31
0.0
  0
LINE
  5
1ADF
330
70
100
AcDbEntity
  8
Visible
100
AcDbLine
 10
322.438925
 20
947.585984
 30
0.0
 11
322.517925
 21
947.564984
 31
0.0
  0
LINE
  5
1AE0
330
70
100
AcDbEntity
  8
Visible
100
AcDbLine
 10
322.366925
 20
947.609984
 30
0.0
 11
322.438925
 21
947.585984
 31
0.0
  0
LINE
  5
1AE1
330
70
100
AcDbEntity
  8
Visible
100
AcDbLine
 10
322.302925
 20
947.637984
 30
0.0
 11
322.366925
 21
947.609984
 31
0.0
  0
LINE
  5
1AE2
330
70
100
AcDbEntity
  8
Visible
100
AcDbLine
 10
322.245925
 20
947.669984
 30
0.0
 11
322.302925
 21
947.637984
 31
0.0
  0
LINE
  5
1AE3
330
70
100
AcDbEntity
  8
Visible
100
AcDbLine
 10
322.196925
 20
947.704984
 30
0.0
 11
322.245925
 21
947.669984
 31
0.0
  0
LINE
  5
1AE4
330
70
100
AcDbEntity
  8
Visible
100
AcDbLine
 10
322.153925
 20
947.742984
 30
0.0
 11
322.196925
 21
947.704984
 31
0.0
  0
LINE
  5
1AE5
330
70
100
AcDbEntity
  8
Visible
100
AcDbLine
 10
322.114925
 20
947.782984
 30
0.0
 11
322.153925
 21
947.742984
 31
0.0
  0
LINE
  5
1AE6
330
70
100
AcDbEntity
  8
Visible
100
AcDbLine
 10
322.080925
 20
947.824984
 30
0.0
 11
322.114925
 21
947.782984
 31
0.0
  0
LINE
  5
1AE7
330
70
100
AcDbEntity
  8
Visible
100
AcDbLine
 10
322.050925
 20
947.867984
 30
0.0
 11
322.080925
 21
947.824984
 31
0.0
  0
LINE
  5
1AE8
330
70
100
AcDbEntity
  8
Visible
100
AcDbLine
 10
322.025925
 20
947.912984
 30
0.0
 11
322.050925
 21
947.867984
 31
0.0
  0
LINE
  5
1AE9
330
70
100
AcDbEntity
  8
Visible
100
AcDbLine
 10
322.004925
 20
947.960984
 30
0.0
 11
322.025925
 21
947.912984
 31
0.0
  0
LINE
  5
1AEA
330
70
100
AcDbEntity
  8
Visible
100
AcDbLine
 10
321.989925
 20
948.008984
 30
0.0
 11
322.004925
 21
947.960984
 31
0.0
  0
LINE
  5
1AEB
330
70
100
AcDbEntity
  8
Visible
100
AcDbLine
 10
321.977925
 20
948.059984
 30
0.0
 11
321.989925
 21
948.008984
 31
0.0
  0
LINE
  5
1AEC
330
70
100
AcDbEntity
  8
Visible
100
AcDbLine
 10
321.970925
 20
948.112984
 30
0.0
 11
321.977925
 21
948.059984
 31
0.0
  0
LINE
  5
1AED
330
70
100
AcDbEntity
  8
Visible
100
AcDbLine
 10
321.968925
 20
948.166984
 30
0.0
 11
321.970925
 21
948.112984
 31
0.0
  0
LINE
  5
1AEE
330
70
100
AcDbEntity
  8
Visible
100
AcDbLine
 10
321.969925
 20
948.213984
 30
0.0
 11
321.968925
 21
948.166984
 31
0.0
  0
LINE
  5
1AEF
330
70
100
AcDbEntity
  8
Visible
100
AcDbLine
 10
321.973925
 20
948.259984
 30
0.0
 11
321.969925
 21
948.213984
 31
0.0
  0
LINE
  5
1AF0
330
70
100
AcDbEntity
  8
Visible
100
AcDbLine
 10
321.979925
 20
948.303984
 30
0.0
 11
321.973925
 21
948.259984
 31
0.0
  0
LINE
  5
1AF1
330
70
100
AcDbEntity
  8
Visible
100
AcDbLine
 10
321.988925
 20
948.345984
 30
0.0
 11
321.979925
 21
948.303984
 31
0.0
  0
LINE
  5
1AF2
330
70
100
AcDbEntity
  8
Visible
100
AcDbLine
 10
321.999925
 20
948.386984
 30
0.0
 11
321.988925
 21
948.345984
 31
0.0
  0
LINE
  5
1AF3
330
70
100
AcDbEntity
  8
Visible
100
AcDbLine
 10
322.012925
 20
948.425984
 30
0.0
 11
321.999925
 21
948.386984
 31
0.0
  0
LINE
  5
1AF4
330
70
100
AcDbEntity
  8
Visible
100
AcDbLine
 10
322.028925
 20
948.462984
 30
0.0
 11
322.012925
 21
948.425984
 31
0.0
  0
LINE
  5
1AF5
330
70
100
AcDbEntity
  8
Visible
100
AcDbLine
 10
322.047925
 20
948.498984
 30
0.0
 11
322.028925
 21
948.462984
 31
0.0
  0
LINE
  5
1AF6
330
70
100
AcDbEntity
  8
Visible
100
AcDbLine
 10
322.068925
 20
948.532984
 30
0.0
 11
322.047925
 21
948.498984
 31
0.0
  0
LINE
  5
1AF7
330
70
100
AcDbEntity
  8
Visible
100
AcDbLine
 10
322.091925
 20
948.565984
 30
0.0
 11
322.068925
 21
948.532984
 31
0.0
  0
LINE
  5
1AF8
330
70
100
AcDbEntity
  8
Visible
100
AcDbLine
 10
322.116925
 20
948.596984
 30
0.0
 11
322.091925
 21
948.565984
 31
0.0
  0
LINE
  5
1AF9
330
70
100
AcDbEntity
  8
Visible
100
AcDbLine
 10
322.143925
 20
948.625984
 30
0.0
 11
322.116925
 21
948.596984
 31
0.0
  0
LINE
  5
1AFA
330
70
100
AcDbEntity
  8
Visible
100
AcDbLine
 10
322.170925
 20
948.653984
 30
0.0
 11
322.143925
 21
948.625984
 31
0.0
  0
LINE
  5
1AFB
330
70
100
AcDbEntity
  8
Visible
100
AcDbLine
 10
322.199925
 20
948.680984
 30
0.0
 11
322.170925
 21
948.653984
 31
0.0
  0
LINE
  5
1AFC
330
70
100
AcDbEntity
  8
Visible
100
AcDbLine
 10
322.229925
 20
948.704984
 30
0.0
 11
322.199925
 21
948.680984
 31
0.0
  0
LINE
  5
1AFD
330
70
100
AcDbEntity
  8
Visible
100
AcDbLine
 10
322.260925
 20
948.728984
 30
0.0
 11
322.229925
 21
948.704984
 31
0.0
  0
LINE
  5
1AFE
330
70
100
AcDbEntity
  8
Visible
100
AcDbLine
 10
322.293925
 20
948.749984
 30
0.0
 11
322.260925
 21
948.728984
 31
0.0
  0
LINE
  5
1AFF
330
70
100
AcDbEntity
  8
Visible
100
AcDbLine
 10
322.326925
 20
948.769984
 30
0.0
 11
322.293925
 21
948.749984
 31
0.0
  0
LINE
  5
1B00
330
70
100
AcDbEntity
  8
Visible
100
AcDbLine
 10
322.361925
 20
948.788984
 30
0.0
 11
322.326925
 21
948.769984
 31
0.0
  0
LINE
  5
1B01
330
70
100
AcDbEntity
  8
Visible
100
AcDbLine
 10
322.397925
 20
948.805984
 30
0.0
 11
322.361925
 21
948.788984
 31
0.0
  0
LINE
  5
1B02
330
70
100
AcDbEntity
  8
Visible
100
AcDbLine
 10
322.434925
 20
948.820984
 30
0.0
 11
322.397925
 21
948.805984
 31
0.0
  0
LINE
  5
1B03
330
70
100
AcDbEntity
  8
Visible
100
AcDbLine
 10
322.470925
 20
948.834984
 30
0.0
 11
322.434925
 21
948.820984
 31
0.0
  0
LINE
  5
1B04
330
70
100
AcDbEntity
  8
Visible
100
AcDbLine
 10
322.507925
 20
948.846984
 30
0.0
 11
322.470925
 21
948.834984
 31
0.0
  0
LINE
  5
1B05
330
70
100
AcDbEntity
  8
Visible
100
AcDbLine
 10
322.543925
 20
948.857984
 30
0.0
 11
322.507925
 21
948.846984
 31
0.0
  0
LINE
  5
1B06
330
70
100
AcDbEntity
  8
Visible
100
AcDbLine
 10
322.579925
 20
948.866984
 30
0.0
 11
322.543925
 21
948.857984
 31
0.0
  0
LINE
  5
1B07
330
70
100
AcDbEntity
  8
Visible
100
AcDbLine
 10
322.591522
 20
948.869178
 30
0.0
 11
322.579925
 21
948.866984
 31
0.0
  0
LINE
  5
1B08
330
70
100
AcDbEntity
  8
Visible
100
AcDbLine
 10
322.625925
 20
948.850984
 30
0.0
 11
322.591522
 21
948.869178
 31
0.0
  0
LINE
  5
1B09
330
70
100
AcDbEntity
  8
Visible
100
AcDbLine
 10
322.732925
 20
948.800984
 30
0.0
 11
322.625925
 21
948.850984
 31
0.0
  0
LINE
  5
1B0A
330
70
100
AcDbEntity
  8
Visible
100
AcDbLine
 10
322.843925
 20
948.755984
 30
0.0
 11
322.732925
 21
948.800984
 31
0.0
  0
LINE
  5
1B0B
330
70
100
AcDbEntity
  8
Visible
100
AcDbLine
 10
322.955925
 20
948.715984
 30
0.0
 11
322.843925
 21
948.755984
 31
0.0
  0
LINE
  5
1B0C
330
70
100
AcDbEntity
  8
Visible
100
AcDbLine
 10
323.070925
 20
948.681984
 30
0.0
 11
322.955925
 21
948.715984
 31
0.0
  0
LINE
  5
1B0D
330
70
100
AcDbEntity
  8
Visible
100
AcDbLine
 10
323.188925
 20
948.652984
 30
0.0
 11
323.070925
 21
948.681984
 31
0.0
  0
LINE
  5
1B0E
330
70
100
AcDbEntity
  8
Visible
100
AcDbLine
 10
323.309925
 20
948.628984
 30
0.0
 11
323.188925
 21
948.652984
 31
0.0
  0
LINE
  5
1B0F
330
70
100
AcDbEntity
  8
Visible
100
AcDbLine
 10
323.432925
 20
948.610984
 30
0.0
 11
323.309925
 21
948.628984
 31
0.0
  0
LINE
  5
1B10
330
70
100
AcDbEntity
  8
Visible
100
AcDbLine
 10
323.557925
 20
948.597984
 30
0.0
 11
323.432925
 21
948.610984
 31
0.0
  0
LINE
  5
1B11
330
70
100
AcDbEntity
  8
Visible
100
AcDbLine
 10
323.685925
 20
948.589984
 30
0.0
 11
323.557925
 21
948.597984
 31
0.0
  0
LINE
  5
1B12
330
70
100
AcDbEntity
  8
Visible
100
AcDbLine
 10
323.816925
 20
948.586984
 30
0.0
 11
323.685925
 21
948.589984
 31
0.0
  0
LINE
  5
1B13
330
70
100
AcDbEntity
  8
Visible
100
AcDbLine
 10
323.943925
 20
948.589984
 30
0.0
 11
323.816925
 21
948.586984
 31
0.0
  0
LINE
  5
1B14
330
70
100
AcDbEntity
  8
Visible
100
AcDbLine
 10
324.068925
 20
948.597984
 30
0.0
 11
323.943925
 21
948.589984
 31
0.0
  0
LINE
  5
1B15
330
70
100
AcDbEntity
  8
Visible
100
AcDbLine
 10
324.191925
 20
948.610984
 30
0.0
 11
324.068925
 21
948.597984
 31
0.0
  0
LINE
  5
1B16
330
70
100
AcDbEntity
  8
Visible
100
AcDbLine
 10
324.311925
 20
948.628984
 30
0.0
 11
324.191925
 21
948.610984
 31
0.0
  0
LINE
  5
1B17
330
70
100
AcDbEntity
  8
Visible
100
AcDbLine
 10
324.429925
 20
948.652984
 30
0.0
 11
324.311925
 21
948.628984
 31
0.0
  0
LINE
  5
1B18
330
70
100
AcDbEntity
  8
Visible
100
AcDbLine
 10
324.544925
 20
948.681984
 30
0.0
 11
324.429925
 21
948.652984
 31
0.0
  0
LINE
  5
1B19
330
70
100
AcDbEntity
  8
Visible
100
AcDbLine
 10
324.657925
 20
948.715984
 30
0.0
 11
324.544925
 21
948.681984
 31
0.0
  0
LINE
  5
1B1A
330
70
100
AcDbEntity
  8
Visible
100
AcDbLine
 10
324.768925
 20
948.755984
 30
0.0
 11
324.657925
 21
948.715984
 31
0.0
  0
LINE
  5
1B1B
330
70
100
AcDbEntity
  8
Visible
100
AcDbLine
 10
324.877925
 20
948.800984
 30
0.0
 11
324.768925
 21
948.755984
 31
0.0
  0
LINE
  5
1B1C
330
70
100
AcDbEntity
  8
Visible
100
AcDbLine
 10
324.983925
 20
948.850984
 30
0.0
 11
324.877925
 21
948.800984
 31
0.0
  0
LINE
  5
1B1D
330
70
100
AcDbEntity
  8
Visible
100
AcDbLine
 10
325.086925
 20
948.905984
 30
0.0
 11
324.983925
 21
948.850984
 31
0.0
  0
LINE
  5
1B1E
330
70
100
AcDbEntity
  8
Visible
100
AcDbLine
 10
325.184925
 20
948.964984
 30
0.0
 11
325.086925
 21
948.905984
 31
0.0
  0
LINE
  5
1B1F
330
70
100
AcDbEntity
  8
Visible
100
AcDbLine
 10
325.279925
 20
949.027984
 30
0.0
 11
325.184925
 21
948.964984
 31
0.0
  0
LINE
  5
1B20
330
70
100
AcDbEntity
  8
Visible
100
AcDbLine
 10
325.369925
 20
949.095984
 30
0.0
 11
325.279925
 21
949.027984
 31
0.0
  0
LINE
  5
1B21
330
70
100
AcDbEntity
  8
Visible
100
AcDbLine
 10
325.455925
 20
949.166984
 30
0.0
 11
325.369925
 21
949.095984
 31
0.0
  0
LINE
  5
1B22
330
70
100
AcDbEntity
  8
Visible
100
AcDbLine
 10
325.536925
 20
949.242984
 30
0.0
 11
325.455925
 21
949.166984
 31
0.0
  0
LINE
  5
1B23
330
70
100
AcDbEntity
  8
Visible
100
AcDbLine
 10
325.614925
 20
949.323984
 30
0.0
 11
325.536925
 21
949.242984
 31
0.0
  0
LINE
  5
1B24
330
70
100
AcDbEntity
  8
Visible
100
AcDbLine
 10
325.687925
 20
949.407984
 30
0.0
 11
325.614925
 21
949.323984
 31
0.0
  0
LINE
  5
1B25
330
70
100
AcDbEntity
  8
Visible
100
AcDbLine
 10
325.755925
 20
949.495984
 30
0.0
 11
325.687925
 21
949.407984
 31
0.0
  0
LINE
  5
1B26
330
70
100
AcDbEntity
  8
Visible
100
AcDbLine
 10
325.820925
 20
949.588984
 30
0.0
 11
325.755925
 21
949.495984
 31
0.0
  0
LINE
  5
1B27
330
70
100
AcDbEntity
  8
Visible
100
AcDbLine
 10
325.879925
 20
949.684984
 30
0.0
 11
325.820925
 21
949.588984
 31
0.0
  0
LINE
  5
1B28
330
70
100
AcDbEntity
  8
Visible
100
AcDbLine
 10
325.932925
 20
949.784984
 30
0.0
 11
325.879925
 21
949.684984
 31
0.0
  0
LINE
  5
1B29
330
70
100
AcDbEntity
  8
Visible
100
AcDbLine
 10
325.979925
 20
949.886984
 30
0.0
 11
325.932925
 21
949.784984
 31
0.0
  0
LINE
  5
1B2A
330
70
100
AcDbEntity
  8
Visible
100
AcDbLine
 10
326.020925
 20
949.991984
 30
0.0
 11
325.979925
 21
949.886984
 31
0.0
  0
LINE
  5
1B2B
330
70
100
AcDbEntity
  8
Visible
100
AcDbLine
 10
326.054925
 20
950.099984
 30
0.0
 11
326.020925
 21
949.991984
 31
0.0
  0
LINE
  5
1B2C
330
70
100
AcDbEntity
  8
Visible
100
AcDbLine
 10
326.082925
 20
950.211984
 30
0.0
 11
326.054925
 21
950.099984
 31
0.0
  0
LINE
  5
1B2D
330
70
100
AcDbEntity
  8
Visible
100
AcDbLine
 10
326.104925
 20
950.325984
 30
0.0
 11
326.082925
 21
950.211984
 31
0.0
  0
LINE
  5
1B2E
330
70
100
AcDbEntity
  8
Visible
100
AcDbLine
 10
326.120925
 20
950.442984
 30
0.0
 11
326.104925
 21
950.325984
 31
0.0
  0
LINE
  5
1B2F
330
70
100
AcDbEntity
  8
Visible
100
AcDbLine
 10
326.129925
 20
950.563984
 30
0.0
 11
326.120925
 21
950.442984
 31
0.0
  0
LINE
  5
1B30
330
70
100
AcDbEntity
  8
Visible
100
AcDbLine
 10
326.132925
 20
950.686984
 30
0.0
 11
326.129925
 21
950.563984
 31
0.0
  0
LINE
  5
1B31
330
70
100
AcDbEntity
  8
Visible
100
AcDbLine
 10
326.129925
 20
950.810984
 30
0.0
 11
326.132925
 21
950.686984
 31
0.0
  0
LINE
  5
1B32
330
70
100
AcDbEntity
  8
Visible
100
AcDbLine
 10
326.120925
 20
950.932984
 30
0.0
 11
326.129925
 21
950.810984
 31
0.0
  0
LINE
  5
1B33
330
70
100
AcDbEntity
  8
Visible
100
AcDbLine
 10
326.104925
 20
951.050984
 30
0.0
 11
326.120925
 21
950.932984
 31
0.0
  0
LINE
  5
1B34
330
70
100
AcDbEntity
  8
Visible
100
AcDbLine
 10
326.082925
 20
951.165984
 30
0.0
 11
326.104925
 21
951.050984
 31
0.0
  0
LINE
  5
1B35
330
70
100
AcDbEntity
  8
Visible
100
AcDbLine
 10
326.054925
 20
951.277984
 30
0.0
 11
326.082925
 21
951.165984
 31
0.0
  0
LINE
  5
1B36
330
70
100
AcDbEntity
  8
Visible
100
AcDbLine
 10
326.020925
 20
951.386984
 30
0.0
 11
326.054925
 21
951.277984
 31
0.0
  0
LINE
  5
1B37
330
70
100
AcDbEntity
  8
Visible
100
AcDbLine
 10
325.979925
 20
951.492984
 30
0.0
 11
326.020925
 21
951.386984
 31
0.0
  0
LINE
  5
1B38
330
70
100
AcDbEntity
  8
Visible
100
AcDbLine
 10
325.932925
 20
951.594984
 30
0.0
 11
325.979925
 21
951.492984
 31
0.0
  0
LINE
  5
1B39
330
70
100
AcDbEntity
  8
Visible
100
AcDbLine
 10
325.879925
 20
951.694984
 30
0.0
 11
325.932925
 21
951.594984
 31
0.0
  0
LINE
  5
1B3A
330
70
100
AcDbEntity
  8
Visible
100
AcDbLine
 10
325.820925
 20
951.790984
 30
0.0
 11
325.879925
 21
951.694984
 31
0.0
  0
LINE
  5
1B3B
330
70
100
AcDbEntity
  8
Visible
100
AcDbLine
 10
325.755925
 20
951.883984
 30
0.0
 11
325.820925
 21
951.790984
 31
0.0
  0
LINE
  5
1B3C
330
70
100
AcDbEntity
  8
Visible
100
AcDbLine
 10
325.703358
 20
951.952012
 30
0.0
 11
325.755925
 21
951.883984
 31
0.0
  0
LINE
  5
1B3D
330
70
100
AcDbEntity
  8
Visible
100
AcDbLine
 10
325.703925
 20
951.969984
 30
0.0
 11
325.703358
 21
951.952012
 31
0.0
  0
LINE
  5
1B3E
330
70
100
AcDbEntity
  8
Visible
100
AcDbLine
 10
325.712925
 20
952.058984
 30
0.0
 11
325.703925
 21
951.969984
 31
0.0
  0
LINE
  5
1B3F
330
70
100
AcDbEntity
  8
Visible
100
AcDbLine
 10
325.726925
 20
952.143984
 30
0.0
 11
325.712925
 21
952.058984
 31
0.0
  0
LINE
  5
1B40
330
70
100
AcDbEntity
  8
Visible
100
AcDbLine
 10
325.746925
 20
952.222984
 30
0.0
 11
325.726925
 21
952.143984
 31
0.0
  0
LINE
  5
1B41
330
70
100
AcDbEntity
  8
Visible
100
AcDbLine
 10
325.772925
 20
952.296984
 30
0.0
 11
325.746925
 21
952.222984
 31
0.0
  0
LINE
  5
1B42
330
70
100
AcDbEntity
  8
Visible
100
AcDbLine
 10
325.804925
 20
952.365984
 30
0.0
 11
325.772925
 21
952.296984
 31
0.0
  0
LINE
  5
1B43
330
70
100
AcDbEntity
  8
Visible
100
AcDbLine
 10
325.841925
 20
952.429984
 30
0.0
 11
325.804925
 21
952.365984
 31
0.0
  0
LINE
  5
1B44
330
70
100
AcDbEntity
  8
Visible
100
AcDbLine
 10
325.884925
 20
952.488984
 30
0.0
 11
325.841925
 21
952.429984
 31
0.0
  0
LINE
  5
1B45
330
70
100
AcDbEntity
  8
Visible
100
AcDbLine
 10
325.933925
 20
952.542984
 30
0.0
 11
325.884925
 21
952.488984
 31
0.0
  0
LINE
  5
1B46
330
70
100
AcDbEntity
  8
Visible
100
AcDbLine
 10
325.988925
 20
952.591984
 30
0.0
 11
325.933925
 21
952.542984
 31
0.0
  0
LINE
  5
1B47
330
70
100
AcDbEntity
  8
Visible
100
AcDbLine
 10
326.048925
 20
952.635984
 30
0.0
 11
325.988925
 21
952.591984
 31
0.0
  0
LINE
  5
1B48
330
70
100
AcDbEntity
  8
Visible
100
AcDbLine
 10
326.113925
 20
952.674984
 30
0.0
 11
326.048925
 21
952.635984
 31
0.0
  0
LINE
  5
1B49
330
70
100
AcDbEntity
  8
Visible
100
AcDbLine
 10
326.183925
 20
952.709984
 30
0.0
 11
326.113925
 21
952.674984
 31
0.0
  0
LINE
  5
1B4A
330
70
100
AcDbEntity
  8
Visible
100
AcDbLine
 10
326.259925
 20
952.739984
 30
0.0
 11
326.183925
 21
952.709984
 31
0.0
  0
LINE
  5
1B4B
330
70
100
AcDbEntity
  8
Visible
100
AcDbLine
 10
326.339925
 20
952.764984
 30
0.0
 11
326.259925
 21
952.739984
 31
0.0
  0
LINE
  5
1B4C
330
70
100
AcDbEntity
  8
Visible
100
AcDbLine
 10
326.424925
 20
952.785984
 30
0.0
 11
326.339925
 21
952.764984
 31
0.0
  0
LINE
  5
1B4D
330
70
100
AcDbEntity
  8
Visible
100
AcDbLine
 10
326.515925
 20
952.801984
 30
0.0
 11
326.424925
 21
952.785984
 31
0.0
  0
LINE
  5
1B4E
330
70
100
AcDbEntity
  8
Visible
100
AcDbLine
 10
326.610925
 20
952.813984
 30
0.0
 11
326.515925
 21
952.801984
 31
0.0
  0
LINE
  5
1B4F
330
70
100
AcDbEntity
  8
Visible
100
AcDbLine
 10
326.711925
 20
952.820984
 30
0.0
 11
326.610925
 21
952.813984
 31
0.0
  0
LINE
  5
1B50
330
70
100
AcDbEntity
  8
Visible
100
AcDbLine
 10
326.816925
 20
952.822984
 30
0.0
 11
326.711925
 21
952.820984
 31
0.0
  0
LINE
  5
1B51
330
70
100
AcDbEntity
  8
Visible
100
AcDbLine
 10
326.888925
 20
953.746984
 30
0.0
 11
326.816925
 21
952.822984
 31
0.0
  0
LINE
  5
1B52
330
70
100
AcDbEntity
  8
Visible
100
AcDbLine
 10
326.789925
 20
953.744984
 30
0.0
 11
326.888925
 21
953.746984
 31
0.0
  0
LINE
  5
1B53
330
70
100
AcDbEntity
  8
Visible
100
AcDbLine
 10
326.692925
 20
953.737984
 30
0.0
 11
326.789925
 21
953.744984
 31
0.0
  0
LINE
  5
1B54
330
70
100
AcDbEntity
  8
Visible
100
AcDbLine
 10
326.598925
 20
953.727984
 30
0.0
 11
326.692925
 21
953.737984
 31
0.0
  0
LINE
  5
1B55
330
70
100
AcDbEntity
  8
Visible
100
AcDbLine
 10
326.507925
 20
953.712984
 30
0.0
 11
326.598925
 21
953.727984
 31
0.0
  0
LINE
  5
1B56
330
70
100
AcDbEntity
  8
Visible
100
AcDbLine
 10
326.418925
 20
953.693984
 30
0.0
 11
326.507925
 21
953.712984
 31
0.0
  0
LINE
  5
1B57
330
70
100
AcDbEntity
  8
Visible
100
AcDbLine
 10
326.333925
 20
953.669984
 30
0.0
 11
326.418925
 21
953.693984
 31
0.0
  0
LINE
  5
1B58
330
70
100
AcDbEntity
  8
Visible
100
AcDbLine
 10
326.250925
 20
953.642984
 30
0.0
 11
326.333925
 21
953.669984
 31
0.0
  0
LINE
  5
1B59
330
70
100
AcDbEntity
  8
Visible
100
AcDbLine
 10
326.170925
 20
953.610984
 30
0.0
 11
326.250925
 21
953.642984
 31
0.0
  0
LINE
  5
1B5A
330
70
100
AcDbEntity
  8
Visible
100
AcDbLine
 10
326.093925
 20
953.573984
 30
0.0
 11
326.170925
 21
953.610984
 31
0.0
  0
LINE
  5
1B5B
330
70
100
AcDbEntity
  8
Visible
100
AcDbLine
 10
326.018925
 20
953.533984
 30
0.0
 11
326.093925
 21
953.573984
 31
0.0
  0
LINE
  5
1B5C
330
70
100
AcDbEntity
  8
Visible
100
AcDbLine
 10
325.946925
 20
953.489984
 30
0.0
 11
326.018925
 21
953.533984
 31
0.0
  0
LINE
  5
1B5D
330
70
100
AcDbEntity
  8
Visible
100
AcDbLine
 10
325.878925
 20
953.441984
 30
0.0
 11
325.946925
 21
953.489984
 31
0.0
  0
LINE
  5
1B5E
330
70
100
AcDbEntity
  8
Visible
100
AcDbLine
 10
325.814925
 20
953.390984
 30
0.0
 11
325.878925
 21
953.441984
 31
0.0
  0
LINE
  5
1B5F
330
70
100
AcDbEntity
  8
Visible
100
AcDbLine
 10
325.752925
 20
953.336984
 30
0.0
 11
325.814925
 21
953.390984
 31
0.0
  0
LINE
  5
1B60
330
70
100
AcDbEntity
  8
Visible
100
AcDbLine
 10
325.694925
 20
953.278984
 30
0.0
 11
325.752925
 21
953.336984
 31
0.0
  0
LINE
  5
1B61
330
70
100
AcDbEntity
  8
Visible
100
AcDbLine
 10
325.639925
 20
953.217984
 30
0.0
 11
325.694925
 21
953.278984
 31
0.0
  0
LINE
  5
1B62
330
70
100
AcDbEntity
  8
Visible
100
AcDbLine
 10
325.588925
 20
953.152984
 30
0.0
 11
325.639925
 21
953.217984
 31
0.0
  0
LINE
  5
1B63
330
70
100
AcDbEntity
  8
Visible
100
AcDbLine
 10
325.540925
 20
953.085984
 30
0.0
 11
325.588925
 21
953.152984
 31
0.0
  0
LINE
  5
1B64
330
70
100
AcDbEntity
  8
Visible
100
AcDbLine
 10
325.495925
 20
953.014984
 30
0.0
 11
325.540925
 21
953.085984
 31
0.0
  0
LINE
  5
1B65
330
70
100
AcDbEntity
  8
Visible
100
AcDbLine
 10
325.454925
 20
952.939984
 30
0.0
 11
325.495925
 21
953.014984
 31
0.0
  0
LINE
  5
1B66
330
70
100
AcDbEntity
  8
Visible
100
AcDbLine
 10
325.416925
 20
952.862984
 30
0.0
 11
325.454925
 21
952.939984
 31
0.0
  0
LINE
  5
1B67
330
70
100
AcDbEntity
  8
Visible
100
AcDbLine
 10
325.383925
 20
952.782984
 30
0.0
 11
325.416925
 21
952.862984
 31
0.0
  0
LINE
  5
1B68
330
70
100
AcDbEntity
  8
Visible
100
AcDbLine
 10
325.353925
 20
952.699984
 30
0.0
 11
325.383925
 21
952.782984
 31
0.0
  0
LINE
  5
1B69
330
70
100
AcDbEntity
  8
Visible
100
AcDbLine
 10
325.327925
 20
952.615984
 30
0.0
 11
325.353925
 21
952.699984
 31
0.0
  0
LINE
  5
1B6A
330
70
100
AcDbEntity
  8
Visible
100
AcDbLine
 10
325.305925
 20
952.527984
 30
0.0
 11
325.327925
 21
952.615984
 31
0.0
  0
LINE
  5
1B6B
330
70
100
AcDbEntity
  8
Visible
100
AcDbLine
 10
325.288925
 20
952.438984
 30
0.0
 11
325.305925
 21
952.527984
 31
0.0
  0
LINE
  5
1B6C
330
70
100
AcDbEntity
  8
Visible
100
AcDbLine
 10
325.275926
 20
952.352635
 30
0.0
 11
325.288925
 21
952.438984
 31
0.0
  0
LINE
  5
1B6D
330
70
100
AcDbEntity
  8
Visible
100
AcDbLine
 10
325.184925
 20
952.412984
 30
0.0
 11
325.275926
 21
952.352635
 31
0.0
  0
LINE
  5
1B6E
330
70
100
AcDbEntity
  8
Visible
100
AcDbLine
 10
325.086925
 20
952.471984
 30
0.0
 11
325.184925
 21
952.412984
 31
0.0
  0
LINE
  5
1B6F
330
70
100
AcDbEntity
  8
Visible
100
AcDbLine
 10
324.983925
 20
952.525984
 30
0.0
 11
325.086925
 21
952.471984
 31
0.0
  0
LINE
  5
1B70
330
70
100
AcDbEntity
  8
Visible
100
AcDbLine
 10
324.877925
 20
952.575984
 30
0.0
 11
324.983925
 21
952.525984
 31
0.0
  0
LINE
  5
1B71
330
70
100
AcDbEntity
  8
Visible
100
AcDbLine
 10
324.768925
 20
952.619984
 30
0.0
 11
324.877925
 21
952.575984
 31
0.0
  0
LINE
  5
1B72
330
70
100
AcDbEntity
  8
Visible
100
AcDbLine
 10
324.657925
 20
952.658984
 30
0.0
 11
324.768925
 21
952.619984
 31
0.0
  0
LINE
  5
1B73
330
70
100
AcDbEntity
  8
Visible
100
AcDbLine
 10
324.544925
 20
952.692984
 30
0.0
 11
324.657925
 21
952.658984
 31
0.0
  0
LINE
  5
1B74
330
70
100
AcDbEntity
  8
Visible
100
AcDbLine
 10
324.429925
 20
952.721984
 30
0.0
 11
324.544925
 21
952.692984
 31
0.0
  0
LINE
  5
1B75
330
70
100
AcDbEntity
  8
Visible
100
AcDbLine
 10
324.311925
 20
952.744984
 30
0.0
 11
324.429925
 21
952.721984
 31
0.0
  0
LINE
  5
1B76
330
70
100
AcDbEntity
  8
Visible
100
AcDbLine
 10
324.191925
 20
952.763984
 30
0.0
 11
324.311925
 21
952.744984
 31
0.0
  0
LINE
  5
1B77
330
70
100
AcDbEntity
  8
Visible
100
AcDbLine
 10
324.068925
 20
952.776984
 30
0.0
 11
324.191925
 21
952.763984
 31
0.0
  0
LINE
  5
1B78
330
70
100
AcDbEntity
  8
Visible
100
AcDbLine
 10
323.943925
 20
952.783984
 30
0.0
 11
324.068925
 21
952.776984
 31
0.0
  0
LINE
  5
1B79
330
70
100
AcDbEntity
  8
Visible
100
AcDbLine
 10
323.816925
 20
952.786984
 30
0.0
 11
323.943925
 21
952.783984
 31
0.0
  0
LINE
  5
1B7A
330
70
100
AcDbEntity
  8
Visible
100
AcDbLine
 10
323.685925
 20
952.783984
 30
0.0
 11
323.816925
 21
952.786984
 31
0.0
  0
LINE
  5
1B7B
330
70
100
AcDbEntity
  8
Visible
100
AcDbLine
 10
323.557925
 20
952.776984
 30
0.0
 11
323.685925
 21
952.783984
 31
0.0
  0
LINE
  5
1B7C
330
70
100
AcDbEntity
  8
Visible
100
AcDbLine
 10
323.432925
 20
952.763984
 30
0.0
 11
323.557925
 21
952.776984
 31
0.0
  0
LINE
  5
1B7D
330
70
100
AcDbEntity
  8
Visible
100
AcDbLine
 10
323.309925
 20
952.744984
 30
0.0
 11
323.432925
 21
952.763984
 31
0.0
  0
LINE
  5
1B7E
330
70
100
AcDbEntity
  8
Visible
100
AcDbLine
 10
323.188925
 20
952.721984
 30
0.0
 11
323.309925
 21
952.744984
 31
0.0
  0
LINE
  5
1B7F
330
70
100
AcDbEntity
  8
Visible
100
AcDbLine
 10
323.070925
 20
952.692984
 30
0.0
 11
323.188925
 21
952.721984
 31
0.0
  0
LINE
  5
1B80
330
70
100
AcDbEntity
  8
Visible
100
AcDbLine
 10
322.955925
 20
952.658984
 30
0.0
 11
323.070925
 21
952.692984
 31
0.0
  0
LINE
  5
1B81
330
70
100
AcDbEntity
  8
Visible
100
AcDbLine
 10
322.843925
 20
952.619984
 30
0.0
 11
322.955925
 21
952.658984
 31
0.0
  0
LINE
  5
1B82
330
70
100
AcDbEntity
  8
Visible
100
AcDbLine
 10
322.732925
 20
952.575984
 30
0.0
 11
322.843925
 21
952.619984
 31
0.0
  0
LINE
  5
1B83
330
70
100
AcDbEntity
  8
Visible
100
AcDbLine
 10
322.625925
 20
952.525984
 30
0.0
 11
322.732925
 21
952.575984
 31
0.0
  0
LINE
  5
1B84
330
70
100
AcDbEntity
  8
Visible
100
AcDbLine
 10
322.521925
 20
952.471984
 30
0.0
 11
322.625925
 21
952.525984
 31
0.0
  0
LINE
  5
1B85
330
70
100
AcDbEntity
  8
Visible
100
AcDbLine
 10
322.421925
 20
952.412984
 30
0.0
 11
322.521925
 21
952.471984
 31
0.0
  0
LINE
  5
1B86
330
70
100
AcDbEntity
  8
Visible
100
AcDbLine
 10
322.326925
 20
952.349984
 30
0.0
 11
322.421925
 21
952.412984
 31
0.0
  0
LINE
  5
1B87
330
70
100
AcDbEntity
  8
Visible
100
AcDbLine
 10
322.236925
 20
952.282984
 30
0.0
 11
322.326925
 21
952.349984
 31
0.0
  0
LINE
  5
1B88
330
70
100
AcDbEntity
  8
Visible
100
AcDbLine
 10
322.149925
 20
952.211984
 30
0.0
 11
322.236925
 21
952.282984
 31
0.0
  0
LINE
  5
1B89
330
70
100
AcDbEntity
  8
Visible
100
AcDbLine
 10
322.068925
 20
952.135984
 30
0.0
 11
322.149925
 21
952.211984
 31
0.0
  0
LINE
  5
1B8A
330
70
100
AcDbEntity
  8
Visible
100
AcDbLine
 10
321.990925
 20
952.055984
 30
0.0
 11
322.068925
 21
952.135984
 31
0.0
  0
LINE
  5
1B8B
330
70
100
AcDbEntity
  8
Visible
100
AcDbLine
 10
321.917925
 20
951.971984
 30
0.0
 11
321.990925
 21
952.055984
 31
0.0
  0
LINE
  5
1B8C
330
70
100
AcDbEntity
  8
Visible
100
AcDbLine
 10
321.849925
 20
951.883984
 30
0.0
 11
321.917925
 21
951.971984
 31
0.0
  0
LINE
  5
1B8D
330
70
100
AcDbEntity
  8
Visible
100
AcDbLine
 10
321.785925
 20
951.790984
 30
0.0
 11
321.849925
 21
951.883984
 31
0.0
  0
LINE
  5
1B8E
330
70
100
AcDbEntity
  8
Visible
100
AcDbLine
 10
321.726925
 20
951.694984
 30
0.0
 11
321.785925
 21
951.790984
 31
0.0
  0
LINE
  5
1B8F
330
70
100
AcDbEntity
  8
Visible
100
AcDbLine
 10
321.674925
 20
951.594984
 30
0.0
 11
321.726925
 21
951.694984
 31
0.0
  0
LINE
  5
1B90
330
70
100
AcDbEntity
  8
Visible
100
AcDbLine
 10
321.627925
 20
951.492984
 30
0.0
 11
321.674925
 21
951.594984
 31
0.0
  0
LINE
  5
1B91
330
70
100
AcDbEntity
  8
Visible
100
AcDbLine
 10
321.587925
 20
951.386984
 30
0.0
 11
321.627925
 21
951.492984
 31
0.0
  0
LINE
  5
1B92
330
70
100
AcDbEntity
  8
Visible
100
AcDbLine
 10
321.553925
 20
951.277984
 30
0.0
 11
321.587925
 21
951.386984
 31
0.0
  0
LINE
  5
1B93
330
70
100
AcDbEntity
  8
Visible
100
AcDbLine
 10
321.525925
 20
951.165984
 30
0.0
 11
321.553925
 21
951.277984
 31
0.0
  0
LINE
  5
1B94
330
70
100
AcDbEntity
  8
Visible
100
AcDbLine
 10
321.504925
 20
951.050984
 30
0.0
 11
321.525925
 21
951.165984
 31
0.0
  0
LINE
  5
1B95
330
70
100
AcDbEntity
  8
Visible
100
AcDbLine
 10
321.488925
 20
950.932984
 30
0.0
 11
321.504925
 21
951.050984
 31
0.0
  0
LINE
  5
1B96
330
70
100
AcDbEntity
  8
Visible
100
AcDbLine
 10
321.479925
 20
950.810984
 30
0.0
 11
321.488925
 21
950.932984
 31
0.0
  0
LINE
  5
1B97
330
70
100
AcDbEntity
  8
Visible
100
AcDbLine
 10
321.476925
 20
950.686984
 30
0.0
 11
321.479925
 21
950.810984
 31
0.0
  0
LINE
  5
1B98
330
70
100
AcDbEntity
  8
Visible
100
AcDbLine
 10
321.479925
 20
950.563984
 30
0.0
 11
321.476925
 21
950.686984
 31
0.0
  0
LINE
  5
1B99
330
70
100
AcDbEntity
  8
Visible
100
AcDbLine
 10
321.488925
 20
950.442984
 30
0.0
 11
321.479925
 21
950.563984
 31
0.0
  0
LINE
  5
1B9A
330
70
100
AcDbEntity
  8
Visible
100
AcDbLine
 10
321.504925
 20
950.325984
 30
0.0
 11
321.488925
 21
950.442984
 31
0.0
  0
LINE
  5
1B9B
330
70
100
AcDbEntity
  8
Visible
100
AcDbLine
 10
321.525925
 20
950.211984
 30
0.0
 11
321.504925
 21
950.325984
 31
0.0
  0
LINE
  5
1B9C
330
70
100
AcDbEntity
  8
Visible
100
AcDbLine
 10
321.553925
 20
950.099984
 30
0.0
 11
321.525925
 21
950.211984
 31
0.0
  0
LINE
  5
1B9D
330
70
100
AcDbEntity
  8
Visible
100
AcDbLine
 10
321.587925
 20
949.991984
 30
0.0
 11
321.553925
 21
950.099984
 31
0.0
  0
LINE
  5
1B9E
330
70
100
AcDbEntity
  8
Visible
100
AcDbLine
 10
321.627925
 20
949.886984
 30
0.0
 11
321.587925
 21
949.991984
 31
0.0
  0
LINE
  5
1B9F
330
70
100
AcDbEntity
  8
Visible
100
AcDbLine
 10
321.674925
 20
949.784984
 30
0.0
 11
321.627925
 21
949.886984
 31
0.0
  0
LINE
  5
1BA0
330
70
100
AcDbEntity
  8
Visible
100
AcDbLine
 10
321.726925
 20
949.684984
 30
0.0
 11
321.674925
 21
949.784984
 31
0.0
  0
LINE
  5
1BA1
330
70
100
AcDbEntity
  8
Visible
100
AcDbLine
 10
321.785925
 20
949.588984
 30
0.0
 11
321.726925
 21
949.684984
 31
0.0
  0
LINE
  5
1BA2
330
70
100
AcDbEntity
  8
Visible
100
AcDbLine
 10
321.849925
 20
949.495984
 30
0.0
 11
321.785925
 21
949.588984
 31
0.0
  0
LINE
  5
1BA3
330
70
100
AcDbEntity
  8
Visible
100
AcDbLine
 10
321.917925
 20
949.407984
 30
0.0
 11
321.849925
 21
949.495984
 31
0.0
  0
LINE
  5
1BA4
330
70
100
AcDbEntity
  8
Visible
100
AcDbLine
 10
321.990925
 20
949.323984
 30
0.0
 11
321.917925
 21
949.407984
 31
0.0
  0
LINE
  5
1BA5
330
70
100
AcDbEntity
  8
Visible
100
AcDbLine
 10
322.068925
 20
949.242984
 30
0.0
 11
321.990925
 21
949.323984
 31
0.0
  0
LINE
  5
1BA6
330
70
100
AcDbEntity
  8
Visible
100
AcDbLine
 10
322.132211
 20
949.183605
 30
0.0
 11
322.068925
 21
949.242984
 31
0.0
  0
LINE
  5
1BA7
330
70
100
AcDbEntity
  8
Visible
100
AcDbLine
 10
322.076925
 20
949.169984
 30
0.0
 11
322.132211
 21
949.183605
 31
0.0
  0
LINE
  5
1BA8
330
70
100
AcDbEntity
  8
Visible
100
AcDbLine
 10
322.008925
 20
949.150984
 30
0.0
 11
322.076925
 21
949.169984
 31
0.0
  0
LINE
  5
1BA9
330
70
100
AcDbEntity
  8
Visible
100
AcDbLine
 10
321.941925
 20
949.127984
 30
0.0
 11
322.008925
 21
949.150984
 31
0.0
  0
LINE
  5
1BAA
330
70
100
AcDbEntity
  8
Visible
100
AcDbLine
 10
321.875925
 20
949.102984
 30
0.0
 11
321.941925
 21
949.127984
 31
0.0
  0
LINE
  5
1BAB
330
70
100
AcDbEntity
  8
Visible
100
AcDbLine
 10
321.811925
 20
949.074984
 30
0.0
 11
321.875925
 21
949.102984
 31
0.0
  0
LINE
  5
1BAC
330
70
100
AcDbEntity
  8
Visible
100
AcDbLine
 10
321.749925
 20
949.044984
 30
0.0
 11
321.811925
 21
949.074984
 31
0.0
  0
LINE
  5
1BAD
330
70
100
AcDbEntity
  8
Visible
100
AcDbLine
 10
321.690925
 20
949.012984
 30
0.0
 11
321.749925
 21
949.044984
 31
0.0
  0
LINE
  5
1BAE
330
70
100
AcDbEntity
  8
Visible
100
AcDbLine
 10
321.633925
 20
948.977984
 30
0.0
 11
321.690925
 21
949.012984
 31
0.0
  0
LINE
  5
1BAF
330
70
100
AcDbEntity
  8
Visible
100
AcDbLine
 10
321.579925
 20
948.940984
 30
0.0
 11
321.633925
 21
948.977984
 31
0.0
  0
LINE
  5
1BB0
330
70
100
AcDbEntity
  8
Visible
100
AcDbLine
 10
321.527925
 20
948.900984
 30
0.0
 11
321.579925
 21
948.940984
 31
0.0
  0
LINE
  5
1BB1
330
70
100
AcDbEntity
  8
Visible
100
AcDbLine
 10
321.477925
 20
948.858984
 30
0.0
 11
321.527925
 21
948.900984
 31
0.0
  0
LINE
  5
1BB2
330
70
100
AcDbEntity
  8
Visible
100
AcDbLine
 10
321.431925
 20
948.814984
 30
0.0
 11
321.477925
 21
948.858984
 31
0.0
  0
LINE
  5
1BB3
330
70
100
AcDbEntity
  8
Visible
100
AcDbLine
 10
321.386925
 20
948.767984
 30
0.0
 11
321.431925
 21
948.814984
 31
0.0
  0
LINE
  5
1BB4
330
70
100
AcDbEntity
  8
Visible
100
AcDbLine
 10
321.344925
 20
948.718984
 30
0.0
 11
321.386925
 21
948.767984
 31
0.0
  0
LINE
  5
1BB5
330
70
100
AcDbEntity
  8
Visible
100
AcDbLine
 10
321.305925
 20
948.667984
 30
0.0
 11
321.344925
 21
948.718984
 31
0.0
  0
LINE
  5
1BB6
330
70
100
AcDbEntity
  8
Visible
100
AcDbLine
 10
321.271925
 20
948.613984
 30
0.0
 11
321.305925
 21
948.667984
 31
0.0
  0
LINE
  5
1BB7
330
70
100
AcDbEntity
  8
Visible
100
AcDbLine
 10
321.240925
 20
948.557984
 30
0.0
 11
321.271925
 21
948.613984
 31
0.0
  0
LINE
  5
1BB8
330
70
100
AcDbEntity
  8
Visible
100
AcDbLine
 10
321.213925
 20
948.499984
 30
0.0
 11
321.240925
 21
948.557984
 31
0.0
  0
LINE
  5
1BB9
330
70
100
AcDbEntity
  8
Visible
100
AcDbLine
 10
321.191925
 20
948.439984
 30
0.0
 11
321.213925
 21
948.499984
 31
0.0
  0
LINE
  5
1BBA
330
70
100
AcDbEntity
  8
Visible
100
AcDbLine
 10
321.173925
 20
948.377984
 30
0.0
 11
321.191925
 21
948.439984
 31
0.0
  0
LINE
  5
1BBB
330
70
100
AcDbEntity
  8
Visible
100
AcDbLine
 10
321.158925
 20
948.312984
 30
0.0
 11
321.173925
 21
948.377984
 31
0.0
  0
LINE
  5
1BBC
330
70
100
AcDbEntity
  8
Visible
100
AcDbLine
 10
321.148925
 20
948.246984
 30
0.0
 11
321.158925
 21
948.312984
 31
0.0
  0
LINE
  5
1BBD
330
70
100
AcDbEntity
  8
Visible
100
AcDbLine
 10
321.142925
 20
948.177984
 30
0.0
 11
321.148925
 21
948.246984
 31
0.0
  0
LINE
  5
1BBE
330
70
100
AcDbEntity
  8
Visible
100
AcDbLine
 10
321.140925
 20
948.106984
 30
0.0
 11
321.142925
 21
948.177984
 31
0.0
  0
LINE
  5
1BBF
330
70
100
AcDbEntity
  8
Visible
100
AcDbLine
 10
321.142925
 20
948.038984
 30
0.0
 11
321.140925
 21
948.106984
 31
0.0
  0
LINE
  5
1BC0
330
70
100
AcDbEntity
  8
Visible
100
AcDbLine
 10
321.149925
 20
947.971984
 30
0.0
 11
321.142925
 21
948.038984
 31
0.0
  0
LINE
  5
1BC1
330
70
100
AcDbEntity
  8
Visible
100
AcDbLine
 10
321.161925
 20
947.906984
 30
0.0
 11
321.149925
 21
947.971984
 31
0.0
  0
LINE
  5
1BC2
330
70
100
AcDbEntity
  8
Visible
100
AcDbLine
 10
321.176925
 20
947.841984
 30
0.0
 11
321.161925
 21
947.906984
 31
0.0
  0
LINE
  5
1BC3
330
70
100
AcDbEntity
  8
Visible
100
AcDbLine
 10
321.197925
 20
947.777984
 30
0.0
 11
321.176925
 21
947.841984
 31
0.0
  0
LINE
  5
1BC4
330
70
100
AcDbEntity
  8
Visible
100
AcDbLine
 10
321.222925
 20
947.715984
 30
0.0
 11
321.197925
 21
947.777984
 31
0.0
  0
LINE
  5
1BC5
330
70
100
AcDbEntity
  8
Visible
100
AcDbLine
 10
321.252925
 20
947.654984
 30
0.0
 11
321.222925
 21
947.715984
 31
0.0
  0
LINE
  5
1BC6
330
70
100
AcDbEntity
  8
Visible
100
AcDbLine
 10
321.286925
 20
947.593984
 30
0.0
 11
321.252925
 21
947.654984
 31
0.0
  0
LINE
  5
1BC7
330
70
100
AcDbEntity
  8
Visible
100
AcDbLine
 10
321.325925
 20
947.534984
 30
0.0
 11
321.286925
 21
947.593984
 31
0.0
  0
LINE
  5
1BC8
330
70
100
AcDbEntity
  8
Visible
100
AcDbLine
 10
321.368925
 20
947.476984
 30
0.0
 11
321.325925
 21
947.534984
 31
0.0
  0
LINE
  5
1BC9
330
70
100
AcDbEntity
  8
Visible
100
AcDbLine
 10
321.416925
 20
947.420984
 30
0.0
 11
321.368925
 21
947.476984
 31
0.0
  0
LINE
  5
1BCA
330
70
100
AcDbEntity
  8
Visible
100
AcDbLine
 10
321.467925
 20
947.365984
 30
0.0
 11
321.416925
 21
947.420984
 31
0.0
  0
LINE
  5
1BCB
330
70
100
AcDbEntity
  8
Visible
100
AcDbLine
 10
321.522925
 20
947.313984
 30
0.0
 11
321.467925
 21
947.365984
 31
0.0
  0
LINE
  5
1BCC
330
70
100
AcDbEntity
  8
Visible
100
AcDbLine
 10
321.582925
 20
947.263984
 30
0.0
 11
321.522925
 21
947.313984
 31
0.0
  0
LINE
  5
1BCD
330
70
100
AcDbEntity
  8
Visible
100
AcDbLine
 10
321.645925
 20
947.216984
 30
0.0
 11
321.582925
 21
947.263984
 31
0.0
  0
LINE
  5
1BCE
330
70
100
AcDbEntity
  8
Visible
100
AcDbLine
 10
321.712925
 20
947.170984
 30
0.0
 11
321.645925
 21
947.216984
 31
0.0
  0
LINE
  5
1BCF
330
70
100
AcDbEntity
  8
Visible
100
AcDbLine
 10
321.783925
 20
947.127984
 30
0.0
 11
321.712925
 21
947.170984
 31
0.0
  0
LINE
  5
1BD0
330
70
100
AcDbEntity
  8
Visible
100
AcDbLine
 10
321.858925
 20
947.086984
 30
0.0
 11
321.783925
 21
947.127984
 31
0.0
  0
LINE
  5
1BD1
330
70
100
AcDbEntity
  8
Visible
100
AcDbLine
 10
321.862805
 20
947.085093
 30
0.0
 11
321.858925
 21
947.086984
 31
0.0
  0
LINE
  5
1BD2
330
70
100
AcDbEntity
  8
Visible
100
AcDbLine
 10
318.104925
 20
952.654984
 30
0.0
 11
319.040925
 21
952.654984
 31
0.0
  0
LINE
  5
1BD3
330
70
100
AcDbEntity
  8
Visible
100
AcDbLine
 10
318.104925
 20
946.906984
 30
0.0
 11
318.104925
 21
952.654984
 31
0.0
  0
LINE
  5
1BD4
330
70
100
AcDbEntity
  8
Visible
100
AcDbLine
 10
319.040925
 20
946.906984
 30
0.0
 11
318.104925
 21
946.906984
 31
0.0
  0
LINE
  5
1BD5
330
70
100
AcDbEntity
  8
Visible
100
AcDbLine
 10
319.040925
 20
952.654984
 30
0.0
 11
319.040925
 21
946.906984
 31
0.0
  0
LINE
  5
1BD6
330
70
100
AcDbEntity
  8
Visible
100
AcDbLine
 10
318.682925
 20
954.005984
 30
0.0
 11
318.628925
 21
954.000984
 31
0.0
  0
LINE
  5
1BD7
330
70
100
AcDbEntity
  8
Visible
100
AcDbLine
 10
318.734925
 20
954.013984
 30
0.0
 11
318.682925
 21
954.005984
 31
0.0
  0
LINE
  5
1BD8
330
70
100
AcDbEntity
  8
Visible
100
AcDbLine
 10
318.783925
 20
954.024984
 30
0.0
 11
318.734925
 21
954.013984
 31
0.0
  0
LINE
  5
1BD9
330
70
100
AcDbEntity
  8
Visible
100
AcDbLine
 10
318.830925
 20
954.039984
 30
0.0
 11
318.783925
 21
954.024984
 31
0.0
  0
LINE
  5
1BDA
330
70
100
AcDbEntity
  8
Visible
100
AcDbLine
 10
318.874925
 20
954.057984
 30
0.0
 11
318.830925
 21
954.039984
 31
0.0
  0
LINE
  5
1BDB
330
70
100
AcDbEntity
  8
Visible
100
AcDbLine
 10
318.916925
 20
954.079984
 30
0.0
 11
318.874925
 21
954.057984
 31
0.0
  0
LINE
  5
1BDC
330
70
100
AcDbEntity
  8
Visible
100
AcDbLine
 10
318.956925
 20
954.104984
 30
0.0
 11
318.916925
 21
954.079984
 31
0.0
  0
LINE
  5
1BDD
330
70
100
AcDbEntity
  8
Visible
100
AcDbLine
 10
318.993925
 20
954.132984
 30
0.0
 11
318.956925
 21
954.104984
 31
0.0
  0
LINE
  5
1BDE
330
70
100
AcDbEntity
  8
Visible
100
AcDbLine
 10
319.028925
 20
954.163984
 30
0.0
 11
318.993925
 21
954.132984
 31
0.0
  0
LINE
  5
1BDF
330
70
100
AcDbEntity
  8
Visible
100
AcDbLine
 10
319.060925
 20
954.197984
 30
0.0
 11
319.028925
 21
954.163984
 31
0.0
  0
LINE
  5
1BE0
330
70
100
AcDbEntity
  8
Visible
100
AcDbLine
 10
319.088925
 20
954.233984
 30
0.0
 11
319.060925
 21
954.197984
 31
0.0
  0
LINE
  5
1BE1
330
70
100
AcDbEntity
  8
Visible
100
AcDbLine
 10
319.114925
 20
954.271984
 30
0.0
 11
319.088925
 21
954.233984
 31
0.0
  0
LINE
  5
1BE2
330
70
100
AcDbEntity
  8
Visible
100
AcDbLine
 10
319.136925
 20
954.312984
 30
0.0
 11
319.114925
 21
954.271984
 31
0.0
  0
LINE
  5
1BE3
330
70
100
AcDbEntity
  8
Visible
100
AcDbLine
 10
319.154925
 20
954.354984
 30
0.0
 11
319.136925
 21
954.312984
 31
0.0
  0
LINE
  5
1BE4
330
70
100
AcDbEntity
  8
Visible
100
AcDbLine
 10
319.169925
 20
954.399984
 30
0.0
 11
319.154925
 21
954.354984
 31
0.0
  0
LINE
  5
1BE5
330
70
100
AcDbEntity
  8
Visible
100
AcDbLine
 10
319.181925
 20
954.445984
 30
0.0
 11
319.169925
 21
954.399984
 31
0.0
  0
LINE
  5
1BE6
330
70
100
AcDbEntity
  8
Visible
100
AcDbLine
 10
319.189925
 20
954.494984
 30
0.0
 11
319.181925
 21
954.445984
 31
0.0
  0
LINE
  5
1BE7
330
70
100
AcDbEntity
  8
Visible
100
AcDbLine
 10
319.194925
 20
954.545984
 30
0.0
 11
319.189925
 21
954.494984
 31
0.0
  0
LINE
  5
1BE8
330
70
100
AcDbEntity
  8
Visible
100
AcDbLine
 10
319.196925
 20
954.598984
 30
0.0
 11
319.194925
 21
954.545984
 31
0.0
  0
LINE
  5
1BE9
330
70
100
AcDbEntity
  8
Visible
100
AcDbLine
 10
319.194925
 20
954.650984
 30
0.0
 11
319.196925
 21
954.598984
 31
0.0
  0
LINE
  5
1BEA
330
70
100
AcDbEntity
  8
Visible
100
AcDbLine
 10
319.189925
 20
954.699984
 30
0.0
 11
319.194925
 21
954.650984
 31
0.0
  0
LINE
  5
1BEB
330
70
100
AcDbEntity
  8
Visible
100
AcDbLine
 10
319.181925
 20
954.747984
 30
0.0
 11
319.189925
 21
954.699984
 31
0.0
  0
LINE
  5
1BEC
330
70
100
AcDbEntity
  8
Visible
100
AcDbLine
 10
319.169925
 20
954.792984
 30
0.0
 11
319.181925
 21
954.747984
 31
0.0
  0
LINE
  5
1BED
330
70
100
AcDbEntity
  8
Visible
100
AcDbLine
 10
319.154925
 20
954.835984
 30
0.0
 11
319.169925
 21
954.792984
 31
0.0
  0
LINE
  5
1BEE
330
70
100
AcDbEntity
  8
Visible
100
AcDbLine
 10
319.136925
 20
954.876984
 30
0.0
 11
319.154925
 21
954.835984
 31
0.0
  0
LINE
  5
1BEF
330
70
100
AcDbEntity
  8
Visible
100
AcDbLine
 10
319.114925
 20
954.915984
 30
0.0
 11
319.136925
 21
954.876984
 31
0.0
  0
LINE
  5
1BF0
330
70
100
AcDbEntity
  8
Visible
100
AcDbLine
 10
319.088925
 20
954.951984
 30
0.0
 11
319.114925
 21
954.915984
 31
0.0
  0
LINE
  5
1BF1
330
70
100
AcDbEntity
  8
Visible
100
AcDbLine
 10
319.060925
 20
954.986984
 30
0.0
 11
319.088925
 21
954.951984
 31
0.0
  0
LINE
  5
1BF2
330
70
100
AcDbEntity
  8
Visible
100
AcDbLine
 10
319.028925
 20
955.018984
 30
0.0
 11
319.060925
 21
954.986984
 31
0.0
  0
LINE
  5
1BF3
330
70
100
AcDbEntity
  8
Visible
100
AcDbLine
 10
318.993925
 20
955.048984
 30
0.0
 11
319.028925
 21
955.018984
 31
0.0
  0
LINE
  5
1BF4
330
70
100
AcDbEntity
  8
Visible
100
AcDbLine
 10
318.956925
 20
955.074984
 30
0.0
 11
318.993925
 21
955.048984
 31
0.0
  0
LINE
  5
1BF5
330
70
100
AcDbEntity
  8
Visible
100
AcDbLine
 10
318.916925
 20
955.098984
 30
0.0
 11
318.956925
 21
955.074984
 31
0.0
  0
LINE
  5
1BF6
330
70
100
AcDbEntity
  8
Visible
100
AcDbLine
 10
318.874925
 20
955.118984
 30
0.0
 11
318.916925
 21
955.098984
 31
0.0
  0
LINE
  5
1BF7
330
70
100
AcDbEntity
  8
Visible
100
AcDbLine
 10
318.830925
 20
955.135984
 30
0.0
 11
318.874925
 21
955.118984
 31
0.0
  0
LINE
  5
1BF8
330
70
100
AcDbEntity
  8
Visible
100
AcDbLine
 10
318.783925
 20
955.149984
 30
0.0
 11
318.830925
 21
955.135984
 31
0.0
  0
LINE
  5
1BF9
330
70
100
AcDbEntity
  8
Visible
100
AcDbLine
 10
318.734925
 20
955.160984
 30
0.0
 11
318.783925
 21
955.149984
 31
0.0
  0
LINE
  5
1BFA
330
70
100
AcDbEntity
  8
Visible
100
AcDbLine
 10
318.682925
 20
955.168984
 30
0.0
 11
318.734925
 21
955.160984
 31
0.0
  0
LINE
  5
1BFB
330
70
100
AcDbEntity
  8
Visible
100
AcDbLine
 10
318.628925
 20
955.172984
 30
0.0
 11
318.682925
 21
955.168984
 31
0.0
  0
LINE
  5
1BFC
330
70
100
AcDbEntity
  8
Visible
100
AcDbLine
 10
318.572925
 20
955.174984
 30
0.0
 11
318.628925
 21
955.172984
 31
0.0
  0
LINE
  5
1BFD
330
70
100
AcDbEntity
  8
Visible
100
AcDbLine
 10
318.516925
 20
955.172984
 30
0.0
 11
318.572925
 21
955.174984
 31
0.0
  0
LINE
  5
1BFE
330
70
100
AcDbEntity
  8
Visible
100
AcDbLine
 10
318.462925
 20
955.168984
 30
0.0
 11
318.516925
 21
955.172984
 31
0.0
  0
LINE
  5
1BFF
330
70
100
AcDbEntity
  8
Visible
100
AcDbLine
 10
318.410925
 20
955.160984
 30
0.0
 11
318.462925
 21
955.168984
 31
0.0
  0
LINE
  5
1C00
330
70
100
AcDbEntity
  8
Visible
100
AcDbLine
 10
318.361925
 20
955.149984
 30
0.0
 11
318.410925
 21
955.160984
 31
0.0
  0
LINE
  5
1C01
330
70
100
AcDbEntity
  8
Visible
100
AcDbLine
 10
318.314925
 20
955.135984
 30
0.0
 11
318.361925
 21
955.149984
 31
0.0
  0
LINE
  5
1C02
330
70
100
AcDbEntity
  8
Visible
100
AcDbLine
 10
318.270925
 20
955.118984
 30
0.0
 11
318.314925
 21
955.135984
 31
0.0
  0
LINE
  5
1C03
330
70
100
AcDbEntity
  8
Visible
100
AcDbLine
 10
318.228925
 20
955.098984
 30
0.0
 11
318.270925
 21
955.118984
 31
0.0
  0
LINE
  5
1C04
330
70
100
AcDbEntity
  8
Visible
100
AcDbLine
 10
318.188925
 20
955.074984
 30
0.0
 11
318.228925
 21
955.098984
 31
0.0
  0
LINE
  5
1C05
330
70
100
AcDbEntity
  8
Visible
100
AcDbLine
 10
318.151925
 20
955.048984
 30
0.0
 11
318.188925
 21
955.074984
 31
0.0
  0
LINE
  5
1C06
330
70
100
AcDbEntity
  8
Visible
100
AcDbLine
 10
318.116925
 20
955.018984
 30
0.0
 11
318.151925
 21
955.048984
 31
0.0
  0
LINE
  5
1C07
330
70
100
AcDbEntity
  8
Visible
100
AcDbLine
 10
318.084925
 20
954.986984
 30
0.0
 11
318.116925
 21
955.018984
 31
0.0
  0
LINE
  5
1C08
330
70
100
AcDbEntity
  8
Visible
100
AcDbLine
 10
318.056925
 20
954.951984
 30
0.0
 11
318.084925
 21
954.986984
 31
0.0
  0
LINE
  5
1C09
330
70
100
AcDbEntity
  8
Visible
100
AcDbLine
 10
318.030925
 20
954.915984
 30
0.0
 11
318.056925
 21
954.951984
 31
0.0
  0
LINE
  5
1C0A
330
70
100
AcDbEntity
  8
Visible
100
AcDbLine
 10
318.008925
 20
954.876984
 30
0.0
 11
318.030925
 21
954.915984
 31
0.0
  0
LINE
  5
1C0B
330
70
100
AcDbEntity
  8
Visible
100
AcDbLine
 10
317.990925
 20
954.835984
 30
0.0
 11
318.008925
 21
954.876984
 31
0.0
  0
LINE
  5
1C0C
330
70
100
AcDbEntity
  8
Visible
100
AcDbLine
 10
317.975925
 20
954.792984
 30
0.0
 11
317.990925
 21
954.835984
 31
0.0
  0
LINE
  5
1C0D
330
70
100
AcDbEntity
  8
Visible
100
AcDbLine
 10
317.963925
 20
954.747984
 30
0.0
 11
317.975925
 21
954.792984
 31
0.0
  0
LINE
  5
1C0E
330
70
100
AcDbEntity
  8
Visible
100
AcDbLine
 10
317.955925
 20
954.699984
 30
0.0
 11
317.963925
 21
954.747984
 31
0.0
  0
LINE
  5
1C0F
330
70
100
AcDbEntity
  8
Visible
100
AcDbLine
 10
317.950925
 20
954.650984
 30
0.0
 11
317.955925
 21
954.699984
 31
0.0
  0
LINE
  5
1C10
330
70
100
AcDbEntity
  8
Visible
100
AcDbLine
 10
317.948925
 20
954.598984
 30
0.0
 11
317.950925
 21
954.650984
 31
0.0
  0
LINE
  5
1C11
330
70
100
AcDbEntity
  8
Visible
100
AcDbLine
 10
317.950925
 20
954.545984
 30
0.0
 11
317.948925
 21
954.598984
 31
0.0
  0
LINE
  5
1C12
330
70
100
AcDbEntity
  8
Visible
100
AcDbLine
 10
317.955925
 20
954.494984
 30
0.0
 11
317.950925
 21
954.545984
 31
0.0
  0
LINE
  5
1C13
330
70
100
AcDbEntity
  8
Visible
100
AcDbLine
 10
317.963925
 20
954.445984
 30
0.0
 11
317.955925
 21
954.494984
 31
0.0
  0
LINE
  5
1C14
330
70
100
AcDbEntity
  8
Visible
100
AcDbLine
 10
317.975925
 20
954.399984
 30
0.0
 11
317.963925
 21
954.445984
 31
0.0
  0
LINE
  5
1C15
330
70
100
AcDbEntity
  8
Visible
100
AcDbLine
 10
317.990925
 20
954.354984
 30
0.0
 11
317.975925
 21
954.399984
 31
0.0
  0
LINE
  5
1C16
330
70
100
AcDbEntity
  8
Visible
100
AcDbLine
 10
318.008925
 20
954.312984
 30
0.0
 11
317.990925
 21
954.354984
 31
0.0
  0
LINE
  5
1C17
330
70
100
AcDbEntity
  8
Visible
100
AcDbLine
 10
318.030925
 20
954.271984
 30
0.0
 11
318.008925
 21
954.312984
 31
0.0
  0
LINE
  5
1C18
330
70
100
AcDbEntity
  8
Visible
100
AcDbLine
 10
318.056925
 20
954.233984
 30
0.0
 11
318.030925
 21
954.271984
 31
0.0
  0
LINE
  5
1C19
330
70
100
AcDbEntity
  8
Visible
100
AcDbLine
 10
318.084925
 20
954.197984
 30
0.0
 11
318.056925
 21
954.233984
 31
0.0
  0
LINE
  5
1C1A
330
70
100
AcDbEntity
  8
Visible
100
AcDbLine
 10
318.116925
 20
954.163984
 30
0.0
 11
318.084925
 21
954.197984
 31
0.0
  0
LINE
  5
1C1B
330
70
100
AcDbEntity
  8
Visible
100
AcDbLine
 10
318.151925
 20
954.132984
 30
0.0
 11
318.116925
 21
954.163984
 31
0.0
  0
LINE
  5
1C1C
330
70
100
AcDbEntity
  8
Visible
100
AcDbLine
 10
318.188925
 20
954.104984
 30
0.0
 11
318.151925
 21
954.132984
 31
0.0
  0
LINE
  5
1C1D
330
70
100
AcDbEntity
  8
Visible
100
AcDbLine
 10
318.228925
 20
954.079984
 30
0.0
 11
318.188925
 21
954.104984
 31
0.0
  0
LINE
  5
1C1E
330
70
100
AcDbEntity
  8
Visible
100
AcDbLine
 10
318.270925
 20
954.057984
 30
0.0
 11
318.228925
 21
954.079984
 31
0.0
  0
LINE
  5
1C1F
330
70
100
AcDbEntity
  8
Visible
100
AcDbLine
 10
318.314925
 20
954.039984
 30
0.0
 11
318.270925
 21
954.057984
 31
0.0
  0
LINE
  5
1C20
330
70
100
AcDbEntity
  8
Visible
100
AcDbLine
 10
318.361925
 20
954.024984
 30
0.0
 11
318.314925
 21
954.039984
 31
0.0
  0
LINE
  5
1C21
330
70
100
AcDbEntity
  8
Visible
100
AcDbLine
 10
318.410925
 20
954.013984
 30
0.0
 11
318.361925
 21
954.024984
 31
0.0
  0
LINE
  5
1C22
330
70
100
AcDbEntity
  8
Visible
100
AcDbLine
 10
318.462925
 20
954.005984
 30
0.0
 11
318.410925
 21
954.013984
 31
0.0
  0
LINE
  5
1C23
330
70
100
AcDbEntity
  8
Visible
100
AcDbLine
 10
318.516925
 20
954.000984
 30
0.0
 11
318.462925
 21
954.005984
 31
0.0
  0
LINE
  5
1C24
330
70
100
AcDbEntity
  8
Visible
100
AcDbLine
 10
318.572925
 20
953.998984
 30
0.0
 11
318.516925
 21
954.000984
 31
0.0
  0
LINE
  5
1C25
330
70
100
AcDbEntity
  8
Visible
100
AcDbLine
 10
318.628925
 20
954.000984
 30
0.0
 11
318.572925
 21
953.998984
 31
0.0
  0
LINE
  5
1C26
330
70
100
AcDbEntity
  8
Visible
100
AcDbLine
 10
313.977902
 20
950.037655
 30
0.0
 11
316.130925
 21
946.906984
 31
0.0
  0
LINE
  5
1C27
330
70
100
AcDbEntity
  8
Visible
100
AcDbLine
 10
314.040925
 20
950.045984
 30
0.0
 11
313.977902
 21
950.037655
 31
0.0
  0
LINE
  5
1C28
330
70
100
AcDbEntity
  8
Visible
100
AcDbLine
 10
314.254925
 20
950.088984
 30
0.0
 11
314.040925
 21
950.045984
 31
0.0
  0
LINE
  5
1C29
330
70
100
AcDbEntity
  8
Visible
100
AcDbLine
 10
314.455925
 20
950.144984
 30
0.0
 11
314.254925
 21
950.088984
 31
0.0
  0
LINE
  5
1C2A
330
70
100
AcDbEntity
  8
Visible
100
AcDbLine
 10
314.644925
 20
950.211984
 30
0.0
 11
314.455925
 21
950.144984
 31
0.0
  0
LINE
  5
1C2B
330
70
100
AcDbEntity
  8
Visible
100
AcDbLine
 10
314.821925
 20
950.291984
 30
0.0
 11
314.644925
 21
950.211984
 31
0.0
  0
LINE
  5
1C2C
330
70
100
AcDbEntity
  8
Visible
100
AcDbLine
 10
314.985925
 20
950.384984
 30
0.0
 11
314.821925
 21
950.291984
 31
0.0
  0
LINE
  5
1C2D
330
70
100
AcDbEntity
  8
Visible
100
AcDbLine
 10
315.136925
 20
950.488984
 30
0.0
 11
314.985925
 21
950.384984
 31
0.0
  0
LINE
  5
1C2E
330
70
100
AcDbEntity
  8
Visible
100
AcDbLine
 10
315.275925
 20
950.605984
 30
0.0
 11
315.136925
 21
950.488984
 31
0.0
  0
LINE
  5
1C2F
330
70
100
AcDbEntity
  8
Visible
100
AcDbLine
 10
315.401925
 20
950.732984
 30
0.0
 11
315.275925
 21
950.605984
 31
0.0
  0
LINE
  5
1C30
330
70
100
AcDbEntity
  8
Visible
100
AcDbLine
 10
315.514925
 20
950.866984
 30
0.0
 11
315.401925
 21
950.732984
 31
0.0
  0
LINE
  5
1C31
330
70
100
AcDbEntity
  8
Visible
100
AcDbLine
 10
315.613925
 20
951.008984
 30
0.0
 11
315.514925
 21
950.866984
 31
0.0
  0
LINE
  5
1C32
330
70
100
AcDbEntity
  8
Visible
100
AcDbLine
 10
315.699925
 20
951.157984
 30
0.0
 11
315.613925
 21
951.008984
 31
0.0
  0
LINE
  5
1C33
330
70
100
AcDbEntity
  8
Visible
100
AcDbLine
 10
315.772925
 20
951.314984
 30
0.0
 11
315.699925
 21
951.157984
 31
0.0
  0
LINE
  5
1C34
330
70
100
AcDbEntity
  8
Visible
100
AcDbLine
 10
315.832925
 20
951.478984
 30
0.0
 11
315.772925
 21
951.314984
 31
0.0
  0
LINE
  5
1C35
330
70
100
AcDbEntity
  8
Visible
100
AcDbLine
 10
315.878925
 20
951.650984
 30
0.0
 11
315.832925
 21
951.478984
 31
0.0
  0
LINE
  5
1C36
330
70
100
AcDbEntity
  8
Visible
100
AcDbLine
 10
315.911925
 20
951.829984
 30
0.0
 11
315.878925
 21
951.650984
 31
0.0
  0
LINE
  5
1C37
330
70
100
AcDbEntity
  8
Visible
100
AcDbLine
 10
315.931925
 20
952.016984
 30
0.0
 11
315.911925
 21
951.829984
 31
0.0
  0
LINE
  5
1C38
330
70
100
AcDbEntity
  8
Visible
100
AcDbLine
 10
315.938925
 20
952.210984
 30
0.0
 11
315.931925
 21
952.016984
 31
0.0
  0
LINE
  5
1C39
330
70
100
AcDbEntity
  8
Visible
100
AcDbLine
 10
315.931925
 20
952.407984
 30
0.0
 11
315.938925
 21
952.210984
 31
0.0
  0
LINE
  5
1C3A
330
70
100
AcDbEntity
  8
Visible
100
AcDbLine
 10
315.911925
 20
952.595984
 30
0.0
 11
315.931925
 21
952.407984
 31
0.0
  0
LINE
  5
1C3B
330
70
100
AcDbEntity
  8
Visible
100
AcDbLine
 10
315.878925
 20
952.776984
 30
0.0
 11
315.911925
 21
952.595984
 31
0.0
  0
LINE
  5
1C3C
330
70
100
AcDbEntity
  8
Visible
100
AcDbLine
 10
315.832925
 20
952.950984
 30
0.0
 11
315.878925
 21
952.776984
 31
0.0
  0
LINE
  5
1C3D
330
70
100
AcDbEntity
  8
Visible
100
AcDbLine
 10
315.772925
 20
953.115984
 30
0.0
 11
315.832925
 21
952.950984
 31
0.0
  0
LINE
  5
1C3E
330
70
100
AcDbEntity
  8
Visible
100
AcDbLine
 10
315.699925
 20
953.273984
 30
0.0
 11
315.772925
 21
953.115984
 31
0.0
  0
LINE
  5
1C3F
330
70
100
AcDbEntity
  8
Visible
100
AcDbLine
 10
315.613925
 20
953.423984
 30
0.0
 11
315.699925
 21
953.273984
 31
0.0
  0
LINE
  5
1C40
330
70
100
AcDbEntity
  8
Visible
100
AcDbLine
 10
315.514925
 20
953.566984
 30
0.0
 11
315.613925
 21
953.423984
 31
0.0
  0
LINE
  5
1C41
330
70
100
AcDbEntity
  8
Visible
100
AcDbLine
 10
315.401925
 20
953.700984
 30
0.0
 11
315.514925
 21
953.566984
 31
0.0
  0
LINE
  5
1C42
330
70
100
AcDbEntity
  8
Visible
100
AcDbLine
 10
315.275925
 20
953.827984
 30
0.0
 11
315.401925
 21
953.700984
 31
0.0
  0
LINE
  5
1C43
330
70
100
AcDbEntity
  8
Visible
100
AcDbLine
 10
315.136925
 20
953.944984
 30
0.0
 11
315.275925
 21
953.827984
 31
0.0
  0
LINE
  5
1C44
330
70
100
AcDbEntity
  8
Visible
100
AcDbLine
 10
314.985925
 20
954.048984
 30
0.0
 11
315.136925
 21
953.944984
 31
0.0
  0
LINE
  5
1C45
330
70
100
AcDbEntity
  8
Visible
100
AcDbLine
 10
314.821925
 20
954.141984
 30
0.0
 11
314.985925
 21
954.048984
 31
0.0
  0
LINE
  5
1C46
330
70
100
AcDbEntity
  8
Visible
100
AcDbLine
 10
314.644925
 20
954.221984
 30
0.0
 11
314.821925
 21
954.141984
 31
0.0
  0
LINE
  5
1C47
330
70
100
AcDbEntity
  8
Visible
100
AcDbLine
 10
314.455925
 20
954.288984
 30
0.0
 11
314.644925
 21
954.221984
 31
0.0
  0
LINE
  5
1C48
330
70
100
AcDbEntity
  8
Visible
100
AcDbLine
 10
314.254925
 20
954.344984
 30
0.0
 11
314.455925
 21
954.288984
 31
0.0
  0
LINE
  5
1C49
330
70
100
AcDbEntity
  8
Visible
100
AcDbLine
 10
314.040925
 20
954.387984
 30
0.0
 11
314.254925
 21
954.344984
 31
0.0
  0
LINE
  5
1C4A
330
70
100
AcDbEntity
  8
Visible
100
AcDbLine
 10
313.813925
 20
954.417984
 30
0.0
 11
314.040925
 21
954.387984
 31
0.0
  0
LINE
  5
1C4B
330
70
100
AcDbEntity
  8
Visible
100
AcDbLine
 10
313.574925
 20
954.436984
 30
0.0
 11
313.813925
 21
954.417984
 31
0.0
  0
LINE
  5
1C4C
330
70
100
AcDbEntity
  8
Visible
100
AcDbLine
 10
313.322925
 20
954.442984
 30
0.0
 11
313.574925
 21
954.436984
 31
0.0
  0
LINE
  5
1C4D
330
70
100
AcDbEntity
  8
Visible
100
AcDbLine
 10
310.694925
 20
954.442984
 30
0.0
 11
313.322925
 21
954.442984
 31
0.0
  0
LINE
  5
1C4E
330
70
100
AcDbEntity
  8
Visible
100
AcDbLine
 10
310.694925
 20
946.906984
 30
0.0
 11
310.694925
 21
954.442984
 31
0.0
  0
LINE
  5
1C4F
330
70
100
AcDbEntity
  8
Visible
100
AcDbLine
 10
311.630925
 20
946.906984
 30
0.0
 11
310.694925
 21
946.906984
 31
0.0
  0
LINE
  5
1C50
330
70
100
AcDbEntity
  8
Visible
100
AcDbLine
 10
311.630925
 20
949.990984
 30
0.0
 11
311.630925
 21
946.906984
 31
0.0
  0
LINE
  5
1C51
330
70
100
AcDbEntity
  8
Visible
100
AcDbLine
 10
312.971136
 20
949.990984
 30
0.0
 11
311.630925
 21
949.990984
 31
0.0
  0
LINE
  5
1C52
330
70
100
AcDbEntity
  8
Visible
100
AcDbLine
 10
314.918925
 20
946.906984
 30
0.0
 11
312.971136
 21
949.990984
 31
0.0
  0
LINE
  5
1C53
330
70
100
AcDbEntity
  8
Visible
100
AcDbLine
 10
316.130925
 20
946.906984
 30
0.0
 11
314.918925
 21
946.906984
 31
0.0
  0
LINE
  5
1C54
330
70
100
AcDbEntity
  8
Visible
100
AcDbLine
 10
518.209925
 20
1226.540984
 30
0.0
 11
524.209925
 21
1226.540984
 31
0.0
  0
LINE
  5
1C55
330
70
100
AcDbEntity
  8
Visible
100
AcDbLine
 10
518.209925
 20
1197.540984
 30
0.0
 11
518.209925
 21
1226.540984
 31
0.0
  0
LINE
  5
1C56
330
70
100
AcDbEntity
  8
Visible
100
AcDbLine
 10
524.209925
 20
1197.540984
 30
0.0
 11
518.209925
 21
1197.540984
 31
0.0
  0
LINE
  5
1C57
330
70
100
AcDbEntity
  8
Visible
100
AcDbLine
 10
524.209925
 20
1168.540984
 30
0.0
 11
524.209925
 21
1197.540984
 31
0.0
  0
LINE
  5
1C58
330
70
100
AcDbEntity
  8
Visible
100
AcDbLine
 10
518.209925
 20
1168.540984
 30
0.0
 11
524.209925
 21
1168.540984
 31
0.0
  0
LINE
  5
1C59
330
70
100
AcDbEntity
  8
Visible
100
AcDbLine
 10
518.209925
 20
1139.540984
 30
0.0
 11
518.209925
 21
1168.540984
 31
0.0
  0
LINE
  5
1C5A
330
70
100
AcDbEntity
  8
Visible
100
AcDbLine
 10
524.209925
 20
1139.540984
 30
0.0
 11
518.209925
 21
1139.540984
 31
0.0
  0
LINE
  5
1C5B
330
70
100
AcDbEntity
  8
Visible
100
AcDbLine
 10
524.209925
 20
1110.540984
 30
0.0
 11
524.209925
 21
1139.540984
 31
0.0
  0
LINE
  5
1C5C
330
70
100
AcDbEntity
  8
Visible
100
AcDbLine
 10
518.209925
 20
1110.540984
 30
0.0
 11
524.209925
 21
1110.540984
 31
0.0
  0
LINE
  5
1C5D
330
70
100
AcDbEntity
  8
Visible
100
AcDbLine
 10
518.209925
 20
1081.540984
 30
0.0
 11
518.209925
 21
1110.540984
 31
0.0
  0
LINE
  5
1C5E
330
70
100
AcDbEntity
  8
Visible
100
AcDbLine
 10
524.209925
 20
1081.540984
 30
0.0
 11
518.209925
 21
1081.540984
 31
0.0
  0
LINE
  5
1C5F
330
70
100
AcDbEntity
  8
Visible
100
AcDbLine
 10
524.209925
 20
1052.540984
 30
0.0
 11
524.209925
 21
1081.540984
 31
0.0
  0
LINE
  5
1C60
330
70
100
AcDbEntity
  8
Visible
100
AcDbLine
 10
518.209925
 20
1052.540984
 30
0.0
 11
524.209925
 21
1052.540984
 31
0.0
  0
LINE
  5
1C61
330
70
100
AcDbEntity
  8
Visible
100
AcDbLine
 10
518.209925
 20
1023.540984
 30
0.0
 11
518.209925
 21
1052.540984
 31
0.0
  0
LINE
  5
1C62
330
70
100
AcDbEntity
  8
Visible
100
AcDbLine
 10
524.209925
 20
1023.540984
 30
0.0
 11
518.209925
 21
1023.540984
 31
0.0
  0
LINE
  5
1C63
330
70
100
AcDbEntity
  8
Visible
100
AcDbLine
 10
524.209925
 20
994.540984
 30
0.0
 11
524.209925
 21
1023.540984
 31
0.0
  0
LINE
  5
1C64
330
70
100
AcDbEntity
  8
Visible
100
AcDbLine
 10
518.209925
 20
994.540984
 30
0.0
 11
524.209925
 21
994.540984
 31
0.0
  0
LINE
  5
1C65
330
70
100
AcDbEntity
  8
Visible
100
AcDbLine
 10
518.209925
 20
965.540984
 30
0.0
 11
518.209925
 21
994.540984
 31
0.0
  0
LINE
  5
1C66
330
70
100
AcDbEntity
  8
Visible
100
AcDbLine
 10
524.209925
 20
965.540984
 30
0.0
 11
518.209925
 21
965.540984
 31
0.0
  0
LINE
  5
1C67
330
70
100
AcDbEntity
  8
Visible
100
AcDbLine
 10
524.209925
 20
936.540984
 30
0.0
 11
524.209925
 21
965.540984
 31
0.0
  0
LINE
  5
1C68
330
70
100
AcDbEntity
  8
Visible
100
AcDbLine
 10
518.209925
 20
936.540984
 30
0.0
 11
524.209925
 21
936.540984
 31
0.0
  0
LINE
  5
1C69
330
70
100
AcDbEntity
  8
Visible
100
AcDbLine
 10
518.209925
 20
907.540984
 30
0.0
 11
518.209925
 21
936.540984
 31
0.0
  0
LINE
  5
1C6A
330
70
100
AcDbEntity
  8
Visible
100
AcDbLine
 10
524.209925
 20
907.540984
 30
0.0
 11
518.209925
 21
907.540984
 31
0.0
  0
LINE
  5
1C6B
330
70
100
AcDbEntity
  8
Visible
100
AcDbLine
 10
524.209925
 20
878.540984
 30
0.0
 11
524.209925
 21
907.540984
 31
0.0
  0
LINE
  5
1C6C
330
70
100
AcDbEntity
  8
Visible
100
AcDbLine
 10
518.209925
 20
878.540984
 30
0.0
 11
524.209925
 21
878.540984
 31
0.0
  0
LINE
  5
1C6D
330
70
100
AcDbEntity
  8
Visible
100
AcDbLine
 10
518.209925
 20
849.540984
 30
0.0
 11
518.209925
 21
878.540984
 31
0.0
  0
LINE
  5
1C6E
330
70
100
AcDbEntity
  8
Visible
100
AcDbLine
 10
524.209925
 20
849.540984
 30
0.0
 11
518.209925
 21
849.540984
 31
0.0
  0
LINE
  5
1C6F
330
70
100
AcDbEntity
  8
Visible
100
AcDbLine
 10
524.209925
 20
820.540984
 30
0.0
 11
524.209925
 21
849.540984
 31
0.0
  0
LINE
  5
1C70
330
70
100
AcDbEntity
  8
Visible
100
AcDbLine
 10
518.209925
 20
820.540984
 30
0.0
 11
524.209925
 21
820.540984
 31
0.0
  0
LINE
  5
1C71
330
70
100
AcDbEntity
  8
Visible
100
AcDbLine
 10
518.209925
 20
791.540984
 30
0.0
 11
518.209925
 21
820.540984
 31
0.0
  0
LINE
  5
1C72
330
70
100
AcDbEntity
  8
Visible
100
AcDbLine
 10
524.209925
 20
791.540984
 30
0.0
 11
518.209925
 21
791.540984
 31
0.0
  0
LINE
  5
1C73
330
70
100
AcDbEntity
  8
Visible
100
AcDbLine
 10
524.209925
 20
762.540984
 30
0.0
 11
524.209925
 21
791.540984
 31
0.0
  0
LINE
  5
1C74
330
70
100
AcDbEntity
  8
Visible
100
AcDbLine
 10
518.209925
 20
762.540984
 30
0.0
 11
524.209925
 21
762.540984
 31
0.0
  0
LINE
  5
1C75
330
70
100
AcDbEntity
  8
Visible
100
AcDbLine
 10
518.209925
 20
733.540984
 30
0.0
 11
518.209925
 21
762.540984
 31
0.0
  0
LINE
  5
1C76
330
70
100
AcDbEntity
  8
Visible
100
AcDbLine
 10
524.209925
 20
733.540984
 30
0.0
 11
518.209925
 21
733.540984
 31
0.0
  0
LINE
  5
1C77
330
70
100
AcDbEntity
  8
Visible
100
AcDbLine
 10
524.209925
 20
704.540984
 30
0.0
 11
524.209925
 21
733.540984
 31
0.0
  0
LINE
  5
1C78
330
70
100
AcDbEntity
  8
Visible
100
AcDbLine
 10
518.209925
 20
704.540984
 30
0.0
 11
524.209925
 21
704.540984
 31
0.0
  0
LINE
  5
1C79
330
70
100
AcDbEntity
  8
Visible
100
AcDbLine
 10
518.209925
 20
675.540984
 30
0.0
 11
518.209925
 21
704.540984
 31
0.0
  0
LINE
  5
1C7A
330
70
100
AcDbEntity
  8
Visible
100
AcDbLine
 10
524.209925
 20
675.540984
 30
0.0
 11
518.209925
 21
675.540984
 31
0.0
  0
LINE
  5
1C7B
330
70
100
AcDbEntity
  8
Visible
100
AcDbLine
 10
524.209925
 20
651.040984
 30
0.0
 11
524.209925
 21
675.540984
 31
0.0
  0
LINE
  5
1C7C
330
70
100
AcDbEntity
  8
Visible
100
AcDbLine
 10
483.709925
 20
651.040984
 30
0.0
 11
524.209925
 21
651.040984
 31
0.0
  0
LINE
  5
1C7D
330
70
100
AcDbEntity
  8
Visible
100
AcDbLine
 10
483.709925
 20
657.040984
 30
0.0
 11
483.709925
 21
651.040984
 31
0.0
  0
LINE
  5
1C7E
330
70
100
AcDbEntity
  8
Visible
100
AcDbLine
 10
454.709925
 20
657.040984
 30
0.0
 11
483.709925
 21
657.040984
 31
0.0
  0
LINE
  5
1C7F
330
70
100
AcDbEntity
  8
Visible
100
AcDbLine
 10
454.709925
 20
651.040984
 30
0.0
 11
454.709925
 21
657.040984
 31
0.0
  0
LINE
  5
1C80
330
70
100
AcDbEntity
  8
Visible
100
AcDbLine
 10
425.709925
 20
651.040984
 30
0.0
 11
454.709925
 21
651.040984
 31
0.0
  0
LINE
  5
1C81
330
70
100
AcDbEntity
  8
Visible
100
AcDbLine
 10
425.709925
 20
657.040984
 30
0.0
 11
425.709925
 21
651.040984
 31
0.0
  0
LINE
  5
1C82
330
70
100
AcDbEntity
  8
Visible
100
AcDbLine
 10
396.709925
 20
657.040984
 30
0.0
 11
425.709925
 21
657.040984
 31
0.0
  0
LINE
  5
1C83
330
70
100
AcDbEntity
  8
Visible
100
AcDbLine
 10
396.709925
 20
651.040984
 30
0.0
 11
396.709925
 21
657.040984
 31
0.0
  0
LINE
  5
1C84
330
70
100
AcDbEntity
  8
Visible
100
AcDbLine
 10
367.709925
 20
651.040984
 30
0.0
 11
396.709925
 21
651.040984
 31
0.0
  0
LINE
  5
1C85
330
70
100
AcDbEntity
  8
Visible
100
AcDbLine
 10
367.709925
 20
657.040984
 30
0.0
 11
367.709925
 21
651.040984
 31
0.0
  0
LINE
  5
1C86
330
70
100
AcDbEntity
  8
Visible
100
AcDbLine
 10
338.709925
 20
657.040984
 30
0.0
 11
367.709925
 21
657.040984
 31
0.0
  0
LINE
  5
1C87
330
70
100
AcDbEntity
  8
Visible
100
AcDbLine
 10
338.709925
 20
651.040984
 30
0.0
 11
338.709925
 21
657.040984
 31
0.0
  0
LINE
  5
1C88
330
70
100
AcDbEntity
  8
Visible
100
AcDbLine
 10
309.709925
 20
651.040984
 30
0.0
 11
338.709925
 21
651.040984
 31
0.0
  0
LINE
  5
1C89
330
70
100
AcDbEntity
  8
Visible
100
AcDbLine
 10
309.709925
 20
657.040984
 30
0.0
 11
309.709925
 21
651.040984
 31
0.0
  0
LINE
  5
1C8A
330
70
100
AcDbEntity
  8
Visible
100
AcDbLine
 10
280.709925
 20
657.040984
 30
0.0
 11
309.709925
 21
657.040984
 31
0.0
  0
LINE
  5
1C8B
330
70
100
AcDbEntity
  8
Visible
100
AcDbLine
 10
280.709925
 20
651.040984
 30
0.0
 11
280.709925
 21
657.040984
 31
0.0
  0
LINE
  5
1C8C
330
70
100
AcDbEntity
  8
Visible
100
AcDbLine
 10
251.709925
 20
651.040984
 30
0.0
 11
280.709925
 21
651.040984
 31
0.0
  0
LINE
  5
1C8D
330
70
100
AcDbEntity
  8
Visible
100
AcDbLine
 10
251.709925
 20
657.040984
 30
0.0
 11
251.709925
 21
651.040984
 31
0.0
  0
LINE
  5
1C8E
330
70
100
AcDbEntity
  8
Visible
100
AcDbLine
 10
222.709925
 20
657.040984
 30
0.0
 11
251.709925
 21
657.040984
 31
0.0
  0
LINE
  5
1C8F
330
70
100
AcDbEntity
  8
Visible
100
AcDbLine
 10
222.709925
 20
651.040984
 30
0.0
 11
222.709925
 21
657.040984
 31
0.0
  0
LINE
  5
1C90
330
70
100
AcDbEntity
  8
Visible
100
AcDbLine
 10
193.709925
 20
651.040984
 30
0.0
 11
222.709925
 21
651.040984
 31
0.0
  0
LINE
  5
1C91
330
70
100
AcDbEntity
  8
Visible
100
AcDbLine
 10
193.709925
 20
657.040984
 30
0.0
 11
193.709925
 21
651.040984
 31
0.0
  0
LINE
  5
1C92
330
70
100
AcDbEntity
  8
Visible
100
AcDbLine
 10
164.709925
 20
657.040984
 30
0.0
 11
193.709925
 21
657.040984
 31
0.0
  0
LINE
  5
1C93
330
70
100
AcDbEntity
  8
Visible
100
AcDbLine
 10
164.709925
 20
651.040984
 30
0.0
 11
164.709925
 21
657.040984
 31
0.0
  0
LINE
  5
1C94
330
70
100
AcDbEntity
  8
Visible
100
AcDbLine
 10
124.209925
 20
651.040984
 30
0.0
 11
164.709925
 21
651.040984
 31
0.0
  0
LINE
  5
1C95
330
70
100
AcDbEntity
  8
Visible
100
AcDbLine
 10
124.209925
 20
675.540984
 30
0.0
 11
124.209925
 21
651.040984
 31
0.0
  0
LINE
  5
1C96
330
70
100
AcDbEntity
  8
Visible
100
AcDbLine
 10
130.209925
 20
675.540984
 30
0.0
 11
124.209925
 21
675.540984
 31
0.0
  0
LINE
  5
1C97
330
70
100
AcDbEntity
  8
Visible
100
AcDbLine
 10
130.209925
 20
704.540984
 30
0.0
 11
130.209925
 21
675.540984
 31
0.0
  0
LINE
  5
1C98
330
70
100
AcDbEntity
  8
Visible
100
AcDbLine
 10
124.209925
 20
704.540984
 30
0.0
 11
130.209925
 21
704.540984
 31
0.0
  0
LINE
  5
1C99
330
70
100
AcDbEntity
  8
Visible
100
AcDbLine
 10
124.209925
 20
733.540984
 30
0.0
 11
124.209925
 21
704.540984
 31
0.0
  0
LINE
  5
1C9A
330
70
100
AcDbEntity
  8
Visible
100
AcDbLine
 10
130.209925
 20
733.540984
 30
0.0
 11
124.209925
 21
733.540984
 31
0.0
  0
LINE
  5
1C9B
330
70
100
AcDbEntity
  8
Visible
100
AcDbLine
 10
130.209925
 20
762.540984
 30
0.0
 11
130.209925
 21
733.540984
 31
0.0
  0
LINE
  5
1C9C
330
70
100
AcDbEntity
  8
Visible
100
AcDbLine
 10
124.209925
 20
762.540984
 30
0.0
 11
130.209925
 21
762.540984
 31
0.0
  0
LINE
  5
1C9D
330
70
100
AcDbEntity
  8
Visible
100
AcDbLine
 10
124.209925
 20
791.540984
 30
0.0
 11
124.209925
 21
762.540984
 31
0.0
  0
LINE
  5
1C9E
330
70
100
AcDbEntity
  8
Visible
100
AcDbLine
 10
130.209925
 20
791.540984
 30
0.0
 11
124.209925
 21
791.540984
 31
0.0
  0
LINE
  5
1C9F
330
70
100
AcDbEntity
  8
Visible
100
AcDbLine
 10
130.209925
 20
820.540984
 30
0.0
 11
130.209925
 21
791.540984
 31
0.0
  0
LINE
  5
1CA0
330
70
100
AcDbEntity
  8
Visible
100
AcDbLine
 10
124.209925
 20
820.540984
 30
0.0
 11
130.209925
 21
820.540984
 31
0.0
  0
LINE
  5
1CA1
330
70
100
AcDbEntity
  8
Visible
100
AcDbLine
 10
124.209925
 20
849.540984
 30
0.0
 11
124.209925
 21
820.540984
 31
0.0
  0
LINE
  5
1CA2
330
70
100
AcDbEntity
  8
Visible
100
AcDbLine
 10
130.209925
 20
849.540984
 30
0.0
 11
124.209925
 21
849.540984
 31
0.0
  0
LINE
  5
1CA3
330
70
100
AcDbEntity
  8
Visible
100
AcDbLine
 10
130.209925
 20
878.540984
 30
0.0
 11
130.209925
 21
849.540984
 31
0.0
  0
LINE
  5
1CA4
330
70
100
AcDbEntity
  8
Visible
100
AcDbLine
 10
124.209925
 20
878.540984
 30
0.0
 11
130.209925
 21
878.540984
 31
0.0
  0
LINE
  5
1CA5
330
70
100
AcDbEntity
  8
Visible
100
AcDbLine
 10
124.209925
 20
907.540984
 30
0.0
 11
124.209925
 21
878.540984
 31
0.0
  0
LINE
  5
1CA6
330
70
100
AcDbEntity
  8
Visible
100
AcDbLine
 10
130.209925
 20
907.540984
 30
0.0
 11
124.209925
 21
907.540984
 31
0.0
  0
LINE
  5
1CA7
330
70
100
AcDbEntity
  8
Visible
100
AcDbLine
 10
130.209925
 20
936.540984
 30
0.0
 11
130.209925
 21
907.540984
 31
0.0
  0
LINE
  5
1CA8
330
70
100
AcDbEntity
  8
Visible
100
AcDbLine
 10
124.209925
 20
936.540984
 30
0.0
 11
130.209925
 21
936.540984
 31
0.0
  0
LINE
  5
1CA9
330
70
100
AcDbEntity
  8
Visible
100
AcDbLine
 10
124.209925
 20
965.540984
 30
0.0
 11
124.209925
 21
936.540984
 31
0.0
  0
LINE
  5
1CAA
330
70
100
AcDbEntity
  8
Visible
100
AcDbLine
 10
130.209925
 20
965.540984
 30
0.0
 11
124.209925
 21
965.540984
 31
0.0
  0
LINE
  5
1CAB
330
70
100
AcDbEntity
  8
Visible
100
AcDbLine
 10
130.209925
 20
994.540984
 30
0.0
 11
130.209925
 21
965.540984
 31
0.0
  0
LINE
  5
1CAC
330
70
100
AcDbEntity
  8
Visible
100
AcDbLine
 10
124.209925
 20
994.540984
 30
0.0
 11
130.209925
 21
994.540984
 31
0.0
  0
LINE
  5
1CAD
330
70
100
AcDbEntity
  8
Visible
100
AcDbLine
 10
124.209925
 20
1023.540984
 30
0.0
 11
124.209925
 21
994.540984
 31
0.0
  0
LINE
  5
1CAE
330
70
100
AcDbEntity
  8
Visible
100
AcDbLine
 10
130.209925
 20
1023.540984
 30
0.0
 11
124.209925
 21
1023.540984
 31
0.0
  0
LINE
  5
1CAF
330
70
100
AcDbEntity
  8
Visible
100
AcDbLine
 10
130.209925
 20
1052.540984
 30
0.0
 11
130.209925
 21
1023.540984
 31
0.0
  0
LINE
  5
1CB0
330
70
100
AcDbEntity
  8
Visible
100
AcDbLine
 10
124.209925
 20
1052.540984
 30
0.0
 11
130.209925
 21
1052.540984
 31
0.0
  0
LINE
  5
1CB1
330
70
100
AcDbEntity
  8
Visible
100
AcDbLine
 10
124.209925
 20
1081.540984
 30
0.0
 11
124.209925
 21
1052.540984
 31
0.0
  0
LINE
  5
1CB2
330
70
100
AcDbEntity
  8
Visible
100
AcDbLine
 10
130.209925
 20
1081.540984
 30
0.0
 11
124.209925
 21
1081.540984
 31
0.0
  0
LINE
  5
1CB3
330
70
100
AcDbEntity
  8
Visible
100
AcDbLine
 10
130.209925
 20
1110.540984
 30
0.0
 11
130.209925
 21
1081.540984
 31
0.0
  0
LINE
  5
1CB4
330
70
100
AcDbEntity
  8
Visible
100
AcDbLine
 10
124.209925
 20
1110.540984
 30
0.0
 11
130.209925
 21
1110.540984
 31
0.0
  0
LINE
  5
1CB5
330
70
100
AcDbEntity
  8
Visible
100
AcDbLine
 10
124.209925
 20
1139.540984
 30
0.0
 11
124.209925
 21
1110.540984
 31
0.0
  0
LINE
  5
1CB6
330
70
100
AcDbEntity
  8
Visible
100
AcDbLine
 10
130.209925
 20
1139.540984
 30
0.0
 11
124.209925
 21
1139.540984
 31
0.0
  0
LINE
  5
1CB7
330
70
100
AcDbEntity
  8
Visible
100
AcDbLine
 10
130.209925
 20
1168.540984
 30
0.0
 11
130.209925
 21
1139.540984
 31
0.0
  0
LINE
  5
1CB8
330
70
100
AcDbEntity
  8
Visible
100
AcDbLine
 10
124.209925
 20
1168.540984
 30
0.0
 11
130.209925
 21
1168.540984
 31
0.0
  0
LINE
  5
1CB9
330
70
100
AcDbEntity
  8
Visible
100
AcDbLine
 10
124.209925
 20
1197.540984
 30
0.0
 11
124.209925
 21
1168.540984
 31
0.0
  0
LINE
  5
1CBA
330
70
100
AcDbEntity
  8
Visible
100
AcDbLine
 10
130.209925
 20
1197.540984
 30
0.0
 11
124.209925
 21
1197.540984
 31
0.0
  0
LINE
  5
1CBB
330
70
100
AcDbEntity
  8
Visible
100
AcDbLine
 10
130.209925
 20
1226.540984
 30
0.0
 11
130.209925
 21
1197.540984
 31
0.0
  0
LINE
  5
1CBC
330
70
100
AcDbEntity
  8
Visible
100
AcDbLine
 10
124.209925
 20
1226.540984
 30
0.0
 11
130.209925
 21
1226.540984
 31
0.0
  0
LINE
  5
1CBD
330
70
100
AcDbEntity
  8
Visible
100
AcDbLine
 10
124.209925
 20
1251.040984
 30
0.0
 11
124.209925
 21
1226.540984
 31
0.0
  0
LINE
  5
1CBE
330
70
100
AcDbEntity
  8
Visible
100
AcDbLine
 10
164.709925
 20
1251.040984
 30
0.0
 11
124.209925
 21
1251.040984
 31
0.0
  0
LINE
  5
1CBF
330
70
100
AcDbEntity
  8
Visible
100
AcDbLine
 10
164.709925
 20
1245.040984
 30
0.0
 11
164.709925
 21
1251.040984
 31
0.0
  0
LINE
  5
1CC0
330
70
100
AcDbEntity
  8
Visible
100
AcDbLine
 10
193.709925
 20
1245.040984
 30
0.0
 11
164.709925
 21
1245.040984
 31
0.0
  0
LINE
  5
1CC1
330
70
100
AcDbEntity
  8
Visible
100
AcDbLine
 10
193.709925
 20
1251.040984
 30
0.0
 11
193.709925
 21
1245.040984
 31
0.0
  0
LINE
  5
1CC2
330
70
100
AcDbEntity
  8
Visible
100
AcDbLine
 10
222.709925
 20
1251.040984
 30
0.0
 11
193.709925
 21
1251.040984
 31
0.0
  0
LINE
  5
1CC3
330
70
100
AcDbEntity
  8
Visible
100
AcDbLine
 10
222.709925
 20
1245.040984
 30
0.0
 11
222.709925
 21
1251.040984
 31
0.0
  0
LINE
  5
1CC4
330
70
100
AcDbEntity
  8
Visible
100
AcDbLine
 10
251.709925
 20
1245.040984
 30
0.0
 11
222.709925
 21
1245.040984
 31
0.0
  0
LINE
  5
1CC5
330
70
100
AcDbEntity
  8
Visible
100
AcDbLine
 10
251.709925
 20
1251.040984
 30
0.0
 11
251.709925
 21
1245.040984
 31
0.0
  0
LINE
  5
1CC6
330
70
100
AcDbEntity
  8
Visible
100
AcDbLine
 10
280.709925
 20
1251.040984
 30
0.0
 11
251.709925
 21
1251.040984
 31
0.0
  0
LINE
  5
1CC7
330
70
100
AcDbEntity
  8
Visible
100
AcDbLine
 10
280.709925
 20
1245.040984
 30
0.0
 11
280.709925
 21
1251.040984
 31
0.0
  0
LINE
  5
1CC8
330
70
100
AcDbEntity
  8
Visible
100
AcDbLine
 10
309.709925
 20
1245.040984
 30
0.0
 11
280.709925
 21
1245.040984
 31
0.0
  0
LINE
  5
1CC9
330
70
100
AcDbEntity
  8
Visible
100
AcDbLine
 10
309.709925
 20
1251.040984
 30
0.0
 11
309.709925
 21
1245.040984
 31
0.0
  0
LINE
  5
1CCA
330
70
100
AcDbEntity
  8
Visible
100
AcDbLine
 10
338.709925
 20
1251.040984
 30
0.0
 11
309.709925
 21
1251.040984
 31
0.0
  0
LINE
  5
1CCB
330
70
100
AcDbEntity
  8
Visible
100
AcDbLine
 10
338.709925
 20
1245.040984
 30
0.0
 11
338.709925
 21
1251.040984
 31
0.0
  0
LINE
  5
1CCC
330
70
100
AcDbEntity
  8
Visible
100
AcDbLine
 10
367.709925
 20
1245.040984
 30
0.0
 11
338.709925
 21
1245.040984
 31
0.0
  0
LINE
  5
1CCD
330
70
100
AcDbEntity
  8
Visible
100
AcDbLine
 10
367.709925
 20
1251.040984
 30
0.0
 11
367.709925
 21
1245.040984
 31
0.0
  0
LINE
  5
1CCE
330
70
100
AcDbEntity
  8
Visible
100
AcDbLine
 10
396.709925
 20
1251.040984
 30
0.0
 11
367.709925
 21
1251.040984
 31
0.0
  0
LINE
  5
1CCF
330
70
100
AcDbEntity
  8
Visible
100
AcDbLine
 10
396.709925
 20
1245.040984
 30
0.0
 11
396.709925
 21
1251.040984
 31
0.0
  0
LINE
  5
1CD0
330
70
100
AcDbEntity
  8
Visible
100
AcDbLine
 10
425.709925
 20
1245.040984
 30
0.0
 11
396.709925
 21
1245.040984
 31
0.0
  0
LINE
  5
1CD1
330
70
100
AcDbEntity
  8
Visible
100
AcDbLine
 10
425.709925
 20
1251.040984
 30
0.0
 11
425.709925
 21
1245.040984
 31
0.0
  0
LINE
  5
1CD2
330
70
100
AcDbEntity
  8
Visible
100
AcDbLine
 10
454.709925
 20
1251.040984
 30
0.0
 11
425.709925
 21
1251.040984
 31
0.0
  0
LINE
  5
1CD3
330
70
100
AcDbEntity
  8
Visible
100
AcDbLine
 10
454.709925
 20
1245.040984
 30
0.0
 11
454.709925
 21
1251.040984
 31
0.0
  0
LINE
  5
1CD4
330
70
100
AcDbEntity
  8
Visible
100
AcDbLine
 10
483.709925
 20
1245.040984
 30
0.0
 11
454.709925
 21
1245.040984
 31
0.0
  0
LINE
  5
1CD5
330
70
100
AcDbEntity
  8
Visible
100
AcDbLine
 10
483.709925
 20
1251.040984
 30
0.0
 11
483.709925
 21
1245.040984
 31
0.0
  0
LINE
  5
1CD6
330
70
100
AcDbEntity
  8
Visible
100
AcDbLine
 10
524.209925
 20
1251.040984
 30
0.0
 11
483.709925
 21
1251.040984
 31
0.0
  0
LINE
  5
1CD7
330
70
100
AcDbEntity
  8
Visible
100
AcDbLine
 10
524.209925
 20
1226.540984
 30
0.0
 11
524.209925
 21
1251.040984
 31
0.0
  0
CIRCLE
  5
1CD8
330
70
100
AcDbEntity
  8
Visible
100
AcDbCircle
 10
-747.209934
 20
1104.041002
 30
0.0
 40
13.99999999999998
210
0.0
220
0.0
230
-1.0
  0
CIRCLE
  5
1CD9
330
70
100
AcDbEntity
  8
Visible
100
AcDbCircle
 10
-707.209934
 20
1104.041002
 30
0.0
 40
13.99999999999998
210
0.0
220
0.0
230
-1.0
  0
CIRCLE
  5
1CDA
330
70
100
AcDbEntity
  8
Visible
100
AcDbCircle
 10
-727.209934
 20
1254.041002
 30
0.0
 40
7.999999999999971
210
0.0
220
0.0
230
-1.0
  0
LINE
  5
1CDB
330
70
100
AcDbEntity
  8
Visible
100
AcDbLine
 10
921.209925
 20
1448.040984
 30
0.0
 11
886.709925
 21
1448.040984
 31
0.0
  0
LINE
  5
1CDC
330
70
100
AcDbEntity
  8
Visible
100
AcDbLine
 10
921.209925
 20
1413.540984
 30
0.0
 11
921.209925
 21
1448.040984
 31
0.0
  0
LINE
  5
1CDD
330
70
100
AcDbEntity
  8
Visible
100
AcDbLine
 10
927.209925
 20
1413.540984
 30
0.0
 11
921.209925
 21
1413.540984
 31
0.0
  0
LINE
  5
1CDE
330
70
100
AcDbEntity
  8
Visible
100
AcDbLine
 10
927.209925
 20
1384.540984
 30
0.0
 11
927.209925
 21
1413.540984
 31
0.0
  0
LINE
  5
1CDF
330
70
100
AcDbEntity
  8
Visible
100
AcDbLine
 10
921.209925
 20
1384.540984
 30
0.0
 11
927.209925
 21
1384.540984
 31
0.0
  0
LINE
  5
1CE0
330
70
100
AcDbEntity
  8
Visible
100
AcDbLine
 10
921.209925
 20
1355.540984
 30
0.0
 11
921.209925
 21
1384.540984
 31
0.0
  0
LINE
  5
1CE1
330
70
100
AcDbEntity
  8
Visible
100
AcDbLine
 10
927.209925
 20
1355.540984
 30
0.0
 11
921.209925
 21
1355.540984
 31
0.0
  0
LINE
  5
1CE2
330
70
100
AcDbEntity
  8
Visible
100
AcDbLine
 10
927.209925
 20
1326.540984
 30
0.0
 11
927.209925
 21
1355.540984
 31
0.0
  0
LINE
  5
1CE3
330
70
100
AcDbEntity
  8
Visible
100
AcDbLine
 10
921.209925
 20
1326.540984
 30
0.0
 11
927.209925
 21
1326.540984
 31
0.0
  0
LINE
  5
1CE4
330
70
100
AcDbEntity
  8
Visible
100
AcDbLine
 10
921.209925
 20
1297.540984
 30
0.0
 11
921.209925
 21
1326.540984
 31
0.0
  0
LINE
  5
1CE5
330
70
100
AcDbEntity
  8
Visible
100
AcDbLine
 10
927.209925
 20
1297.540984
 30
0.0
 11
921.209925
 21
1297.540984
 31
0.0
  0
LINE
  5
1CE6
330
70
100
AcDbEntity
  8
Visible
100
AcDbLine
 10
927.209925
 20
1268.540984
 30
0.0
 11
927.209925
 21
1297.540984
 31
0.0
  0
LINE
  5
1CE7
330
70
100
AcDbEntity
  8
Visible
100
AcDbLine
 10
921.209925
 20
1268.540984
 30
0.0
 11
927.209925
 21
1268.540984
 31
0.0
  0
LINE
  5
1CE8
330
70
100
AcDbEntity
  8
Visible
100
AcDbLine
 10
921.209925
 20
1239.540984
 30
0.0
 11
921.209925
 21
1268.540984
 31
0.0
  0
LINE
  5
1CE9
330
70
100
AcDbEntity
  8
Visible
100
AcDbLine
 10
927.209925
 20
1239.540984
 30
0.0
 11
921.209925
 21
1239.540984
 31
0.0
  0
LINE
  5
1CEA
330
70
100
AcDbEntity
  8
Visible
100
AcDbLine
 10
927.209925
 20
1210.540984
 30
0.0
 11
927.209925
 21
1239.540984
 31
0.0
  0
LINE
  5
1CEB
330
70
100
AcDbEntity
  8
Visible
100
AcDbLine
 10
921.209925
 20
1210.540984
 30
0.0
 11
927.209925
 21
1210.540984
 31
0.0
  0
LINE
  5
1CEC
330
70
100
AcDbEntity
  8
Visible
100
AcDbLine
 10
921.209925
 20
1181.540984
 30
0.0
 11
921.209925
 21
1210.540984
 31
0.0
  0
LINE
  5
1CED
330
70
100
AcDbEntity
  8
Visible
100
AcDbLine
 10
927.209925
 20
1181.540984
 30
0.0
 11
921.209925
 21
1181.540984
 31
0.0
  0
LINE
  5
1CEE
330
70
100
AcDbEntity
  8
Visible
100
AcDbLine
 10
927.209925
 20
1152.540984
 30
0.0
 11
927.209925
 21
1181.540984
 31
0.0
  0
LINE
  5
1CEF
330
70
100
AcDbEntity
  8
Visible
100
AcDbLine
 10
921.209925
 20
1152.540984
 30
0.0
 11
927.209925
 21
1152.540984
 31
0.0
  0
LINE
  5
1CF0
330
70
100
AcDbEntity
  8
Visible
100
AcDbLine
 10
921.209925
 20
1123.540984
 30
0.0
 11
921.209925
 21
1152.540984
 31
0.0
  0
LINE
  5
1CF1
330
70
100
AcDbEntity
  8
Visible
100
AcDbLine
 10
927.209925
 20
1123.540984
 30
0.0
 11
921.209925
 21
1123.540984
 31
0.0
  0
LINE
  5
1CF2
330
70
100
AcDbEntity
  8
Visible
100
AcDbLine
 10
927.209925
 20
1094.540984
 30
0.0
 11
927.209925
 21
1123.540984
 31
0.0
  0
LINE
  5
1CF3
330
70
100
AcDbEntity
  8
Visible
100
AcDbLine
 10
921.209925
 20
1094.540984
 30
0.0
 11
927.209925
 21
1094.540984
 31
0.0
  0
LINE
  5
1CF4
330
70
100
AcDbEntity
  8
Visible
100
AcDbLine
 10
921.209925
 20
1060.040984
 30
0.0
 11
921.209925
 21
1094.540984
 31
0.0
  0
LINE
  5
1CF5
330
70
100
AcDbEntity
  8
Visible
100
AcDbLine
 10
886.709925
 20
1060.040984
 30
0.0
 11
921.209925
 21
1060.040984
 31
0.0
  0
LINE
  5
1CF6
330
70
100
AcDbEntity
  8
Visible
100
AcDbLine
 10
886.709925
 20
1054.040984
 30
0.0
 11
886.709925
 21
1060.040984
 31
0.0
  0
LINE
  5
1CF7
330
70
100
AcDbEntity
  8
Visible
100
AcDbLine
 10
857.709925
 20
1054.040984
 30
0.0
 11
886.709925
 21
1054.040984
 31
0.0
  0
LINE
  5
1CF8
330
70
100
AcDbEntity
  8
Visible
100
AcDbLine
 10
857.709925
 20
1060.040984
 30
0.0
 11
857.709925
 21
1054.040984
 31
0.0
  0
LINE
  5
1CF9
330
70
100
AcDbEntity
  8
Visible
100
AcDbLine
 10
828.709925
 20
1060.040984
 30
0.0
 11
857.709925
 21
1060.040984
 31
0.0
  0
LINE
  5
1CFA
330
70
100
AcDbEntity
  8
Visible
100
AcDbLine
 10
828.709925
 20
1054.040984
 30
0.0
 11
828.709925
 21
1060.040984
 31
0.0
  0
LINE
  5
1CFB
330
70
100
AcDbEntity
  8
Visible
100
AcDbLine
 10
799.709925
 20
1054.040984
 30
0.0
 11
828.709925
 21
1054.040984
 31
0.0
  0
LINE
  5
1CFC
330
70
100
AcDbEntity
  8
Visible
100
AcDbLine
 10
799.709925
 20
1060.040984
 30
0.0
 11
799.709925
 21
1054.040984
 31
0.0
  0
LINE
  5
1CFD
330
70
100
AcDbEntity
  8
Visible
100
AcDbLine
 10
770.709925
 20
1060.040984
 30
0.0
 11
799.709925
 21
1060.040984
 31
0.0
  0
LINE
  5
1CFE
330
70
100
AcDbEntity
  8
Visible
100
AcDbLine
 10
770.709925
 20
1054.040984
 30
0.0
 11
770.709925
 21
1060.040984
 31
0.0
  0
LINE
  5
1CFF
330
70
100
AcDbEntity
  8
Visible
100
AcDbLine
 10
741.709925
 20
1054.040984
 30
0.0
 11
770.709925
 21
1054.040984
 31
0.0
  0
LINE
  5
1D00
330
70
100
AcDbEntity
  8
Visible
100
AcDbLine
 10
741.709925
 20
1060.040984
 30
0.0
 11
741.709925
 21
1054.040984
 31
0.0
  0
LINE
  5
1D01
330
70
100
AcDbEntity
  8
Visible
100
AcDbLine
 10
712.709925
 20
1060.040984
 30
0.0
 11
741.709925
 21
1060.040984
 31
0.0
  0
LINE
  5
1D02
330
70
100
AcDbEntity
  8
Visible
100
AcDbLine
 10
712.709925
 20
1054.040984
 30
0.0
 11
712.709925
 21
1060.040984
 31
0.0
  0
LINE
  5
1D03
330
70
100
AcDbEntity
  8
Visible
100
AcDbLine
 10
683.709925
 20
1054.040984
 30
0.0
 11
712.709925
 21
1054.040984
 31
0.0
  0
LINE
  5
1D04
330
70
100
AcDbEntity
  8
Visible
100
AcDbLine
 10
683.709925
 20
1060.040984
 30
0.0
 11
683.709925
 21
1054.040984
 31
0.0
  0
LINE
  5
1D05
330
70
100
AcDbEntity
  8
Visible
100
AcDbLine
 10
654.709925
 20
1060.040984
 30
0.0
 11
683.709925
 21
1060.040984
 31
0.0
  0
LINE
  5
1D06
330
70
100
AcDbEntity
  8
Visible
100
AcDbLine
 10
654.709925
 20
1054.040984
 30
0.0
 11
654.709925
 21
1060.040984
 31
0.0
  0
LINE
  5
1D07
330
70
100
AcDbEntity
  8
Visible
100
AcDbLine
 10
625.709925
 20
1054.040984
 30
0.0
 11
654.709925
 21
1054.040984
 31
0.0
  0
LINE
  5
1D08
330
70
100
AcDbEntity
  8
Visible
100
AcDbLine
 10
625.709925
 20
1060.040984
 30
0.0
 11
625.709925
 21
1054.040984
 31
0.0
  0
LINE
  5
1D09
330
70
100
AcDbEntity
  8
Visible
100
AcDbLine
 10
596.709925
 20
1060.040984
 30
0.0
 11
625.709925
 21
1060.040984
 31
0.0
  0
LINE
  5
1D0A
330
70
100
AcDbEntity
  8
Visible
100
AcDbLine
 10
596.709925
 20
1054.040984
 30
0.0
 11
596.709925
 21
1060.040984
 31
0.0
  0
LINE
  5
1D0B
330
70
100
AcDbEntity
  8
Visible
100
AcDbLine
 10
567.709925
 20
1054.040984
 30
0.0
 11
596.709925
 21
1054.040984
 31
0.0
  0
LINE
  5
1D0C
330
70
100
AcDbEntity
  8
Visible
100
AcDbLine
 10
567.709925
 20
1060.040984
 30
0.0
 11
567.709925
 21
1054.040984
 31
0.0
  0
LINE
  5
1D0D
330
70
100
AcDbEntity
  8
Visible
100
AcDbLine
 10
533.209925
 20
1060.040984
 30
0.0
 11
567.709925
 21
1060.040984
 31
0.0
  0
LINE
  5
1D0E
330
70
100
AcDbEntity
  8
Visible
100
AcDbLine
 10
533.209925
 20
1094.540984
 30
0.0
 11
533.209925
 21
1060.040984
 31
0.0
  0
LINE
  5
1D0F
330
70
100
AcDbEntity
  8
Visible
100
AcDbLine
 10
527.209925
 20
1094.540984
 30
0.0
 11
533.209925
 21
1094.540984
 31
0.0
  0
LINE
  5
1D10
330
70
100
AcDbEntity
  8
Visible
100
AcDbLine
 10
527.209925
 20
1123.540984
 30
0.0
 11
527.209925
 21
1094.540984
 31
0.0
  0
LINE
  5
1D11
330
70
100
AcDbEntity
  8
Visible
100
AcDbLine
 10
533.209925
 20
1123.540984
 30
0.0
 11
527.209925
 21
1123.540984
 31
0.0
  0
LINE
  5
1D12
330
70
100
AcDbEntity
  8
Visible
100
AcDbLine
 10
533.209925
 20
1152.540984
 30
0.0
 11
533.209925
 21
1123.540984
 31
0.0
  0
LINE
  5
1D13
330
70
100
AcDbEntity
  8
Visible
100
AcDbLine
 10
527.209925
 20
1152.540984
 30
0.0
 11
533.209925
 21
1152.540984
 31
0.0
  0
LINE
  5
1D14
330
70
100
AcDbEntity
  8
Visible
100
AcDbLine
 10
527.209925
 20
1181.540984
 30
0.0
 11
527.209925
 21
1152.540984
 31
0.0
  0
LINE
  5
1D15
330
70
100
AcDbEntity
  8
Visible
100
AcDbLine
 10
533.209925
 20
1181.540984
 30
0.0
 11
527.209925
 21
1181.540984
 31
0.0
  0
LINE
  5
1D16
330
70
100
AcDbEntity
  8
Visible
100
AcDbLine
 10
533.209925
 20
1210.540984
 30
0.0
 11
533.209925
 21
1181.540984
 31
0.0
  0
LINE
  5
1D17
330
70
100
AcDbEntity
  8
Visible
100
AcDbLine
 10
527.209925
 20
1210.540984
 30
0.0
 11
533.209925
 21
1210.540984
 31
0.0
  0
LINE
  5
1D18
330
70
100
AcDbEntity
  8
Visible
100
AcDbLine
 10
527.209925
 20
1239.540984
 30
0.0
 11
527.209925
 21
1210.540984
 31
0.0
  0
LINE
  5
1D19
330
70
100
AcDbEntity
  8
Visible
100
AcDbLine
 10
533.209925
 20
1239.540984
 30
0.0
 11
527.209925
 21
1239.540984
 31
0.0
  0
LINE
  5
1D1A
330
70
100
AcDbEntity
  8
Visible
100
AcDbLine
 10
533.209925
 20
1268.540984
 30
0.0
 11
533.209925
 21
1239.540984
 31
0.0
  0
LINE
  5
1D1B
330
70
100
AcDbEntity
  8
Visible
100
AcDbLine
 10
527.209925
 20
1268.540984
 30
0.0
 11
533.209925
 21
1268.540984
 31
0.0
  0
LINE
  5
1D1C
330
70
100
AcDbEntity
  8
Visible
100
AcDbLine
 10
527.209925
 20
1297.540984
 30
0.0
 11
527.209925
 21
1268.540984
 31
0.0
  0
LINE
  5
1D1D
330
70
100
AcDbEntity
  8
Visible
100
AcDbLine
 10
533.209925
 20
1297.540984
 30
0.0
 11
527.209925
 21
1297.540984
 31
0.0
  0
LINE
  5
1D1E
330
70
100
AcDbEntity
  8
Visible
100
AcDbLine
 10
533.209925
 20
1326.540984
 30
0.0
 11
533.209925
 21
1297.540984
 31
0.0
  0
LINE
  5
1D1F
330
70
100
AcDbEntity
  8
Visible
100
AcDbLine
 10
527.209925
 20
1326.540984
 30
0.0
 11
533.209925
 21
1326.540984
 31
0.0
  0
LINE
  5
1D20
330
70
100
AcDbEntity
  8
Visible
100
AcDbLine
 10
527.209925
 20
1355.540984
 30
0.0
 11
527.209925
 21
1326.540984
 31
0.0
  0
LINE
  5
1D21
330
70
100
AcDbEntity
  8
Visible
100
AcDbLine
 10
533.209925
 20
1355.540984
 30
0.0
 11
527.209925
 21
1355.540984
 31
0.0
  0
LINE
  5
1D22
330
70
100
AcDbEntity
  8
Visible
100
AcDbLine
 10
533.209925
 20
1384.540984
 30
0.0
 11
533.209925
 21
1355.540984
 31
0.0
  0
LINE
  5
1D23
330
70
100
AcDbEntity
  8
Visible
100
AcDbLine
 10
527.209925
 20
1384.540984
 30
0.0
 11
533.209925
 21
1384.540984
 31
0.0
  0
LINE
  5
1D24
330
70
100
AcDbEntity
  8
Visible
100
AcDbLine
 10
527.209925
 20
1413.540984
 30
0.0
 11
527.209925
 21
1384.540984
 31
0.0
  0
LINE
  5
1D25
330
70
100
AcDbEntity
  8
Visible
100
AcDbLine
 10
533.209925
 20
1413.540984
 30
0.0
 11
527.209925
 21
1413.540984
 31
0.0
  0
LINE
  5
1D26
330
70
100
AcDbEntity
  8
Visible
100
AcDbLine
 10
533.209925
 20
1448.040984
 30
0.0
 11
533.209925
 21
1413.540984
 31
0.0
  0
LINE
  5
1D27
330
70
100
AcDbEntity
  8
Visible
100
AcDbLine
 10
567.709925
 20
1448.040984
 30
0.0
 11
533.209925
 21
1448.040984
 31
0.0
  0
LINE
  5
1D28
330
70
100
AcDbEntity
  8
Visible
100
AcDbLine
 10
567.709925
 20
1454.040984
 30
0.0
 11
567.709925
 21
1448.040984
 31
0.0
  0
LINE
  5
1D29
330
70
100
AcDbEntity
  8
Visible
100
AcDbLine
 10
596.709925
 20
1454.040984
 30
0.0
 11
567.709925
 21
1454.040984
 31
0.0
  0
LINE
  5
1D2A
330
70
100
AcDbEntity
  8
Visible
100
AcDbLine
 10
596.709925
 20
1448.040984
 30
0.0
 11
596.709925
 21
1454.040984
 31
0.0
  0
LINE
  5
1D2B
330
70
100
AcDbEntity
  8
Visible
100
AcDbLine
 10
625.709925
 20
1448.040984
 30
0.0
 11
596.709925
 21
1448.040984
 31
0.0
  0
LINE
  5
1D2C
330
70
100
AcDbEntity
  8
Visible
100
AcDbLine
 10
625.709925
 20
1454.040984
 30
0.0
 11
625.709925
 21
1448.040984
 31
0.0
  0
LINE
  5
1D2D
330
70
100
AcDbEntity
  8
Visible
100
AcDbLine
 10
654.709925
 20
1454.040984
 30
0.0
 11
625.709925
 21
1454.040984
 31
0.0
  0
LINE
  5
1D2E
330
70
100
AcDbEntity
  8
Visible
100
AcDbLine
 10
654.709925
 20
1448.040984
 30
0.0
 11
654.709925
 21
1454.040984
 31
0.0
  0
LINE
  5
1D2F
330
70
100
AcDbEntity
  8
Visible
100
AcDbLine
 10
683.709925
 20
1448.040984
 30
0.0
 11
654.709925
 21
1448.040984
 31
0.0
  0
LINE
  5
1D30
330
70
100
AcDbEntity
  8
Visible
100
AcDbLine
 10
683.709925
 20
1454.040984
 30
0.0
 11
683.709925
 21
1448.040984
 31
0.0
  0
LINE
  5
1D31
330
70
100
AcDbEntity
  8
Visible
100
AcDbLine
 10
712.709925
 20
1454.040984
 30
0.0
 11
683.709925
 21
1454.040984
 31
0.0
  0
LINE
  5
1D32
330
70
100
AcDbEntity
  8
Visible
100
AcDbLine
 10
712.709925
 20
1448.040984
 30
0.0
 11
712.709925
 21
1454.040984
 31
0.0
  0
LINE
  5
1D33
330
70
100
AcDbEntity
  8
Visible
100
AcDbLine
 10
741.709925
 20
1448.040984
 30
0.0
 11
712.709925
 21
1448.040984
 31
0.0
  0
LINE
  5
1D34
330
70
100
AcDbEntity
  8
Visible
100
AcDbLine
 10
741.709925
 20
1454.040984
 30
0.0
 11
741.709925
 21
1448.040984
 31
0.0
  0
LINE
  5
1D35
330
70
100
AcDbEntity
  8
Visible
100
AcDbLine
 10
770.709925
 20
1454.040984
 30
0.0
 11
741.709925
 21
1454.040984
 31
0.0
  0
LINE
  5
1D36
330
70
100
AcDbEntity
  8
Visible
100
AcDbLine
 10
770.709925
 20
1448.040984
 30
0.0
 11
770.709925
 21
1454.040984
 31
0.0
  0
LINE
  5
1D37
330
70
100
AcDbEntity
  8
Visible
100
AcDbLine
 10
799.709925
 20
1448.040984
 30
0.0
 11
770.709925
 21
1448.040984
 31
0.0
  0
LINE
  5
1D38
330
70
100
AcDbEntity
  8
Visible
100
AcDbLine
 10
799.709925
 20
1454.040984
 30
0.0
 11
799.709925
 21
1448.040984
 31
0.0
  0
LINE
  5
1D39
330
70
100
AcDbEntity
  8
Visible
100
AcDbLine
 10
828.709925
 20
1454.040984
 30
0.0
 11
799.709925
 21
1454.040984
 31
0.0
  0
LINE
  5
1D3A
330
70
100
AcDbEntity
  8
Visible
100
AcDbLine
 10
828.709925
 20
1448.040984
 30
0.0
 11
828.709925
 21
1454.040984
 31
0.0
  0
LINE
  5
1D3B
330
70
100
AcDbEntity
  8
Visible
100
AcDbLine
 10
857.709925
 20
1448.040984
 30
0.0
 11
828.709925
 21
1448.040984
 31
0.0
  0
LINE
  5
1D3C
330
70
100
AcDbEntity
  8
Visible
100
AcDbLine
 10
857.709925
 20
1454.040984
 30
0.0
 11
857.709925
 21
1448.040984
 31
0.0
  0
LINE
  5
1D3D
330
70
100
AcDbEntity
  8
Visible
100
AcDbLine
 10
886.709925
 20
1454.040984
 30
0.0
 11
857.709925
 21
1454.040984
 31
0.0
  0
LINE
  5
1D3E
330
70
100
AcDbEntity
  8
Visible
100
AcDbLine
 10
886.709925
 20
1448.040984
 30
0.0
 11
886.709925
 21
1454.040984
 31
0.0
  0
ENDSEC
  0
SECTION
  2
OBJECTS
  0
DICTIONARY
  5
C
330
0
100
AcDbDictionary
281
     1
  3
ACAD_COLOR
350
63
  3
ACAD_DETAILVIEWSTYLE
350
6A
  3
ACAD_GROUP
350
D
  3
ACAD_LAYOUT
350
62
  3
ACAD_MATERIAL
350
10
  3
ACAD_MLEADERSTYLE
350
66
  3
ACAD_MLINESTYLE
350
5F
  3
ACAD_PLOTSETTINGS
350
61
  3
ACAD_PLOTSTYLENAME
350
E
  3
ACAD_SCALELIST
350
42
  3
ACAD_SECTIONVIEWSTYLE
350
68
  3
ACAD_TABLESTYLE
350
64
  3
ACAD_VISUALSTYLE
350
29
  3
ACDB_RECOMPOSE_DATA
350
1D49
  3
AcDbVariableDictionary
350
1D40
  0
DICTIONARY
  5
A0
330
70
100
AcDbDictionary
280
     1
281
     1
  3
ACAD_SORTENTS
360
A1
  0
DICTIONARY
  5
63
102
{ACAD_REACTORS
330
C
102
}
330
C
100
AcDbDictionary
281
     1
  0
DICTIONARY
  5
6A
102
{ACAD_REACTORS
330
C
102
}
330
C
100
AcDbDictionary
281
     1
  3
Imperial24
350
6B
  0
DICTIONARY
  5
D
102
{ACAD_REACTORS
330
C
102
}
330
C
100
AcDbDictionary
281
     1
  0
DICTIONARY
  5
62
102
{ACAD_REACTORS
330
C
102
}
330
C
100
AcDbDictionary
281
     1
  3
Model
350
73
  3
Sheet1
350
6F
  3
Sheet2
350
77
  0
DICTIONARY
  5
10
102
{ACAD_REACTORS
330
C
102
}
330
C
100
AcDbDictionary
281
     1
  3
ByBlock
350
19
  3
ByLayer
350
11
  3
Global
350
21
  0
DICTIONARY
  5
66
102
{ACAD_REACTORS
330
C
102
}
330
C
100
AcDbDictionary
281
     1
  3
Standard
350
67
  0
DICTIONARY
  5
5F
102
{ACAD_REACTORS
330
C
102
}
330
C
100
AcDbDictionary
281
     1
  3
Standard
350
60
  0
DICTIONARY
  5
61
102
{ACAD_REACTORS
330
C
102
}
330
C
100
AcDbDictionary
281
     1
  0
ACDBDICTIONARYWDFLT
  5
E
102
{ACAD_REACTORS
330
C
102
}
330
C
100
AcDbDictionary
281
     1
  3
Normal
350
F
100
AcDbDictionaryWithDefault
340
F
  0
DICTIONARY
  5
42
102
{ACAD_REACTORS
330
C
102
}
330
C
100
AcDbDictionary
281
     1
  3
A0
350
43
  3
A1
350
44
  3
A2
350
45
  3
A3
350
46
  3
A4
350
47
  3
A5
350
48
  3
A6
350
49
  3
A7
350
4A
  3
A8
350
4B
  3
A9
350
4C
  3
B0
350
4D
  3
B1
350
4E
  3
B2
350
4F
  3
B3
350
50
  3
B4
350
51
  3
B5
350
52
  3
B6
350
53
  0
DICTIONARY
  5
68
102
{ACAD_REACTORS
330
C
102
}
330
C
100
AcDbDictionary
281
     1
  3
Imperial24
350
69
  0
DICTIONARY
  5
64
102
{ACAD_REACTORS
330
C
102
}
330
C
100
AcDbDictionary
281
     1
  3
Standard
350
65
  0
DICTIONARY
  5
29
102
{ACAD_REACTORS
330
C
102
}
330
C
100
AcDbDictionary
281
     1
  3
2dWireframe
350
2F
  3
Basic
350
2E
  3
Brighten
350
35
  3
ColorChange
350
39
  3
Conceptual
350
32
  3
Dim
350
34
  3
EdgeColorOff
350
41
  3
Facepattern
350
38
  3
Flat
350
2A
  3
FlatWithEdges
350
2B
  3
Gouraud
350
2C
  3
GouraudWithEdges
350
2D
  3
Hidden
350
31
  3
JitterOff
350
3F
  3
Linepattern
350
37
  3
OverhangOff
350
40
  3
Realistic
350
33
  3
Shaded
350
3E
  3
Shaded with edges
350
3D
  3
Shades of Gray
350
3A
  3
Sketchy
350
3B
  3
Thicken
350
36
  3
Wireframe
350
30
  3
X-Ray
350
3C
  0
XRECORD
  5
1D49
102
{ACAD_REACTORS
330
C
102
}
330
C
100
AcDbXrecord
280
     1
 90
        1
330
65
  0
DICTIONARY
  5
1D40
102
{ACAD_REACTORS
330
C
102
}
330
C
100
AcDbDictionary
281
     1
  3
ANNOALLVISIBLE
350
1D45
  3
CANNOSCALE
350
1D46
  3
CMLEADERSTYLE
350
1D42
  3
CTABLESTYLE
350
1D41
  3
CVIEWDETAILSTYLE
350
1D43
  3
CVIEWSECTIONSTYLE
350
1D44
  0
SORTENTSTABLE
  5
A1
102
{ACAD_REACTORS
330
A0
102
}
330
A0
100
AcDbSortentsTable
330
70
  0
ACDBDETAILVIEWSTYLE
  5
6B
102
{ACAD_XDICTIONARY
360
1D4C
102
}
102
{ACAD_REACTORS
330
6A
102
}
330
6A
100
AcDbModelDocViewStyle
 70
     0
  3
Imperial24
290
     0
100
AcDbDetailViewStyle
 70
     0
 71
     0
 90
        3
 71
     1
340
55
 62
   256
 40
0.24
340
0
 62
   256
 40
0.24
300

 40
0.36
280
     3
 71
     2
340
5D
 90
       25
 62
   256
 71
     3
340
55
 62
   256
 40
0.24
 90
        1
 40
0.75
 90
        1
300
%<\AcVar ViewType \f "%tc1">% %<\AcVar ViewDetailId>%\PSCALE %<\AcVar ViewScale \f "%sn">%
 71
     4
340
5D
 90
       25
 62
   256
340
5D
 90
       25
 62
   256
280
     0
  0
LAYOUT
  5
73
102
{ACAD_REACTORS
330
62
102
}
330
62
100
AcDbPlotSettings
  1

  2
none_device
  4
ISO_A4_(210.00_x_297.00_MM)
  6

 40
7.5
 41
20.0
 42
7.5
 43
20.0
 44
210.0
 45
297.0
 46
0.0
 47
0.0
 48
0.0
 49
0.0
140
0.0
141
0.0
142
1.0
143
15.335414
 70
 11952
 72
     1
 73
     0
 74
     0
  7

 75
     0
147
0.065209
 76
     0
 77
     2
 78
   300
148
745.202888
149
69.584297
100
AcDbLayout
  1
Model
 70
     1
 71
     0
 10
0.0
 20
0.0
 11
12.0
 21
9.0
 12
0.0
 22
0.0
 32
0.0
 14
0.0
 24
0.0
 34
0.0
 15
0.0
 25
0.0
 35
0.0
146
0.0
 13
0.0
 23
0.0
 33
0.0
 16
1.0
 26
0.0
 36
0.0
 17
0.0
 27
1.0
 37
0.0
 76
     0
330
70
1001
ACAD_PSEXT
1000
None
1000
None
1000
Not applicable
1000
The layout will not be plotted unless a new plotter configuration name is selected.
1070
     0
  0
LAYOUT
  5
6F
102
{ACAD_REACTORS
330
62
102
}
330
62
100
AcDbPlotSettings
  1

  2
None
  4

  6

 40
0.0
 41
0.0
 42
0.0
 43
0.0
 44
0.0
 45
0.0
 46
0.0
 47
0.0
 48
0.0
 49
0.0
140
0.0
141
0.0
142
1.0
143
1.0
 70
   688
 72
     0
 73
     0
 74
     5
  7

 75
    16
147
1.0
 76
     0
 77
     2
 78
   300
148
0.0
149
0.0
100
AcDbLayout
  1
Sheet1
 70
     1
 71
     1
 10
0.0
 20
0.0
 11
12.0
 21
9.0
 12
0.0
 22
0.0
 32
0.0
 14
0.0
 24
0.0
 34
0.0
 15
0.0
 25
0.0
 35
0.0
146
0.0
 13
0.0
 23
0.0
 33
0.0
 16
1.0
 26
0.0
 36
0.0
 17
0.0
 27
1.0
 37
0.0
 76
     0
330
6C
  0
LAYOUT
  5
77
102
{ACAD_REACTORS
330
62
102
}
330
62
100
AcDbPlotSettings
  1

  2
None
  4

  6

 40
0.0
 41
0.0
 42
0.0
 43
0.0
 44
0.0
 45
0.0
 46
0.0
 47
0.0
 48
0.0
 49
0.0
140
0.0
141
0.0
142
1.0
143
1.0
 70
   688
 72
     0
 73
     0
 74
     5
  7

 75
    16
147
1.0
 76
     0
 77
     2
 78
   300
148
0.0
149
0.0
100
AcDbLayout
  1
Sheet2
 70
     1
 71
     2
 10
0.0
 20
0.0
 11
12.0
 21
9.0
 12
0.0
 22
0.0
 32
0.0
 14
0.0
 24
0.0
 34
0.0
 15
0.0
 25
0.0
 35
0.0
146
0.0
 13
0.0
 23
0.0
 33
0.0
 16
1.0
 26
0.0
 36
0.0
 17
0.0
 27
1.0
 37
0.0
 76
     0
330
74
  0
MATERIAL
  5
19
102
{ACAD_XDICTIONARY
360
1A
102
}
102
{ACAD_REACTORS
330
10
102
}
330
10
100
AcDbMaterial
  1
ByBlock
 72
     0
 43
0.020833
 43
0.0
 43
0.0
 43
0.0
 43
0.0
 43
0.020833
 43
0.0
 43
0.0
 43
0.0
 43
0.0
 43
1.0
 43
0.0
 43
0.0
 43
0.0
 43
0.0
 43
1.0
 77
     0
 47
0.020833
 47
0.0
 47
0.0
 47
0.0
 47
0.0
 47
0.020833
 47
0.0
 47
0.0
 47
0.0
 47
0.0
 47
1.0
 47
0.0
 47
0.0
 47
0.0
 47
0.0
 47
1.0
171
     0
 49
0.020833
 49
0.0
 49
0.0
 49
0.0
 49
0.0
 49
0.020833
 49
0.0
 49
0.0
 49
0.0
 49
0.0
 49
1.0
 49
0.0
 49
0.0
 49
0.0
 49
0.0
 49
1.0
175
     0
142
0.020833
142
0.0
142
0.0
142
0.0
142
0.0
142
0.020833
142
0.0
142
0.0
142
0.0
142
0.0
142
1.0
142
0.0
142
0.0
142
0.0
142
0.0
142
1.0
179
     0
144
0.020833
144
0.0
144
0.0
144
0.0
144
0.0
144
0.020833
144
0.0
144
0.0
144
0.0
144
0.0
144
1.0
144
0.0
144
0.0
144
0.0
144
0.0
144
1.0
147
0.020833
147
0.0
147
0.0
147
0.0
147
0.0
147
0.020833
147
0.0
147
0.0
147
0.0
147
0.0
147
1.0
147
0.0
147
0.0
147
0.0
147
0.0
147
1.0
  0
MATERIAL
  5
11
102
{ACAD_XDICTIONARY
360
12
102
}
102
{ACAD_REACTORS
330
10
102
}
330
10
100
AcDbMaterial
  1
ByLayer
 72
     0
 43
0.020833
 43
0.0
 43
0.0
 43
0.0
 43
0.0
 43
0.020833
 43
0.0
 43
0.0
 43
0.0
 43
0.0
 43
1.0
 43
0.0
 43
0.0
 43
0.0
 43
0.0
 43
1.0
 77
     0
 47
0.020833
 47
0.0
 47
0.0
 47
0.0
 47
0.0
 47
0.020833
 47
0.0
 47
0.0
 47
0.0
 47
0.0
 47
1.0
 47
0.0
 47
0.0
 47
0.0
 47
0.0
 47
1.0
171
     0
 49
0.020833
 49
0.0
 49
0.0
 49
0.0
 49
0.0
 49
0.020833
 49
0.0
 49
0.0
 49
0.0
 49
0.0
 49
1.0
 49
0.0
 49
0.0
 49
0.0
 49
0.0
 49
1.0
175
     0
142
0.020833
142
0.0
142
0.0
142
0.0
142
0.0
142
0.020833
142
0.0
142
0.0
142
0.0
142
0.0
142
1.0
142
0.0
142
0.0
142
0.0
142
0.0
142
1.0
179
     0
144
0.020833
144
0.0
144
0.0
144
0.0
144
0.0
144
0.020833
144
0.0
144
0.0
144
0.0
144
0.0
144
1.0
144
0.0
144
0.0
144
0.0
144
0.0
144
1.0
147
0.020833
147
0.0
147
0.0
147
0.0
147
0.0
147
0.020833
147
0.0
147
0.0
147
0.0
147
0.0
147
1.0
147
0.0
147
0.0
147
0.0
147
0.0
147
1.0
  0
MATERIAL
  5
21
102
{ACAD_XDICTIONARY
360
22
102
}
102
{ACAD_REACTORS
330
10
102
}
330
10
100
AcDbMaterial
  1
Global
 72
     0
 43
0.020833
 43
0.0
 43
0.0
 43
0.0
 43
0.0
 43
0.020833
 43
0.0
 43
0.0
 43
0.0
 43
0.0
 43
1.0
 43
0.0
 43
0.0
 43
0.0
 43
0.0
 43
1.0
 77
     0
 47
0.020833
 47
0.0
 47
0.0
 47
0.0
 47
0.0
 47
0.020833
 47
0.0
 47
0.0
 47
0.0
 47
0.0
 47
1.0
 47
0.0
 47
0.0
 47
0.0
 47
0.0
 47
1.0
171
     0
 49
0.020833
 49
0.0
 49
0.0
 49
0.0
 49
0.0
 49
0.020833
 49
0.0
 49
0.0
 49
0.0
 49
0.0
 49
1.0
 49
0.0
 49
0.0
 49
0.0
 49
0.0
 49
1.0
175
     0
142
0.020833
142
0.0
142
0.0
142
0.0
142
0.0
142
0.020833
142
0.0
142
0.0
142
0.0
142
0.0
142
1.0
142
0.0
142
0.0
142
0.0
142
0.0
142
1.0
179
     0
144
0.020833
144
0.0
144
0.0
144
0.0
144
0.0
144
0.020833
144
0.0
144
0.0
144
0.0
144
0.0
144
1.0
144
0.0
144
0.0
144
0.0
144
0.0
144
1.0
147
0.020833
147
0.0
147
0.0
147
0.0
147
0.0
147
0.020833
147
0.0
147
0.0
147
0.0
147
0.0
147
1.0
147
0.0
147
0.0
147
0.0
147
0.0
147
1.0
  0
MLEADERSTYLE
  5
67
102
{ACAD_REACTORS
330
66
102
}
330
66
100
AcDbMLeaderStyle
179
     2
170
     2
171
     1
172
     0
 90
        2
 40
0.0
 41
0.0
173
     1
 91
-1056964608
340
5B
 92
       -2
290
     1
 42
0.09
291
     1
 43
0.36
  3
Standard
 44
0.18
300

342
55
174
     1
178
     6
175
     1
176
     0
 93
-1056964608
 45
0.18
292
     0
297
     0
 46
0.18
 94
-1056964608
 47
1.0
 49
1.0
140
1.0
293
     1
141
0.0
294
     1
177
     0
142
1.0
295
     0
296
     0
143
0.125
271
     0
272
     9
273
     9
298
     1
  0
MLINESTYLE
  5
60
102
{ACAD_REACTORS
330
5F
102
}
330
5F
100
AcDbMlineStyle
  2
STANDARD
 70
     0
  3

 62
   256
 51
90.0
 52
90.0
 71
     0
  0
ACDBPLACEHOLDER
  5
F
102
{ACAD_REACTORS
330
E
102
}
330
E
  0
SCALE
  5
43
102
{ACAD_REACTORS
330
42
102
}
330
42
100
AcDbScale
 70
     0
300
1:1
140
1.0
141
1.0
290
     1
  0
SCALE
  5
44
102
{ACAD_REACTORS
330
42
102
}
330
42
100
AcDbScale
 70
     0
300
1:2
140
1.0
141
2.0
290
     0
  0
SCALE
  5
45
102
{ACAD_REACTORS
330
42
102
}
330
42
100
AcDbScale
 70
     0
300
1:4
140
1.0
141
4.0
290
     0
  0
SCALE
  5
46
102
{ACAD_REACTORS
330
42
102
}
330
42
100
AcDbScale
 70
     0
300
1:5
140
1.0
141
5.0
290
     0
  0
SCALE
  5
47
102
{ACAD_REACTORS
330
42
102
}
330
42
100
AcDbScale
 70
     0
300
1:8
140
1.0
141
8.0
290
     0
  0
SCALE
  5
48
102
{ACAD_REACTORS
330
42
102
}
330
42
100
AcDbScale
 70
     0
300
1:10
140
1.0
141
10.0
290
     0
  0
SCALE
  5
49
102
{ACAD_REACTORS
330
42
102
}
330
42
100
AcDbScale
 70
     0
300
1:16
140
1.0
141
16.0
290
     0
  0
SCALE
  5
4A
102
{ACAD_REACTORS
330
42
102
}
330
42
100
AcDbScale
 70
     0
300
1:20
140
1.0
141
20.0
290
     0
  0
SCALE
  5
4B
102
{ACAD_REACTORS
330
42
102
}
330
42
100
AcDbScale
 70
     0
300
1:30
140
1.0
141
30.0
290
     0
  0
SCALE
  5
4C
102
{ACAD_REACTORS
330
42
102
}
330
42
100
AcDbScale
 70
     0
300
1:40
140
1.0
141
40.0
290
     0
  0
SCALE
  5
4D
102
{ACAD_REACTORS
330
42
102
}
330
42
100
AcDbScale
 70
     0
300
1:50
140
1.0
141
50.0
290
     0
  0
SCALE
  5
4E
102
{ACAD_REACTORS
330
42
102
}
330
42
100
AcDbScale
 70
     0
300
1:100
140
1.0
141
100.0
290
     0
  0
SCALE
  5
4F
102
{ACAD_REACTORS
330
42
102
}
330
42
100
AcDbScale
 70
     0
300
2:1
140
2.0
141
1.0
290
     0
  0
SCALE
  5
50
102
{ACAD_REACTORS
330
42
102
}
330
42
100
AcDbScale
 70
     0
300
4:1
140
4.0
141
1.0
290
     0
  0
SCALE
  5
51
102
{ACAD_REACTORS
330
42
102
}
330
42
100
AcDbScale
 70
     0
300
8:1
140
8.0
141
1.0
290
     0
  0
SCALE
  5
52
102
{ACAD_REACTORS
330
42
102
}
330
42
100
AcDbScale
 70
     0
300
10:1
140
10.0
141
1.0
290
     0
  0
SCALE
  5
53
102
{ACAD_REACTORS
330
42
102
}
330
42
100
AcDbScale
 70
     0
300
100:1
140
100.0
141
1.0
290
     0
  0
ACDBSECTIONVIEWSTYLE
  5
69
102
{ACAD_XDICTIONARY
360
1D4A
102
}
102
{ACAD_REACTORS
330
68
102
}
330
68
100
AcDbModelDocViewStyle
 70
     0
  3
Imperial24
290
     0
100
AcDbSectionViewStyle
 70
     0
 71
     0
 90
       78
 71
     1
340
55
 62
   256
 40
0.24
340
0
340
0
 62
   256
 40
0.24
300
I, O, Q, S, X, Z
 40
0.48
 90
        3
 40
0.18
 90
        1
 71
     2
340
5D
 90
       25
 62
   256
340
5D
 90
       50
 62
   256
 40
0.24
 40
0.0
 40
0.24
 71
     3
340
55
 62
   256
 40
0.24
 90
        1
 40
0.75
 90
        1
300
%<\AcVar ViewType \f "%tc1">% %<\AcVar ViewSectionStartId>%-%<\AcVar ViewSectionEndId>%\PSCALE %<\AcVar ViewScale \f "%sn">%
 71
     4
 62
   256
 62
   257
300
ANSI31
 40
1.0
 90
        0
290
     0
290
     0
 90
        6
 40
0.0
 40
1.570796
 40
0.261799
 40
1.308997
 40
-0.261799
 40
1.832596
  0
TABLESTYLE
  5
65
102
{ACAD_XDICTIONARY
360
1D47
102
}
102
{ACAD_REACTORS
330
64
102
}
330
64
100
AcDbTableStyle
280
     0
  3
Standard
 70
     0
 71
     0
 40
1.5
 41
1.5
280
     0
281
     0
  7
Standard
140
0.18
170
     2
 62
     0
 63
     7
283
     0
 90
      512
 91
        0
  1

274
    -2
284
     1
 64
     0
275
    -2
285
     1
 65
     0
276
    -2
286
     1
 66
     0
277
    -2
287
     1
 67
     0
278
    -2
288
     1
 68
     0
279
    -2
289
     1
 69
     0
  7
Standard
140
0.25
170
     5
 62
     0
 63
     7
283
     0
 90
      512
 91
        0
  1

274
    -2
284
     1
 64
     0
275
    -2
285
     1
 65
     0
276
    -2
286
     1
 66
     0
277
    -2
287
     1
 67
     0
278
    -2
288
     1
 68
     0
279
    -2
289
     1
 69
     0
  7
Standard
140
0.18
170
     5
 62
     0
 63
     7
283
     0
 90
      512
 91
        0
  1

274
    -2
284
     1
 64
     0
275
    -2
285
     1
 65
     0
276
    -2
286
     1
 66
     0
277
    -2
287
     1
 67
     0
278
    -2
288
     1
 68
     0
279
    -2
289
     1
 69
     0
  0
VISUALSTYLE
  5
2F
102
{ACAD_REACTORS
330
29
102
}
330
29
100
AcDbVisualStyle
  2
2dWireframe
 70
     4
177
     3
291
     0
 70
    58
 90
        0
176
     1
 90
        2
176
     1
 90
        0
176
     1
 90
        0
176
     1
 40
0.6
176
     1
 40
30.0
176
     1
 62
     7
420
 16777215
176
     1
 90
        1
176
     1
 90
        4
176
     1
 62
     7
176
     1
 62
   257
176
     1
 90
        1
176
     1
 90
        1
176
     1
 40
1.0
176
     1
 90
        0
176
     1
 62
   257
176
     1
 40
1.0
176
     1
 90
        1
176
     1
 90
        6
176
     1
 90
        2
176
     1
 62
     7
176
     1
 90
        5
176
     1
 90
        0
176
     1
 90
        0
176
     1
290
     0
176
     1
 90
        1
176
     1
 40
0.0
176
     1
 90
        0
176
     1
290
     1
176
     1
290
     1
176
     1
290
     0
176
     1
290
     0
176
     1
290
     0
176
     1
290
     0
176
     1
290
     0
176
     1
290
     0
176
     1
290
     0
176
     1
 90
       50
176
     1
 40
0.0
176
     1
 40
1.0
176
     1
 90
        0
176
     1
 62
    18
420
        0
176
     1
 90
       50
176
     1
 90
        3
176
     1
 62
     5
420
      255
176
     1
290
     0
176
     1
 90
       50
176
     1
 90
       50
176
     1
 90
       50
176
     1
290
     0
176
     1
 90
       50
176
     1
 62
   256
176
     0
 40
1.0
176
     0
 90
        2
176
     1
  1
strokes_ogs.tif
176
     1
290
     0
176
     1
 40
1.0
176
     1
 40
1.0
176
     1
1001
ACAD
1000
AcDbSavedByObjectVersion
1070
     0
  0
VISUALSTYLE
  5
2E
102
{ACAD_REACTORS
330
29
102
}
330
29
100
AcDbVisualStyle
  2
Basic
 70
     7
177
     3
291
     1
 70
    58
 90
        1
176
     1
 90
        0
176
     1
 90
        1
176
     1
 90
        0
176
     1
 40
0.6
176
     1
 40
30.0
176
     1
 62
     7
420
 16777215
176
     1
 90
        0
176
     1
 90
        4
176
     1
 62
     7
176
     1
 62
   257
176
     1
 90
        1
176
     1
 90
        1
176
     1
 40
1.0
176
     1
 90
        8
176
     1
 62
     7
176
     1
 40
1.0
176
     1
 90
        1
176
     1
 90
        6
176
     1
 90
        2
176
     1
 62
     7
176
     1
 90
        5
176
     1
 90
        0
176
     1
 90
        0
176
     1
290
     0
176
     1
 90
        1
176
     1
 40
0.0
176
     1
 90
        0
176
     1
290
     0
176
     1
290
     1
176
     1
290
     1
176
     1
290
     0
176
     1
290
     0
176
     1
290
     0
176
     1
290
     0
176
     1
290
     0
176
     1
290
     0
176
     1
 90
       50
176
     1
 40
0.0
176
     1
 40
1.0
176
     1
 90
        0
176
     1
 62
    18
420
        0
176
     1
 90
       50
176
     1
 90
        3
176
     1
 62
     5
420
      255
176
     1
290
     0
176
     1
 90
       50
176
     1
 90
       50
176
     1
 90
       50
176
     1
290
     0
176
     1
 90
       50
176
     1
 62
   256
176
     0
 40
1.0
176
     0
 90
        2
176
     1
  1
strokes_ogs.tif
176
     1
290
     0
176
     1
 40
1.0
176
     1
 40
1.0
176
     1
1001
ACAD
1000
AcDbSavedByObjectVersion
1070
     0
  0
VISUALSTYLE
  5
35
102
{ACAD_REACTORS
330
29
102
}
330
29
100
AcDbVisualStyle
  2
Brighten
 70
    12
177
     3
291
     1
 70
    58
 90
        2
176
     1
 90
        2
176
     1
 90
        0
176
     1
 90
        0
176
     1
 40
0.6
176
     1
 40
30.0
176
     1
 62
     7
420
 16777215
176
     1
 90
        1
176
     1
 90
        4
176
     1
 62
     7
176
     1
 62
   257
176
     1
 90
        1
176
     1
 90
        1
176
     1
 40
1.0
176
     1
 90
        8
176
     1
 62
     7
176
     1
 40
1.0
176
     1
 90
        1
176
     1
 90
        6
176
     1
 90
        2
176
     1
 62
     7
176
     1
 90
        5
176
     1
 90
        0
176
     1
 90
        0
176
     1
290
     0
176
     1
 90
        1
176
     1
 40
50.0
176
     1
 90
        0
176
     1
290
     0
176
     1
290
     1
176
     1
290
     1
176
     1
290
     0
176
     1
290
     0
176
     1
290
     0
176
     1
290
     0
176
     1
290
     0
176
     1
290
     0
176
     1
 90
       50
176
     1
 40
0.0
176
     1
 40
1.0
176
     1
 90
        0
176
     1
 62
    18
420
        0
176
     1
 90
       50
176
     1
 90
        3
176
     1
 62
     5
420
      255
176
     1
290
     0
176
     1
 90
       50
176
     1
 90
       50
176
     1
 90
       50
176
     1
290
     0
176
     1
 90
       50
176
     1
 62
   256
176
     0
 40
1.0
176
     0
 90
        2
176
     1
  1
strokes_ogs.tif
176
     1
290
     0
176
     1
 40
1.0
176
     1
 40
1.0
176
     1
1001
ACAD
1000
AcDbSavedByObjectVersion
1070
     0
  0
VISUALSTYLE
  5
39
102
{ACAD_REACTORS
330
29
102
}
330
29
100
AcDbVisualStyle
  2
ColorChange
 70
    16
177
     3
291
     1
 70
    58
 90
        2
176
     1
 90
        2
176
     1
 90
        3
176
     1
 90
        0
176
     1
 40
0.6
176
     1
 40
30.0
176
     1
 62
     8
420
  8421504
176
     1
 90
        1
176
     1
 90
        4
176
     1
 62
     7
176
     1
 62
   257
176
     1
 90
        1
176
     1
 90
        1
176
     1
 40
1.0
176
     1
 90
        8
176
     1
 62
     8
420
  8421504
176
     1
 40
1.0
176
     1
 90
        1
176
     1
 90
        6
176
     1
 90
        2
176
     1
 62
     7
176
     1
 90
        5
176
     1
 90
        0
176
     1
 90
        0
176
     1
290
     0
176
     1
 90
        1
176
     1
 40
0.0
176
     1
 90
        0
176
     1
290
     0
176
     1
290
     1
176
     1
290
     1
176
     1
290
     0
176
     1
290
     0
176
     1
290
     0
176
     1
290
     0
176
     1
290
     0
176
     1
290
     0
176
     1
 90
       50
176
     1
 40
0.0
176
     1
 40
1.0
176
     1
 90
        0
176
     1
 62
    18
420
        0
176
     1
 90
       50
176
     1
 90
        3
176
     1
 62
     5
420
      255
176
     1
290
     0
176
     1
 90
       50
176
     1
 90
       50
176
     1
 90
       50
176
     1
290
     0
176
     1
 90
       50
176
     1
 62
   256
176
     0
 40
1.0
176
     0
 90
        2
176
     1
  1
strokes_ogs.tif
176
     1
290
     0
176
     1
 40
1.0
176
     1
 40
1.0
176
     1
1001
ACAD
1000
AcDbSavedByObjectVersion
1070
     0
  0
VISUALSTYLE
  5
32
102
{ACAD_REACTORS
330
29
102
}
330
29
100
AcDbVisualStyle
  2
Conceptual
 70
     9
177
     3
291
     0
 70
    58
 90
        3
176
     1
 90
        2
176
     1
 90
        0
176
     1
 90
        0
176
     1
 40
0.6
176
     1
 40
30.0
176
     1
 62
     7
420
 16777215
176
     1
 90
        2
176
     1
 90
        2
176
     1
 62
     7
176
     1
 62
   257
176
     1
 90
        1
176
     1
 90
        1
176
     1
 40
179.0
176
     1
 90
        8
176
     1
 62
     7
176
     1
 40
1.0
176
     1
 90
        1
176
     1
 90
        6
176
     1
 90
        2
176
     1
 62
     7
176
     1
 90
        3
176
     1
 90
        0
176
     1
 90
        0
176
     1
290
     0
176
     1
 90
        1
176
     1
 40
0.0
176
     1
 90
        0
176
     1
290
     0
176
     1
290
     1
176
     1
290
     1
176
     1
290
     0
176
     1
290
     0
176
     1
290
     0
176
     1
290
     0
176
     1
290
     0
176
     1
290
     0
176
     1
 90
       50
176
     1
 40
0.0
176
     1
 40
1.0
176
     1
 90
        0
176
     1
 62
    18
420
        0
176
     1
 90
       50
176
     1
 90
        3
176
     1
 62
     5
420
      255
176
     1
290
     0
176
     1
 90
       50
176
     1
 90
       50
176
     1
 90
       50
176
     1
290
     0
176
     1
 90
       50
176
     1
 62
   256
176
     0
 40
1.0
176
     0
 90
        2
176
     1
  1
strokes_ogs.tif
176
     1
290
     0
176
     1
 40
1.0
176
     1
 40
1.0
176
     1
1001
ACAD
1000
AcDbSavedByObjectVersion
1070
     0
  0
VISUALSTYLE
  5
34
102
{ACAD_REACTORS
330
29
102
}
330
29
100
AcDbVisualStyle
  2
Dim
 70
    11
177
     3
291
     1
 70
    58
 90
        2
176
     1
 90
        2
176
     1
 90
        0
176
     1
 90
        0
176
     1
 40
0.6
176
     1
 40
30.0
176
     1
 62
     7
420
 16777215
176
     1
 90
        1
176
     1
 90
        4
176
     1
 62
     7
176
     1
 62
   257
176
     1
 90
        1
176
     1
 90
        1
176
     1
 40
1.0
176
     1
 90
        8
176
     1
 62
     7
176
     1
 40
1.0
176
     1
 90
        1
176
     1
 90
        6
176
     1
 90
        2
176
     1
 62
     7
176
     1
 90
        5
176
     1
 90
        0
176
     1
 90
        0
176
     1
290
     0
176
     1
 90
        1
176
     1
 40
-50.0
176
     1
 90
        0
176
     1
290
     0
176
     1
290
     1
176
     1
290
     1
176
     1
290
     0
176
     1
290
     0
176
     1
290
     0
176
     1
290
     0
176
     1
290
     0
176
     1
290
     0
176
     1
 90
       50
176
     1
 40
0.0
176
     1
 40
1.0
176
     1
 90
        0
176
     1
 62
    18
420
        0
176
     1
 90
       50
176
     1
 90
        3
176
     1
 62
     5
420
      255
176
     1
290
     0
176
     1
 90
       50
176
     1
 90
       50
176
     1
 90
       50
176
     1
290
     0
176
     1
 90
       50
176
     1
 62
   256
176
     0
 40
1.0
176
     0
 90
        2
176
     1
  1
strokes_ogs.tif
176
     1
290
     0
176
     1
 40
1.0
176
     1
 40
1.0
176
     1
1001
ACAD
1000
AcDbSavedByObjectVersion
1070
     0
  0
VISUALSTYLE
  5
41
102
{ACAD_REACTORS
330
29
102
}
330
29
100
AcDbVisualStyle
  2
EdgeColorOff
 70
    22
177
     3
291
     1
 70
    58
 90
        2
176
     0
 90
        2
176
     0
 90
        0
176
     0
 90
        0
176
     0
 40
0.6
176
     0
 40
30.0
176
     0
 62
     7
420
 16777215
176
     0
 90
        1
176
     0
 90
        4
176
     0
 62
     7
176
     0
 62
   257
176
     0
 90
        1
176
     0
 90
        1
176
     0
 40
1.0
176
     0
 90
        8
176
     2
 62
     7
176
     0
 40
1.0
176
     0
 90
        1
176
     0
 90
        6
176
     0
 90
        2
176
     0
 62
     7
176
     0
 90
        5
176
     0
 90
        0
176
     0
 90
        0
176
     0
290
     0
176
     0
 90
        1
176
     0
 40
0.0
176
     0
 90
        0
176
     0
290
     0
176
     0
290
     1
176
     0
290
     1
176
     0
290
     0
176
     0
290
     0
176
     0
290
     0
176
     0
290
     0
176
     0
290
     0
176
     0
290
     0
176
     0
 90
       50
176
     0
 40
0.0
176
     0
 40
1.0
176
     0
 90
        0
176
     0
 62
    18
420
        0
176
     0
 90
       50
176
     0
 90
        3
176
     0
 62
     5
420
      255
176
     0
290
     0
176
     0
 90
       50
176
     0
 90
       50
176
     0
 90
       50
176
     0
290
     0
176
     0
 90
       50
176
     0
 62
   256
176
     0
 40
1.0
176
     0
 90
        2
176
     0
  1
strokes_ogs.tif
176
     0
290
     0
176
     0
 40
1.0
176
     0
 40
1.0
176
     0
1001
ACAD
1000
AcDbSavedByObjectVersion
1070
     0
  0
VISUALSTYLE
  5
38
102
{ACAD_REACTORS
330
29
102
}
330
29
100
AcDbVisualStyle
  2
Facepattern
 70
    15
177
     3
291
     1
 70
    58
 90
        2
176
     1
 90
        2
176
     1
 90
        0
176
     1
 90
        0
176
     1
 40
0.6
176
     1
 40
30.0
176
     1
 62
     7
420
 16777215
176
     1
 90
        1
176
     1
 90
        4
176
     1
 62
     7
176
     1
 62
   257
176
     1
 90
        1
176
     1
 90
        1
176
     1
 40
1.0
176
     1
 90
        8
176
     1
 62
     7
176
     1
 40
1.0
176
     1
 90
        1
176
     1
 90
        6
176
     1
 90
        2
176
     1
 62
     7
176
     1
 90
        5
176
     1
 90
        0
176
     1
 90
        0
176
     1
290
     0
176
     1
 90
        1
176
     1
 40
0.0
176
     1
 90
        0
176
     1
290
     0
176
     1
290
     1
176
     1
290
     1
176
     1
290
     0
176
     1
290
     0
176
     1
290
     0
176
     1
290
     0
176
     1
290
     0
176
     1
290
     0
176
     1
 90
       50
176
     1
 40
0.0
176
     1
 40
1.0
176
     1
 90
        0
176
     1
 62
    18
420
        0
176
     1
 90
       50
176
     1
 90
        3
176
     1
 62
     5
420
      255
176
     1
290
     0
176
     1
 90
       50
176
     1
 90
       50
176
     1
 90
       50
176
     1
290
     0
176
     1
 90
       50
176
     1
 62
   256
176
     0
 40
1.0
176
     0
 90
        2
176
     1
  1
strokes_ogs.tif
176
     1
290
     0
176
     1
 40
1.0
176
     1
 40
1.0
176
     1
1001
ACAD
1000
AcDbSavedByObjectVersion
1070
     0
  0
VISUALSTYLE
  5
2A
102
{ACAD_REACTORS
330
29
102
}
330
29
100
AcDbVisualStyle
  2
Flat
 70
     0
177
     3
291
     1
 70
    58
 90
        2
176
     1
 90
        1
176
     1
 90
        1
176
     1
 90
        2
176
     1
 40
0.6
176
     1
 40
30.0
176
     1
 62
     7
420
 16777215
176
     1
 90
        0
176
     1
 90
        0
176
     1
 62
     7
176
     1
 62
   257
176
     1
 90
        1
176
     1
 90
        1
176
     1
 40
1.0
176
     1
 90
        8
176
     1
 62
     7
176
     1
 40
1.0
176
     1
 90
        1
176
     1
 90
        6
176
     1
 90
        2
176
     1
 62
     7
176
     1
 90
        5
176
     1
 90
        0
176
     1
 90
        0
176
     1
290
     0
176
     1
 90
       13
176
     1
 40
0.0
176
     1
 90
        0
176
     1
290
     0
176
     1
290
     1
176
     1
290
     1
176
     1
290
     0
176
     1
290
     0
176
     1
290
     0
176
     1
290
     0
176
     1
290
     0
176
     1
290
     0
176
     1
 90
       50
176
     1
 40
0.0
176
     1
 40
1.0
176
     1
 90
        0
176
     1
 62
    18
420
        0
176
     1
 90
       50
176
     1
 90
        3
176
     1
 62
     5
420
      255
176
     1
290
     0
176
     1
 90
       50
176
     1
 90
       50
176
     1
 90
       50
176
     1
290
     0
176
     1
 90
       50
176
     1
 62
   256
176
     0
 40
1.0
176
     0
 90
        2
176
     1
  1
strokes_ogs.tif
176
     1
290
     0
176
     1
 40
1.0
176
     1
 40
1.0
176
     1
1001
ACAD
1000
AcDbSavedByObjectVersion
1070
     0
  0
VISUALSTYLE
  5
2B
102
{ACAD_REACTORS
330
29
102
}
330
29
100
AcDbVisualStyle
  2
FlatWithEdges
 70
     1
177
     3
291
     1
 70
    58
 90
        2
176
     1
 90
        1
176
     1
 90
        1
176
     1
 90
        2
176
     1
 40
0.6
176
     1
 40
30.0
176
     1
 62
     7
420
 16777215
176
     1
 90
        1
176
     1
 90
        0
176
     1
 62
     7
176
     1
 62
   257
176
     1
 90
        1
176
     1
 90
        1
176
     1
 40
1.0
176
     1
 90
        0
176
     1
 62
   257
176
     1
 40
1.0
176
     1
 90
        1
176
     1
 90
        6
176
     1
 90
        2
176
     1
 62
     7
176
     1
 90
        5
176
     1
 90
        0
176
     1
 90
        0
176
     1
290
     0
176
     1
 90
       13
176
     1
 40
0.0
176
     1
 90
        0
176
     1
290
     0
176
     1
290
     1
176
     1
290
     1
176
     1
290
     0
176
     1
290
     0
176
     1
290
     0
176
     1
290
     0
176
     1
290
     0
176
     1
290
     0
176
     1
 90
       50
176
     1
 40
0.0
176
     1
 40
1.0
176
     1
 90
        0
176
     1
 62
    18
420
        0
176
     1
 90
       50
176
     1
 90
        3
176
     1
 62
     5
420
      255
176
     1
290
     0
176
     1
 90
       50
176
     1
 90
       50
176
     1
 90
       50
176
     1
290
     0
176
     1
 90
       50
176
     1
 62
   256
176
     0
 40
1.0
176
     0
 90
        2
176
     1
  1
strokes_ogs.tif
176
     1
290
     0
176
     1
 40
1.0
176
     1
 40
1.0
176
     1
1001
ACAD
1000
AcDbSavedByObjectVersion
1070
     0
  0
VISUALSTYLE
  5
2C
102
{ACAD_REACTORS
330
29
102
}
330
29
100
AcDbVisualStyle
  2
Gouraud
 70
     2
177
     3
291
     1
 70
    58
 90
        2
176
     1
 90
        2
176
     1
 90
        1
176
     1
 90
        2
176
     1
 40
0.6
176
     1
 40
30.0
176
     1
 62
     7
420
 16777215
176
     1
 90
        0
176
     1
 90
        0
176
     1
 62
     7
176
     1
 62
   257
176
     1
 90
        1
176
     1
 90
        1
176
     1
 40
1.0
176
     1
 90
        0
176
     1
 62
     7
176
     1
 40
1.0
176
     1
 90
        1
176
     1
 90
        6
176
     1
 90
        2
176
     1
 62
     7
176
     1
 90
        5
176
     1
 90
        0
176
     1
 90
        0
176
     1
290
     0
176
     1
 90
       13
176
     1
 40
0.0
176
     1
 90
        0
176
     1
290
     0
176
     1
290
     1
176
     1
290
     1
176
     1
290
     0
176
     1
290
     0
176
     1
290
     0
176
     1
290
     0
176
     1
290
     0
176
     1
290
     0
176
     1
 90
       50
176
     1
 40
0.0
176
     1
 40
1.0
176
     1
 90
        0
176
     1
 62
    18
420
        0
176
     1
 90
       50
176
     1
 90
        3
176
     1
 62
     5
420
      255
176
     1
290
     0
176
     1
 90
       50
176
     1
 90
       50
176
     1
 90
       50
176
     1
290
     0
176
     1
 90
       50
176
     1
 62
   256
176
     0
 40
1.0
176
     0
 90
        2
176
     1
  1
strokes_ogs.tif
176
     1
290
     0
176
     1
 40
1.0
176
     1
 40
1.0
176
     1
1001
ACAD
1000
AcDbSavedByObjectVersion
1070
     0
  0
VISUALSTYLE
  5
2D
102
{ACAD_REACTORS
330
29
102
}
330
29
100
AcDbVisualStyle
  2
GouraudWithEdges
 70
     3
177
     3
291
     1
 70
    58
 90
        2
176
     1
 90
        2
176
     1
 90
        1
176
     1
 90
        2
176
     1
 40
0.6
176
     1
 40
30.0
176
     1
 62
     7
420
 16777215
176
     1
 90
        1
176
     1
 90
        0
176
     1
 62
     7
176
     1
 62
   257
176
     1
 90
        1
176
     1
 90
        1
176
     1
 40
1.0
176
     1
 90
        0
176
     1
 62
   257
176
     1
 40
1.0
176
     1
 90
        1
176
     1
 90
        6
176
     1
 90
        2
176
     1
 62
     7
176
     1
 90
        5
176
     1
 90
        0
176
     1
 90
        0
176
     1
290
     0
176
     1
 90
       13
176
     1
 40
0.0
176
     1
 90
        0
176
     1
290
     0
176
     1
290
     1
176
     1
290
     1
176
     1
290
     0
176
     1
290
     0
176
     1
290
     0
176
     1
290
     0
176
     1
290
     0
176
     1
290
     0
176
     1
 90
       50
176
     1
 40
0.0
176
     1
 40
1.0
176
     1
 90
        0
176
     1
 62
    18
420
        0
176
     1
 90
       50
176
     1
 90
        3
176
     1
 62
     5
420
      255
176
     1
290
     0
176
     1
 90
       50
176
     1
 90
       50
176
     1
 90
       50
176
     1
290
     0
176
     1
 90
       50
176
     1
 62
   256
176
     0
 40
1.0
176
     0
 90
        2
176
     1
  1
strokes_ogs.tif
176
     1
290
     0
176
     1
 40
1.0
176
     1
 40
1.0
176
     1
1001
ACAD
1000
AcDbSavedByObjectVersion
1070
     0
  0
VISUALSTYLE
  5
31
102
{ACAD_REACTORS
330
29
102
}
330
29
100
AcDbVisualStyle
  2
Hidden
 70
     6
177
     3
291
     0
 70
    58
 90
        1
176
     1
 90
        2
176
     1
 90
        2
176
     1
 90
        0
176
     1
 40
0.6
176
     1
 40
30.0
176
     1
 62
     7
420
 16777215
176
     1
 90
        2
176
     1
 90
        2
176
     1
 62
     7
176
     1
 62
   257
176
     1
 90
        2
176
     1
 90
        1
176
     1
 40
40.0
176
     1
 90
        0
176
     1
 62
   257
176
     1
 40
1.0
176
     1
 90
        1
176
     1
 90
        6
176
     1
 90
        2
176
     1
 62
     7
176
     1
 90
        3
176
     1
 90
        0
176
     1
 90
        0
176
     1
290
     0
176
     1
 90
        1
176
     1
 40
0.0
176
     1
 90
        0
176
     1
290
     0
176
     1
290
     1
176
     1
290
     1
176
     1
290
     0
176
     1
290
     0
176
     1
290
     0
176
     1
290
     0
176
     1
290
     0
176
     1
290
     0
176
     1
 90
       50
176
     1
 40
0.0
176
     1
 40
1.0
176
     1
 90
        0
176
     1
 62
    18
420
        0
176
     1
 90
       50
176
     1
 90
        3
176
     1
 62
     5
420
      255
176
     1
290
     0
176
     1
 90
       50
176
     1
 90
       50
176
     1
 90
       50
176
     1
290
     0
176
     1
 90
       50
176
     1
 62
   256
176
     0
 40
1.0
176
     0
 90
        2
176
     1
  1
strokes_ogs.tif
176
     1
290
     0
176
     1
 40
1.0
176
     1
 40
1.0
176
     1
1001
ACAD
1000
AcDbSavedByObjectVersion
1070
     0
  0
VISUALSTYLE
  5
3F
102
{ACAD_REACTORS
330
29
102
}
330
29
100
AcDbVisualStyle
  2
JitterOff
 70
    20
177
     3
291
     1
 70
    58
 90
        2
176
     0
 90
        2
176
     0
 90
        0
176
     0
 90
        0
176
     0
 40
0.6
176
     0
 40
30.0
176
     0
 62
     7
420
 16777215
176
     0
 90
        1
176
     0
 90
        4
176
     0
 62
     7
176
     0
 62
   257
176
     0
 90
        1
176
     0
 90
        1
176
     0
 40
1.0
176
     0
 90
       10
176
     2
 62
     7
176
     0
 40
1.0
176
     0
 90
        1
176
     0
 90
        6
176
     0
 90
        2
176
     0
 62
     7
176
     0
 90
        5
176
     0
 90
        0
176
     0
 90
        0
176
     0
290
     0
176
     0
 90
        1
176
     0
 40
0.0
176
     0
 90
        0
176
     0
290
     0
176
     0
290
     1
176
     0
290
     1
176
     0
290
     0
176
     0
290
     0
176
     0
290
     0
176
     0
290
     0
176
     0
290
     0
176
     0
290
     0
176
     0
 90
       50
176
     0
 40
0.0
176
     0
 40
1.0
176
     0
 90
        0
176
     0
 62
    18
420
        0
176
     0
 90
       50
176
     0
 90
        3
176
     0
 62
     5
420
      255
176
     0
290
     0
176
     0
 90
       50
176
     0
 90
       50
176
     0
 90
       50
176
     0
290
     0
176
     0
 90
       50
176
     0
 62
   256
176
     0
 40
1.0
176
     0
 90
        2
176
     0
  1
strokes_ogs.tif
176
     0
290
     0
176
     0
 40
1.0
176
     0
 40
1.0
176
     0
1001
ACAD
1000
AcDbSavedByObjectVersion
1070
     0
  0
VISUALSTYLE
  5
37
102
{ACAD_REACTORS
330
29
102
}
330
29
100
AcDbVisualStyle
  2
Linepattern
 70
    14
177
     3
291
     1
 70
    58
 90
        2
176
     1
 90
        2
176
     1
 90
        0
176
     1
 90
        0
176
     1
 40
0.6
176
     1
 40
30.0
176
     1
 62
     7
420
 16777215
176
     1
 90
        1
176
     1
 90
        4
176
     1
 62
     7
176
     1
 62
   257
176
     1
 90
        7
176
     1
 90
        7
176
     1
 40
1.0
176
     1
 90
        8
176
     1
 62
     7
176
     1
 40
1.0
176
     1
 90
        1
176
     1
 90
        6
176
     1
 90
        2
176
     1
 62
     7
176
     1
 90
        5
176
     1
 90
        0
176
     1
 90
        0
176
     1
290
     0
176
     1
 90
        1
176
     1
 40
0.0
176
     1
 90
        0
176
     1
290
     0
176
     1
290
     1
176
     1
290
     1
176
     1
290
     0
176
     1
290
     0
176
     1
290
     0
176
     1
290
     0
176
     1
290
     0
176
     1
290
     0
176
     1
 90
       50
176
     1
 40
0.0
176
     1
 40
1.0
176
     1
 90
        0
176
     1
 62
    18
420
        0
176
     1
 90
       50
176
     1
 90
        3
176
     1
 62
     5
420
      255
176
     1
290
     0
176
     1
 90
       50
176
     1
 90
       50
176
     1
 90
       50
176
     1
290
     0
176
     1
 90
       50
176
     1
 62
   256
176
     0
 40
1.0
176
     0
 90
        2
176
     1
  1
strokes_ogs.tif
176
     1
290
     0
176
     1
 40
1.0
176
     1
 40
1.0
176
     1
1001
ACAD
1000
AcDbSavedByObjectVersion
1070
     0
  0
VISUALSTYLE
  5
40
102
{ACAD_REACTORS
330
29
102
}
330
29
100
AcDbVisualStyle
  2
OverhangOff
 70
    21
177
     3
291
     1
 70
    58
 90
        2
176
     0
 90
        2
176
     0
 90
        0
176
     0
 90
        0
176
     0
 40
0.6
176
     0
 40
30.0
176
     0
 62
     7
420
 16777215
176
     0
 90
        1
176
     0
 90
        4
176
     0
 62
     7
176
     0
 62
   257
176
     0
 90
        1
176
     0
 90
        1
176
     0
 40
1.0
176
     0
 90
        9
176
     2
 62
     7
176
     0
 40
1.0
176
     0
 90
        1
176
     0
 90
        6
176
     0
 90
        2
176
     0
 62
     7
176
     0
 90
        5
176
     0
 90
        0
176
     0
 90
        0
176
     0
290
     0
176
     0
 90
        1
176
     0
 40
0.0
176
     0
 90
        0
176
     0
290
     0
176
     0
290
     1
176
     0
290
     1
176
     0
290
     0
176
     0
290
     0
176
     0
290
     0
176
     0
290
     0
176
     0
290
     0
176
     0
290
     0
176
     0
 90
       50
176
     0
 40
0.0
176
     0
 40
1.0
176
     0
 90
        0
176
     0
 62
    18
420
        0
176
     0
 90
       50
176
     0
 90
        3
176
     0
 62
     5
420
      255
176
     0
290
     0
176
     0
 90
       50
176
     0
 90
       50
176
     0
 90
       50
176
     0
290
     0
176
     0
 90
       50
176
     0
 62
   256
176
     0
 40
1.0
176
     0
 90
        2
176
     0
  1
strokes_ogs.tif
176
     0
290
     0
176
     0
 40
1.0
176
     0
 40
1.0
176
     0
1001
ACAD
1000
AcDbSavedByObjectVersion
1070
     0
  0
VISUALSTYLE
  5
33
102
{ACAD_REACTORS
330
29
102
}
330
29
100
AcDbVisualStyle
  2
Realistic
 70
     8
177
     3
291
     0
 70
    58
 90
        2
176
     1
 90
        3
176
     1
 90
        0
176
     1
 90
        2
176
     1
 40
0.6
176
     1
 40
30.0
176
     1
 62
     7
420
 16777215
176
     1
 90
        0
176
     1
 90
        0
176
     1
 62
     7
176
     1
 62
   257
176
     1
 90
        1
176
     1
 90
        1
176
     1
 40
1.0
176
     1
 90
        8
176
     1
 62
   257
176
     1
 40
1.0
176
     1
 90
        1
176
     1
 90
        6
176
     1
 90
        2
176
     1
 62
     7
176
     1
 90
        3
176
     1
 90
        0
176
     1
 90
        0
176
     1
290
     0
176
     1
 90
       13
176
     1
 40
0.0
176
     1
 90
        0
176
     1
290
     0
176
     1
290
     1
176
     1
290
     1
176
     1
290
     0
176
     1
290
     0
176
     1
290
     0
176
     1
290
     0
176
     1
290
     0
176
     1
290
     0
176
     1
 90
       50
176
     1
 40
0.0
176
     1
 40
1.0
176
     1
 90
        0
176
     1
 62
    18
420
        0
176
     1
 90
       50
176
     1
 90
        3
176
     1
 62
     5
420
      255
176
     1
290
     0
176
     1
 90
       50
176
     1
 90
       50
176
     1
 90
       50
176
     1
290
     0
176
     1
 90
       50
176
     1
 62
   256
176
     0
 40
1.0
176
     0
 90
        2
176
     1
  1
strokes_ogs.tif
176
     1
290
     0
176
     1
 40
1.0
176
     1
 40
1.0
176
     1
1001
ACAD
1000
AcDbSavedByObjectVersion
1070
     0
  0
VISUALSTYLE
  5
3E
102
{ACAD_REACTORS
330
29
102
}
330
29
100
AcDbVisualStyle
  2
Shaded
 70
    27
177
     3
291
     0
 70
    58
 90
        2
176
     1
 90
        2
176
     1
 90
        1
176
     1
 90
        2
176
     1
 40
0.6
176
     1
 40
30.0
176
     1
 62
     7
420
 16777215
176
     1
 90
        0
176
     1
 90
        4
176
     1
 62
     7
176
     1
 62
   257
176
     1
 90
        1
176
     1
 90
        1
176
     1
 40
1.0
176
     1
 90
        8
176
     1
 62
   257
176
     1
 40
1.0
176
     1
 90
        1
176
     1
 90
        6
176
     1
 90
        2
176
     1
 62
     8
420
  7895160
176
     1
 90
        3
176
     1
 90
        0
176
     1
 90
        0
176
     1
290
     0
176
     1
 90
        5
176
     1
 40
0.0
176
     1
 90
        0
176
     1
290
     0
176
     1
290
     1
176
     1
290
     1
176
     1
290
     0
176
     1
290
     0
176
     1
290
     0
176
     1
290
     0
176
     1
290
     0
176
     1
290
     0
176
     1
 90
       50
176
     1
 40
0.0
176
     1
 40
1.0
176
     1
 90
        0
176
     1
 62
    18
420
        0
176
     1
 90
       50
176
     1
 90
        3
176
     1
 62
     5
420
      255
176
     1
290
     0
176
     1
 90
       50
176
     1
 90
       50
176
     1
 90
       50
176
     1
290
     0
176
     1
 90
       50
176
     1
 62
   256
176
     0
 40
1.0
176
     0
 90
        2
176
     1
  1
strokes_ogs.tif
176
     1
290
     0
176
     1
 40
1.0
176
     1
 40
1.0
176
     1
1001
ACAD
1000
AcDbSavedByObjectVersion
1070
     0
  0
VISUALSTYLE
  5
3D
102
{ACAD_REACTORS
330
29
102
}
330
29
100
AcDbVisualStyle
  2
Shaded with edges
 70
    26
177
     3
291
     0
 70
    58
 90
        2
176
     1
 90
        2
176
     1
 90
        1
176
     1
 90
        2
176
     1
 40
0.6
176
     1
 40
30.0
176
     1
 62
     7
420
 16777215
176
     1
 90
        1
176
     1
 90
        2
176
     1
 62
     7
176
     1
 62
   257
176
     1
 90
        2
176
     1
 90
        1
176
     1
 40
1.0
176
     1
 90
        8
176
     1
 62
   257
176
     1
 40
1.0
176
     1
 90
        1
176
     1
 90
        6
176
     1
 90
        2
176
     1
 62
     7
176
     1
 90
        3
176
     1
 90
        0
176
     1
 90
        0
176
     1
290
     0
176
     1
 90
        5
176
     1
 40
0.0
176
     1
 90
        0
176
     1
290
     0
176
     1
290
     1
176
     1
290
     1
176
     1
290
     0
176
     1
290
     0
176
     1
290
     0
176
     1
290
     0
176
     1
290
     0
176
     1
290
     0
176
     1
 90
       50
176
     1
 40
0.0
176
     1
 40
1.0
176
     1
 90
        0
176
     1
 62
    18
420
        0
176
     1
 90
       50
176
     1
 90
        3
176
     1
 62
     5
420
      255
176
     1
290
     0
176
     1
 90
       50
176
     1
 90
       50
176
     1
 90
       50
176
     1
290
     0
176
     1
 90
       50
176
     1
 62
   256
176
     0
 40
1.0
176
     0
 90
        2
176
     1
  1
strokes_ogs.tif
176
     1
290
     0
176
     1
 40
1.0
176
     1
 40
1.0
176
     1
1001
ACAD
1000
AcDbSavedByObjectVersion
1070
     0
  0
VISUALSTYLE
  5
3A
102
{ACAD_REACTORS
330
29
102
}
330
29
100
AcDbVisualStyle
  2
Shades of Gray
 70
    23
177
     3
291
     0
 70
    58
 90
        2
176
     1
 90
        2
176
     1
 90
        3
176
     1
 90
        0
176
     1
 40
0.6
176
     1
 40
30.0
176
     1
 62
     7
420
 16777215
176
     1
 90
        2
176
     1
 90
        2
176
     1
 62
     7
176
     1
 62
     7
176
     1
 90
        1
176
     1
 90
        1
176
     1
 40
40.0
176
     1
 90
        8
176
     1
 62
     7
176
     1
 40
1.0
176
     1
 90
        1
176
     1
 90
        6
176
     1
 90
        2
176
     1
 62
     7
176
     1
 90
        3
176
     1
 90
        0
176
     1
 90
        0
176
     1
290
     0
176
     1
 90
        1
176
     1
 40
0.0
176
     1
 90
        0
176
     1
290
     0
176
     1
290
     1
176
     1
290
     1
176
     1
290
     0
176
     1
290
     0
176
     1
290
     0
176
     1
290
     0
176
     1
290
     0
176
     1
290
     0
176
     1
 90
       50
176
     1
 40
0.0
176
     1
 40
1.0
176
     1
 90
        0
176
     1
 62
    18
420
        0
176
     1
 90
       50
176
     1
 90
        3
176
     1
 62
     5
420
      255
176
     1
290
     0
176
     1
 90
       50
176
     1
 90
       50
176
     1
 90
       50
176
     1
290
     0
176
     1
 90
       50
176
     1
 62
   256
176
     0
 40
1.0
176
     0
 90
        2
176
     1
  1
strokes_ogs.tif
176
     1
290
     0
176
     1
 40
1.0
176
     1
 40
1.0
176
     1
1001
ACAD
1000
AcDbSavedByObjectVersion
1070
     0
  0
VISUALSTYLE
  5
3B
102
{ACAD_REACTORS
330
29
102
}
330
29
100
AcDbVisualStyle
  2
Sketchy
 70
    24
177
     3
291
     0
 70
    58
 90
        1
176
     1
 90
        2
176
     1
 90
        2
176
     1
 90
        0
176
     1
 40
0.6
176
     1
 40
30.0
176
     1
 62
     7
420
 16777215
176
     1
 90
        2
176
     1
 90
        2
176
     1
 62
     7
176
     1
 62
     7
176
     1
 90
        1
176
     1
 90
        1
176
     1
 40
40.0
176
     1
 90
       11
176
     1
 62
     7
176
     1
 40
1.0
176
     1
 90
        1
176
     1
 90
        6
176
     1
 90
        2
176
     1
 62
     7
176
     1
 90
        6
176
     1
 90
        0
176
     1
 90
        0
176
     1
290
     0
176
     1
 90
        1
176
     1
 40
0.0
176
     1
 90
        0
176
     1
290
     0
176
     1
290
     1
176
     1
290
     1
176
     1
290
     0
176
     1
290
     0
176
     1
290
     0
176
     1
290
     0
176
     1
290
     0
176
     1
290
     0
176
     1
 90
       50
176
     1
 40
0.0
176
     1
 40
1.0
176
     1
 90
        0
176
     1
 62
    18
420
        0
176
     1
 90
       50
176
     1
 90
        3
176
     1
 62
     5
420
      255
176
     1
290
     0
176
     1
 90
       50
176
     1
 90
       50
176
     1
 90
       50
176
     1
290
     0
176
     1
 90
       50
176
     1
 62
   256
176
     0
 40
1.0
176
     0
 90
        2
176
     1
  1
strokes_ogs.tif
176
     1
290
     0
176
     1
 40
1.0
176
     1
 40
1.0
176
     1
1001
ACAD
1000
AcDbSavedByObjectVersion
1070
     0
  0
VISUALSTYLE
  5
36
102
{ACAD_REACTORS
330
29
102
}
330
29
100
AcDbVisualStyle
  2
Thicken
 70
    13
177
     3
291
     1
 70
    58
 90
        2
176
     1
 90
        2
176
     1
 90
        0
176
     1
 90
        0
176
     1
 40
0.6
176
     1
 40
30.0
176
     1
 62
     7
420
 16777215
176
     1
 90
        1
176
     1
 90
        4
176
     1
 62
     7
176
     1
 62
   257
176
     1
 90
        1
176
     1
 90
        1
176
     1
 40
1.0
176
     1
 90
       12
176
     1
 62
     7
176
     1
 40
1.0
176
     1
 90
        1
176
     1
 90
        6
176
     1
 90
        2
176
     1
 62
     7
176
     1
 90
        5
176
     1
 90
        0
176
     1
 90
        0
176
     1
290
     0
176
     1
 90
        1
176
     1
 40
0.0
176
     1
 90
        0
176
     1
290
     0
176
     1
290
     1
176
     1
290
     1
176
     1
290
     0
176
     1
290
     0
176
     1
290
     0
176
     1
290
     0
176
     1
290
     0
176
     1
290
     0
176
     1
 90
       50
176
     1
 40
0.0
176
     1
 40
1.0
176
     1
 90
        0
176
     1
 62
    18
420
        0
176
     1
 90
       50
176
     1
 90
        3
176
     1
 62
     5
420
      255
176
     1
290
     0
176
     1
 90
       50
176
     1
 90
       50
176
     1
 90
       50
176
     1
290
     0
176
     1
 90
       50
176
     1
 62
   256
176
     0
 40
1.0
176
     0
 90
        2
176
     1
  1
strokes_ogs.tif
176
     1
290
     0
176
     1
 40
1.0
176
     1
 40
1.0
176
     1
1001
ACAD
1000
AcDbSavedByObjectVersion
1070
     0
  0
VISUALSTYLE
  5
30
102
{ACAD_REACTORS
330
29
102
}
330
29
100
AcDbVisualStyle
  2
Wireframe
 70
     5
177
     3
291
     0
 70
    58
 90
        0
176
     1
 90
        2
176
     1
 90
        0
176
     1
 90
        0
176
     1
 40
0.6
176
     1
 40
30.0
176
     1
 62
     7
420
 16777215
176
     1
 90
        1
176
     1
 90
        4
176
     1
 62
     7
176
     1
 62
   257
176
     1
 90
        1
176
     1
 90
        1
176
     1
 40
1.0
176
     1
 90
        0
176
     1
 62
   257
176
     1
 40
1.0
176
     1
 90
        1
176
     1
 90
        6
176
     1
 90
        2
176
     1
 62
     7
176
     1
 90
        3
176
     1
 90
        0
176
     1
 90
        0
176
     1
290
     0
176
     1
 90
        1
176
     1
 40
0.0
176
     1
 90
        0
176
     1
290
     0
176
     1
290
     1
176
     1
290
     1
176
     1
290
     0
176
     1
290
     0
176
     1
290
     0
176
     1
290
     0
176
     1
290
     0
176
     1
290
     0
176
     1
 90
       50
176
     1
 40
0.0
176
     1
 40
1.0
176
     1
 90
        0
176
     1
 62
    18
420
        0
176
     1
 90
       50
176
     1
 90
        3
176
     1
 62
     5
420
      255
176
     1
290
     0
176
     1
 90
       50
176
     1
 90
       50
176
     1
 90
       50
176
     1
290
     0
176
     1
 90
       50
176
     1
 62
   256
176
     0
 40
1.0
176
     0
 90
        2
176
     1
  1
strokes_ogs.tif
176
     1
290
     0
176
     1
 40
1.0
176
     1
 40
1.0
176
     1
1001
ACAD
1000
AcDbSavedByObjectVersion
1070
     0
  0
VISUALSTYLE
  5
3C
102
{ACAD_REACTORS
330
29
102
}
330
29
100
AcDbVisualStyle
  2
X-Ray
 70
    25
177
     3
291
     0
 70
    58
 90
        2
176
     1
 90
        2
176
     1
 90
        1
176
     1
 90
        1
176
     1
 40
0.5
176
     1
 40
30.0
176
     1
 62
     7
420
 16777215
176
     1
 90
        1
176
     1
 90
        0
176
     1
 62
     7
176
     1
 62
   257
176
     1
 90
        1
176
     1
 90
        1
176
     1
 40
1.0
176
     1
 90
        8
176
     1
 62
     7
176
     1
 40
1.0
176
     1
 90
        1
176
     1
 90
        6
176
     1
 90
        2
176
     1
 62
     7
176
     1
 90
        3
176
     1
 90
        0
176
     1
 90
        0
176
     1
290
     0
176
     1
 90
       13
176
     1
 40
0.0
176
     1
 90
        0
176
     1
290
     0
176
     1
290
     1
176
     1
290
     1
176
     1
290
     0
176
     1
290
     0
176
     1
290
     0
176
     1
290
     0
176
     1
290
     0
176
     1
290
     0
176
     1
 90
       50
176
     1
 40
0.0
176
     1
 40
1.0
176
     1
 90
        0
176
     1
 62
    18
420
        0
176
     1
 90
       50
176
     1
 90
        3
176
     1
 62
     5
420
      255
176
     1
290
     0
176
     1
 90
       50
176
     1
 90
       50
176
     1
 90
       50
176
     1
290
     0
176
     1
 90
       50
176
     1
 62
   256
176
     0
 40
1.0
176
     0
 90
        2
176
     1
  1
strokes_ogs.tif
176
     1
290
     0
176
     1
 40
1.0
176
     1
 40
1.0
176
     1
1001
ACAD
1000
AcDbSavedByObjectVersion
1070
     0
  0
DICTIONARYVAR
  5
1D45
102
{ACAD_REACTORS
330
1D40
102
}
330
1D40
100
DictionaryVariables
280
     0
  1
0
  0
DICTIONARYVAR
  5
1D46
102
{ACAD_REACTORS
330
1D40
102
}
330
1D40
100
DictionaryVariables
280
     0
  1
1:1
  0
DICTIONARYVAR
  5
1D42
102
{ACAD_REACTORS
330
1D40
102
}
330
1D40
100
DictionaryVariables
280
     0
  1
STANDARD
  0
DICTIONARYVAR
  5
1D41
102
{ACAD_REACTORS
330
1D40
102
}
330
1D40
100
DictionaryVariables
280
     0
  1
STANDARD
  0
DICTIONARYVAR
  5
1D43
102
{ACAD_REACTORS
330
1D40
102
}
330
1D40
100
DictionaryVariables
280
     0
  1
Imperial24
  0
DICTIONARYVAR
  5
1D44
102
{ACAD_REACTORS
330
1D40
102
}
330
1D40
100
DictionaryVariables
280
     0
  1
Imperial24
  0
DICTIONARY
  5
1D4C
330
6B
100
AcDbDictionary
280
     1
281
     1
  3
ACAD_XREC_ROUNDTRIP
360
1D4D
  0
DICTIONARY
  5
1A
330
19
100
AcDbDictionary
280
     1
281
     1
  3
BUMPTILE
360
1C
  3
DIFFUSETILE
360
1B
  3
OPACITYTILE
360
1F
  3
REFLECTIONTILE
360
1E
  3
REFRACTIONTILE
360
20
  3
SPECULARTILE
360
1D
  0
DICTIONARY
  5
12
330
11
100
AcDbDictionary
280
     1
281
     1
  3
BUMPTILE
360
14
  3
DIFFUSETILE
360
13
  3
OPACITYTILE
360
17
  3
REFLECTIONTILE
360
16
  3
REFRACTIONTILE
360
18
  3
SPECULARTILE
360
15
  0
DICTIONARY
  5
22
330
21
100
AcDbDictionary
280
     1
281
     1
  3
BUMPTILE
360
24
  3
DIFFUSETILE
360
23
  3
OPACITYTILE
360
27
  3
REFLECTIONTILE
360
26
  3
REFRACTIONTILE
360
28
  3
SPECULARTILE
360
25
  0
DICTIONARY
  5
1D4A
330
69
100
AcDbDictionary
280
     1
281
     1
  3
ACAD_XREC_ROUNDTRIP
360
1D4B
  0
DICTIONARY
  5
1D47
330
65
100
AcDbDictionary
280
     1
281
     1
  3
ACAD_ROUNDTRIP_2008_TABLESTYLE_CELLSTYLEMAP
360
1D48
  0
XRECORD
  5
1D4D
102
{ACAD_REACTORS
330
1D4C
102
}
330
1D4C
100
AcDbXrecord
280
     1
102
DISPLAYNAME
  1
Imperial24
102
FLAGS
 90
        0
  0
XRECORD
  5
1C
102
{ACAD_REACTORS
330
1A
102
}
330
1A
100
AcDbXrecord
280
     1
270
     1
271
     1
  0
XRECORD
  5
1B
102
{ACAD_REACTORS
330
1A
102
}
330
1A
100
AcDbXrecord
280
     1
270
     1
271
     1
  0
XRECORD
  5
1F
102
{ACAD_REACTORS
330
1A
102
}
330
1A
100
AcDbXrecord
280
     1
270
     1
271
     1
  0
XRECORD
  5
1E
102
{ACAD_REACTORS
330
1A
102
}
330
1A
100
AcDbXrecord
280
     1
270
     1
271
     1
  0
XRECORD
  5
20
102
{ACAD_REACTORS
330
1A
102
}
330
1A
100
AcDbXrecord
280
     1
270
     1
271
     1
  0
XRECORD
  5
1D
102
{ACAD_REACTORS
330
1A
102
}
330
1A
100
AcDbXrecord
280
     1
270
     1
271
     1
  0
XRECORD
  5
14
102
{ACAD_REACTORS
330
12
102
}
330
12
100
AcDbXrecord
280
     1
270
     1
271
     1
  0
XRECORD
  5
13
102
{ACAD_REACTORS
330
12
102
}
330
12
100
AcDbXrecord
280
     1
270
     1
271
     1
  0
XRECORD
  5
17
102
{ACAD_REACTORS
330
12
102
}
330
12
100
AcDbXrecord
280
     1
270
     1
271
     1
  0
XRECORD
  5
16
102
{ACAD_REACTORS
330
12
102
}
330
12
100
AcDbXrecord
280
     1
270
     1
271
     1
  0
XRECORD
  5
18
102
{ACAD_REACTORS
330
12
102
}
330
12
100
AcDbXrecord
280
     1
270
     1
271
     1
  0
XRECORD
  5
15
102
{ACAD_REACTORS
330
12
102
}
330
12
100
AcDbXrecord
280
     1
270
     1
271
     1
  0
XRECORD
  5
24
102
{ACAD_REACTORS
330
22
102
}
330
22
100
AcDbXrecord
280
     1
270
     1
271
     1
  0
XRECORD
  5
23
102
{ACAD_REACTORS
330
22
102
}
330
22
100
AcDbXrecord
280
     1
270
     1
271
     1
  0
XRECORD
  5
27
102
{ACAD_REACTORS
330
22
102
}
330
22
100
AcDbXrecord
280
     1
270
     1
271
     1
  0
XRECORD
  5
26
102
{ACAD_REACTORS
330
22
102
}
330
22
100
AcDbXrecord
280
     1
270
     1
271
     1
  0
XRECORD
  5
28
102
{ACAD_REACTORS
330
22
102
}
330
22
100
AcDbXrecord
280
     1
270
     1
271
     1
  0
XRECORD
  5
25
102
{ACAD_REACTORS
330
22
102
}
330
22
100
AcDbXrecord
280
     1
270
     1
271
     1
  0
XRECORD
  5
1D4B
102
{ACAD_REACTORS
330
1D4A
102
}
330
1D4A
100
AcDbXrecord
280
     1
102
DISPLAYNAME
  1
Imperial24
102
FLAGS
 90
        0
  0
CELLSTYLEMAP
  5
1D48
102
{ACAD_REACTORS
330
1D47
102
}
330
1D47
100
AcDbCellStyleMap
 90
        3
300
CELLSTYLE
  1
TABLEFORMAT_BEGIN
 90
        5
170
     1
 91
        0
 92
    32768
 62
   257
 93
        1
300
CONTENTFORMAT
  1
CONTENTFORMAT_BEGIN
 90
        0
 91
        0
 92
      512
 93
        0
300

 40
0.0
140
1.0
 94
        5
 62
     0
340
55
144
0.25
309
CONTENTFORMAT_END
171
     1
301
MARGIN
  1
CELLMARGIN_BEGIN
 40
1.5
 40
1.5
 40
1.5
 40
1.5
 40
0.18
 40
0.18
309
CELLMARGIN_END
 94
        0
309
TABLEFORMAT_END
  1
CELLSTYLE_BEGIN
 90
        1
 91
        1
300
_TITLE
309
CELLSTYLE_END
300
CELLSTYLE
  1
TABLEFORMAT_BEGIN
 90
        5
170
     1
 91
        0
 92
        0
 62
   257
 93
        1
300
CONTENTFORMAT
  1
CONTENTFORMAT_BEGIN
 90
        0
 91
        0
 92
      512
 93
        0
300

 40
0.0
140
1.0
 94
        5
 62
     0
340
55
144
0.18
309
CONTENTFORMAT_END
171
     1
301
MARGIN
  1
CELLMARGIN_BEGIN
 40
1.5
 40
1.5
 40
1.5
 40
1.5
 40
0.18
 40
0.18
309
CELLMARGIN_END
 94
        0
309
TABLEFORMAT_END
  1
CELLSTYLE_BEGIN
 90
        2
 91
        1
300
_HEADER
309
CELLSTYLE_END
300
CELLSTYLE
  1
TABLEFORMAT_BEGIN
 90
        5
170
     1
 91
        0
 92
        0
 62
   257
 93
        1
300
CONTENTFORMAT
  1
CONTENTFORMAT_BEGIN
 90
        0
 91
        0
 92
      512
 93
        0
300

 40
0.0
140
1.0
 94
        2
 62
     0
340
55
144
0.18
309
CONTENTFORMAT_END
171
     1
301
MARGIN
  1
CELLMARGIN_BEGIN
 40
1.5
 40
1.5
 40
1.5
 40
1.5
 40
0.18
 40
0.18
309
CELLMARGIN_END
 94
        0
309
TABLEFORMAT_END
  1
CELLSTYLE_BEGIN
 90
        3
 91
        2
300
_DATA
309
CELLSTYLE_END
  0
ENDSEC
  0
EOF
