  0
SECTION
  2
HEADER
  9
$ACADVER
  1
AC1027
  9
$ACADMAINTVER
 70
   125
  9
$DWGCODEPAGE
  3
ANSI_1252
  9
$LASTSAVEDBY
  1
kaley
  9
$REQUIREDVERSIONS
160
                 0
  9
$INSBASE
 10
0.0
 20
0.0
 30
0.0
  9
$EXTMIN
 10
0.0
 20
0.0
 30
0.0
  9
$EXTMAX
 10
1500.0
 20
1600.0
 30
0.0
  9
$LIMMIN
 10
0.0
 20
0.0
  9
$LIMMAX
 10
1500.0
 20
1600.0
  9
$ORTHOMODE
 70
     0
  9
$REGENMODE
 70
     1
  9
$FILLMODE
 70
     1
  9
$QTEXTMODE
 70
     0
  9
$MIRRTEXT
 70
     0
  9
$LTSCALE
 40
0.75
  9
$ATTMODE
 70
     1
  9
$TEXTSIZE
 40
3.5
  9
$TRACEWID
 40
1.0
  9
$TEXTSTYLE
  7
Standard
  9
$CLAYER
  8
0
  9
$CELTYPE
  6
ByLayer
  9
$CECOLOR
 62
   256
  9
$CELTSCALE
 40
1.0
  9
$DISPSILH
 70
     0
  9
$DIMSCALE
 40
1.0
  9
$DIMASZ
 40
3.5
  9
$DIMEXO
 40
2.1
  9
$DIMDLI
 40
10.5
  9
$DIMRND
 40
0.0
  9
$DIMDLE
 40
0.0
  9
$DIMEXE
 40
2.1
  9
$DIMTP
 40
0.1
  9
$DIMTM
 40
0.1
  9
$DIMTXT
 40
3.5
  9
$DIMCEN
 40
0.0
  9
$DIMTSZ
 40
0.0
  9
$DIMTOL
 70
     0
  9
$DIMLIM
 70
     0
  9
$DIMTIH
 70
     0
  9
$DIMTOH
 70
     0
  9
$DIMSE1
 70
     0
  9
$DIMSE2
 70
     0
  9
$DIMTAD
 70
     1
  9
$DIMZIN
 70
    12
  9
$DIMBLK
  1

  9
$DIMASO
 70
     1
  9
$DIMSHO
 70
     1
  9
$DIMPOST
  1

  9
$DIMAPOST
  1

  9
$DIMALT
 70
     0
  9
$DIMALTD
 70
     2
  9
$DIMALTF
 40
0.03937
  9
$DIMLFAC
 40
1.0
  9
$DIMTOFL
 70
     1
  9
$DIMTVP
 40
0.0
  9
$DIMTIX
 70
     0
  9
$DIMSOXD
 70
     0
  9
$DIMSAH
 70
     0
  9
$DIMBLK1
  1

  9
$DIMBLK2
  1

  9
$DIMSTYLE
  2
Dim-ISO-25
  9
$DIMCLRD
 70
     0
  9
$DIMCLRE
 70
     0
  9
$DIMCLRT
 70
     0
  9
$DIMTFAC
 40
0.714286
  9
$DIMGAP
 40
1.4
  9
$DIMJUST
 70
     0
  9
$DIMSD1
 70
     0
  9
$DIMSD2
 70
     0
  9
$DIMTOLJ
 70
     0
  9
$DIMTZIN
 70
    12
  9
$DIMALTZ
 70
    12
  9
$DIMALTTZ
 70
    12
  9
$DIMUPT
 70
     0
  9
$DIMDEC
 70
     2
  9
$DIMTDEC
 70
     2
  9
$DIMALTU
 70
     2
  9
$DIMALTTD
 70
     2
  9
$DIMTXSTY
  7
Standard
  9
$DIMAUNIT
 70
     0
  9
$DIMADEC
 70
     2
  9
$DIMALTRND
 40
0.0
  9
$DIMAZIN
 70
     3
  9
$DIMDSEP
 70
    46
  9
$DIMATFIT
 70
     3
  9
$DIMFRAC
 70
     0
  9
$DIMLDRBLK
  1

  9
$DIMLUNIT
 70
     2
  9
$DIMLWD
 70
    -2
  9
$DIMLWE
 70
    -2
  9
$DIMTMOVE
 70
     0
  9
$DIMFXL
 40
1.0
  9
$DIMFXLON
 70
     0
  9
$DIMJOGANG
 40
0.785398
  9
$DIMTFILL
 70
     0
  9
$DIMTFILLCLR
 70
     0
  9
$DIMARCSYM
 70
     0
  9
$DIMLTYPE
  6

  9
$DIMLTEX1
  6

  9
$DIMLTEX2
  6

  9
$DIMTXTDIRECTION
 70
     0
  9
$LUNITS
 70
     2
  9
$LUPREC
 70
     4
  9
$SKETCHINC
 40
1.0
  9
$FILLETRAD
 40
0.0
  9
$AUNITS
 70
     0
  9
$AUPREC
 70
     0
  9
$MENU
  1
.
  9
$ELEVATION
 40
0.0
  9
$PELEVATION
 40
0.0
  9
$THICKNESS
 40
0.0
  9
$LIMCHECK
 70
     0
  9
$CHAMFERA
 40
0.0
  9
$CHAMFERB
 40
0.0
  9
$CHAMFERC
 40
0.0
  9
$CHAMFERD
 40
0.0
  9
$SKPOLY
 70
     0
  9
$TDCREATE
 40
2461179.545289352
  9
$TDUCREATE
 40
2461179.461956019
  9
$TDUPDATE
 40
2461179.545289352
  9
$TDUUPDATE
 40
2461179.461956019
  9
$TDINDWG
 40
0.0000000000
  9
$TDUSRTIMER
 40
0.0000000000
  9
$USRTIMER
 70
     1
  9
$ANGBASE
 50
0.0
  9
$ANGDIR
 70
     0
  9
$PDMODE
 70
     0
  9
$PDSIZE
 40
0.0
  9
$PLINEWID
 40
0.0
  9
$SPLFRAME
 70
     0
  9
$SPLINETYPE
 70
     6
  9
$SPLINESEGS
 70
     8
  9
$HANDSEED
  5
1D2D
  9
$SURFTAB1
 70
     6
  9
$SURFTAB2
 70
     6
  9
$SURFTYPE
 70
     6
  9
$SURFU
 70
     6
  9
$SURFV
 70
     6
  9
$UCSBASE
  2

  9
$UCSNAME
  2

  9
$UCSORG
 10
0.0
 20
0.0
 30
0.0
  9
$UCSXDIR
 10
1.0
 20
0.0
 30
0.0
  9
$UCSYDIR
 10
0.0
 20
1.0
 30
0.0
  9
$UCSORTHOREF
  2

  9
$UCSORTHOVIEW
 70
     0
  9
$UCSORGTOP
 10
0.0
 20
0.0
 30
0.0
  9
$UCSORGBOTTOM
 10
0.0
 20
0.0
 30
0.0
  9
$UCSORGLEFT
 10
0.0
 20
0.0
 30
0.0
  9
$UCSORGRIGHT
 10
0.0
 20
0.0
 30
0.0
  9
$UCSORGFRONT
 10
0.0
 20
0.0
 30
0.0
  9
$UCSORGBACK
 10
0.0
 20
0.0
 30
0.0
  9
$PUCSBASE
  2

  9
$PUCSNAME
  2

  9
$PUCSORG
 10
0.0
 20
0.0
 30
0.0
  9
$PUCSXDIR
 10
1.0
 20
0.0
 30
0.0
  9
$PUCSYDIR
 10
0.0
 20
1.0
 30
0.0
  9
$PUCSORTHOREF
  2

  9
$PUCSORTHOVIEW
 70
     0
  9
$PUCSORGTOP
 10
0.0
 20
0.0
 30
0.0
  9
$PUCSORGBOTTOM
 10
0.0
 20
0.0
 30
0.0
  9
$PUCSORGLEFT
 10
0.0
 20
0.0
 30
0.0
  9
$PUCSORGRIGHT
 10
0.0
 20
0.0
 30
0.0
  9
$PUCSORGFRONT
 10
0.0
 20
0.0
 30
0.0
  9
$PUCSORGBACK
 10
0.0
 20
0.0
 30
0.0
  9
$USERI1
 70
     0
  9
$USERI2
 70
     0
  9
$USERI3
 70
     0
  9
$USERI4
 70
     0
  9
$USERI5
 70
     0
  9
$USERR1
 40
0.0
  9
$USERR2
 40
0.0
  9
$USERR3
 40
0.0
  9
$USERR4
 40
0.0
  9
$USERR5
 40
0.0
  9
$WORLDVIEW
 70
     1
  9
$SHADEDGE
 70
     3
  9
$SHADEDIF
 70
    70
  9
$TILEMODE
 70
     1
  9
$MAXACTVP
 70
    64
  9
$PINSBASE
 10
0.0
 20
0.0
 30
0.0
  9
$PLIMCHECK
 70
     0
  9
$PEXTMIN
 10
1.000000E+20
 20
1.000000E+20
 30
1.000000E+20
  9
$PEXTMAX
 10
-1.000000E+20
 20
-1.000000E+20
 30
-1.000000E+20
  9
$PLIMMIN
 10
0.0
 20
0.0
  9
$PLIMMAX
 10
12.0
 20
9.0
  9
$UNITMODE
 70
     0
  9
$VISRETAIN
 70
     1
  9
$PLINEGEN
 70
     0
  9
$PSLTSCALE
 70
     1
  9
$TREEDEPTH
 70
  3020
  9
$CMLSTYLE
  2
Standard
  9
$CMLJUST
 70
     0
  9
$CMLSCALE
 40
20.0
  9
$PROXYGRAPHICS
 70
     1
  9
$MEASUREMENT
 70
     1
  9
$CELWEIGHT
370
    -1
  9
$ENDCAPS
280
     0
  9
$JOINSTYLE
280
     0
  9
$LWDISPLAY
290
     0
  9
$INSUNITS
 70
     4
  9
$HYPERLINKBASE
  1

  9
$STYLESHEET
  1

  9
$XEDIT
290
     1
  9
$CEPSNTYPE
380
     0
  9
$PSTYLEMODE
290
     1
  9
$FINGERPRINTGUID
  2
{E3986AC2-4C4D-BB46-B265-FAAF9BE6E05B}
  9
$VERSIONGUID
  2
{AE72F9D6-1612-9441-BE8A-6A3466F9BEEB}
  9
$EXTNAMES
290
     1
  9
$PSVPSCALE
 40
0.0
  9
$OLESTARTUP
290
     0
  9
$SORTENTS
280
   127
  9
$INDEXCTL
280
     0
  9
$HIDETEXT
280
     1
  9
$XCLIPFRAME
280
     0
  9
$HALOGAP
280
     0
  9
$OBSCOLOR
 70
   257
  9
$OBSLTYPE
280
     0
  9
$INTERSECTIONDISPLAY
280
     0
  9
$INTERSECTIONCOLOR
 70
   257
  9
$DIMASSOC
280
     2
  9
$PROJECTNAME
  1

  9
$CAMERADISPLAY
290
     0
  9
$LENSLENGTH
 40
50.0
  9
$CAMERAHEIGHT
 40
0.0
  9
$STEPSPERSEC
 40
2.0
  9
$STEPSIZE
 40
6.0
  9
$3DDWFPREC
 40
2.0
  9
$PSOLWIDTH
 40
5.0
  9
$PSOLHEIGHT
 40
80.0
  9
$LOFTANG1
 40
1.570796
  9
$LOFTANG2
 40
1.570796
  9
$LOFTMAG1
 40
0.0
  9
$LOFTMAG2
 40
0.0
  9
$LOFTPARAM
 70
     7
  9
$LOFTNORMALS
280
     1
  9
$LATITUDE
 40
37.795
  9
$LONGITUDE
 40
-122.394
  9
$NORTHDIRECTION
 40
0.0
  9
$TIMEZONE
 70
 -8000
  9
$LIGHTGLYPHDISPLAY
280
     1
  9
$TILEMODELIGHTSYNCH
280
     1
  9
$CMATERIAL
347
11
  9
$SOLIDHIST
280
     0
  9
$SHOWHIST
280
     1
  9
$DWFFRAME
280
     2
  9
$DGNFRAME
280
     0
  9
$REALWORLDSCALE
290
     1
  9
$INTERFERECOLOR
 62
     1
  9
$INTERFEREOBJVS
345
33
  9
$INTERFEREVPVS
346
30
  9
$CSHADOW
280
     0
  9
$SHADOWPLANELOCATION
 40
0.0
  0
ENDSEC
  0
SECTION
  2
CLASSES
  0
CLASS
  1
ACDBDICTIONARYWDFLT
  2
AcDbDictionaryWithDefault
  3
ObjectDBX Classes
 90
        0
 91
        1
280
     0
281
     0
  0
CLASS
  1
MATERIAL
  2
AcDbMaterial
  3
ObjectDBX Classes
 90
     1153
 91
        3
280
     0
281
     0
  0
CLASS
  1
VISUALSTYLE
  2
AcDbVisualStyle
  3
ObjectDBX Classes
 90
     4095
 91
       24
280
     0
281
     0
  0
CLASS
  1
SCALE
  2
AcDbScale
  3
ObjectDBX Classes
 90
     1153
 91
       17
280
     0
281
     0
  0
CLASS
  1
TABLESTYLE
  2
AcDbTableStyle
  3
ObjectDBX Classes
 90
     4095
 91
        1
280
     0
281
     0
  0
CLASS
  1
MLEADERSTYLE
  2
AcDbMLeaderStyle
  3
ACDB_MLEADERSTYLE_CLASS
 90
     4095
 91
        1
280
     0
281
     0
  0
CLASS
  1
ACDBSECTIONVIEWSTYLE
  2
AcDbSectionViewStyle
  3
ObjectDBX Classes
 90
     1025
 91
        1
280
     0
281
     0
  0
CLASS
  1
ACDBDETAILVIEWSTYLE
  2
AcDbDetailViewStyle
  3
ObjectDBX Classes
 90
     1025
 91
        1
280
     0
281
     0
  0
CLASS
  1
ACMESCOPE
  2
AcMeScope
  3
AcMeServices
 90
     1024
 91
        1
280
     0
281
     0
  0
CLASS
  1
ACMECOMMANDHISTORY
  2
AcMeCommandHistory
  3
AcMeServices
 90
     1024
 91
        1
280
     0
281
     0
  0
CLASS
  1
ACIMSYSVARMAN
  2
AcImSysVarManager
  3
AcMeServices
 90
     1024
 91
        1
280
     0
281
     0
  0
CLASS
  1
ACIMINTSYSVAR
  2
AcImIntSysVar
  3
AcMeServices
 90
     1024
 91
        1
280
     0
281
     0
  0
CLASS
  1
ACMESTATEMGR
  2
AcMeStateMgr
  3
AcMeServices
 90
     1024
 91
        1
280
     0
281
     0
  0
CLASS
  1
ACGREFMASTER
  2
AcGrefMaster
  3
AcAttribServices
 90
     1024
 91
        1
280
     0
281
     0
  0
CLASS
  1
SORTENTSTABLE
  2
AcDbSortentsTable
  3
ObjectDBX Classes
 90
        0
 91
        1
280
     0
281
     0
  0
CLASS
  1
DICTIONARYVAR
  2
AcDbDictionaryVar
  3
ObjectDBX Classes
 90
        0
 91
        6
280
     0
281
     0
  0
CLASS
  1
CELLSTYLEMAP
  2
AcDbCellStyleMap
  3
ObjectDBX Classes
 90
     1152
 91
        1
280
     0
281
     0
  0
ENDSEC
  0
SECTION
  2
TABLES
  0
TABLE
  2
VPORT
  5
8
330
0
100
AcDbSymbolTable
 70
     1
1001
ACAD
1000
DbSaveVer
1071
      428
  0
VPORT
  5
57
330
8
100
AcDbSymbolTableRecord
100
AcDbViewportTableRecord
  2
*Active
 70
     0
 10
0.0
 20
0.0
 11
1.0
 21
1.0
 12
750.0
 22
800.0
 13
0.0
 23
0.0
 14
0.5
 24
0.5
 15
0.0
 25
0.0
 16
0.0
 26
0.0
 36
1.0
 17
0.0
 27
0.0
 37
0.0
 40
1600.0
 41
1.823204
 42
50.0
 43
0.0
 44
0.0
 50
0.0
 51
0.0
 71
     0
 72
 20000
 73
     1
 74
     0
 75
     0
 76
     0
 77
     0
 78
     0
281
     0
 65
     1
110
0.0
120
0.0
130
0.0
111
1.0
121
0.0
131
0.0
112
0.0
122
1.0
132
0.0
 79
     0
146
0.0
348
2F
 60
     3
 61
     5
292
     1
282
     1
141
0.0
142
0.0
 63
   250
421
  3355443
  0
ENDTAB
  0
TABLE
  2
LTYPE
  5
5
330
0
100
AcDbSymbolTable
 70
    15
  0
LTYPE
  5
5B
330
5
100
AcDbSymbolTableRecord
100
AcDbLinetypeTableRecord
  2
ByBlock
 70
     0
  3

 72
    65
 73
     0
 40
0.0
  0
LTYPE
  5
5C
330
5
100
AcDbSymbolTableRecord
100
AcDbLinetypeTableRecord
  2
ByLayer
 70
     0
  3

 72
    65
 73
     0
 40
0.0
  0
LTYPE
  5
5D
330
5
100
AcDbSymbolTableRecord
100
AcDbLinetypeTableRecord
  2
Continuous
 70
     0
  3
Solid line
 72
    65
 73
     0
 40
0.0
  0
LTYPE
  5
80
330
5
100
AcDbSymbolTableRecord
100
AcDbLinetypeTableRecord
  2
HIDDEN
 70
     0
  3
Hidden __ __ __ __ __ __ __ __ __ __ __ __ __ _
 72
    65
 73
     2
 40
9.525
 49
6.35
 74
     0
 49
-3.175
 74
     0
  0
LTYPE
  5
81
330
5
100
AcDbSymbolTableRecord
100
AcDbLinetypeTableRecord
  2
PHANTOM2
 70
     0
  3
Phantom (.5x) ___ _ _ ___ _ _ ___ _ _ ___ _ _
 72
    65
 73
     6
 40
31.75
 49
15.875
 74
     0
 49
-3.175
 74
     0
 49
3.175
 74
     0
 49
-3.175
 74
     0
 49
3.175
 74
     0
 49
-3.175
 74
     0
  0
LTYPE
  5
82
330
5
100
AcDbSymbolTableRecord
100
AcDbLinetypeTableRecord
  2
CENTER
 70
     0
  3
Center ____ _ ____ _ ____ _ ____ _ ____ _ ____
 72
    65
 73
     4
 40
50.8
 49
31.75
 74
     0
 49
-6.35
 74
     0
 49
6.35
 74
     0
 49
-6.35
 74
     0
  0
LTYPE
  5
93
330
5
100
AcDbSymbolTableRecord
100
AcDbLinetypeTableRecord
  2
CENTER2
 70
     0
  3
Center (.5x) ___ _ ___ _ ___ _ ___ _ ___ _ ___
 72
    65
 73
     4
 40
28.575
 49
19.05
 74
     0
 49
-3.175
 74
     0
 49
3.175
 74
     0
 49
-3.175
 74
     0
  0
LTYPE
  5
94
330
5
100
AcDbSymbolTableRecord
100
AcDbLinetypeTableRecord
  2
AM_ISO02W050
 70
     0
  3
__ __ __ __ __ __ __ __ __ __ __ __ __ __ __
 72
    65
 73
     2
 40
7.5
 49
6.0
 74
     0
 49
-1.5
 74
     0
  0
LTYPE
  5
95
330
5
100
AcDbSymbolTableRecord
100
AcDbLinetypeTableRecord
  2
AM_ISO08W050
 70
     0
  3
____ . ____ . ____ . ____ . ____ . ____ . ____
 72
    65
 73
     4
 40
18.0
 49
12.0
 74
     0
 49
-1.5
 74
     0
 49
3.0
 74
     0
 49
-1.5
 74
     0
  0
LTYPE
  5
96
330
5
100
AcDbSymbolTableRecord
100
AcDbLinetypeTableRecord
  2
AM_ISO09W050
 70
     0
  3
_____ . . _____ . . _____ . . ____ .. ____
 72
    65
 73
     6
 40
22.5
 49
12.0
 74
     0
 49
-1.5
 74
     0
 49
3.0
 74
     0
 49
-1.5
 74
     0
 49
3.0
 74
     0
 49
-1.5
 74
     0
  0
LTYPE
  5
97
330
5
100
AcDbSymbolTableRecord
100
AcDbLinetypeTableRecord
  2
Amconstr
 70
     0
  3
_______________________
 72
    65
 73
     2
 40
9999.0
 49
9999.0
 74
     0
 49
0.0
 74
     0
  0
LTYPE
  5
98
330
5
100
AcDbSymbolTableRecord
100
AcDbLinetypeTableRecord
  2
AM_ISO08W050x2
 70
     0
  3
__ . __ . __ . __ . __ . __
 72
    65
 73
     4
 40
9.0
 49
6.0
 74
     0
 49
-0.75
 74
     0
 49
1.5
 74
     0
 49
-0.75
 74
     0
  0
LTYPE
  5
99
330
5
100
AcDbSymbolTableRecord
100
AcDbLinetypeTableRecord
  2
AM_ISO02W050x2
 70
     0
  3
 _ _ _ _ _ _ _ _ _ _ _ _
 72
    65
 73
     2
 40
3.75
 49
3.0
 74
     0
 49
-0.75
 74
     0
  0
LTYPE
  5
9A
330
5
100
AcDbSymbolTableRecord
100
AcDbLinetypeTableRecord
  2
Amzigzag
 70
     0
  3
/\/-/\/-/\/-/\/-/\/-/\/
 72
    65
 73
     2
 40
11.0001
 49
0.0001
 74
     4
 75
   136
340
90
 46
0.04
 50
0.0
 44
0.0
 45
0.0
 49
-11.0
 74
     0
  0
LTYPE
  5
9B
330
5
100
AcDbSymbolTableRecord
100
AcDbLinetypeTableRecord
  2
ACISOWELD
 70
     0
  3
_ _ _ _ _
 72
    65
 73
     2
 40
2.0
 49
2.0
 74
     0
 49
-1.0
 74
     0
  0
LTYPE
  5
9C
330
5
100
AcDbSymbolTableRecord
100
AcDbLinetypeTableRecord
  2
ACISOTGL
 70
     0
  3
_ _ _ _ _
 72
    65
 73
     2
 40
3.0
 49
2.0
 74
     0
 49
-1.0
 74
     0
  0
LTYPE
  5
9D
330
5
100
AcDbSymbolTableRecord
100
AcDbLinetypeTableRecord
  2
ACISOTGB
 70
     0
  3
__ . . __ . .
 72
    65
 73
     6
 40
9.0
 49
4.0
 74
     0
 49
-1.0
 74
     0
 49
1.0
 74
     0
 49
-1.0
 74
     0
 49
1.0
 74
     0
 49
-1.0
 74
     0
  0
ENDTAB
  0
TABLE
  2
LAYER
  5
2
330
0
100
AcDbSymbolTable
 70
     5
  0
LAYER
  5
54
330
2
100
AcDbSymbolTableRecord
100
AcDbLayerTableRecord
  2
0
 70
     0
 62
     7
  6
Continuous
370
    -3
390
F
347
21
348
0
1001
AcAecLayerStandard
1000

1000

  0
LAYER
  5
A9
330
2
100
AcDbSymbolTableRecord
100
AcDbLayerTableRecord
  2
Visible
 70
     0
 62
     7
  6
Continuous
370
    35
390
F
347
21
348
0
  0
LAYER
  5
E70
330
2
100
AcDbSymbolTableRecord
100
AcDbLayerTableRecord
  2
BORDER
 70
     0
 62
     7
  6
Continuous
370
    18
390
F
347
21
348
0
1001
AcAecLayerStandard
1000

1000

1001
AcCmTransparency
1071
        0
  0
LAYER
  5
F1D
330
2
100
AcDbSymbolTableRecord
100
AcDbLayerTableRecord
  2
Smart Centers
 70
     0
 62
     7
  6
CENTER2
370
    18
390
F
347
21
348
0
  0
ENDTAB
  0
TABLE
  2
STYLE
  5
3
330
0
100
AcDbSymbolTable
 70
     4
  0
STYLE
  5
55
330
3
100
AcDbSymbolTableRecord
100
AcDbTextStyleTableRecord
  2
Standard
 70
     0
 40
0.0
 41
1.0
 50
0.0
 71
     0
 42
3.5
  3
arial.ttf
  4

1001
ACAD
1000
Arial
1071
       34
  0
STYLE
  5
5A
330
3
100
AcDbSymbolTableRecord
100
AcDbTextStyleTableRecord
  2
Annotative
 70
     0
 40
0.0
 41
1.0
 50
0.0
 71
     0
 42
0.2
  3
txt
  4

1001
AcadAnnotative
1000
AnnotativeData
1002
{
1070
     1
1070
     1
1002
}
  0
STYLE
  5
90
330
3
100
AcDbSymbolTableRecord
100
AcDbTextStyleTableRecord
  2

 70
     1
 40
0.0
 41
1.0
 50
0.0
 71
     0
 42
10.0
  3
genltshp.shx
  4

  0
STYLE
  5
91
330
3
100
AcDbSymbolTableRecord
100
AcDbTextStyleTableRecord
  2
ACISOGDT
 70
     0
 40
0.0
 41
1.0
 50
0.0
 71
     0
 42
10.0
  3
amgdt.shx
  4

  0
ENDTAB
  0
TABLE
  2
VIEW
  5
6
330
0
100
AcDbSymbolTable
 70
     0
  0
ENDTAB
  0
TABLE
  2
UCS
  5
7
330
0
100
AcDbSymbolTable
 70
     0
  0
ENDTAB
  0
TABLE
  2
APPID
  5
9
330
0
100
AcDbSymbolTable
 70
    18
  0
APPID
  5
56
330
9
100
AcDbSymbolTableRecord
100
AcDbRegAppTableRecord
  2
ACAD
 70
     0
  0
APPID
  5
5E
330
9
100
AcDbSymbolTableRecord
100
AcDbRegAppTableRecord
  2
AcadAnnotative
 70
     0
  0
APPID
  5
78
330
9
100
AcDbSymbolTableRecord
100
AcDbRegAppTableRecord
  2
ACAD_PSEXT
 70
     0
  0
APPID
  5
79
330
9
100
AcDbSymbolTableRecord
100
AcDbRegAppTableRecord
  2
MCAD_NO_VIS
 70
     0
  0
APPID
  5
7A
330
9
100
AcDbSymbolTableRecord
100
AcDbRegAppTableRecord
  2
ACAD_TEMP_GRAPHIC
 70
     0
  0
APPID
  5
83
330
9
100
AcDbSymbolTableRecord
100
AcDbRegAppTableRecord
  2
ACAD_DSTYLE_DIMJAG
 70
     0
  0
APPID
  5
84
330
9
100
AcDbSymbolTableRecord
100
AcDbRegAppTableRecord
  2
ACAD_DSTYLE_DIMTALN
 70
     0
  0
APPID
  5
85
330
9
100
AcDbSymbolTableRecord
100
AcDbRegAppTableRecord
  2
ACAD_NAV_VCDISPLAY
 70
     0
  0
APPID
  5
86
330
9
100
AcDbSymbolTableRecord
100
AcDbRegAppTableRecord
  2
AcAecLayerStandard
 70
     0
  0
APPID
  5
87
330
9
100
AcDbSymbolTableRecord
100
AcDbRegAppTableRecord
  2
AcCmTransparency
 70
     0
  0
APPID
  5
88
330
9
100
AcDbSymbolTableRecord
100
AcDbRegAppTableRecord
  2
ACAD_DSTYLE_DIMBREAK
 70
     0
  0
APPID
  5
89
330
9
100
AcDbSymbolTableRecord
100
AcDbRegAppTableRecord
  2
FUSIONCURRENTBORDER
 70
     0
  0
APPID
  5
8A
330
9
100
AcDbSymbolTableRecord
100
AcDbRegAppTableRecord
  2
FUSIONCURRENTTITLEBLOCK
 70
     0
  0
APPID
  5
8B
330
9
100
AcDbSymbolTableRecord
100
AcDbRegAppTableRecord
  2
AcSynergy
 70
     0
  0
APPID
  5
8C
330
9
100
AcDbSymbolTableRecord
100
AcDbRegAppTableRecord
  2
GENIUS_GENSCREG_15
 70
     0
  0
APPID
  5
8D
330
9
100
AcDbSymbolTableRecord
100
AcDbRegAppTableRecord
  2
GENIUS_GENOBJ-N-SDF_13
 70
     0
  0
APPID
  5
8E
330
9
100
AcDbSymbolTableRecord
100
AcDbRegAppTableRecord
  2
GENIUS_GENODEF_13
 70
     0
  0
APPID
  5
8F
330
9
100
AcDbSymbolTableRecord
100
AcDbRegAppTableRecord
  2
ACATTRIBSERVICES
 70
     0
  0
ENDTAB
  0
TABLE
  2
DIMSTYLE
  5
A
330
0
100
AcDbSymbolTable
 70
     4
100
AcDbDimStyleTable
 71
     1
340
A1
  0
DIMSTYLE
105
58
330
A
100
AcDbSymbolTableRecord
100
AcDbDimStyleTableRecord
  2
Standard
 70
     0
 41
3.5
 42
2.1
 43
10.5
 44
2.1
 78
    12
 79
     3
140
3.5
143
0.03937
146
0.714286
147
1.4
179
     2
271
     2
272
     2
284
    12
340
55
  0
DIMSTYLE
105
59
330
A
100
AcDbSymbolTableRecord
100
AcDbDimStyleTableRecord
  2
Annotative
 70
     0
 40
0.0
 41
3.5
 42
2.1
 43
10.5
 44
2.1
 73
     0
 74
     0
 77
     1
 78
    12
 79
     3
140
3.5
141
2.5
143
0.03937
146
0.714286
147
1.4
171
     3
172
     1
179
     2
271
     2
272
     2
274
     3
278
    44
283
     0
284
    12
340
55
1001
AcadAnnotative
1000
AnnotativeData
1002
{
1070
     1
1070
     1
1002
}
  0
DIMSTYLE
105
A0
330
A
100
AcDbSymbolTableRecord
100
AcDbDimStyleTableRecord
  2
ISO-25
 70
     0
  4
in
 41
3.5
 42
2.1
 43
10.5
 44
2.1
 47
0.1
 48
0.1
 73
     0
 74
     0
 77
     1
 78
    12
 79
     3
140
3.5
141
0.0
143
0.03937
146
0.714286
147
1.4
171
     4
172
     1
176
   256
177
   256
178
   256
179
     2
271
     2
272
     2
274
     4
283
     0
284
    12
285
     8
340
55
1001
ACAD_DSTYLE_DIMJAG
1070
   388
1040
1.5
1001
ACAD_DSTYLE_DIMTALN
1070
   392
1070
     1
1001
ACAD_DSTYLE_DIMBREAK
1070
   391
1040
3.5
  0
DIMSTYLE
105
A1
330
A
100
AcDbSymbolTableRecord
100
AcDbDimStyleTableRecord
  2
Dim-ISO-25
 70
     0
 41
3.5
 42
2.1
 43
10.5
 44
2.1
 47
0.1
 48
0.1
 73
     0
 74
     0
 77
     1
 78
    12
 79
     3
140
3.5
141
0.0
143
0.03937
146
0.714286
147
1.4
172
     1
179
     2
271
     2
272
     2
283
     0
284
    12
285
    12
286
    12
340
55
1001
ACAD_DSTYLE_DIMJAG
1070
   388
1040
1.5
1001
ACAD_DSTYLE_DIMTALN
1070
   392
1070
     1
1001
ACAD_DSTYLE_DIMBREAK
1070
   391
1040
3.5
  0
ENDTAB
  0
TABLE
  2
BLOCK_RECORD
  5
1
330
0
100
AcDbSymbolTable
 70
     9
  0
BLOCK_RECORD
  5
70
102
{ACAD_XDICTIONARY
360
A2
102
}
330
1
100
AcDbSymbolTableRecord
100
AcDbBlockTableRecord
  2
*Model_Space
340
73
 70
     0
280
     1
281
     0
  0
BLOCK_RECORD
  5
6C
330
1
100
AcDbSymbolTableRecord
100
AcDbBlockTableRecord
  2
*Paper_Space
340
6F
 70
     0
280
     1
281
     0
  0
BLOCK_RECORD
  5
74
330
1
100
AcDbSymbolTableRecord
100
AcDbBlockTableRecord
  2
*Paper_Space0
340
77
 70
     0
280
     1
281
     0
  0
BLOCK_RECORD
  5
E71
330
1
100
AcDbSymbolTableRecord
100
AcDbBlockTableRecord
  2
Custom1500.000000x1600.000000x24x16
340
0
102
{BLKREFS
331
E6F
102
}
 70
     4
280
     1
281
     0
  0
BLOCK_RECORD
  5
F1E
330
1
100
AcDbSymbolTableRecord
100
AcDbBlockTableRecord
  2
*U3
340
0
102
{BLKREFS
331
F1C
102
}
 70
     0
280
     1
281
     0
  0
BLOCK_RECORD
  5
F28
330
1
100
AcDbSymbolTableRecord
100
AcDbBlockTableRecord
  2
*U4
340
0
102
{BLKREFS
331
F27
102
}
 70
     0
280
     1
281
     0
  0
BLOCK_RECORD
  5
F32
330
1
100
AcDbSymbolTableRecord
100
AcDbBlockTableRecord
  2
*U5
340
0
102
{BLKREFS
331
F31
102
}
 70
     0
280
     1
281
     0
  0
BLOCK_RECORD
  5
F3C
330
1
100
AcDbSymbolTableRecord
100
AcDbBlockTableRecord
  2
*U6
340
0
102
{BLKREFS
331
F3B
102
}
 70
     0
280
     1
281
     0
  0
BLOCK_RECORD
  5
F46
330
1
100
AcDbSymbolTableRecord
100
AcDbBlockTableRecord
  2
*U7
340
0
102
{BLKREFS
331
F45
102
}
 70
     0
280
     1
281
     0
  0
BLOCK_RECORD
  5
F50
330
1
100
AcDbSymbolTableRecord
100
AcDbBlockTableRecord
  2
*U8
340
0
102
{BLKREFS
331
F4F
102
}
 70
     0
280
     1
281
     0
  0
ENDTAB
  0
ENDSEC
  0
SECTION
  2
BLOCKS
  0
BLOCK
  5
71
330
70
100
AcDbEntity
  8
0
100
AcDbBlockBegin
  2
*Model_Space
 70
     0
 10
0.0
 20
0.0
 30
0.0
  3
*Model_Space
  1

  0
ENDBLK
  5
72
330
70
100
AcDbEntity
  8
0
100
AcDbBlockEnd
  0
BLOCK
  5
6D
330
6C
100
AcDbEntity
 67
     1
  8
0
100
AcDbBlockBegin
  2
*Paper_Space
 70
     0
 10
0.0
 20
0.0
 30
0.0
  3
*Paper_Space
  1

  0
ENDBLK
  5
6E
330
6C
100
AcDbEntity
 67
     1
  8
0
100
AcDbBlockEnd
  0
BLOCK
  5
75
330
74
100
AcDbEntity
 67
     1
  8
0
100
AcDbBlockBegin
  2
*Paper_Space0
 70
     0
 10
0.0
 20
0.0
 30
0.0
  3
*Paper_Space0
  1

  0
ENDBLK
  5
76
330
74
100
AcDbEntity
 67
     1
  8
0
100
AcDbBlockEnd
  0
BLOCK
  5
E72
330
E71
100
AcDbEntity
  8
0
100
AcDbBlockBegin
  2
Custom1500.000000x1600.000000x24x16
 70
     0
 10
0.0
 20
0.0
 30
0.0
  3
Custom1500.000000x1600.000000x24x16
  1

  0
LINE
  5
E73
330
E71
100
AcDbEntity
  8
0
100
AcDbLine
 10
0.0
 20
0.0
 30
0.0
 11
0.0
 21
15.0
 31
0.0
  0
LINE
  5
E74
330
E71
100
AcDbEntity
  8
0
100
AcDbLine
 10
0.0
 20
0.0
 30
0.0
 11
15.0
 21
0.0
 31
0.0
  0
LINE
  5
E75
330
E71
100
AcDbEntity
  8
0
100
AcDbLine
 10
1500.0
 20
0.0
 30
0.0
 11
1500.0
 21
15.0
 31
0.0
  0
LINE
  5
E76
330
E71
100
AcDbEntity
  8
0
100
AcDbLine
 10
1500.0
 20
0.0
 30
0.0
 11
1485.0
 21
0.0
 31
0.0
  0
LINE
  5
E77
330
E71
100
AcDbEntity
  8
0
100
AcDbLine
 10
1500.0
 20
1600.0
 30
0.0
 11
1500.0
 21
1585.0
 31
0.0
  0
LINE
  5
E78
330
E71
100
AcDbEntity
  8
0
100
AcDbLine
 10
1500.0
 20
1600.0
 30
0.0
 11
1485.0
 21
1600.0
 31
0.0
  0
LINE
  5
E79
330
E71
100
AcDbEntity
  8
0
100
AcDbLine
 10
0.0
 20
1600.0
 30
0.0
 11
0.0
 21
1585.0
 31
0.0
  0
LINE
  5
E7A
330
E71
100
AcDbEntity
  8
0
100
AcDbLine
 10
0.0
 20
1600.0
 30
0.0
 11
15.0
 21
1600.0
 31
0.0
  0
LINE
  5
E7B
330
E71
100
AcDbEntity
  8
0
100
AcDbLine
 10
20.0
 20
10.0
 30
0.0
 11
20.0
 21
1590.0
 31
0.0
  0
LINE
  5
E7C
330
E71
100
AcDbEntity
  8
0
100
AcDbLine
 10
20.0
 20
1590.0
 30
0.0
 11
1490.0
 21
1590.0
 31
0.0
  0
LINE
  5
E7D
330
E71
100
AcDbEntity
  8
0
100
AcDbLine
 10
1490.0
 20
1590.0
 30
0.0
 11
1490.0
 21
10.0
 31
0.0
  0
LINE
  5
E7E
330
E71
100
AcDbEntity
  8
0
100
AcDbLine
 10
1490.0
 20
10.0
 30
0.0
 11
20.0
 21
10.0
 31
0.0
  0
LINE
  5
E7F
330
E71
100
AcDbEntity
  8
0
100
AcDbLine
 10
81.25
 20
1590.0
 30
0.0
 11
81.25
 21
1595.0
 31
0.0
  0
MTEXT
  5
E80
330
E71
100
AcDbEntity
  8
0
100
AcDbMText
 10
50.625
 20
1595.0
 30
0.0
 40
2.5
 41
0.0
 46
0.0
 71
     1
 72
     5
  1
1
 73
     1
 44
1.0
  0
LINE
  5
E81
330
E71
100
AcDbEntity
  8
0
100
AcDbLine
 10
142.5
 20
1590.0
 30
0.0
 11
142.5
 21
1595.0
 31
0.0
  0
MTEXT
  5
E82
330
E71
100
AcDbEntity
  8
0
100
AcDbMText
 10
111.875
 20
1595.0
 30
0.0
 40
2.5
 41
0.0
 46
0.0
 71
     1
 72
     5
  1
2
 73
     1
 44
1.0
  0
LINE
  5
E83
330
E71
100
AcDbEntity
  8
0
100
AcDbLine
 10
203.75
 20
1590.0
 30
0.0
 11
203.75
 21
1595.0
 31
0.0
  0
MTEXT
  5
E84
330
E71
100
AcDbEntity
  8
0
100
AcDbMText
 10
173.125
 20
1595.0
 30
0.0
 40
2.5
 41
0.0
 46
0.0
 71
     1
 72
     5
  1
3
 73
     1
 44
1.0
  0
LINE
  5
E85
330
E71
100
AcDbEntity
  8
0
100
AcDbLine
 10
265.0
 20
1590.0
 30
0.0
 11
265.0
 21
1595.0
 31
0.0
  0
MTEXT
  5
E86
330
E71
100
AcDbEntity
  8
0
100
AcDbMText
 10
234.375
 20
1595.0
 30
0.0
 40
2.5
 41
0.0
 46
0.0
 71
     1
 72
     5
  1
4
 73
     1
 44
1.0
  0
LINE
  5
E87
330
E71
100
AcDbEntity
  8
0
100
AcDbLine
 10
326.25
 20
1590.0
 30
0.0
 11
326.25
 21
1595.0
 31
0.0
  0
MTEXT
  5
E88
330
E71
100
AcDbEntity
  8
0
100
AcDbMText
 10
295.625
 20
1595.0
 30
0.0
 40
2.5
 41
0.0
 46
0.0
 71
     1
 72
     5
  1
5
 73
     1
 44
1.0
  0
LINE
  5
E89
330
E71
100
AcDbEntity
  8
0
100
AcDbLine
 10
387.5
 20
1590.0
 30
0.0
 11
387.5
 21
1595.0
 31
0.0
  0
MTEXT
  5
E8A
330
E71
100
AcDbEntity
  8
0
100
AcDbMText
 10
356.875
 20
1595.0
 30
0.0
 40
2.5
 41
0.0
 46
0.0
 71
     1
 72
     5
  1
6
 73
     1
 44
1.0
  0
LINE
  5
E8B
330
E71
100
AcDbEntity
  8
0
100
AcDbLine
 10
448.75
 20
1590.0
 30
0.0
 11
448.75
 21
1595.0
 31
0.0
  0
MTEXT
  5
E8C
330
E71
100
AcDbEntity
  8
0
100
AcDbMText
 10
418.125
 20
1595.0
 30
0.0
 40
2.5
 41
0.0
 46
0.0
 71
     1
 72
     5
  1
7
 73
     1
 44
1.0
  0
LINE
  5
E8D
330
E71
100
AcDbEntity
  8
0
100
AcDbLine
 10
510.0
 20
1590.0
 30
0.0
 11
510.0
 21
1595.0
 31
0.0
  0
MTEXT
  5
E8E
330
E71
100
AcDbEntity
  8
0
100
AcDbMText
 10
479.375
 20
1595.0
 30
0.0
 40
2.5
 41
0.0
 46
0.0
 71
     1
 72
     5
  1
8
 73
     1
 44
1.0
  0
LINE
  5
E8F
330
E71
100
AcDbEntity
  8
0
100
AcDbLine
 10
571.25
 20
1590.0
 30
0.0
 11
571.25
 21
1595.0
 31
0.0
  0
MTEXT
  5
E90
330
E71
100
AcDbEntity
  8
0
100
AcDbMText
 10
540.625
 20
1595.0
 30
0.0
 40
2.5
 41
0.0
 46
0.0
 71
     1
 72
     5
  1
9
 73
     1
 44
1.0
  0
LINE
  5
E91
330
E71
100
AcDbEntity
  8
0
100
AcDbLine
 10
632.5
 20
1590.0
 30
0.0
 11
632.5
 21
1595.0
 31
0.0
  0
MTEXT
  5
E92
330
E71
100
AcDbEntity
  8
0
100
AcDbMText
 10
601.875
 20
1595.0
 30
0.0
 40
2.5
 41
0.0
 46
0.0
 71
     1
 72
     5
  1
10
 73
     1
 44
1.0
  0
LINE
  5
E93
330
E71
100
AcDbEntity
  8
0
100
AcDbLine
 10
693.75
 20
1590.0
 30
0.0
 11
693.75
 21
1595.0
 31
0.0
  0
MTEXT
  5
E94
330
E71
100
AcDbEntity
  8
0
100
AcDbMText
 10
663.125
 20
1595.0
 30
0.0
 40
2.5
 41
0.0
 46
0.0
 71
     1
 72
     5
  1
11
 73
     1
 44
1.0
  0
LINE
  5
E95
330
E71
100
AcDbEntity
  8
0
100
AcDbLine
 10
755.0
 20
1585.0
 30
0.0
 11
755.0
 21
1595.0
 31
0.0
  0
MTEXT
  5
E96
330
E71
100
AcDbEntity
  8
0
100
AcDbMText
 10
724.375
 20
1595.0
 30
0.0
 40
2.5
 41
0.0
 46
0.0
 71
     1
 72
     5
  1
12
 73
     1
 44
1.0
  0
LINE
  5
E97
330
E71
100
AcDbEntity
  8
0
100
AcDbLine
 10
816.25
 20
1590.0
 30
0.0
 11
816.25
 21
1595.0
 31
0.0
  0
MTEXT
  5
E98
330
E71
100
AcDbEntity
  8
0
100
AcDbMText
 10
785.625
 20
1595.0
 30
0.0
 40
2.5
 41
0.0
 46
0.0
 71
     1
 72
     5
  1
13
 73
     1
 44
1.0
  0
LINE
  5
E99
330
E71
100
AcDbEntity
  8
0
100
AcDbLine
 10
877.5
 20
1590.0
 30
0.0
 11
877.5
 21
1595.0
 31
0.0
  0
MTEXT
  5
E9A
330
E71
100
AcDbEntity
  8
0
100
AcDbMText
 10
846.875
 20
1595.0
 30
0.0
 40
2.5
 41
0.0
 46
0.0
 71
     1
 72
     5
  1
14
 73
     1
 44
1.0
  0
LINE
  5
E9B
330
E71
100
AcDbEntity
  8
0
100
AcDbLine
 10
938.75
 20
1590.0
 30
0.0
 11
938.75
 21
1595.0
 31
0.0
  0
MTEXT
  5
E9C
330
E71
100
AcDbEntity
  8
0
100
AcDbMText
 10
908.125
 20
1595.0
 30
0.0
 40
2.5
 41
0.0
 46
0.0
 71
     1
 72
     5
  1
15
 73
     1
 44
1.0
  0
LINE
  5
E9D
330
E71
100
AcDbEntity
  8
0
100
AcDbLine
 10
1000.0
 20
1590.0
 30
0.0
 11
1000.0
 21
1595.0
 31
0.0
  0
MTEXT
  5
E9E
330
E71
100
AcDbEntity
  8
0
100
AcDbMText
 10
969.375
 20
1595.0
 30
0.0
 40
2.5
 41
0.0
 46
0.0
 71
     1
 72
     5
  1
16
 73
     1
 44
1.0
  0
LINE
  5
E9F
330
E71
100
AcDbEntity
  8
0
100
AcDbLine
 10
1061.25
 20
1590.0
 30
0.0
 11
1061.25
 21
1595.0
 31
0.0
  0
MTEXT
  5
EA0
330
E71
100
AcDbEntity
  8
0
100
AcDbMText
 10
1030.625
 20
1595.0
 30
0.0
 40
2.5
 41
0.0
 46
0.0
 71
     1
 72
     5
  1
17
 73
     1
 44
1.0
  0
LINE
  5
EA1
330
E71
100
AcDbEntity
  8
0
100
AcDbLine
 10
1122.5
 20
1590.0
 30
0.0
 11
1122.5
 21
1595.0
 31
0.0
  0
MTEXT
  5
EA2
330
E71
100
AcDbEntity
  8
0
100
AcDbMText
 10
1091.875
 20
1595.0
 30
0.0
 40
2.5
 41
0.0
 46
0.0
 71
     1
 72
     5
  1
18
 73
     1
 44
1.0
  0
LINE
  5
EA3
330
E71
100
AcDbEntity
  8
0
100
AcDbLine
 10
1183.75
 20
1590.0
 30
0.0
 11
1183.75
 21
1595.0
 31
0.0
  0
MTEXT
  5
EA4
330
E71
100
AcDbEntity
  8
0
100
AcDbMText
 10
1153.125
 20
1595.0
 30
0.0
 40
2.5
 41
0.0
 46
0.0
 71
     1
 72
     5
  1
19
 73
     1
 44
1.0
  0
LINE
  5
EA5
330
E71
100
AcDbEntity
  8
0
100
AcDbLine
 10
1245.0
 20
1590.0
 30
0.0
 11
1245.0
 21
1595.0
 31
0.0
  0
MTEXT
  5
EA6
330
E71
100
AcDbEntity
  8
0
100
AcDbMText
 10
1214.375
 20
1595.0
 30
0.0
 40
2.5
 41
0.0
 46
0.0
 71
     1
 72
     5
  1
20
 73
     1
 44
1.0
  0
LINE
  5
EA7
330
E71
100
AcDbEntity
  8
0
100
AcDbLine
 10
1306.25
 20
1590.0
 30
0.0
 11
1306.25
 21
1595.0
 31
0.0
  0
MTEXT
  5
EA8
330
E71
100
AcDbEntity
  8
0
100
AcDbMText
 10
1275.625
 20
1595.0
 30
0.0
 40
2.5
 41
0.0
 46
0.0
 71
     1
 72
     5
  1
21
 73
     1
 44
1.0
  0
LINE
  5
EA9
330
E71
100
AcDbEntity
  8
0
100
AcDbLine
 10
1367.5
 20
1590.0
 30
0.0
 11
1367.5
 21
1595.0
 31
0.0
  0
MTEXT
  5
EAA
330
E71
100
AcDbEntity
  8
0
100
AcDbMText
 10
1336.875
 20
1595.0
 30
0.0
 40
2.5
 41
0.0
 46
0.0
 71
     1
 72
     5
  1
22
 73
     1
 44
1.0
  0
LINE
  5
EAB
330
E71
100
AcDbEntity
  8
0
100
AcDbLine
 10
1428.75
 20
1590.0
 30
0.0
 11
1428.75
 21
1595.0
 31
0.0
  0
MTEXT
  5
EAC
330
E71
100
AcDbEntity
  8
0
100
AcDbMText
 10
1398.125
 20
1595.0
 30
0.0
 40
2.5
 41
0.0
 46
0.0
 71
     1
 72
     5
  1
23
 73
     1
 44
1.0
  0
MTEXT
  5
EAD
330
E71
100
AcDbEntity
  8
0
100
AcDbMText
 10
1459.375
 20
1595.0
 30
0.0
 40
2.5
 41
0.0
 46
0.0
 71
     1
 72
     5
  1
24
 73
     1
 44
1.0
  0
LINE
  5
EAE
330
E71
100
AcDbEntity
  8
0
100
AcDbLine
 10
81.25
 20
10.0
 30
0.0
 11
81.25
 21
5.0
 31
0.0
  0
MTEXT
  5
EAF
330
E71
100
AcDbEntity
  8
0
100
AcDbMText
 10
50.625
 20
7.5
 30
0.0
 40
2.5
 41
0.0
 46
0.0
 71
     1
 72
     5
  1
1
 73
     1
 44
1.0
  0
LINE
  5
EB0
330
E71
100
AcDbEntity
  8
0
100
AcDbLine
 10
142.5
 20
10.0
 30
0.0
 11
142.5
 21
5.0
 31
0.0
  0
MTEXT
  5
EB1
330
E71
100
AcDbEntity
  8
0
100
AcDbMText
 10
111.875
 20
7.5
 30
0.0
 40
2.5
 41
0.0
 46
0.0
 71
     1
 72
     5
  1
2
 73
     1
 44
1.0
  0
LINE
  5
EB2
330
E71
100
AcDbEntity
  8
0
100
AcDbLine
 10
203.75
 20
10.0
 30
0.0
 11
203.75
 21
5.0
 31
0.0
  0
MTEXT
  5
EB3
330
E71
100
AcDbEntity
  8
0
100
AcDbMText
 10
173.125
 20
7.5
 30
0.0
 40
2.5
 41
0.0
 46
0.0
 71
     1
 72
     5
  1
3
 73
     1
 44
1.0
  0
LINE
  5
EB4
330
E71
100
AcDbEntity
  8
0
100
AcDbLine
 10
265.0
 20
10.0
 30
0.0
 11
265.0
 21
5.0
 31
0.0
  0
MTEXT
  5
EB5
330
E71
100
AcDbEntity
  8
0
100
AcDbMText
 10
234.375
 20
7.5
 30
0.0
 40
2.5
 41
0.0
 46
0.0
 71
     1
 72
     5
  1
4
 73
     1
 44
1.0
  0
LINE
  5
EB6
330
E71
100
AcDbEntity
  8
0
100
AcDbLine
 10
326.25
 20
10.0
 30
0.0
 11
326.25
 21
5.0
 31
0.0
  0
MTEXT
  5
EB7
330
E71
100
AcDbEntity
  8
0
100
AcDbMText
 10
295.625
 20
7.5
 30
0.0
 40
2.5
 41
0.0
 46
0.0
 71
     1
 72
     5
  1
5
 73
     1
 44
1.0
  0
LINE
  5
EB8
330
E71
100
AcDbEntity
  8
0
100
AcDbLine
 10
387.5
 20
10.0
 30
0.0
 11
387.5
 21
5.0
 31
0.0
  0
MTEXT
  5
EB9
330
E71
100
AcDbEntity
  8
0
100
AcDbMText
 10
356.875
 20
7.5
 30
0.0
 40
2.5
 41
0.0
 46
0.0
 71
     1
 72
     5
  1
6
 73
     1
 44
1.0
  0
LINE
  5
EBA
330
E71
100
AcDbEntity
  8
0
100
AcDbLine
 10
448.75
 20
10.0
 30
0.0
 11
448.75
 21
5.0
 31
0.0
  0
MTEXT
  5
EBB
330
E71
100
AcDbEntity
  8
0
100
AcDbMText
 10
418.125
 20
7.5
 30
0.0
 40
2.5
 41
0.0
 46
0.0
 71
     1
 72
     5
  1
7
 73
     1
 44
1.0
  0
LINE
  5
EBC
330
E71
100
AcDbEntity
  8
0
100
AcDbLine
 10
510.0
 20
10.0
 30
0.0
 11
510.0
 21
5.0
 31
0.0
  0
MTEXT
  5
EBD
330
E71
100
AcDbEntity
  8
0
100
AcDbMText
 10
479.375
 20
7.5
 30
0.0
 40
2.5
 41
0.0
 46
0.0
 71
     1
 72
     5
  1
8
 73
     1
 44
1.0
  0
LINE
  5
EBE
330
E71
100
AcDbEntity
  8
0
100
AcDbLine
 10
571.25
 20
10.0
 30
0.0
 11
571.25
 21
5.0
 31
0.0
  0
MTEXT
  5
EBF
330
E71
100
AcDbEntity
  8
0
100
AcDbMText
 10
540.625
 20
7.5
 30
0.0
 40
2.5
 41
0.0
 46
0.0
 71
     1
 72
     5
  1
9
 73
     1
 44
1.0
  0
LINE
  5
EC0
330
E71
100
AcDbEntity
  8
0
100
AcDbLine
 10
632.5
 20
10.0
 30
0.0
 11
632.5
 21
5.0
 31
0.0
  0
MTEXT
  5
EC1
330
E71
100
AcDbEntity
  8
0
100
AcDbMText
 10
601.875
 20
7.5
 30
0.0
 40
2.5
 41
0.0
 46
0.0
 71
     1
 72
     5
  1
10
 73
     1
 44
1.0
  0
LINE
  5
EC2
330
E71
100
AcDbEntity
  8
0
100
AcDbLine
 10
693.75
 20
10.0
 30
0.0
 11
693.75
 21
5.0
 31
0.0
  0
MTEXT
  5
EC3
330
E71
100
AcDbEntity
  8
0
100
AcDbMText
 10
663.125
 20
7.5
 30
0.0
 40
2.5
 41
0.0
 46
0.0
 71
     1
 72
     5
  1
11
 73
     1
 44
1.0
  0
LINE
  5
EC4
330
E71
100
AcDbEntity
  8
0
100
AcDbLine
 10
755.0
 20
15.0
 30
0.0
 11
755.0
 21
5.0
 31
0.0
  0
MTEXT
  5
EC5
330
E71
100
AcDbEntity
  8
0
100
AcDbMText
 10
724.375
 20
7.5
 30
0.0
 40
2.5
 41
0.0
 46
0.0
 71
     1
 72
     5
  1
12
 73
     1
 44
1.0
  0
LINE
  5
EC6
330
E71
100
AcDbEntity
  8
0
100
AcDbLine
 10
816.25
 20
10.0
 30
0.0
 11
816.25
 21
5.0
 31
0.0
  0
MTEXT
  5
EC7
330
E71
100
AcDbEntity
  8
0
100
AcDbMText
 10
785.625
 20
7.5
 30
0.0
 40
2.5
 41
0.0
 46
0.0
 71
     1
 72
     5
  1
13
 73
     1
 44
1.0
  0
LINE
  5
EC8
330
E71
100
AcDbEntity
  8
0
100
AcDbLine
 10
877.5
 20
10.0
 30
0.0
 11
877.5
 21
5.0
 31
0.0
  0
MTEXT
  5
EC9
330
E71
100
AcDbEntity
  8
0
100
AcDbMText
 10
846.875
 20
7.5
 30
0.0
 40
2.5
 41
0.0
 46
0.0
 71
     1
 72
     5
  1
14
 73
     1
 44
1.0
  0
LINE
  5
ECA
330
E71
100
AcDbEntity
  8
0
100
AcDbLine
 10
938.75
 20
10.0
 30
0.0
 11
938.75
 21
5.0
 31
0.0
  0
MTEXT
  5
ECB
330
E71
100
AcDbEntity
  8
0
100
AcDbMText
 10
908.125
 20
7.5
 30
0.0
 40
2.5
 41
0.0
 46
0.0
 71
     1
 72
     5
  1
15
 73
     1
 44
1.0
  0
LINE
  5
ECC
330
E71
100
AcDbEntity
  8
0
100
AcDbLine
 10
1000.0
 20
10.0
 30
0.0
 11
1000.0
 21
5.0
 31
0.0
  0
MTEXT
  5
ECD
330
E71
100
AcDbEntity
  8
0
100
AcDbMText
 10
969.375
 20
7.5
 30
0.0
 40
2.5
 41
0.0
 46
0.0
 71
     1
 72
     5
  1
16
 73
     1
 44
1.0
  0
LINE
  5
ECE
330
E71
100
AcDbEntity
  8
0
100
AcDbLine
 10
1061.25
 20
10.0
 30
0.0
 11
1061.25
 21
5.0
 31
0.0
  0
MTEXT
  5
ECF
330
E71
100
AcDbEntity
  8
0
100
AcDbMText
 10
1030.625
 20
7.5
 30
0.0
 40
2.5
 41
0.0
 46
0.0
 71
     1
 72
     5
  1
17
 73
     1
 44
1.0
  0
LINE
  5
ED0
330
E71
100
AcDbEntity
  8
0
100
AcDbLine
 10
1122.5
 20
10.0
 30
0.0
 11
1122.5
 21
5.0
 31
0.0
  0
MTEXT
  5
ED1
330
E71
100
AcDbEntity
  8
0
100
AcDbMText
 10
1091.875
 20
7.5
 30
0.0
 40
2.5
 41
0.0
 46
0.0
 71
     1
 72
     5
  1
18
 73
     1
 44
1.0
  0
LINE
  5
ED2
330
E71
100
AcDbEntity
  8
0
100
AcDbLine
 10
1183.75
 20
10.0
 30
0.0
 11
1183.75
 21
5.0
 31
0.0
  0
MTEXT
  5
ED3
330
E71
100
AcDbEntity
  8
0
100
AcDbMText
 10
1153.125
 20
7.5
 30
0.0
 40
2.5
 41
0.0
 46
0.0
 71
     1
 72
     5
  1
19
 73
     1
 44
1.0
  0
LINE
  5
ED4
330
E71
100
AcDbEntity
  8
0
100
AcDbLine
 10
1245.0
 20
10.0
 30
0.0
 11
1245.0
 21
5.0
 31
0.0
  0
MTEXT
  5
ED5
330
E71
100
AcDbEntity
  8
0
100
AcDbMText
 10
1214.375
 20
7.5
 30
0.0
 40
2.5
 41
0.0
 46
0.0
 71
     1
 72
     5
  1
20
 73
     1
 44
1.0
  0
LINE
  5
ED6
330
E71
100
AcDbEntity
  8
0
100
AcDbLine
 10
1306.25
 20
10.0
 30
0.0
 11
1306.25
 21
5.0
 31
0.0
  0
MTEXT
  5
ED7
330
E71
100
AcDbEntity
  8
0
100
AcDbMText
 10
1275.625
 20
7.5
 30
0.0
 40
2.5
 41
0.0
 46
0.0
 71
     1
 72
     5
  1
21
 73
     1
 44
1.0
  0
LINE
  5
ED8
330
E71
100
AcDbEntity
  8
0
100
AcDbLine
 10
1367.5
 20
10.0
 30
0.0
 11
1367.5
 21
5.0
 31
0.0
  0
MTEXT
  5
ED9
330
E71
100
AcDbEntity
  8
0
100
AcDbMText
 10
1336.875
 20
7.5
 30
0.0
 40
2.5
 41
0.0
 46
0.0
 71
     1
 72
     5
  1
22
 73
     1
 44
1.0
  0
LINE
  5
EDA
330
E71
100
AcDbEntity
  8
0
100
AcDbLine
 10
1428.75
 20
10.0
 30
0.0
 11
1428.75
 21
5.0
 31
0.0
  0
MTEXT
  5
EDB
330
E71
100
AcDbEntity
  8
0
100
AcDbMText
 10
1398.125
 20
7.5
 30
0.0
 40
2.5
 41
0.0
 46
0.0
 71
     1
 72
     5
  1
23
 73
     1
 44
1.0
  0
MTEXT
  5
EDC
330
E71
100
AcDbEntity
  8
0
100
AcDbMText
 10
1459.375
 20
7.5
 30
0.0
 40
2.5
 41
0.0
 46
0.0
 71
     1
 72
     5
  1
24
 73
     1
 44
1.0
  0
LINE
  5
EDD
330
E71
100
AcDbEntity
  8
0
100
AcDbLine
 10
20.0
 20
1491.25
 30
0.0
 11
15.0
 21
1491.25
 31
0.0
  0
MTEXT
  5
EDE
330
E71
100
AcDbEntity
  8
0
100
AcDbMText
 10
15.0
 20
1540.625
 30
0.0
 40
2.5
 41
0.0
 46
0.0
 71
     1
 72
     5
  1
A
 73
     1
 44
1.0
  0
LINE
  5
EDF
330
E71
100
AcDbEntity
  8
0
100
AcDbLine
 10
20.0
 20
1392.5
 30
0.0
 11
15.0
 21
1392.5
 31
0.0
  0
MTEXT
  5
EE0
330
E71
100
AcDbEntity
  8
0
100
AcDbMText
 10
15.0
 20
1441.875
 30
0.0
 40
2.5
 41
0.0
 46
0.0
 71
     1
 72
     5
  1
B
 73
     1
 44
1.0
  0
LINE
  5
EE1
330
E71
100
AcDbEntity
  8
0
100
AcDbLine
 10
20.0
 20
1293.75
 30
0.0
 11
15.0
 21
1293.75
 31
0.0
  0
MTEXT
  5
EE2
330
E71
100
AcDbEntity
  8
0
100
AcDbMText
 10
15.0
 20
1343.125
 30
0.0
 40
2.5
 41
0.0
 46
0.0
 71
     1
 72
     5
  1
C
 73
     1
 44
1.0
  0
LINE
  5
EE3
330
E71
100
AcDbEntity
  8
0
100
AcDbLine
 10
20.0
 20
1195.0
 30
0.0
 11
15.0
 21
1195.0
 31
0.0
  0
MTEXT
  5
EE4
330
E71
100
AcDbEntity
  8
0
100
AcDbMText
 10
15.0
 20
1244.375
 30
0.0
 40
2.5
 41
0.0
 46
0.0
 71
     1
 72
     5
  1
D
 73
     1
 44
1.0
  0
LINE
  5
EE5
330
E71
100
AcDbEntity
  8
0
100
AcDbLine
 10
20.0
 20
1096.25
 30
0.0
 11
15.0
 21
1096.25
 31
0.0
  0
MTEXT
  5
EE6
330
E71
100
AcDbEntity
  8
0
100
AcDbMText
 10
15.0
 20
1145.625
 30
0.0
 40
2.5
 41
0.0
 46
0.0
 71
     1
 72
     5
  1
E
 73
     1
 44
1.0
  0
LINE
  5
EE7
330
E71
100
AcDbEntity
  8
0
100
AcDbLine
 10
20.0
 20
997.5
 30
0.0
 11
15.0
 21
997.5
 31
0.0
  0
MTEXT
  5
EE8
330
E71
100
AcDbEntity
  8
0
100
AcDbMText
 10
15.0
 20
1046.875
 30
0.0
 40
2.5
 41
0.0
 46
0.0
 71
     1
 72
     5
  1
F
 73
     1
 44
1.0
  0
LINE
  5
EE9
330
E71
100
AcDbEntity
  8
0
100
AcDbLine
 10
20.0
 20
898.75
 30
0.0
 11
15.0
 21
898.75
 31
0.0
  0
MTEXT
  5
EEA
330
E71
100
AcDbEntity
  8
0
100
AcDbMText
 10
15.0
 20
948.125
 30
0.0
 40
2.5
 41
0.0
 46
0.0
 71
     1
 72
     5
  1
G
 73
     1
 44
1.0
  0
LINE
  5
EEB
330
E71
100
AcDbEntity
  8
0
100
AcDbLine
 10
25.0
 20
800.0
 30
0.0
 11
15.0
 21
800.0
 31
0.0
  0
MTEXT
  5
EEC
330
E71
100
AcDbEntity
  8
0
100
AcDbMText
 10
15.0
 20
849.375
 30
0.0
 40
2.5
 41
0.0
 46
0.0
 71
     1
 72
     5
  1
H
 73
     1
 44
1.0
  0
LINE
  5
EED
330
E71
100
AcDbEntity
  8
0
100
AcDbLine
 10
20.0
 20
701.25
 30
0.0
 11
15.0
 21
701.25
 31
0.0
  0
MTEXT
  5
EEE
330
E71
100
AcDbEntity
  8
0
100
AcDbMText
 10
15.0
 20
750.625
 30
0.0
 40
2.5
 41
0.0
 46
0.0
 71
     1
 72
     5
  1
I
 73
     1
 44
1.0
  0
LINE
  5
EEF
330
E71
100
AcDbEntity
  8
0
100
AcDbLine
 10
20.0
 20
602.5
 30
0.0
 11
15.0
 21
602.5
 31
0.0
  0
MTEXT
  5
EF0
330
E71
100
AcDbEntity
  8
0
100
AcDbMText
 10
15.0
 20
651.875
 30
0.0
 40
2.5
 41
0.0
 46
0.0
 71
     1
 72
     5
  1
J
 73
     1
 44
1.0
  0
LINE
  5
EF1
330
E71
100
AcDbEntity
  8
0
100
AcDbLine
 10
20.0
 20
503.75
 30
0.0
 11
15.0
 21
503.75
 31
0.0
  0
MTEXT
  5
EF2
330
E71
100
AcDbEntity
  8
0
100
AcDbMText
 10
15.0
 20
553.125
 30
0.0
 40
2.5
 41
0.0
 46
0.0
 71
     1
 72
     5
  1
K
 73
     1
 44
1.0
  0
LINE
  5
EF3
330
E71
100
AcDbEntity
  8
0
100
AcDbLine
 10
20.0
 20
405.0
 30
0.0
 11
15.0
 21
405.0
 31
0.0
  0
MTEXT
  5
EF4
330
E71
100
AcDbEntity
  8
0
100
AcDbMText
 10
15.0
 20
454.375
 30
0.0
 40
2.5
 41
0.0
 46
0.0
 71
     1
 72
     5
  1
L
 73
     1
 44
1.0
  0
LINE
  5
EF5
330
E71
100
AcDbEntity
  8
0
100
AcDbLine
 10
20.0
 20
306.25
 30
0.0
 11
15.0
 21
306.25
 31
0.0
  0
MTEXT
  5
EF6
330
E71
100
AcDbEntity
  8
0
100
AcDbMText
 10
15.0
 20
355.625
 30
0.0
 40
2.5
 41
0.0
 46
0.0
 71
     1
 72
     5
  1
M
 73
     1
 44
1.0
  0
LINE
  5
EF7
330
E71
100
AcDbEntity
  8
0
100
AcDbLine
 10
20.0
 20
207.5
 30
0.0
 11
15.0
 21
207.5
 31
0.0
  0
MTEXT
  5
EF8
330
E71
100
AcDbEntity
  8
0
100
AcDbMText
 10
15.0
 20
256.875
 30
0.0
 40
2.5
 41
0.0
 46
0.0
 71
     1
 72
     5
  1
N
 73
     1
 44
1.0
  0
LINE
  5
EF9
330
E71
100
AcDbEntity
  8
0
100
AcDbLine
 10
20.0
 20
108.75
 30
0.0
 11
15.0
 21
108.75
 31
0.0
  0
MTEXT
  5
EFA
330
E71
100
AcDbEntity
  8
0
100
AcDbMText
 10
15.0
 20
158.125
 30
0.0
 40
2.5
 41
0.0
 46
0.0
 71
     1
 72
     5
  1
O
 73
     1
 44
1.0
  0
MTEXT
  5
EFB
330
E71
100
AcDbEntity
  8
0
100
AcDbMText
 10
15.0
 20
59.375
 30
0.0
 40
2.5
 41
0.0
 46
0.0
 71
     1
 72
     5
  1
P
 73
     1
 44
1.0
  0
LINE
  5
EFC
330
E71
100
AcDbEntity
  8
0
100
AcDbLine
 10
1490.0
 20
1491.25
 30
0.0
 11
1495.0
 21
1491.25
 31
0.0
  0
MTEXT
  5
EFD
330
E71
100
AcDbEntity
  8
0
100
AcDbMText
 10
1492.5
 20
1540.625
 30
0.0
 40
2.5
 41
0.0
 46
0.0
 71
     1
 72
     5
  1
A
 73
     1
 44
1.0
  0
LINE
  5
EFE
330
E71
100
AcDbEntity
  8
0
100
AcDbLine
 10
1490.0
 20
1392.5
 30
0.0
 11
1495.0
 21
1392.5
 31
0.0
  0
MTEXT
  5
EFF
330
E71
100
AcDbEntity
  8
0
100
AcDbMText
 10
1492.5
 20
1441.875
 30
0.0
 40
2.5
 41
0.0
 46
0.0
 71
     1
 72
     5
  1
B
 73
     1
 44
1.0
  0
LINE
  5
F00
330
E71
100
AcDbEntity
  8
0
100
AcDbLine
 10
1490.0
 20
1293.75
 30
0.0
 11
1495.0
 21
1293.75
 31
0.0
  0
MTEXT
  5
F01
330
E71
100
AcDbEntity
  8
0
100
AcDbMText
 10
1492.5
 20
1343.125
 30
0.0
 40
2.5
 41
0.0
 46
0.0
 71
     1
 72
     5
  1
C
 73
     1
 44
1.0
  0
LINE
  5
F02
330
E71
100
AcDbEntity
  8
0
100
AcDbLine
 10
1490.0
 20
1195.0
 30
0.0
 11
1495.0
 21
1195.0
 31
0.0
  0
MTEXT
  5
F03
330
E71
100
AcDbEntity
  8
0
100
AcDbMText
 10
1492.5
 20
1244.375
 30
0.0
 40
2.5
 41
0.0
 46
0.0
 71
     1
 72
     5
  1
D
 73
     1
 44
1.0
  0
LINE
  5
F04
330
E71
100
AcDbEntity
  8
0
100
AcDbLine
 10
1490.0
 20
1096.25
 30
0.0
 11
1495.0
 21
1096.25
 31
0.0
  0
MTEXT
  5
F05
330
E71
100
AcDbEntity
  8
0
100
AcDbMText
 10
1492.5
 20
1145.625
 30
0.0
 40
2.5
 41
0.0
 46
0.0
 71
     1
 72
     5
  1
E
 73
     1
 44
1.0
  0
LINE
  5
F06
330
E71
100
AcDbEntity
  8
0
100
AcDbLine
 10
1490.0
 20
997.5
 30
0.0
 11
1495.0
 21
997.5
 31
0.0
  0
MTEXT
  5
F07
330
E71
100
AcDbEntity
  8
0
100
AcDbMText
 10
1492.5
 20
1046.875
 30
0.0
 40
2.5
 41
0.0
 46
0.0
 71
     1
 72
     5
  1
F
 73
     1
 44
1.0
  0
LINE
  5
F08
330
E71
100
AcDbEntity
  8
0
100
AcDbLine
 10
1490.0
 20
898.75
 30
0.0
 11
1495.0
 21
898.75
 31
0.0
  0
MTEXT
  5
F09
330
E71
100
AcDbEntity
  8
0
100
AcDbMText
 10
1492.5
 20
948.125
 30
0.0
 40
2.5
 41
0.0
 46
0.0
 71
     1
 72
     5
  1
G
 73
     1
 44
1.0
  0
LINE
  5
F0A
330
E71
100
AcDbEntity
  8
0
100
AcDbLine
 10
1485.0
 20
800.0
 30
0.0
 11
1495.0
 21
800.0
 31
0.0
  0
MTEXT
  5
F0B
330
E71
100
AcDbEntity
  8
0
100
AcDbMText
 10
1492.5
 20
849.375
 30
0.0
 40
2.5
 41
0.0
 46
0.0
 71
     1
 72
     5
  1
H
 73
     1
 44
1.0
  0
LINE
  5
F0C
330
E71
100
AcDbEntity
  8
0
100
AcDbLine
 10
1490.0
 20
701.25
 30
0.0
 11
1495.0
 21
701.25
 31
0.0
  0
MTEXT
  5
F0D
330
E71
100
AcDbEntity
  8
0
100
AcDbMText
 10
1492.5
 20
750.625
 30
0.0
 40
2.5
 41
0.0
 46
0.0
 71
     1
 72
     5
  1
I
 73
     1
 44
1.0
  0
LINE
  5
F0E
330
E71
100
AcDbEntity
  8
0
100
AcDbLine
 10
1490.0
 20
602.5
 30
0.0
 11
1495.0
 21
602.5
 31
0.0
  0
MTEXT
  5
F0F
330
E71
100
AcDbEntity
  8
0
100
AcDbMText
 10
1492.5
 20
651.875
 30
0.0
 40
2.5
 41
0.0
 46
0.0
 71
     1
 72
     5
  1
J
 73
     1
 44
1.0
  0
LINE
  5
F10
330
E71
100
AcDbEntity
  8
0
100
AcDbLine
 10
1490.0
 20
503.75
 30
0.0
 11
1495.0
 21
503.75
 31
0.0
  0
MTEXT
  5
F11
330
E71
100
AcDbEntity
  8
0
100
AcDbMText
 10
1492.5
 20
553.125
 30
0.0
 40
2.5
 41
0.0
 46
0.0
 71
     1
 72
     5
  1
K
 73
     1
 44
1.0
  0
LINE
  5
F12
330
E71
100
AcDbEntity
  8
0
100
AcDbLine
 10
1490.0
 20
405.0
 30
0.0
 11
1495.0
 21
405.0
 31
0.0
  0
MTEXT
  5
F13
330
E71
100
AcDbEntity
  8
0
100
AcDbMText
 10
1492.5
 20
454.375
 30
0.0
 40
2.5
 41
0.0
 46
0.0
 71
     1
 72
     5
  1
L
 73
     1
 44
1.0
  0
LINE
  5
F14
330
E71
100
AcDbEntity
  8
0
100
AcDbLine
 10
1490.0
 20
306.25
 30
0.0
 11
1495.0
 21
306.25
 31
0.0
  0
MTEXT
  5
F15
330
E71
100
AcDbEntity
  8
0
100
AcDbMText
 10
1492.5
 20
355.625
 30
0.0
 40
2.5
 41
0.0
 46
0.0
 71
     1
 72
     5
  1
M
 73
     1
 44
1.0
  0
LINE
  5
F16
330
E71
100
AcDbEntity
  8
0
100
AcDbLine
 10
1490.0
 20
207.5
 30
0.0
 11
1495.0
 21
207.5
 31
0.0
  0
MTEXT
  5
F17
330
E71
100
AcDbEntity
  8
0
100
AcDbMText
 10
1492.5
 20
256.875
 30
0.0
 40
2.5
 41
0.0
 46
0.0
 71
     1
 72
     5
  1
N
 73
     1
 44
1.0
  0
LINE
  5
F18
330
E71
100
AcDbEntity
  8
0
100
AcDbLine
 10
1490.0
 20
108.75
 30
0.0
 11
1495.0
 21
108.75
 31
0.0
  0
MTEXT
  5
F19
330
E71
100
AcDbEntity
  8
0
100
AcDbMText
 10
1492.5
 20
158.125
 30
0.0
 40
2.5
 41
0.0
 46
0.0
 71
     1
 72
     5
  1
O
 73
     1
 44
1.0
  0
MTEXT
  5
F1A
330
E71
100
AcDbEntity
  8
0
100
AcDbMText
 10
1492.5
 20
59.375
 30
0.0
 40
2.5
 41
0.0
 46
0.0
 71
     1
 72
     5
  1
P
 73
     1
 44
1.0
  0
ENDBLK
  5
F1B
330
E71
100
AcDbEntity
  8
0
100
AcDbBlockEnd
  0
BLOCK
  5
F1F
330
F1E
100
AcDbEntity
  8
0
100
AcDbBlockBegin
  2
*U3
 70
     1
 10
0.0
 20
0.0
 30
0.0
  3
*U3
  1

  0
LINE
  5
F20
330
F1E
100
AcDbEntity
  8
Smart Centers
  6
Continuous
 62
     0
440
 16777216
 48
0.75
100
AcDbLine
 10
-0.892969
 20
0.0
 30
0.0
 11
0.892969
 21
0.0
 31
0.0
  0
LINE
  5
F21
330
F1E
100
AcDbEntity
  8
Smart Centers
  6
Continuous
 62
     0
440
 16777216
 48
0.75
100
AcDbLine
 10
0.0
 20
-0.892969
 30
0.0
 11
0.0
 21
0.892969
 31
0.0
  0
LINE
  5
F22
330
F1E
100
AcDbEntity
  8
Smart Centers
 62
     0
440
 16777216
 48
0.75
100
AcDbLine
 10
-24.5
 20
0.0
 30
0.0
 11
-2.678906
 21
0.0
 31
0.0
  0
LINE
  5
F23
330
F1E
100
AcDbEntity
  8
Smart Centers
 62
     0
440
 16777216
 48
0.75
100
AcDbLine
 10
2.678906
 20
0.0
 30
0.0
 11
24.5
 21
0.0
 31
0.0
  0
LINE
  5
F24
330
F1E
100
AcDbEntity
  8
Smart Centers
 62
     0
440
 16777216
 48
0.75
100
AcDbLine
 10
0.0
 20
-24.5
 30
0.0
 11
0.0
 21
-2.678906
 31
0.0
  0
LINE
  5
F25
330
F1E
100
AcDbEntity
  8
Smart Centers
 62
     0
440
 16777216
 48
0.75
100
AcDbLine
 10
0.0
 20
2.678906
 30
0.0
 11
0.0
 21
24.5
 31
0.0
  0
ENDBLK
  5
F26
330
F1E
100
AcDbEntity
  8
0
100
AcDbBlockEnd
  0
BLOCK
  5
F29
330
F28
100
AcDbEntity
  8
0
100
AcDbBlockBegin
  2
*U4
 70
     1
 10
0.0
 20
0.0
 30
0.0
  3
*U4
  1

  0
LINE
  5
F2A
330
F28
100
AcDbEntity
  8
Smart Centers
  6
Continuous
 62
     0
440
 16777216
 48
0.75
100
AcDbLine
 10
-0.892969
 20
0.0
 30
0.0
 11
0.892969
 21
0.0
 31
0.0
  0
LINE
  5
F2B
330
F28
100
AcDbEntity
  8
Smart Centers
  6
Continuous
 62
     0
440
 16777216
 48
0.75
100
AcDbLine
 10
0.0
 20
-0.892969
 30
0.0
 11
0.0
 21
0.892969
 31
0.0
  0
LINE
  5
F2C
330
F28
100
AcDbEntity
  8
Smart Centers
 62
     0
440
 16777216
 48
0.75
100
AcDbLine
 10
-15.0
 20
0.0
 30
0.0
 11
-2.678906
 21
0.0
 31
0.0
  0
LINE
  5
F2D
330
F28
100
AcDbEntity
  8
Smart Centers
 62
     0
440
 16777216
 48
0.75
100
AcDbLine
 10
2.678906
 20
0.0
 30
0.0
 11
15.0
 21
0.0
 31
0.0
  0
LINE
  5
F2E
330
F28
100
AcDbEntity
  8
Smart Centers
 62
     0
440
 16777216
 48
0.75
100
AcDbLine
 10
0.0
 20
-15.0
 30
0.0
 11
0.0
 21
-2.678906
 31
0.0
  0
LINE
  5
F2F
330
F28
100
AcDbEntity
  8
Smart Centers
 62
     0
440
 16777216
 48
0.75
100
AcDbLine
 10
0.0
 20
2.678906
 30
0.0
 11
0.0
 21
15.0
 31
0.0
  0
ENDBLK
  5
F30
330
F28
100
AcDbEntity
  8
0
100
AcDbBlockEnd
  0
BLOCK
  5
F33
330
F32
100
AcDbEntity
  8
0
100
AcDbBlockBegin
  2
*U5
 70
     1
 10
0.0
 20
0.0
 30
0.0
  3
*U5
  1

  0
LINE
  5
F34
330
F32
100
AcDbEntity
  8
Smart Centers
  6
Continuous
 62
     0
440
 16777216
 48
0.75
100
AcDbLine
 10
-0.892969
 20
0.0
 30
0.0
 11
0.892969
 21
0.0
 31
0.0
  0
LINE
  5
F35
330
F32
100
AcDbEntity
  8
Smart Centers
  6
Continuous
 62
     0
440
 16777216
 48
0.75
100
AcDbLine
 10
0.0
 20
-0.892969
 30
0.0
 11
0.0
 21
0.892969
 31
0.0
  0
LINE
  5
F36
330
F32
100
AcDbEntity
  8
Smart Centers
 62
     0
440
 16777216
 48
0.75
100
AcDbLine
 10
-6.5
 20
0.0
 30
0.0
 11
-2.678906
 21
0.0
 31
0.0
  0
LINE
  5
F37
330
F32
100
AcDbEntity
  8
Smart Centers
 62
     0
440
 16777216
 48
0.75
100
AcDbLine
 10
2.678906
 20
0.0
 30
0.0
 11
6.5
 21
0.0
 31
0.0
  0
LINE
  5
F38
330
F32
100
AcDbEntity
  8
Smart Centers
 62
     0
440
 16777216
 48
0.75
100
AcDbLine
 10
0.0
 20
-6.5
 30
0.0
 11
0.0
 21
-2.678906
 31
0.0
  0
LINE
  5
F39
330
F32
100
AcDbEntity
  8
Smart Centers
 62
     0
440
 16777216
 48
0.75
100
AcDbLine
 10
0.0
 20
2.678906
 30
0.0
 11
0.0
 21
6.5
 31
0.0
  0
ENDBLK
  5
F3A
330
F32
100
AcDbEntity
  8
0
100
AcDbBlockEnd
  0
BLOCK
  5
F3D
330
F3C
100
AcDbEntity
  8
0
100
AcDbBlockBegin
  2
*U6
 70
     1
 10
0.0
 20
0.0
 30
0.0
  3
*U6
  1

  0
LINE
  5
F3E
330
F3C
100
AcDbEntity
  8
Smart Centers
  6
Continuous
 62
     0
440
 16777216
 48
0.75
100
AcDbLine
 10
-0.892969
 20
0.0
 30
0.0
 11
0.892969
 21
0.0
 31
0.0
  0
LINE
  5
F3F
330
F3C
100
AcDbEntity
  8
Smart Centers
  6
Continuous
 62
     0
440
 16777216
 48
0.75
100
AcDbLine
 10
0.0
 20
-0.892969
 30
0.0
 11
0.0
 21
0.892969
 31
0.0
  0
LINE
  5
F40
330
F3C
100
AcDbEntity
  8
Smart Centers
 62
     0
440
 16777216
 48
0.75
100
AcDbLine
 10
-6.5
 20
0.0
 30
0.0
 11
-2.678906
 21
0.0
 31
0.0
  0
LINE
  5
F41
330
F3C
100
AcDbEntity
  8
Smart Centers
 62
     0
440
 16777216
 48
0.75
100
AcDbLine
 10
2.678906
 20
0.0
 30
0.0
 11
6.5
 21
0.0
 31
0.0
  0
LINE
  5
F42
330
F3C
100
AcDbEntity
  8
Smart Centers
 62
     0
440
 16777216
 48
0.75
100
AcDbLine
 10
0.0
 20
-6.5
 30
0.0
 11
0.0
 21
-2.678906
 31
0.0
  0
LINE
  5
F43
330
F3C
100
AcDbEntity
  8
Smart Centers
 62
     0
440
 16777216
 48
0.75
100
AcDbLine
 10
0.0
 20
2.678906
 30
0.0
 11
0.0
 21
6.5
 31
0.0
  0
ENDBLK
  5
F44
330
F3C
100
AcDbEntity
  8
0
100
AcDbBlockEnd
  0
BLOCK
  5
F47
330
F46
100
AcDbEntity
  8
0
100
AcDbBlockBegin
  2
*U7
 70
     1
 10
0.0
 20
0.0
 30
0.0
  3
*U7
  1

  0
LINE
  5
F48
330
F46
100
AcDbEntity
  8
Smart Centers
  6
Continuous
 62
     0
440
 16777216
 48
0.75
100
AcDbLine
 10
-0.892969
 20
0.0
 30
0.0
 11
0.892969
 21
0.0
 31
0.0
  0
LINE
  5
F49
330
F46
100
AcDbEntity
  8
Smart Centers
  6
Continuous
 62
     0
440
 16777216
 48
0.75
100
AcDbLine
 10
0.0
 20
-0.892969
 30
0.0
 11
0.0
 21
0.892969
 31
0.0
  0
LINE
  5
F4A
330
F46
100
AcDbEntity
  8
Smart Centers
 62
     0
440
 16777216
 48
0.75
100
AcDbLine
 10
-6.5
 20
0.0
 30
0.0
 11
-2.678906
 21
0.0
 31
0.0
  0
LINE
  5
F4B
330
F46
100
AcDbEntity
  8
Smart Centers
 62
     0
440
 16777216
 48
0.75
100
AcDbLine
 10
2.678906
 20
0.0
 30
0.0
 11
6.5
 21
0.0
 31
0.0
  0
LINE
  5
F4C
330
F46
100
AcDbEntity
  8
Smart Centers
 62
     0
440
 16777216
 48
0.75
100
AcDbLine
 10
0.0
 20
-6.5
 30
0.0
 11
0.0
 21
-2.678906
 31
0.0
  0
LINE
  5
F4D
330
F46
100
AcDbEntity
  8
Smart Centers
 62
     0
440
 16777216
 48
0.75
100
AcDbLine
 10
0.0
 20
2.678906
 30
0.0
 11
0.0
 21
6.5
 31
0.0
  0
ENDBLK
  5
F4E
330
F46
100
AcDbEntity
  8
0
100
AcDbBlockEnd
  0
BLOCK
  5
F51
330
F50
100
AcDbEntity
  8
0
100
AcDbBlockBegin
  2
*U8
 70
     1
 10
0.0
 20
0.0
 30
0.0
  3
*U8
  1

  0
LINE
  5
F52
330
F50
100
AcDbEntity
  8
Smart Centers
  6
Continuous
 62
     0
440
 16777216
 48
0.75
100
AcDbLine
 10
-0.892969
 20
0.0
 30
0.0
 11
0.892969
 21
0.0
 31
0.0
  0
LINE
  5
F53
330
F50
100
AcDbEntity
  8
Smart Centers
  6
Continuous
 62
     0
440
 16777216
 48
0.75
100
AcDbLine
 10
0.0
 20
-0.892969
 30
0.0
 11
0.0
 21
0.892969
 31
0.0
  0
LINE
  5
F54
330
F50
100
AcDbEntity
  8
Smart Centers
 62
     0
440
 16777216
 48
0.75
100
AcDbLine
 10
-6.5
 20
0.0
 30
0.0
 11
-2.678906
 21
0.0
 31
0.0
  0
LINE
  5
F55
330
F50
100
AcDbEntity
  8
Smart Centers
 62
     0
440
 16777216
 48
0.75
100
AcDbLine
 10
2.678906
 20
0.0
 30
0.0
 11
6.5
 21
0.0
 31
0.0
  0
LINE
  5
F56
330
F50
100
AcDbEntity
  8
Smart Centers
 62
     0
440
 16777216
 48
0.75
100
AcDbLine
 10
0.0
 20
-6.5
 30
0.0
 11
0.0
 21
-2.678906
 31
0.0
  0
LINE
  5
F57
330
F50
100
AcDbEntity
  8
Smart Centers
 62
     0
440
 16777216
 48
0.75
100
AcDbLine
 10
0.0
 20
2.678906
 30
0.0
 11
0.0
 21
6.5
 31
0.0
  0
ENDBLK
  5
F58
330
F50
100
AcDbEntity
  8
0
100
AcDbBlockEnd
  0
ENDSEC
  0
SECTION
  2
ENTITIES
  0
INSERT
  5
E6F
330
70
100
AcDbEntity
  8
BORDER
100
AcDbBlockReference
  2
Custom1500.000000x1600.000000x24x16
 10
0.0
 20
0.0
 30
0.0
  0
INSERT
  5
F1C
330
70
100
AcDbEntity
  8
Smart Centers
 48
0.75
100
AcDbBlockReference
  2
*U3
 10
563.622471
 20
160.112944
 30
0.0
  0
INSERT
  5
F27
330
70
100
AcDbEntity
  8
Smart Centers
 48
0.75
100
AcDbBlockReference
  2
*U4
 10
811.622483
 20
1321.112913
 30
0.0
  0
INSERT
  5
F31
330
70
100
AcDbEntity
  8
Smart Centers
 48
0.75
100
AcDbBlockReference
  2
*U5
 10
969.122462
 20
1076.612922
 30
0.0
  0
INSERT
  5
F3B
330
70
100
AcDbEntity
  8
Smart Centers
 48
0.75
100
AcDbBlockReference
  2
*U6
 10
969.122462
 20
759.612922
 30
0.0
  0
INSERT
  5
F45
330
70
100
AcDbEntity
  8
Smart Centers
 48
0.75
100
AcDbBlockReference
  2
*U7
 10
654.122462
 20
1076.612922
 30
0.0
  0
INSERT
  5
F4F
330
70
100
AcDbEntity
  8
Smart Centers
 48
0.75
100
AcDbBlockReference
  2
*U8
 10
654.122462
 20
759.612922
 30
0.0
  0
CIRCLE
  5
F59
330
70
100
AcDbEntity
  8
Visible
100
AcDbCircle
 10
-563.622471
 20
160.112944
 30
0.0
 40
21.00000000000001
210
0.0
220
0.0
230
-1.0
  0
LINE
  5
F5A
330
70
100
AcDbEntity
  8
Visible
100
AcDbLine
 10
399.697471
 20
414.764944
 30
0.0
 11
396.301471
 21
414.764944
 31
0.0
  0
LINE
  5
F5B
330
70
100
AcDbEntity
  8
Visible
100
AcDbLine
 10
399.697471
 20
415.568944
 30
0.0
 11
399.697471
 21
414.764944
 31
0.0
  0
LINE
  5
F5C
330
70
100
AcDbEntity
  8
Visible
100
AcDbLine
 10
396.301471
 20
415.568944
 30
0.0
 11
399.697471
 21
415.568944
 31
0.0
  0
LINE
  5
F5D
330
70
100
AcDbEntity
  8
Visible
100
AcDbLine
 10
396.301471
 20
418.076944
 30
0.0
 11
396.301471
 21
415.568944
 31
0.0
  0
LINE
  5
F5E
330
70
100
AcDbEntity
  8
Visible
100
AcDbLine
 10
399.949471
 20
418.076944
 30
0.0
 11
396.301471
 21
418.076944
 31
0.0
  0
LINE
  5
F5F
330
70
100
AcDbEntity
  8
Visible
100
AcDbLine
 10
399.949471
 20
418.880944
 30
0.0
 11
399.949471
 21
418.076944
 31
0.0
  0
LINE
  5
F60
330
70
100
AcDbEntity
  8
Visible
100
AcDbLine
 10
395.365471
 20
418.880944
 30
0.0
 11
399.949471
 21
418.880944
 31
0.0
  0
LINE
  5
F61
330
70
100
AcDbEntity
  8
Visible
100
AcDbLine
 10
395.365471
 20
411.344944
 30
0.0
 11
395.365471
 21
418.880944
 31
0.0
  0
LINE
  5
F62
330
70
100
AcDbEntity
  8
Visible
100
AcDbLine
 10
396.301471
 20
411.344944
 30
0.0
 11
395.365471
 21
411.344944
 31
0.0
  0
LINE
  5
F63
330
70
100
AcDbEntity
  8
Visible
100
AcDbLine
 10
396.301471
 20
414.764944
 30
0.0
 11
396.301471
 21
411.344944
 31
0.0
  0
LINE
  5
F64
330
70
100
AcDbEntity
  8
Visible
100
AcDbLine
 10
402.589471
 20
413.936944
 30
0.0
 11
402.589471
 21
411.344944
 31
0.0
  0
LINE
  5
F65
330
70
100
AcDbEntity
  8
Visible
100
AcDbLine
 10
402.590471
 20
414.077944
 30
0.0
 11
402.589471
 21
413.936944
 31
0.0
  0
LINE
  5
F66
330
70
100
AcDbEntity
  8
Visible
100
AcDbLine
 10
402.595471
 20
414.214944
 30
0.0
 11
402.590471
 21
414.077944
 31
0.0
  0
LINE
  5
F67
330
70
100
AcDbEntity
  8
Visible
100
AcDbLine
 10
402.602471
 20
414.348944
 30
0.0
 11
402.595471
 21
414.214944
 31
0.0
  0
LINE
  5
F68
330
70
100
AcDbEntity
  8
Visible
100
AcDbLine
 10
402.612471
 20
414.477944
 30
0.0
 11
402.602471
 21
414.348944
 31
0.0
  0
LINE
  5
F69
330
70
100
AcDbEntity
  8
Visible
100
AcDbLine
 10
402.624471
 20
414.603944
 30
0.0
 11
402.612471
 21
414.477944
 31
0.0
  0
LINE
  5
F6A
330
70
100
AcDbEntity
  8
Visible
100
AcDbLine
 10
402.640471
 20
414.726944
 30
0.0
 11
402.624471
 21
414.603944
 31
0.0
  0
LINE
  5
F6B
330
70
100
AcDbEntity
  8
Visible
100
AcDbLine
 10
402.658471
 20
414.844944
 30
0.0
 11
402.640471
 21
414.726944
 31
0.0
  0
LINE
  5
F6C
330
70
100
AcDbEntity
  8
Visible
100
AcDbLine
 10
402.679471
 20
414.959944
 30
0.0
 11
402.658471
 21
414.844944
 31
0.0
  0
LINE
  5
F6D
330
70
100
AcDbEntity
  8
Visible
100
AcDbLine
 10
402.703471
 20
415.071944
 30
0.0
 11
402.679471
 21
414.959944
 31
0.0
  0
LINE
  5
F6E
330
70
100
AcDbEntity
  8
Visible
100
AcDbLine
 10
402.730471
 20
415.178944
 30
0.0
 11
402.703471
 21
415.071944
 31
0.0
  0
LINE
  5
F6F
330
70
100
AcDbEntity
  8
Visible
100
AcDbLine
 10
402.760471
 20
415.281944
 30
0.0
 11
402.730471
 21
415.178944
 31
0.0
  0
LINE
  5
F70
330
70
100
AcDbEntity
  8
Visible
100
AcDbLine
 10
402.793471
 20
415.380944
 30
0.0
 11
402.760471
 21
415.281944
 31
0.0
  0
LINE
  5
F71
330
70
100
AcDbEntity
  8
Visible
100
AcDbLine
 10
402.830471
 20
415.473944
 30
0.0
 11
402.793471
 21
415.380944
 31
0.0
  0
LINE
  5
F72
330
70
100
AcDbEntity
  8
Visible
100
AcDbLine
 10
402.870471
 20
415.562944
 30
0.0
 11
402.830471
 21
415.473944
 31
0.0
  0
LINE
  5
F73
330
70
100
AcDbEntity
  8
Visible
100
AcDbLine
 10
402.914471
 20
415.647944
 30
0.0
 11
402.870471
 21
415.562944
 31
0.0
  0
LINE
  5
F74
330
70
100
AcDbEntity
  8
Visible
100
AcDbLine
 10
402.961471
 20
415.726944
 30
0.0
 11
402.914471
 21
415.647944
 31
0.0
  0
LINE
  5
F75
330
70
100
AcDbEntity
  8
Visible
100
AcDbLine
 10
403.011471
 20
415.801944
 30
0.0
 11
402.961471
 21
415.726944
 31
0.0
  0
LINE
  5
F76
330
70
100
AcDbEntity
  8
Visible
100
AcDbLine
 10
403.065471
 20
415.871944
 30
0.0
 11
403.011471
 21
415.801944
 31
0.0
  0
LINE
  5
F77
330
70
100
AcDbEntity
  8
Visible
100
AcDbLine
 10
403.122471
 20
415.936944
 30
0.0
 11
403.065471
 21
415.871944
 31
0.0
  0
LINE
  5
F78
330
70
100
AcDbEntity
  8
Visible
100
AcDbLine
 10
403.183471
 20
415.997944
 30
0.0
 11
403.122471
 21
415.936944
 31
0.0
  0
LINE
  5
F79
330
70
100
AcDbEntity
  8
Visible
100
AcDbLine
 10
403.247471
 20
416.052944
 30
0.0
 11
403.183471
 21
415.997944
 31
0.0
  0
LINE
  5
F7A
330
70
100
AcDbEntity
  8
Visible
100
AcDbLine
 10
403.316471
 20
416.102944
 30
0.0
 11
403.247471
 21
416.052944
 31
0.0
  0
LINE
  5
F7B
330
70
100
AcDbEntity
  8
Visible
100
AcDbLine
 10
403.388471
 20
416.145944
 30
0.0
 11
403.316471
 21
416.102944
 31
0.0
  0
LINE
  5
F7C
330
70
100
AcDbEntity
  8
Visible
100
AcDbLine
 10
403.464471
 20
416.183944
 30
0.0
 11
403.388471
 21
416.145944
 31
0.0
  0
LINE
  5
F7D
330
70
100
AcDbEntity
  8
Visible
100
AcDbLine
 10
403.545471
 20
416.215944
 30
0.0
 11
403.464471
 21
416.183944
 31
0.0
  0
LINE
  5
F7E
330
70
100
AcDbEntity
  8
Visible
100
AcDbLine
 10
403.629471
 20
416.241944
 30
0.0
 11
403.545471
 21
416.215944
 31
0.0
  0
LINE
  5
F7F
330
70
100
AcDbEntity
  8
Visible
100
AcDbLine
 10
403.717471
 20
416.262944
 30
0.0
 11
403.629471
 21
416.241944
 31
0.0
  0
LINE
  5
F80
330
70
100
AcDbEntity
  8
Visible
100
AcDbLine
 10
403.809471
 20
416.276944
 30
0.0
 11
403.717471
 21
416.262944
 31
0.0
  0
LINE
  5
F81
330
70
100
AcDbEntity
  8
Visible
100
AcDbLine
 10
403.905471
 20
416.285944
 30
0.0
 11
403.809471
 21
416.276944
 31
0.0
  0
LINE
  5
F82
330
70
100
AcDbEntity
  8
Visible
100
AcDbLine
 10
404.005471
 20
416.288944
 30
0.0
 11
403.905471
 21
416.285944
 31
0.0
  0
LINE
  5
F83
330
70
100
AcDbEntity
  8
Visible
100
AcDbLine
 10
404.037471
 20
416.288944
 30
0.0
 11
404.005471
 21
416.288944
 31
0.0
  0
LINE
  5
F84
330
70
100
AcDbEntity
  8
Visible
100
AcDbLine
 10
404.069471
 20
416.286944
 30
0.0
 11
404.037471
 21
416.288944
 31
0.0
  0
LINE
  5
F85
330
70
100
AcDbEntity
  8
Visible
100
AcDbLine
 10
404.102471
 20
416.284944
 30
0.0
 11
404.069471
 21
416.286944
 31
0.0
  0
LINE
  5
F86
330
70
100
AcDbEntity
  8
Visible
100
AcDbLine
 10
404.137471
 20
416.282944
 30
0.0
 11
404.102471
 21
416.284944
 31
0.0
  0
LINE
  5
F87
330
70
100
AcDbEntity
  8
Visible
100
AcDbLine
 10
404.171471
 20
416.278944
 30
0.0
 11
404.137471
 21
416.282944
 31
0.0
  0
LINE
  5
F88
330
70
100
AcDbEntity
  8
Visible
100
AcDbLine
 10
404.207471
 20
416.274944
 30
0.0
 11
404.171471
 21
416.278944
 31
0.0
  0
LINE
  5
F89
330
70
100
AcDbEntity
  8
Visible
100
AcDbLine
 10
404.244471
 20
416.269944
 30
0.0
 11
404.207471
 21
416.274944
 31
0.0
  0
LINE
  5
F8A
330
70
100
AcDbEntity
  8
Visible
100
AcDbLine
 10
404.281471
 20
416.263944
 30
0.0
 11
404.244471
 21
416.269944
 31
0.0
  0
LINE
  5
F8B
330
70
100
AcDbEntity
  8
Visible
100
AcDbLine
 10
404.359471
 20
416.249944
 30
0.0
 11
404.281471
 21
416.263944
 31
0.0
  0
LINE
  5
F8C
330
70
100
AcDbEntity
  8
Visible
100
AcDbLine
 10
404.437471
 20
416.233944
 30
0.0
 11
404.359471
 21
416.249944
 31
0.0
  0
LINE
  5
F8D
330
70
100
AcDbEntity
  8
Visible
100
AcDbLine
 10
404.513471
 20
416.215944
 30
0.0
 11
404.437471
 21
416.233944
 31
0.0
  0
LINE
  5
F8E
330
70
100
AcDbEntity
  8
Visible
100
AcDbLine
 10
404.550471
 20
416.206944
 30
0.0
 11
404.513471
 21
416.215944
 31
0.0
  0
LINE
  5
F8F
330
70
100
AcDbEntity
  8
Visible
100
AcDbLine
 10
404.586471
 20
416.197944
 30
0.0
 11
404.550471
 21
416.206944
 31
0.0
  0
LINE
  5
F90
330
70
100
AcDbEntity
  8
Visible
100
AcDbLine
 10
404.622471
 20
416.187944
 30
0.0
 11
404.586471
 21
416.197944
 31
0.0
  0
LINE
  5
F91
330
70
100
AcDbEntity
  8
Visible
100
AcDbLine
 10
404.657471
 20
416.177944
 30
0.0
 11
404.622471
 21
416.187944
 31
0.0
  0
LINE
  5
F92
330
70
100
AcDbEntity
  8
Visible
100
AcDbLine
 10
404.691471
 20
416.167944
 30
0.0
 11
404.657471
 21
416.177944
 31
0.0
  0
LINE
  5
F93
330
70
100
AcDbEntity
  8
Visible
100
AcDbLine
 10
404.725471
 20
416.156944
 30
0.0
 11
404.691471
 21
416.167944
 31
0.0
  0
LINE
  5
F94
330
70
100
AcDbEntity
  8
Visible
100
AcDbLine
 10
404.785471
 20
417.080944
 30
0.0
 11
404.725471
 21
416.156944
 31
0.0
  0
LINE
  5
F95
330
70
100
AcDbEntity
  8
Visible
100
AcDbLine
 10
404.753471
 20
417.091944
 30
0.0
 11
404.785471
 21
417.080944
 31
0.0
  0
LINE
  5
F96
330
70
100
AcDbEntity
  8
Visible
100
AcDbLine
 10
404.720471
 20
417.101944
 30
0.0
 11
404.753471
 21
417.091944
 31
0.0
  0
LINE
  5
F97
330
70
100
AcDbEntity
  8
Visible
100
AcDbLine
 10
404.656471
 20
417.119944
 30
0.0
 11
404.720471
 21
417.101944
 31
0.0
  0
LINE
  5
F98
330
70
100
AcDbEntity
  8
Visible
100
AcDbLine
 10
404.592471
 20
417.135944
 30
0.0
 11
404.656471
 21
417.119944
 31
0.0
  0
LINE
  5
F99
330
70
100
AcDbEntity
  8
Visible
100
AcDbLine
 10
404.528471
 20
417.149944
 30
0.0
 11
404.592471
 21
417.135944
 31
0.0
  0
LINE
  5
F9A
330
70
100
AcDbEntity
  8
Visible
100
AcDbLine
 10
404.464471
 20
417.161944
 30
0.0
 11
404.528471
 21
417.149944
 31
0.0
  0
LINE
  5
F9B
330
70
100
AcDbEntity
  8
Visible
100
AcDbLine
 10
404.432471
 20
417.166944
 30
0.0
 11
404.464471
 21
417.161944
 31
0.0
  0
LINE
  5
F9C
330
70
100
AcDbEntity
  8
Visible
100
AcDbLine
 10
404.399471
 20
417.171944
 30
0.0
 11
404.432471
 21
417.166944
 31
0.0
  0
LINE
  5
F9D
330
70
100
AcDbEntity
  8
Visible
100
AcDbLine
 10
404.366471
 20
417.175944
 30
0.0
 11
404.399471
 21
417.171944
 31
0.0
  0
LINE
  5
F9E
330
70
100
AcDbEntity
  8
Visible
100
AcDbLine
 10
404.332471
 20
417.178944
 30
0.0
 11
404.366471
 21
417.175944
 31
0.0
  0
LINE
  5
F9F
330
70
100
AcDbEntity
  8
Visible
100
AcDbLine
 10
404.297471
 20
417.181944
 30
0.0
 11
404.332471
 21
417.178944
 31
0.0
  0
LINE
  5
FA0
330
70
100
AcDbEntity
  8
Visible
100
AcDbLine
 10
404.261471
 20
417.184944
 30
0.0
 11
404.297471
 21
417.181944
 31
0.0
  0
LINE
  5
FA1
330
70
100
AcDbEntity
  8
Visible
100
AcDbLine
 10
404.225471
 20
417.186944
 30
0.0
 11
404.261471
 21
417.184944
 31
0.0
  0
LINE
  5
FA2
330
70
100
AcDbEntity
  8
Visible
100
AcDbLine
 10
404.151471
 20
417.188944
 30
0.0
 11
404.225471
 21
417.186944
 31
0.0
  0
LINE
  5
FA3
330
70
100
AcDbEntity
  8
Visible
100
AcDbLine
 10
404.113471
 20
417.188944
 30
0.0
 11
404.151471
 21
417.188944
 31
0.0
  0
LINE
  5
FA4
330
70
100
AcDbEntity
  8
Visible
100
AcDbLine
 10
403.998471
 20
417.184944
 30
0.0
 11
404.113471
 21
417.188944
 31
0.0
  0
LINE
  5
FA5
330
70
100
AcDbEntity
  8
Visible
100
AcDbLine
 10
403.887471
 20
417.174944
 30
0.0
 11
403.998471
 21
417.184944
 31
0.0
  0
LINE
  5
FA6
330
70
100
AcDbEntity
  8
Visible
100
AcDbLine
 10
403.780471
 20
417.156944
 30
0.0
 11
403.887471
 21
417.174944
 31
0.0
  0
LINE
  5
FA7
330
70
100
AcDbEntity
  8
Visible
100
AcDbLine
 10
403.676471
 20
417.131944
 30
0.0
 11
403.780471
 21
417.156944
 31
0.0
  0
LINE
  5
FA8
330
70
100
AcDbEntity
  8
Visible
100
AcDbLine
 10
403.575471
 20
417.099944
 30
0.0
 11
403.676471
 21
417.131944
 31
0.0
  0
LINE
  5
FA9
330
70
100
AcDbEntity
  8
Visible
100
AcDbLine
 10
403.478471
 20
417.059944
 30
0.0
 11
403.575471
 21
417.099944
 31
0.0
  0
LINE
  5
FAA
330
70
100
AcDbEntity
  8
Visible
100
AcDbLine
 10
403.385471
 20
417.013944
 30
0.0
 11
403.478471
 21
417.059944
 31
0.0
  0
LINE
  5
FAB
330
70
100
AcDbEntity
  8
Visible
100
AcDbLine
 10
403.295471
 20
416.960944
 30
0.0
 11
403.385471
 21
417.013944
 31
0.0
  0
LINE
  5
FAC
330
70
100
AcDbEntity
  8
Visible
100
AcDbLine
 10
403.209471
 20
416.899944
 30
0.0
 11
403.295471
 21
416.960944
 31
0.0
  0
LINE
  5
FAD
330
70
100
AcDbEntity
  8
Visible
100
AcDbLine
 10
403.126471
 20
416.831944
 30
0.0
 11
403.209471
 21
416.899944
 31
0.0
  0
LINE
  5
FAE
330
70
100
AcDbEntity
  8
Visible
100
AcDbLine
 10
403.047471
 20
416.756944
 30
0.0
 11
403.126471
 21
416.831944
 31
0.0
  0
LINE
  5
FAF
330
70
100
AcDbEntity
  8
Visible
100
AcDbLine
 10
402.972471
 20
416.674944
 30
0.0
 11
403.047471
 21
416.756944
 31
0.0
  0
LINE
  5
FB0
330
70
100
AcDbEntity
  8
Visible
100
AcDbLine
 10
402.901471
 20
416.584944
 30
0.0
 11
402.972471
 21
416.674944
 31
0.0
  0
LINE
  5
FB1
330
70
100
AcDbEntity
  8
Visible
100
AcDbLine
 10
402.833471
 20
416.487944
 30
0.0
 11
402.901471
 21
416.584944
 31
0.0
  0
LINE
  5
FB2
330
70
100
AcDbEntity
  8
Visible
100
AcDbLine
 10
402.770471
 20
416.383944
 30
0.0
 11
402.833471
 21
416.487944
 31
0.0
  0
LINE
  5
FB3
330
70
100
AcDbEntity
  8
Visible
100
AcDbLine
 10
402.710471
 20
416.271944
 30
0.0
 11
402.770471
 21
416.383944
 31
0.0
  0
LINE
  5
FB4
330
70
100
AcDbEntity
  8
Visible
100
AcDbLine
 10
402.655471
 20
416.152944
 30
0.0
 11
402.710471
 21
416.271944
 31
0.0
  0
LINE
  5
FB5
330
70
100
AcDbEntity
  8
Visible
100
AcDbLine
 10
402.603471
 20
416.026944
 30
0.0
 11
402.655471
 21
416.152944
 31
0.0
  0
LINE
  5
FB6
330
70
100
AcDbEntity
  8
Visible
100
AcDbLine
 10
402.589471
 20
415.987861
 30
0.0
 11
402.603471
 21
416.026944
 31
0.0
  0
LINE
  5
FB7
330
70
100
AcDbEntity
  8
Visible
100
AcDbLine
 10
402.589471
 20
417.092944
 30
0.0
 11
402.589471
 21
415.987861
 31
0.0
  0
LINE
  5
FB8
330
70
100
AcDbEntity
  8
Visible
100
AcDbLine
 10
401.653471
 20
417.092944
 30
0.0
 11
402.589471
 21
417.092944
 31
0.0
  0
LINE
  5
FB9
330
70
100
AcDbEntity
  8
Visible
100
AcDbLine
 10
401.653471
 20
411.344944
 30
0.0
 11
401.653471
 21
417.092944
 31
0.0
  0
LINE
  5
FBA
330
70
100
AcDbEntity
  8
Visible
100
AcDbLine
 10
402.589471
 20
411.344944
 30
0.0
 11
401.653471
 21
411.344944
 31
0.0
  0
LINE
  5
FBB
330
70
100
AcDbEntity
  8
Visible
100
AcDbLine
 10
408.368471
 20
411.214944
 30
0.0
 11
408.219471
 21
411.203944
 31
0.0
  0
LINE
  5
FBC
330
70
100
AcDbEntity
  8
Visible
100
AcDbLine
 10
408.513471
 20
411.231944
 30
0.0
 11
408.368471
 21
411.214944
 31
0.0
  0
LINE
  5
FBD
330
70
100
AcDbEntity
  8
Visible
100
AcDbLine
 10
408.655471
 20
411.255944
 30
0.0
 11
408.513471
 21
411.231944
 31
0.0
  0
LINE
  5
FBE
330
70
100
AcDbEntity
  8
Visible
100
AcDbLine
 10
408.794471
 20
411.285944
 30
0.0
 11
408.655471
 21
411.255944
 31
0.0
  0
LINE
  5
FBF
330
70
100
AcDbEntity
  8
Visible
100
AcDbLine
 10
408.929471
 20
411.323944
 30
0.0
 11
408.794471
 21
411.285944
 31
0.0
  0
LINE
  5
FC0
330
70
100
AcDbEntity
  8
Visible
100
AcDbLine
 10
409.061471
 20
411.368944
 30
0.0
 11
408.929471
 21
411.323944
 31
0.0
  0
LINE
  5
FC1
330
70
100
AcDbEntity
  8
Visible
100
AcDbLine
 10
409.190471
 20
411.419944
 30
0.0
 11
409.061471
 21
411.368944
 31
0.0
  0
LINE
  5
FC2
330
70
100
AcDbEntity
  8
Visible
100
AcDbLine
 10
409.316471
 20
411.477944
 30
0.0
 11
409.190471
 21
411.419944
 31
0.0
  0
LINE
  5
FC3
330
70
100
AcDbEntity
  8
Visible
100
AcDbLine
 10
409.438471
 20
411.542944
 30
0.0
 11
409.316471
 21
411.477944
 31
0.0
  0
LINE
  5
FC4
330
70
100
AcDbEntity
  8
Visible
100
AcDbLine
 10
409.556471
 20
411.614944
 30
0.0
 11
409.438471
 21
411.542944
 31
0.0
  0
LINE
  5
FC5
330
70
100
AcDbEntity
  8
Visible
100
AcDbLine
 10
409.669471
 20
411.692944
 30
0.0
 11
409.556471
 21
411.614944
 31
0.0
  0
LINE
  5
FC6
330
70
100
AcDbEntity
  8
Visible
100
AcDbLine
 10
409.777471
 20
411.777944
 30
0.0
 11
409.669471
 21
411.692944
 31
0.0
  0
LINE
  5
FC7
330
70
100
AcDbEntity
  8
Visible
100
AcDbLine
 10
409.879471
 20
411.868944
 30
0.0
 11
409.777471
 21
411.777944
 31
0.0
  0
LINE
  5
FC8
330
70
100
AcDbEntity
  8
Visible
100
AcDbLine
 10
409.977471
 20
411.966944
 30
0.0
 11
409.879471
 21
411.868944
 31
0.0
  0
LINE
  5
FC9
330
70
100
AcDbEntity
  8
Visible
100
AcDbLine
 10
410.069471
 20
412.071944
 30
0.0
 11
409.977471
 21
411.966944
 31
0.0
  0
LINE
  5
FCA
330
70
100
AcDbEntity
  8
Visible
100
AcDbLine
 10
410.156471
 20
412.182944
 30
0.0
 11
410.069471
 21
412.071944
 31
0.0
  0
LINE
  5
FCB
330
70
100
AcDbEntity
  8
Visible
100
AcDbLine
 10
410.238471
 20
412.300944
 30
0.0
 11
410.156471
 21
412.182944
 31
0.0
  0
LINE
  5
FCC
330
70
100
AcDbEntity
  8
Visible
100
AcDbLine
 10
410.314471
 20
412.425944
 30
0.0
 11
410.238471
 21
412.300944
 31
0.0
  0
LINE
  5
FCD
330
70
100
AcDbEntity
  8
Visible
100
AcDbLine
 10
410.386471
 20
412.556944
 30
0.0
 11
410.314471
 21
412.425944
 31
0.0
  0
LINE
  5
FCE
330
70
100
AcDbEntity
  8
Visible
100
AcDbLine
 10
410.452471
 20
412.694944
 30
0.0
 11
410.386471
 21
412.556944
 31
0.0
  0
LINE
  5
FCF
330
70
100
AcDbEntity
  8
Visible
100
AcDbLine
 10
410.510471
 20
412.837944
 30
0.0
 11
410.452471
 21
412.694944
 31
0.0
  0
LINE
  5
FD0
330
70
100
AcDbEntity
  8
Visible
100
AcDbLine
 10
410.562471
 20
412.987944
 30
0.0
 11
410.510471
 21
412.837944
 31
0.0
  0
LINE
  5
FD1
330
70
100
AcDbEntity
  8
Visible
100
AcDbLine
 10
410.607471
 20
413.144944
 30
0.0
 11
410.562471
 21
412.987944
 31
0.0
  0
LINE
  5
FD2
330
70
100
AcDbEntity
  8
Visible
100
AcDbLine
 10
410.645471
 20
413.306944
 30
0.0
 11
410.607471
 21
413.144944
 31
0.0
  0
LINE
  5
FD3
330
70
100
AcDbEntity
  8
Visible
100
AcDbLine
 10
410.676471
 20
413.475944
 30
0.0
 11
410.645471
 21
413.306944
 31
0.0
  0
LINE
  5
FD4
330
70
100
AcDbEntity
  8
Visible
100
AcDbLine
 10
410.700471
 20
413.650944
 30
0.0
 11
410.676471
 21
413.475944
 31
0.0
  0
LINE
  5
FD5
330
70
100
AcDbEntity
  8
Visible
100
AcDbLine
 10
410.717471
 20
413.831944
 30
0.0
 11
410.700471
 21
413.650944
 31
0.0
  0
LINE
  5
FD6
330
70
100
AcDbEntity
  8
Visible
100
AcDbLine
 10
410.728471
 20
414.018944
 30
0.0
 11
410.717471
 21
413.831944
 31
0.0
  0
LINE
  5
FD7
330
70
100
AcDbEntity
  8
Visible
100
AcDbLine
 10
410.731471
 20
414.212944
 30
0.0
 11
410.728471
 21
414.018944
 31
0.0
  0
LINE
  5
FD8
330
70
100
AcDbEntity
  8
Visible
100
AcDbLine
 10
410.728471
 20
414.407944
 30
0.0
 11
410.731471
 21
414.212944
 31
0.0
  0
LINE
  5
FD9
330
70
100
AcDbEntity
  8
Visible
100
AcDbLine
 10
410.717471
 20
414.595944
 30
0.0
 11
410.728471
 21
414.407944
 31
0.0
  0
LINE
  5
FDA
330
70
100
AcDbEntity
  8
Visible
100
AcDbLine
 10
410.700471
 20
414.777944
 30
0.0
 11
410.717471
 21
414.595944
 31
0.0
  0
LINE
  5
FDB
330
70
100
AcDbEntity
  8
Visible
100
AcDbLine
 10
410.676471
 20
414.953944
 30
0.0
 11
410.700471
 21
414.777944
 31
0.0
  0
LINE
  5
FDC
330
70
100
AcDbEntity
  8
Visible
100
AcDbLine
 10
410.645471
 20
415.122944
 30
0.0
 11
410.676471
 21
414.953944
 31
0.0
  0
LINE
  5
FDD
330
70
100
AcDbEntity
  8
Visible
100
AcDbLine
 10
410.607471
 20
415.284944
 30
0.0
 11
410.645471
 21
415.122944
 31
0.0
  0
LINE
  5
FDE
330
70
100
AcDbEntity
  8
Visible
100
AcDbLine
 10
410.562471
 20
415.441944
 30
0.0
 11
410.607471
 21
415.284944
 31
0.0
  0
LINE
  5
FDF
330
70
100
AcDbEntity
  8
Visible
100
AcDbLine
 10
410.510471
 20
415.591944
 30
0.0
 11
410.562471
 21
415.441944
 31
0.0
  0
LINE
  5
FE0
330
70
100
AcDbEntity
  8
Visible
100
AcDbLine
 10
410.452471
 20
415.734944
 30
0.0
 11
410.510471
 21
415.591944
 31
0.0
  0
LINE
  5
FE1
330
70
100
AcDbEntity
  8
Visible
100
AcDbLine
 10
410.386471
 20
415.871944
 30
0.0
 11
410.452471
 21
415.734944
 31
0.0
  0
LINE
  5
FE2
330
70
100
AcDbEntity
  8
Visible
100
AcDbLine
 10
410.314471
 20
416.002944
 30
0.0
 11
410.386471
 21
415.871944
 31
0.0
  0
LINE
  5
FE3
330
70
100
AcDbEntity
  8
Visible
100
AcDbLine
 10
410.238471
 20
416.126944
 30
0.0
 11
410.314471
 21
416.002944
 31
0.0
  0
LINE
  5
FE4
330
70
100
AcDbEntity
  8
Visible
100
AcDbLine
 10
410.156471
 20
416.243944
 30
0.0
 11
410.238471
 21
416.126944
 31
0.0
  0
LINE
  5
FE5
330
70
100
AcDbEntity
  8
Visible
100
AcDbLine
 10
410.069471
 20
416.354944
 30
0.0
 11
410.156471
 21
416.243944
 31
0.0
  0
LINE
  5
FE6
330
70
100
AcDbEntity
  8
Visible
100
AcDbLine
 10
409.977471
 20
416.458944
 30
0.0
 11
410.069471
 21
416.354944
 31
0.0
  0
LINE
  5
FE7
330
70
100
AcDbEntity
  8
Visible
100
AcDbLine
 10
409.879471
 20
416.556944
 30
0.0
 11
409.977471
 21
416.458944
 31
0.0
  0
LINE
  5
FE8
330
70
100
AcDbEntity
  8
Visible
100
AcDbLine
 10
409.777471
 20
416.647944
 30
0.0
 11
409.879471
 21
416.556944
 31
0.0
  0
LINE
  5
FE9
330
70
100
AcDbEntity
  8
Visible
100
AcDbLine
 10
409.669471
 20
416.732944
 30
0.0
 11
409.777471
 21
416.647944
 31
0.0
  0
LINE
  5
FEA
330
70
100
AcDbEntity
  8
Visible
100
AcDbLine
 10
409.556471
 20
416.810944
 30
0.0
 11
409.669471
 21
416.732944
 31
0.0
  0
LINE
  5
FEB
330
70
100
AcDbEntity
  8
Visible
100
AcDbLine
 10
409.438471
 20
416.882944
 30
0.0
 11
409.556471
 21
416.810944
 31
0.0
  0
LINE
  5
FEC
330
70
100
AcDbEntity
  8
Visible
100
AcDbLine
 10
409.316471
 20
416.947944
 30
0.0
 11
409.438471
 21
416.882944
 31
0.0
  0
LINE
  5
FED
330
70
100
AcDbEntity
  8
Visible
100
AcDbLine
 10
409.190471
 20
417.005944
 30
0.0
 11
409.316471
 21
416.947944
 31
0.0
  0
LINE
  5
FEE
330
70
100
AcDbEntity
  8
Visible
100
AcDbLine
 10
409.061471
 20
417.056944
 30
0.0
 11
409.190471
 21
417.005944
 31
0.0
  0
LINE
  5
FEF
330
70
100
AcDbEntity
  8
Visible
100
AcDbLine
 10
408.929471
 20
417.101944
 30
0.0
 11
409.061471
 21
417.056944
 31
0.0
  0
LINE
  5
FF0
330
70
100
AcDbEntity
  8
Visible
100
AcDbLine
 10
408.794471
 20
417.138944
 30
0.0
 11
408.929471
 21
417.101944
 31
0.0
  0
LINE
  5
FF1
330
70
100
AcDbEntity
  8
Visible
100
AcDbLine
 10
408.655471
 20
417.169944
 30
0.0
 11
408.794471
 21
417.138944
 31
0.0
  0
LINE
  5
FF2
330
70
100
AcDbEntity
  8
Visible
100
AcDbLine
 10
408.513471
 20
417.193944
 30
0.0
 11
408.655471
 21
417.169944
 31
0.0
  0
LINE
  5
FF3
330
70
100
AcDbEntity
  8
Visible
100
AcDbLine
 10
408.368471
 20
417.210944
 30
0.0
 11
408.513471
 21
417.193944
 31
0.0
  0
LINE
  5
FF4
330
70
100
AcDbEntity
  8
Visible
100
AcDbLine
 10
408.219471
 20
417.221944
 30
0.0
 11
408.368471
 21
417.210944
 31
0.0
  0
LINE
  5
FF5
330
70
100
AcDbEntity
  8
Visible
100
AcDbLine
 10
408.067471
 20
417.224944
 30
0.0
 11
408.219471
 21
417.221944
 31
0.0
  0
LINE
  5
FF6
330
70
100
AcDbEntity
  8
Visible
100
AcDbLine
 10
407.914471
 20
417.221944
 30
0.0
 11
408.067471
 21
417.224944
 31
0.0
  0
LINE
  5
FF7
330
70
100
AcDbEntity
  8
Visible
100
AcDbLine
 10
407.764471
 20
417.210944
 30
0.0
 11
407.914471
 21
417.221944
 31
0.0
  0
LINE
  5
FF8
330
70
100
AcDbEntity
  8
Visible
100
AcDbLine
 10
407.618471
 20
417.193944
 30
0.0
 11
407.764471
 21
417.210944
 31
0.0
  0
LINE
  5
FF9
330
70
100
AcDbEntity
  8
Visible
100
AcDbLine
 10
407.475471
 20
417.169944
 30
0.0
 11
407.618471
 21
417.193944
 31
0.0
  0
LINE
  5
FFA
330
70
100
AcDbEntity
  8
Visible
100
AcDbLine
 10
407.336471
 20
417.138944
 30
0.0
 11
407.475471
 21
417.169944
 31
0.0
  0
LINE
  5
FFB
330
70
100
AcDbEntity
  8
Visible
100
AcDbLine
 10
407.200471
 20
417.101944
 30
0.0
 11
407.336471
 21
417.138944
 31
0.0
  0
LINE
  5
FFC
330
70
100
AcDbEntity
  8
Visible
100
AcDbLine
 10
407.067471
 20
417.056944
 30
0.0
 11
407.200471
 21
417.101944
 31
0.0
  0
LINE
  5
FFD
330
70
100
AcDbEntity
  8
Visible
100
AcDbLine
 10
406.938471
 20
417.005944
 30
0.0
 11
407.067471
 21
417.056944
 31
0.0
  0
LINE
  5
FFE
330
70
100
AcDbEntity
  8
Visible
100
AcDbLine
 10
406.812471
 20
416.947944
 30
0.0
 11
406.938471
 21
417.005944
 31
0.0
  0
LINE
  5
FFF
330
70
100
AcDbEntity
  8
Visible
100
AcDbLine
 10
406.690471
 20
416.882944
 30
0.0
 11
406.812471
 21
416.947944
 31
0.0
  0
LINE
  5
1000
330
70
100
AcDbEntity
  8
Visible
100
AcDbLine
 10
406.572471
 20
416.810944
 30
0.0
 11
406.690471
 21
416.882944
 31
0.0
  0
LINE
  5
1001
330
70
100
AcDbEntity
  8
Visible
100
AcDbLine
 10
406.459471
 20
416.732944
 30
0.0
 11
406.572471
 21
416.810944
 31
0.0
  0
LINE
  5
1002
330
70
100
AcDbEntity
  8
Visible
100
AcDbLine
 10
406.351471
 20
416.647944
 30
0.0
 11
406.459471
 21
416.732944
 31
0.0
  0
LINE
  5
1003
330
70
100
AcDbEntity
  8
Visible
100
AcDbLine
 10
406.248471
 20
416.556944
 30
0.0
 11
406.351471
 21
416.647944
 31
0.0
  0
LINE
  5
1004
330
70
100
AcDbEntity
  8
Visible
100
AcDbLine
 10
406.151471
 20
416.458944
 30
0.0
 11
406.248471
 21
416.556944
 31
0.0
  0
LINE
  5
1005
330
70
100
AcDbEntity
  8
Visible
100
AcDbLine
 10
406.058471
 20
416.354944
 30
0.0
 11
406.151471
 21
416.458944
 31
0.0
  0
LINE
  5
1006
330
70
100
AcDbEntity
  8
Visible
100
AcDbLine
 10
405.971471
 20
416.243944
 30
0.0
 11
406.058471
 21
416.354944
 31
0.0
  0
LINE
  5
1007
330
70
100
AcDbEntity
  8
Visible
100
AcDbLine
 10
405.888471
 20
416.126944
 30
0.0
 11
405.971471
 21
416.243944
 31
0.0
  0
LINE
  5
1008
330
70
100
AcDbEntity
  8
Visible
100
AcDbLine
 10
405.811471
 20
416.002944
 30
0.0
 11
405.888471
 21
416.126944
 31
0.0
  0
LINE
  5
1009
330
70
100
AcDbEntity
  8
Visible
100
AcDbLine
 10
405.739471
 20
415.871944
 30
0.0
 11
405.811471
 21
416.002944
 31
0.0
  0
LINE
  5
100A
330
70
100
AcDbEntity
  8
Visible
100
AcDbLine
 10
405.673471
 20
415.734944
 30
0.0
 11
405.739471
 21
415.871944
 31
0.0
  0
LINE
  5
100B
330
70
100
AcDbEntity
  8
Visible
100
AcDbLine
 10
405.614471
 20
415.591944
 30
0.0
 11
405.673471
 21
415.734944
 31
0.0
  0
LINE
  5
100C
330
70
100
AcDbEntity
  8
Visible
100
AcDbLine
 10
405.562471
 20
415.441944
 30
0.0
 11
405.614471
 21
415.591944
 31
0.0
  0
LINE
  5
100D
330
70
100
AcDbEntity
  8
Visible
100
AcDbLine
 10
405.516471
 20
415.284944
 30
0.0
 11
405.562471
 21
415.441944
 31
0.0
  0
LINE
  5
100E
330
70
100
AcDbEntity
  8
Visible
100
AcDbLine
 10
405.478471
 20
415.122944
 30
0.0
 11
405.516471
 21
415.284944
 31
0.0
  0
LINE
  5
100F
330
70
100
AcDbEntity
  8
Visible
100
AcDbLine
 10
405.447471
 20
414.953944
 30
0.0
 11
405.478471
 21
415.122944
 31
0.0
  0
LINE
  5
1010
330
70
100
AcDbEntity
  8
Visible
100
AcDbLine
 10
405.422471
 20
414.777944
 30
0.0
 11
405.447471
 21
414.953944
 31
0.0
  0
LINE
  5
1011
330
70
100
AcDbEntity
  8
Visible
100
AcDbLine
 10
405.405471
 20
414.595944
 30
0.0
 11
405.422471
 21
414.777944
 31
0.0
  0
LINE
  5
1012
330
70
100
AcDbEntity
  8
Visible
100
AcDbLine
 10
405.394471
 20
414.407944
 30
0.0
 11
405.405471
 21
414.595944
 31
0.0
  0
LINE
  5
1013
330
70
100
AcDbEntity
  8
Visible
100
AcDbLine
 10
405.391471
 20
414.212944
 30
0.0
 11
405.394471
 21
414.407944
 31
0.0
  0
LINE
  5
1014
330
70
100
AcDbEntity
  8
Visible
100
AcDbLine
 10
405.394471
 20
414.018944
 30
0.0
 11
405.391471
 21
414.212944
 31
0.0
  0
LINE
  5
1015
330
70
100
AcDbEntity
  8
Visible
100
AcDbLine
 10
405.405471
 20
413.831944
 30
0.0
 11
405.394471
 21
414.018944
 31
0.0
  0
LINE
  5
1016
330
70
100
AcDbEntity
  8
Visible
100
AcDbLine
 10
405.422471
 20
413.650944
 30
0.0
 11
405.405471
 21
413.831944
 31
0.0
  0
LINE
  5
1017
330
70
100
AcDbEntity
  8
Visible
100
AcDbLine
 10
405.447471
 20
413.475944
 30
0.0
 11
405.422471
 21
413.650944
 31
0.0
  0
LINE
  5
1018
330
70
100
AcDbEntity
  8
Visible
100
AcDbLine
 10
405.478471
 20
413.306944
 30
0.0
 11
405.447471
 21
413.475944
 31
0.0
  0
LINE
  5
1019
330
70
100
AcDbEntity
  8
Visible
100
AcDbLine
 10
405.516471
 20
413.144944
 30
0.0
 11
405.478471
 21
413.306944
 31
0.0
  0
LINE
  5
101A
330
70
100
AcDbEntity
  8
Visible
100
AcDbLine
 10
405.562471
 20
412.987944
 30
0.0
 11
405.516471
 21
413.144944
 31
0.0
  0
LINE
  5
101B
330
70
100
AcDbEntity
  8
Visible
100
AcDbLine
 10
405.614471
 20
412.837944
 30
0.0
 11
405.562471
 21
412.987944
 31
0.0
  0
LINE
  5
101C
330
70
100
AcDbEntity
  8
Visible
100
AcDbLine
 10
405.673471
 20
412.694944
 30
0.0
 11
405.614471
 21
412.837944
 31
0.0
  0
LINE
  5
101D
330
70
100
AcDbEntity
  8
Visible
100
AcDbLine
 10
405.739471
 20
412.556944
 30
0.0
 11
405.673471
 21
412.694944
 31
0.0
  0
LINE
  5
101E
330
70
100
AcDbEntity
  8
Visible
100
AcDbLine
 10
405.811471
 20
412.425944
 30
0.0
 11
405.739471
 21
412.556944
 31
0.0
  0
LINE
  5
101F
330
70
100
AcDbEntity
  8
Visible
100
AcDbLine
 10
405.888471
 20
412.300944
 30
0.0
 11
405.811471
 21
412.425944
 31
0.0
  0
LINE
  5
1020
330
70
100
AcDbEntity
  8
Visible
100
AcDbLine
 10
405.971471
 20
412.182944
 30
0.0
 11
405.888471
 21
412.300944
 31
0.0
  0
LINE
  5
1021
330
70
100
AcDbEntity
  8
Visible
100
AcDbLine
 10
406.058471
 20
412.071944
 30
0.0
 11
405.971471
 21
412.182944
 31
0.0
  0
LINE
  5
1022
330
70
100
AcDbEntity
  8
Visible
100
AcDbLine
 10
406.151471
 20
411.966944
 30
0.0
 11
406.058471
 21
412.071944
 31
0.0
  0
LINE
  5
1023
330
70
100
AcDbEntity
  8
Visible
100
AcDbLine
 10
406.248471
 20
411.868944
 30
0.0
 11
406.151471
 21
411.966944
 31
0.0
  0
LINE
  5
1024
330
70
100
AcDbEntity
  8
Visible
100
AcDbLine
 10
406.351471
 20
411.777944
 30
0.0
 11
406.248471
 21
411.868944
 31
0.0
  0
LINE
  5
1025
330
70
100
AcDbEntity
  8
Visible
100
AcDbLine
 10
406.459471
 20
411.692944
 30
0.0
 11
406.351471
 21
411.777944
 31
0.0
  0
LINE
  5
1026
330
70
100
AcDbEntity
  8
Visible
100
AcDbLine
 10
406.572471
 20
411.614944
 30
0.0
 11
406.459471
 21
411.692944
 31
0.0
  0
LINE
  5
1027
330
70
100
AcDbEntity
  8
Visible
100
AcDbLine
 10
406.690471
 20
411.542944
 30
0.0
 11
406.572471
 21
411.614944
 31
0.0
  0
LINE
  5
1028
330
70
100
AcDbEntity
  8
Visible
100
AcDbLine
 10
406.812471
 20
411.477944
 30
0.0
 11
406.690471
 21
411.542944
 31
0.0
  0
LINE
  5
1029
330
70
100
AcDbEntity
  8
Visible
100
AcDbLine
 10
406.938471
 20
411.419944
 30
0.0
 11
406.812471
 21
411.477944
 31
0.0
  0
LINE
  5
102A
330
70
100
AcDbEntity
  8
Visible
100
AcDbLine
 10
407.067471
 20
411.368944
 30
0.0
 11
406.938471
 21
411.419944
 31
0.0
  0
LINE
  5
102B
330
70
100
AcDbEntity
  8
Visible
100
AcDbLine
 10
407.200471
 20
411.323944
 30
0.0
 11
407.067471
 21
411.368944
 31
0.0
  0
LINE
  5
102C
330
70
100
AcDbEntity
  8
Visible
100
AcDbLine
 10
407.336471
 20
411.285944
 30
0.0
 11
407.200471
 21
411.323944
 31
0.0
  0
LINE
  5
102D
330
70
100
AcDbEntity
  8
Visible
100
AcDbLine
 10
407.475471
 20
411.255944
 30
0.0
 11
407.336471
 21
411.285944
 31
0.0
  0
LINE
  5
102E
330
70
100
AcDbEntity
  8
Visible
100
AcDbLine
 10
407.618471
 20
411.231944
 30
0.0
 11
407.475471
 21
411.255944
 31
0.0
  0
LINE
  5
102F
330
70
100
AcDbEntity
  8
Visible
100
AcDbLine
 10
407.764471
 20
411.214944
 30
0.0
 11
407.618471
 21
411.231944
 31
0.0
  0
LINE
  5
1030
330
70
100
AcDbEntity
  8
Visible
100
AcDbLine
 10
407.914471
 20
411.203944
 30
0.0
 11
407.764471
 21
411.214944
 31
0.0
  0
LINE
  5
1031
330
70
100
AcDbEntity
  8
Visible
100
AcDbLine
 10
408.067471
 20
411.200944
 30
0.0
 11
407.914471
 21
411.203944
 31
0.0
  0
LINE
  5
1032
330
70
100
AcDbEntity
  8
Visible
100
AcDbLine
 10
408.219471
 20
411.203944
 30
0.0
 11
408.067471
 21
411.200944
 31
0.0
  0
LINE
  5
1033
330
70
100
AcDbEntity
  8
Visible
100
AcDbLine
 10
413.487471
 20
414.199944
 30
0.0
 11
413.485471
 21
414.056944
 31
0.0
  0
LINE
  5
1034
330
70
100
AcDbEntity
  8
Visible
100
AcDbLine
 10
413.493471
 20
414.338944
 30
0.0
 11
413.487471
 21
414.199944
 31
0.0
  0
LINE
  5
1035
330
70
100
AcDbEntity
  8
Visible
100
AcDbLine
 10
413.503471
 20
414.474944
 30
0.0
 11
413.493471
 21
414.338944
 31
0.0
  0
LINE
  5
1036
330
70
100
AcDbEntity
  8
Visible
100
AcDbLine
 10
413.518471
 20
414.605944
 30
0.0
 11
413.503471
 21
414.474944
 31
0.0
  0
LINE
  5
1037
330
70
100
AcDbEntity
  8
Visible
100
AcDbLine
 10
413.536471
 20
414.732944
 30
0.0
 11
413.518471
 21
414.605944
 31
0.0
  0
LINE
  5
1038
330
70
100
AcDbEntity
  8
Visible
100
AcDbLine
 10
413.558471
 20
414.855944
 30
0.0
 11
413.536471
 21
414.732944
 31
0.0
  0
LINE
  5
1039
330
70
100
AcDbEntity
  8
Visible
100
AcDbLine
 10
413.585471
 20
414.974944
 30
0.0
 11
413.558471
 21
414.855944
 31
0.0
  0
LINE
  5
103A
330
70
100
AcDbEntity
  8
Visible
100
AcDbLine
 10
413.616471
 20
415.089944
 30
0.0
 11
413.585471
 21
414.974944
 31
0.0
  0
LINE
  5
103B
330
70
100
AcDbEntity
  8
Visible
100
AcDbLine
 10
413.650471
 20
415.200944
 30
0.0
 11
413.616471
 21
415.089944
 31
0.0
  0
LINE
  5
103C
330
70
100
AcDbEntity
  8
Visible
100
AcDbLine
 10
413.689471
 20
415.307944
 30
0.0
 11
413.650471
 21
415.200944
 31
0.0
  0
LINE
  5
103D
330
70
100
AcDbEntity
  8
Visible
100
AcDbLine
 10
413.732471
 20
415.410944
 30
0.0
 11
413.689471
 21
415.307944
 31
0.0
  0
LINE
  5
103E
330
70
100
AcDbEntity
  8
Visible
100
AcDbLine
 10
413.778471
 20
415.507944
 30
0.0
 11
413.732471
 21
415.410944
 31
0.0
  0
LINE
  5
103F
330
70
100
AcDbEntity
  8
Visible
100
AcDbLine
 10
413.827471
 20
415.600944
 30
0.0
 11
413.778471
 21
415.507944
 31
0.0
  0
LINE
  5
1040
330
70
100
AcDbEntity
  8
Visible
100
AcDbLine
 10
413.880471
 20
415.688944
 30
0.0
 11
413.827471
 21
415.600944
 31
0.0
  0
LINE
  5
1041
330
70
100
AcDbEntity
  8
Visible
100
AcDbLine
 10
413.937471
 20
415.771944
 30
0.0
 11
413.880471
 21
415.688944
 31
0.0
  0
LINE
  5
1042
330
70
100
AcDbEntity
  8
Visible
100
AcDbLine
 10
413.996471
 20
415.850944
 30
0.0
 11
413.937471
 21
415.771944
 31
0.0
  0
LINE
  5
1043
330
70
100
AcDbEntity
  8
Visible
100
AcDbLine
 10
414.060471
 20
415.923944
 30
0.0
 11
413.996471
 21
415.850944
 31
0.0
  0
LINE
  5
1044
330
70
100
AcDbEntity
  8
Visible
100
AcDbLine
 10
414.127471
 20
415.991944
 30
0.0
 11
414.060471
 21
415.923944
 31
0.0
  0
LINE
  5
1045
330
70
100
AcDbEntity
  8
Visible
100
AcDbLine
 10
414.197471
 20
416.055944
 30
0.0
 11
414.127471
 21
415.991944
 31
0.0
  0
LINE
  5
1046
330
70
100
AcDbEntity
  8
Visible
100
AcDbLine
 10
414.271471
 20
416.114944
 30
0.0
 11
414.197471
 21
416.055944
 31
0.0
  0
LINE
  5
1047
330
70
100
AcDbEntity
  8
Visible
100
AcDbLine
 10
414.348471
 20
416.168944
 30
0.0
 11
414.271471
 21
416.114944
 31
0.0
  0
LINE
  5
1048
330
70
100
AcDbEntity
  8
Visible
100
AcDbLine
 10
414.428471
 20
416.216944
 30
0.0
 11
414.348471
 21
416.168944
 31
0.0
  0
LINE
  5
1049
330
70
100
AcDbEntity
  8
Visible
100
AcDbLine
 10
414.510471
 20
416.258944
 30
0.0
 11
414.428471
 21
416.216944
 31
0.0
  0
LINE
  5
104A
330
70
100
AcDbEntity
  8
Visible
100
AcDbLine
 10
414.595471
 20
416.294944
 30
0.0
 11
414.510471
 21
416.258944
 31
0.0
  0
LINE
  5
104B
330
70
100
AcDbEntity
  8
Visible
100
AcDbLine
 10
414.683471
 20
416.326944
 30
0.0
 11
414.595471
 21
416.294944
 31
0.0
  0
LINE
  5
104C
330
70
100
AcDbEntity
  8
Visible
100
AcDbLine
 10
414.774471
 20
416.351944
 30
0.0
 11
414.683471
 21
416.326944
 31
0.0
  0
LINE
  5
104D
330
70
100
AcDbEntity
  8
Visible
100
AcDbLine
 10
414.868471
 20
416.371944
 30
0.0
 11
414.774471
 21
416.351944
 31
0.0
  0
LINE
  5
104E
330
70
100
AcDbEntity
  8
Visible
100
AcDbLine
 10
414.964471
 20
416.385944
 30
0.0
 11
414.868471
 21
416.371944
 31
0.0
  0
LINE
  5
104F
330
70
100
AcDbEntity
  8
Visible
100
AcDbLine
 10
415.063471
 20
416.393944
 30
0.0
 11
414.964471
 21
416.385944
 31
0.0
  0
LINE
  5
1050
330
70
100
AcDbEntity
  8
Visible
100
AcDbLine
 10
415.165471
 20
416.396944
 30
0.0
 11
415.063471
 21
416.393944
 31
0.0
  0
LINE
  5
1051
330
70
100
AcDbEntity
  8
Visible
100
AcDbLine
 10
415.298471
 20
416.392944
 30
0.0
 11
415.165471
 21
416.396944
 31
0.0
  0
LINE
  5
1052
330
70
100
AcDbEntity
  8
Visible
100
AcDbLine
 10
415.425471
 20
416.379944
 30
0.0
 11
415.298471
 21
416.392944
 31
0.0
  0
LINE
  5
1053
330
70
100
AcDbEntity
  8
Visible
100
AcDbLine
 10
415.546471
 20
416.357944
 30
0.0
 11
415.425471
 21
416.379944
 31
0.0
  0
LINE
  5
1054
330
70
100
AcDbEntity
  8
Visible
100
AcDbLine
 10
415.662471
 20
416.327944
 30
0.0
 11
415.546471
 21
416.357944
 31
0.0
  0
LINE
  5
1055
330
70
100
AcDbEntity
  8
Visible
100
AcDbLine
 10
415.772471
 20
416.289944
 30
0.0
 11
415.662471
 21
416.327944
 31
0.0
  0
LINE
  5
1056
330
70
100
AcDbEntity
  8
Visible
100
AcDbLine
 10
415.876471
 20
416.242944
 30
0.0
 11
415.772471
 21
416.289944
 31
0.0
  0
LINE
  5
1057
330
70
100
AcDbEntity
  8
Visible
100
AcDbLine
 10
415.975471
 20
416.186944
 30
0.0
 11
415.876471
 21
416.242944
 31
0.0
  0
LINE
  5
1058
330
70
100
AcDbEntity
  8
Visible
100
AcDbLine
 10
416.067471
 20
416.121944
 30
0.0
 11
415.975471
 21
416.186944
 31
0.0
  0
LINE
  5
1059
330
70
100
AcDbEntity
  8
Visible
100
AcDbLine
 10
416.155471
 20
416.049944
 30
0.0
 11
416.067471
 21
416.121944
 31
0.0
  0
LINE
  5
105A
330
70
100
AcDbEntity
  8
Visible
100
AcDbLine
 10
416.236471
 20
415.967944
 30
0.0
 11
416.155471
 21
416.049944
 31
0.0
  0
LINE
  5
105B
330
70
100
AcDbEntity
  8
Visible
100
AcDbLine
 10
416.311471
 20
415.877944
 30
0.0
 11
416.236471
 21
415.967944
 31
0.0
  0
LINE
  5
105C
330
70
100
AcDbEntity
  8
Visible
100
AcDbLine
 10
416.377471
 20
415.780944
 30
0.0
 11
416.311471
 21
415.877944
 31
0.0
  0
LINE
  5
105D
330
70
100
AcDbEntity
  8
Visible
100
AcDbLine
 10
416.436471
 20
415.674944
 30
0.0
 11
416.377471
 21
415.780944
 31
0.0
  0
LINE
  5
105E
330
70
100
AcDbEntity
  8
Visible
100
AcDbLine
 10
416.488471
 20
415.561944
 30
0.0
 11
416.436471
 21
415.674944
 31
0.0
  0
LINE
  5
105F
330
70
100
AcDbEntity
  8
Visible
100
AcDbLine
 10
416.531471
 20
415.440944
 30
0.0
 11
416.488471
 21
415.561944
 31
0.0
  0
LINE
  5
1060
330
70
100
AcDbEntity
  8
Visible
100
AcDbLine
 10
416.566471
 20
415.311944
 30
0.0
 11
416.531471
 21
415.440944
 31
0.0
  0
LINE
  5
1061
330
70
100
AcDbEntity
  8
Visible
100
AcDbLine
 10
416.594471
 20
415.174944
 30
0.0
 11
416.566471
 21
415.311944
 31
0.0
  0
LINE
  5
1062
330
70
100
AcDbEntity
  8
Visible
100
AcDbLine
 10
416.613471
 20
415.029944
 30
0.0
 11
416.594471
 21
415.174944
 31
0.0
  0
LINE
  5
1063
330
70
100
AcDbEntity
  8
Visible
100
AcDbLine
 10
416.625471
 20
414.876944
 30
0.0
 11
416.613471
 21
415.029944
 31
0.0
  0
LINE
  5
1064
330
70
100
AcDbEntity
  8
Visible
100
AcDbLine
 10
416.629471
 20
414.716944
 30
0.0
 11
416.625471
 21
414.876944
 31
0.0
  0
LINE
  5
1065
330
70
100
AcDbEntity
  8
Visible
100
AcDbLine
 10
416.629471
 20
411.344944
 30
0.0
 11
416.629471
 21
414.716944
 31
0.0
  0
LINE
  5
1066
330
70
100
AcDbEntity
  8
Visible
100
AcDbLine
 10
417.553471
 20
411.344944
 30
0.0
 11
416.629471
 21
411.344944
 31
0.0
  0
LINE
  5
1067
330
70
100
AcDbEntity
  8
Visible
100
AcDbLine
 10
417.553471
 20
414.716944
 30
0.0
 11
417.553471
 21
411.344944
 31
0.0
  0
LINE
  5
1068
330
70
100
AcDbEntity
  8
Visible
100
AcDbLine
 10
417.550471
 20
414.869944
 30
0.0
 11
417.553471
 21
414.716944
 31
0.0
  0
LINE
  5
1069
330
70
100
AcDbEntity
  8
Visible
100
AcDbLine
 10
417.543471
 20
415.017944
 30
0.0
 11
417.550471
 21
414.869944
 31
0.0
  0
LINE
  5
106A
330
70
100
AcDbEntity
  8
Visible
100
AcDbLine
 10
417.530471
 20
415.162944
 30
0.0
 11
417.543471
 21
415.017944
 31
0.0
  0
LINE
  5
106B
330
70
100
AcDbEntity
  8
Visible
100
AcDbLine
 10
417.512471
 20
415.302944
 30
0.0
 11
417.530471
 21
415.162944
 31
0.0
  0
LINE
  5
106C
330
70
100
AcDbEntity
  8
Visible
100
AcDbLine
 10
417.489471
 20
415.437944
 30
0.0
 11
417.512471
 21
415.302944
 31
0.0
  0
LINE
  5
106D
330
70
100
AcDbEntity
  8
Visible
100
AcDbLine
 10
417.460471
 20
415.569944
 30
0.0
 11
417.489471
 21
415.437944
 31
0.0
  0
LINE
  5
106E
330
70
100
AcDbEntity
  8
Visible
100
AcDbLine
 10
417.427471
 20
415.697944
 30
0.0
 11
417.460471
 21
415.569944
 31
0.0
  0
LINE
  5
106F
330
70
100
AcDbEntity
  8
Visible
100
AcDbLine
 10
417.388471
 20
415.820944
 30
0.0
 11
417.427471
 21
415.697944
 31
0.0
  0
LINE
  5
1070
330
70
100
AcDbEntity
  8
Visible
100
AcDbLine
 10
417.344471
 20
415.939944
 30
0.0
 11
417.388471
 21
415.820944
 31
0.0
  0
LINE
  5
1071
330
70
100
AcDbEntity
  8
Visible
100
AcDbLine
 10
417.295471
 20
416.054944
 30
0.0
 11
417.344471
 21
415.939944
 31
0.0
  0
LINE
  5
1072
330
70
100
AcDbEntity
  8
Visible
100
AcDbLine
 10
417.241471
 20
416.164944
 30
0.0
 11
417.295471
 21
416.054944
 31
0.0
  0
LINE
  5
1073
330
70
100
AcDbEntity
  8
Visible
100
AcDbLine
 10
417.183471
 20
416.269944
 30
0.0
 11
417.241471
 21
416.164944
 31
0.0
  0
LINE
  5
1074
330
70
100
AcDbEntity
  8
Visible
100
AcDbLine
 10
417.120471
 20
416.369944
 30
0.0
 11
417.183471
 21
416.269944
 31
0.0
  0
LINE
  5
1075
330
70
100
AcDbEntity
  8
Visible
100
AcDbLine
 10
417.053471
 20
416.463944
 30
0.0
 11
417.120471
 21
416.369944
 31
0.0
  0
LINE
  5
1076
330
70
100
AcDbEntity
  8
Visible
100
AcDbLine
 10
416.981471
 20
416.553944
 30
0.0
 11
417.053471
 21
416.463944
 31
0.0
  0
LINE
  5
1077
330
70
100
AcDbEntity
  8
Visible
100
AcDbLine
 10
416.904471
 20
416.637944
 30
0.0
 11
416.981471
 21
416.553944
 31
0.0
  0
LINE
  5
1078
330
70
100
AcDbEntity
  8
Visible
100
AcDbLine
 10
416.824471
 20
416.716944
 30
0.0
 11
416.904471
 21
416.637944
 31
0.0
  0
LINE
  5
1079
330
70
100
AcDbEntity
  8
Visible
100
AcDbLine
 10
416.738471
 20
416.789944
 30
0.0
 11
416.824471
 21
416.716944
 31
0.0
  0
LINE
  5
107A
330
70
100
AcDbEntity
  8
Visible
100
AcDbLine
 10
416.648471
 20
416.858944
 30
0.0
 11
416.738471
 21
416.789944
 31
0.0
  0
LINE
  5
107B
330
70
100
AcDbEntity
  8
Visible
100
AcDbLine
 10
416.554471
 20
416.921944
 30
0.0
 11
416.648471
 21
416.858944
 31
0.0
  0
LINE
  5
107C
330
70
100
AcDbEntity
  8
Visible
100
AcDbLine
 10
416.455471
 20
416.979944
 30
0.0
 11
416.554471
 21
416.921944
 31
0.0
  0
LINE
  5
107D
330
70
100
AcDbEntity
  8
Visible
100
AcDbLine
 10
416.353471
 20
417.030944
 30
0.0
 11
416.455471
 21
416.979944
 31
0.0
  0
LINE
  5
107E
330
70
100
AcDbEntity
  8
Visible
100
AcDbLine
 10
416.247471
 20
417.076944
 30
0.0
 11
416.353471
 21
417.030944
 31
0.0
  0
LINE
  5
107F
330
70
100
AcDbEntity
  8
Visible
100
AcDbLine
 10
416.136471
 20
417.115944
 30
0.0
 11
416.247471
 21
417.076944
 31
0.0
  0
LINE
  5
1080
330
70
100
AcDbEntity
  8
Visible
100
AcDbLine
 10
416.022471
 20
417.148944
 30
0.0
 11
416.136471
 21
417.115944
 31
0.0
  0
LINE
  5
1081
330
70
100
AcDbEntity
  8
Visible
100
AcDbLine
 10
415.904471
 20
417.176944
 30
0.0
 11
416.022471
 21
417.148944
 31
0.0
  0
LINE
  5
1082
330
70
100
AcDbEntity
  8
Visible
100
AcDbLine
 10
415.782471
 20
417.197944
 30
0.0
 11
415.904471
 21
417.176944
 31
0.0
  0
LINE
  5
1083
330
70
100
AcDbEntity
  8
Visible
100
AcDbLine
 10
415.656471
 20
417.212944
 30
0.0
 11
415.782471
 21
417.197944
 31
0.0
  0
LINE
  5
1084
330
70
100
AcDbEntity
  8
Visible
100
AcDbLine
 10
415.527471
 20
417.221944
 30
0.0
 11
415.656471
 21
417.212944
 31
0.0
  0
LINE
  5
1085
330
70
100
AcDbEntity
  8
Visible
100
AcDbLine
 10
415.393471
 20
417.224944
 30
0.0
 11
415.527471
 21
417.221944
 31
0.0
  0
LINE
  5
1086
330
70
100
AcDbEntity
  8
Visible
100
AcDbLine
 10
415.250471
 20
417.220944
 30
0.0
 11
415.393471
 21
417.224944
 31
0.0
  0
LINE
  5
1087
330
70
100
AcDbEntity
  8
Visible
100
AcDbLine
 10
415.111471
 20
417.209944
 30
0.0
 11
415.250471
 21
417.220944
 31
0.0
  0
LINE
  5
1088
330
70
100
AcDbEntity
  8
Visible
100
AcDbLine
 10
414.977471
 20
417.190944
 30
0.0
 11
415.111471
 21
417.209944
 31
0.0
  0
LINE
  5
1089
330
70
100
AcDbEntity
  8
Visible
100
AcDbLine
 10
414.847471
 20
417.164944
 30
0.0
 11
414.977471
 21
417.190944
 31
0.0
  0
LINE
  5
108A
330
70
100
AcDbEntity
  8
Visible
100
AcDbLine
 10
414.722471
 20
417.130944
 30
0.0
 11
414.847471
 21
417.164944
 31
0.0
  0
LINE
  5
108B
330
70
100
AcDbEntity
  8
Visible
100
AcDbLine
 10
414.601471
 20
417.089944
 30
0.0
 11
414.722471
 21
417.130944
 31
0.0
  0
LINE
  5
108C
330
70
100
AcDbEntity
  8
Visible
100
AcDbLine
 10
414.484471
 20
417.040944
 30
0.0
 11
414.601471
 21
417.089944
 31
0.0
  0
LINE
  5
108D
330
70
100
AcDbEntity
  8
Visible
100
AcDbLine
 10
414.372471
 20
416.984944
 30
0.0
 11
414.484471
 21
417.040944
 31
0.0
  0
LINE
  5
108E
330
70
100
AcDbEntity
  8
Visible
100
AcDbLine
 10
414.264471
 20
416.920944
 30
0.0
 11
414.372471
 21
416.984944
 31
0.0
  0
LINE
  5
108F
330
70
100
AcDbEntity
  8
Visible
100
AcDbLine
 10
414.160471
 20
416.849944
 30
0.0
 11
414.264471
 21
416.920944
 31
0.0
  0
LINE
  5
1090
330
70
100
AcDbEntity
  8
Visible
100
AcDbLine
 10
414.061471
 20
416.771944
 30
0.0
 11
414.160471
 21
416.849944
 31
0.0
  0
LINE
  5
1091
330
70
100
AcDbEntity
  8
Visible
100
AcDbLine
 10
413.967471
 20
416.686944
 30
0.0
 11
414.061471
 21
416.771944
 31
0.0
  0
LINE
  5
1092
330
70
100
AcDbEntity
  8
Visible
100
AcDbLine
 10
413.878471
 20
416.594944
 30
0.0
 11
413.967471
 21
416.686944
 31
0.0
  0
LINE
  5
1093
330
70
100
AcDbEntity
  8
Visible
100
AcDbLine
 10
413.793471
 20
416.496944
 30
0.0
 11
413.878471
 21
416.594944
 31
0.0
  0
LINE
  5
1094
330
70
100
AcDbEntity
  8
Visible
100
AcDbLine
 10
413.714471
 20
416.391944
 30
0.0
 11
413.793471
 21
416.496944
 31
0.0
  0
LINE
  5
1095
330
70
100
AcDbEntity
  8
Visible
100
AcDbLine
 10
413.639471
 20
416.279944
 30
0.0
 11
413.714471
 21
416.391944
 31
0.0
  0
LINE
  5
1096
330
70
100
AcDbEntity
  8
Visible
100
AcDbLine
 10
413.569471
 20
416.161944
 30
0.0
 11
413.639471
 21
416.279944
 31
0.0
  0
LINE
  5
1097
330
70
100
AcDbEntity
  8
Visible
100
AcDbLine
 10
413.504471
 20
416.036944
 30
0.0
 11
413.569471
 21
416.161944
 31
0.0
  0
LINE
  5
1098
330
70
100
AcDbEntity
  8
Visible
100
AcDbLine
 10
413.466274
 20
415.952912
 30
0.0
 11
413.504471
 21
416.036944
 31
0.0
  0
LINE
  5
1099
330
70
100
AcDbEntity
  8
Visible
100
AcDbLine
 10
413.353471
 20
417.080944
 30
0.0
 11
413.466274
 21
415.952912
 31
0.0
  0
LINE
  5
109A
330
70
100
AcDbEntity
  8
Visible
100
AcDbLine
 10
412.549471
 20
417.080944
 30
0.0
 11
413.353471
 21
417.080944
 31
0.0
  0
LINE
  5
109B
330
70
100
AcDbEntity
  8
Visible
100
AcDbLine
 10
412.549471
 20
411.344944
 30
0.0
 11
412.549471
 21
417.080944
 31
0.0
  0
LINE
  5
109C
330
70
100
AcDbEntity
  8
Visible
100
AcDbLine
 10
413.485471
 20
411.344944
 30
0.0
 11
412.549471
 21
411.344944
 31
0.0
  0
LINE
  5
109D
330
70
100
AcDbEntity
  8
Visible
100
AcDbLine
 10
413.485471
 20
414.056944
 30
0.0
 11
413.485471
 21
411.344944
 31
0.0
  0
LINE
  5
109E
330
70
100
AcDbEntity
  8
Visible
100
AcDbLine
 10
420.835471
 20
416.432944
 30
0.0
 11
420.835471
 21
412.844944
 31
0.0
  0
LINE
  5
109F
330
70
100
AcDbEntity
  8
Visible
100
AcDbLine
 10
422.647471
 20
416.432944
 30
0.0
 11
420.835471
 21
416.432944
 31
0.0
  0
LINE
  5
10A0
330
70
100
AcDbEntity
  8
Visible
100
AcDbLine
 10
422.647471
 20
417.080944
 30
0.0
 11
422.647471
 21
416.432944
 31
0.0
  0
LINE
  5
10A1
330
70
100
AcDbEntity
  8
Visible
100
AcDbLine
 10
420.835471
 20
417.080944
 30
0.0
 11
422.647471
 21
417.080944
 31
0.0
  0
LINE
  5
10A2
330
70
100
AcDbEntity
  8
Visible
100
AcDbLine
 10
420.835471
 20
418.676944
 30
0.0
 11
420.835471
 21
417.080944
 31
0.0
  0
LINE
  5
10A3
330
70
100
AcDbEntity
  8
Visible
100
AcDbLine
 10
419.911471
 20
418.676944
 30
0.0
 11
420.835471
 21
418.676944
 31
0.0
  0
LINE
  5
10A4
330
70
100
AcDbEntity
  8
Visible
100
AcDbLine
 10
419.911471
 20
417.080944
 30
0.0
 11
419.911471
 21
418.676944
 31
0.0
  0
LINE
  5
10A5
330
70
100
AcDbEntity
  8
Visible
100
AcDbLine
 10
418.987471
 20
417.080944
 30
0.0
 11
419.911471
 21
417.080944
 31
0.0
  0
LINE
  5
10A6
330
70
100
AcDbEntity
  8
Visible
100
AcDbLine
 10
418.987471
 20
416.432944
 30
0.0
 11
418.987471
 21
417.080944
 31
0.0
  0
LINE
  5
10A7
330
70
100
AcDbEntity
  8
Visible
100
AcDbLine
 10
419.911471
 20
416.432944
 30
0.0
 11
418.987471
 21
416.432944
 31
0.0
  0
LINE
  5
10A8
330
70
100
AcDbEntity
  8
Visible
100
AcDbLine
 10
419.911471
 20
412.820944
 30
0.0
 11
419.911471
 21
416.432944
 31
0.0
  0
LINE
  5
10A9
330
70
100
AcDbEntity
  8
Visible
100
AcDbLine
 10
419.913471
 20
412.714944
 30
0.0
 11
419.911471
 21
412.820944
 31
0.0
  0
LINE
  5
10AA
330
70
100
AcDbEntity
  8
Visible
100
AcDbLine
 10
419.920471
 20
412.611944
 30
0.0
 11
419.913471
 21
412.714944
 31
0.0
  0
LINE
  5
10AB
330
70
100
AcDbEntity
  8
Visible
100
AcDbLine
 10
419.930471
 20
412.512944
 30
0.0
 11
419.920471
 21
412.611944
 31
0.0
  0
LINE
  5
10AC
330
70
100
AcDbEntity
  8
Visible
100
AcDbLine
 10
419.946471
 20
412.417944
 30
0.0
 11
419.930471
 21
412.512944
 31
0.0
  0
LINE
  5
10AD
330
70
100
AcDbEntity
  8
Visible
100
AcDbLine
 10
419.965471
 20
412.325944
 30
0.0
 11
419.946471
 21
412.417944
 31
0.0
  0
LINE
  5
10AE
330
70
100
AcDbEntity
  8
Visible
100
AcDbLine
 10
419.989471
 20
412.237944
 30
0.0
 11
419.965471
 21
412.325944
 31
0.0
  0
LINE
  5
10AF
330
70
100
AcDbEntity
  8
Visible
100
AcDbLine
 10
420.017471
 20
412.152944
 30
0.0
 11
419.989471
 21
412.237944
 31
0.0
  0
LINE
  5
10B0
330
70
100
AcDbEntity
  8
Visible
100
AcDbLine
 10
420.049471
 20
412.071944
 30
0.0
 11
420.017471
 21
412.152944
 31
0.0
  0
LINE
  5
10B1
330
70
100
AcDbEntity
  8
Visible
100
AcDbLine
 10
420.086471
 20
411.994944
 30
0.0
 11
420.049471
 21
412.071944
 31
0.0
  0
LINE
  5
10B2
330
70
100
AcDbEntity
  8
Visible
100
AcDbLine
 10
420.127471
 20
411.920944
 30
0.0
 11
420.086471
 21
411.994944
 31
0.0
  0
LINE
  5
10B3
330
70
100
AcDbEntity
  8
Visible
100
AcDbLine
 10
420.172471
 20
411.850944
 30
0.0
 11
420.127471
 21
411.920944
 31
0.0
  0
LINE
  5
10B4
330
70
100
AcDbEntity
  8
Visible
100
AcDbLine
 10
420.220471
 20
411.783944
 30
0.0
 11
420.172471
 21
411.850944
 31
0.0
  0
LINE
  5
10B5
330
70
100
AcDbEntity
  8
Visible
100
AcDbLine
 10
420.271471
 20
411.720944
 30
0.0
 11
420.220471
 21
411.783944
 31
0.0
  0
LINE
  5
10B6
330
70
100
AcDbEntity
  8
Visible
100
AcDbLine
 10
420.325471
 20
411.661944
 30
0.0
 11
420.271471
 21
411.720944
 31
0.0
  0
LINE
  5
10B7
330
70
100
AcDbEntity
  8
Visible
100
AcDbLine
 10
420.382471
 20
411.605944
 30
0.0
 11
420.325471
 21
411.661944
 31
0.0
  0
LINE
  5
10B8
330
70
100
AcDbEntity
  8
Visible
100
AcDbLine
 10
420.442471
 20
411.553944
 30
0.0
 11
420.382471
 21
411.605944
 31
0.0
  0
LINE
  5
10B9
330
70
100
AcDbEntity
  8
Visible
100
AcDbLine
 10
420.506471
 20
411.504944
 30
0.0
 11
420.442471
 21
411.553944
 31
0.0
  0
LINE
  5
10BA
330
70
100
AcDbEntity
  8
Visible
100
AcDbLine
 10
420.572471
 20
411.459944
 30
0.0
 11
420.506471
 21
411.504944
 31
0.0
  0
LINE
  5
10BB
330
70
100
AcDbEntity
  8
Visible
100
AcDbLine
 10
420.642471
 20
411.418944
 30
0.0
 11
420.572471
 21
411.459944
 31
0.0
  0
LINE
  5
10BC
330
70
100
AcDbEntity
  8
Visible
100
AcDbLine
 10
420.715471
 20
411.380944
 30
0.0
 11
420.642471
 21
411.418944
 31
0.0
  0
LINE
  5
10BD
330
70
100
AcDbEntity
  8
Visible
100
AcDbLine
 10
420.790471
 20
411.346944
 30
0.0
 11
420.715471
 21
411.380944
 31
0.0
  0
LINE
  5
10BE
330
70
100
AcDbEntity
  8
Visible
100
AcDbLine
 10
420.868471
 20
411.315944
 30
0.0
 11
420.790471
 21
411.346944
 31
0.0
  0
LINE
  5
10BF
330
70
100
AcDbEntity
  8
Visible
100
AcDbLine
 10
420.947471
 20
411.288944
 30
0.0
 11
420.868471
 21
411.315944
 31
0.0
  0
LINE
  5
10C0
330
70
100
AcDbEntity
  8
Visible
100
AcDbLine
 10
421.028471
 20
411.265944
 30
0.0
 11
420.947471
 21
411.288944
 31
0.0
  0
LINE
  5
10C1
330
70
100
AcDbEntity
  8
Visible
100
AcDbLine
 10
421.111471
 20
411.245944
 30
0.0
 11
421.028471
 21
411.265944
 31
0.0
  0
LINE
  5
10C2
330
70
100
AcDbEntity
  8
Visible
100
AcDbLine
 10
421.196471
 20
411.229944
 30
0.0
 11
421.111471
 21
411.245944
 31
0.0
  0
LINE
  5
10C3
330
70
100
AcDbEntity
  8
Visible
100
AcDbLine
 10
421.283471
 20
411.216944
 30
0.0
 11
421.196471
 21
411.229944
 31
0.0
  0
LINE
  5
10C4
330
70
100
AcDbEntity
  8
Visible
100
AcDbLine
 10
421.372471
 20
411.207944
 30
0.0
 11
421.283471
 21
411.216944
 31
0.0
  0
LINE
  5
10C5
330
70
100
AcDbEntity
  8
Visible
100
AcDbLine
 10
421.462471
 20
411.202944
 30
0.0
 11
421.372471
 21
411.207944
 31
0.0
  0
LINE
  5
10C6
330
70
100
AcDbEntity
  8
Visible
100
AcDbLine
 10
421.555471
 20
411.200944
 30
0.0
 11
421.462471
 21
411.202944
 31
0.0
  0
LINE
  5
10C7
330
70
100
AcDbEntity
  8
Visible
100
AcDbLine
 10
421.620471
 20
411.201944
 30
0.0
 11
421.555471
 21
411.200944
 31
0.0
  0
LINE
  5
10C8
330
70
100
AcDbEntity
  8
Visible
100
AcDbLine
 10
421.684471
 20
411.203944
 30
0.0
 11
421.620471
 21
411.201944
 31
0.0
  0
LINE
  5
10C9
330
70
100
AcDbEntity
  8
Visible
100
AcDbLine
 10
421.748471
 20
411.208944
 30
0.0
 11
421.684471
 21
411.203944
 31
0.0
  0
LINE
  5
10CA
330
70
100
AcDbEntity
  8
Visible
100
AcDbLine
 10
421.811471
 20
411.213944
 30
0.0
 11
421.748471
 21
411.208944
 31
0.0
  0
LINE
  5
10CB
330
70
100
AcDbEntity
  8
Visible
100
AcDbLine
 10
421.874471
 20
411.221944
 30
0.0
 11
421.811471
 21
411.213944
 31
0.0
  0
LINE
  5
10CC
330
70
100
AcDbEntity
  8
Visible
100
AcDbLine
 10
421.936471
 20
411.230944
 30
0.0
 11
421.874471
 21
411.221944
 31
0.0
  0
LINE
  5
10CD
330
70
100
AcDbEntity
  8
Visible
100
AcDbLine
 10
421.998471
 20
411.241944
 30
0.0
 11
421.936471
 21
411.230944
 31
0.0
  0
LINE
  5
10CE
330
70
100
AcDbEntity
  8
Visible
100
AcDbLine
 10
422.060471
 20
411.254944
 30
0.0
 11
421.998471
 21
411.241944
 31
0.0
  0
LINE
  5
10CF
330
70
100
AcDbEntity
  8
Visible
100
AcDbLine
 10
422.121471
 20
411.268944
 30
0.0
 11
422.060471
 21
411.254944
 31
0.0
  0
LINE
  5
10D0
330
70
100
AcDbEntity
  8
Visible
100
AcDbLine
 10
422.182471
 20
411.284944
 30
0.0
 11
422.121471
 21
411.268944
 31
0.0
  0
LINE
  5
10D1
330
70
100
AcDbEntity
  8
Visible
100
AcDbLine
 10
422.243471
 20
411.301944
 30
0.0
 11
422.182471
 21
411.284944
 31
0.0
  0
LINE
  5
10D2
330
70
100
AcDbEntity
  8
Visible
100
AcDbLine
 10
422.303471
 20
411.320944
 30
0.0
 11
422.243471
 21
411.301944
 31
0.0
  0
LINE
  5
10D3
330
70
100
AcDbEntity
  8
Visible
100
AcDbLine
 10
422.364471
 20
411.339944
 30
0.0
 11
422.303471
 21
411.320944
 31
0.0
  0
LINE
  5
10D4
330
70
100
AcDbEntity
  8
Visible
100
AcDbLine
 10
422.425471
 20
411.359944
 30
0.0
 11
422.364471
 21
411.339944
 31
0.0
  0
LINE
  5
10D5
330
70
100
AcDbEntity
  8
Visible
100
AcDbLine
 10
422.486471
 20
411.380944
 30
0.0
 11
422.425471
 21
411.359944
 31
0.0
  0
LINE
  5
10D6
330
70
100
AcDbEntity
  8
Visible
100
AcDbLine
 10
422.547471
 20
411.402944
 30
0.0
 11
422.486471
 21
411.380944
 31
0.0
  0
LINE
  5
10D7
330
70
100
AcDbEntity
  8
Visible
100
AcDbLine
 10
422.608471
 20
411.425944
 30
0.0
 11
422.547471
 21
411.402944
 31
0.0
  0
LINE
  5
10D8
330
70
100
AcDbEntity
  8
Visible
100
AcDbLine
 10
422.669471
 20
411.449944
 30
0.0
 11
422.608471
 21
411.425944
 31
0.0
  0
LINE
  5
10D9
330
70
100
AcDbEntity
  8
Visible
100
AcDbLine
 10
422.730471
 20
411.474944
 30
0.0
 11
422.669471
 21
411.449944
 31
0.0
  0
LINE
  5
10DA
330
70
100
AcDbEntity
  8
Visible
100
AcDbLine
 10
422.791471
 20
411.500944
 30
0.0
 11
422.730471
 21
411.474944
 31
0.0
  0
LINE
  5
10DB
330
70
100
AcDbEntity
  8
Visible
100
AcDbLine
 10
422.659471
 20
412.172944
 30
0.0
 11
422.791471
 21
411.500944
 31
0.0
  0
LINE
  5
10DC
330
70
100
AcDbEntity
  8
Visible
100
AcDbLine
 10
422.602471
 20
412.151944
 30
0.0
 11
422.659471
 21
412.172944
 31
0.0
  0
LINE
  5
10DD
330
70
100
AcDbEntity
  8
Visible
100
AcDbLine
 10
422.546471
 20
412.131944
 30
0.0
 11
422.602471
 21
412.151944
 31
0.0
  0
LINE
  5
10DE
330
70
100
AcDbEntity
  8
Visible
100
AcDbLine
 10
422.491471
 20
412.112944
 30
0.0
 11
422.546471
 21
412.131944
 31
0.0
  0
LINE
  5
10DF
330
70
100
AcDbEntity
  8
Visible
100
AcDbLine
 10
422.438471
 20
412.094944
 30
0.0
 11
422.491471
 21
412.112944
 31
0.0
  0
LINE
  5
10E0
330
70
100
AcDbEntity
  8
Visible
100
AcDbLine
 10
422.385471
 20
412.078944
 30
0.0
 11
422.438471
 21
412.094944
 31
0.0
  0
LINE
  5
10E1
330
70
100
AcDbEntity
  8
Visible
100
AcDbLine
 10
422.334471
 20
412.062944
 30
0.0
 11
422.385471
 21
412.078944
 31
0.0
  0
LINE
  5
10E2
330
70
100
AcDbEntity
  8
Visible
100
AcDbLine
 10
422.284471
 20
412.047944
 30
0.0
 11
422.334471
 21
412.062944
 31
0.0
  0
LINE
  5
10E3
330
70
100
AcDbEntity
  8
Visible
100
AcDbLine
 10
422.235471
 20
412.034944
 30
0.0
 11
422.284471
 21
412.047944
 31
0.0
  0
LINE
  5
10E4
330
70
100
AcDbEntity
  8
Visible
100
AcDbLine
 10
422.187471
 20
412.021944
 30
0.0
 11
422.235471
 21
412.034944
 31
0.0
  0
LINE
  5
10E5
330
70
100
AcDbEntity
  8
Visible
100
AcDbLine
 10
422.140471
 20
412.010944
 30
0.0
 11
422.187471
 21
412.021944
 31
0.0
  0
LINE
  5
10E6
330
70
100
AcDbEntity
  8
Visible
100
AcDbLine
 10
422.094471
 20
412.000944
 30
0.0
 11
422.140471
 21
412.010944
 31
0.0
  0
LINE
  5
10E7
330
70
100
AcDbEntity
  8
Visible
100
AcDbLine
 10
422.000471
 20
411.982944
 30
0.0
 11
422.094471
 21
412.000944
 31
0.0
  0
LINE
  5
10E8
330
70
100
AcDbEntity
  8
Visible
100
AcDbLine
 10
421.953471
 20
411.975944
 30
0.0
 11
422.000471
 21
411.982944
 31
0.0
  0
LINE
  5
10E9
330
70
100
AcDbEntity
  8
Visible
100
AcDbLine
 10
421.857471
 20
411.965944
 30
0.0
 11
421.953471
 21
411.975944
 31
0.0
  0
LINE
  5
10EA
330
70
100
AcDbEntity
  8
Visible
100
AcDbLine
 10
421.809471
 20
411.961944
 30
0.0
 11
421.857471
 21
411.965944
 31
0.0
  0
LINE
  5
10EB
330
70
100
AcDbEntity
  8
Visible
100
AcDbLine
 10
421.761471
 20
411.958944
 30
0.0
 11
421.809471
 21
411.961944
 31
0.0
  0
LINE
  5
10EC
330
70
100
AcDbEntity
  8
Visible
100
AcDbLine
 10
421.663471
 20
411.956944
 30
0.0
 11
421.761471
 21
411.958944
 31
0.0
  0
LINE
  5
10ED
330
70
100
AcDbEntity
  8
Visible
100
AcDbLine
 10
421.506471
 20
411.965944
 30
0.0
 11
421.663471
 21
411.956944
 31
0.0
  0
LINE
  5
10EE
330
70
100
AcDbEntity
  8
Visible
100
AcDbLine
 10
421.365471
 20
411.992944
 30
0.0
 11
421.506471
 21
411.965944
 31
0.0
  0
LINE
  5
10EF
330
70
100
AcDbEntity
  8
Visible
100
AcDbLine
 10
421.241471
 20
412.036944
 30
0.0
 11
421.365471
 21
411.992944
 31
0.0
  0
LINE
  5
10F0
330
70
100
AcDbEntity
  8
Visible
100
AcDbLine
 10
421.133471
 20
412.098944
 30
0.0
 11
421.241471
 21
412.036944
 31
0.0
  0
LINE
  5
10F1
330
70
100
AcDbEntity
  8
Visible
100
AcDbLine
 10
421.042471
 20
412.178944
 30
0.0
 11
421.133471
 21
412.098944
 31
0.0
  0
LINE
  5
10F2
330
70
100
AcDbEntity
  8
Visible
100
AcDbLine
 10
420.967471
 20
412.276944
 30
0.0
 11
421.042471
 21
412.178944
 31
0.0
  0
LINE
  5
10F3
330
70
100
AcDbEntity
  8
Visible
100
AcDbLine
 10
420.910471
 20
412.391944
 30
0.0
 11
420.967471
 21
412.276944
 31
0.0
  0
LINE
  5
10F4
330
70
100
AcDbEntity
  8
Visible
100
AcDbLine
 10
420.868471
 20
412.524944
 30
0.0
 11
420.910471
 21
412.391944
 31
0.0
  0
LINE
  5
10F5
330
70
100
AcDbEntity
  8
Visible
100
AcDbLine
 10
420.843471
 20
412.675944
 30
0.0
 11
420.868471
 21
412.524944
 31
0.0
  0
LINE
  5
10F6
330
70
100
AcDbEntity
  8
Visible
100
AcDbLine
 10
420.835471
 20
412.844944
 30
0.0
 11
420.843471
 21
412.675944
 31
0.0
  0
LINE
  5
10F7
330
70
100
AcDbEntity
  8
Visible
100
AcDbLine
 10
608.622471
 20
690.612944
 30
0.0
 11
602.622471
 21
690.612944
 31
0.0
  0
LINE
  5
10F8
330
70
100
AcDbEntity
  8
Visible
100
AcDbLine
 10
608.622471
 20
661.612944
 30
0.0
 11
608.622471
 21
690.612944
 31
0.0
  0
LINE
  5
10F9
330
70
100
AcDbEntity
  8
Visible
100
AcDbLine
 10
602.622471
 20
661.612944
 30
0.0
 11
608.622471
 21
661.612944
 31
0.0
  0
LINE
  5
10FA
330
70
100
AcDbEntity
  8
Visible
100
AcDbLine
 10
602.622471
 20
632.612944
 30
0.0
 11
602.622471
 21
661.612944
 31
0.0
  0
LINE
  5
10FB
330
70
100
AcDbEntity
  8
Visible
100
AcDbLine
 10
608.622471
 20
632.612944
 30
0.0
 11
602.622471
 21
632.612944
 31
0.0
  0
LINE
  5
10FC
330
70
100
AcDbEntity
  8
Visible
100
AcDbLine
 10
608.622471
 20
603.612944
 30
0.0
 11
608.622471
 21
632.612944
 31
0.0
  0
LINE
  5
10FD
330
70
100
AcDbEntity
  8
Visible
100
AcDbLine
 10
602.622471
 20
603.612944
 30
0.0
 11
608.622471
 21
603.612944
 31
0.0
  0
LINE
  5
10FE
330
70
100
AcDbEntity
  8
Visible
100
AcDbLine
 10
602.622471
 20
574.612944
 30
0.0
 11
602.622471
 21
603.612944
 31
0.0
  0
LINE
  5
10FF
330
70
100
AcDbEntity
  8
Visible
100
AcDbLine
 10
608.622471
 20
574.612944
 30
0.0
 11
602.622471
 21
574.612944
 31
0.0
  0
LINE
  5
1100
330
70
100
AcDbEntity
  8
Visible
100
AcDbLine
 10
608.622471
 20
545.612944
 30
0.0
 11
608.622471
 21
574.612944
 31
0.0
  0
LINE
  5
1101
330
70
100
AcDbEntity
  8
Visible
100
AcDbLine
 10
602.622471
 20
545.612944
 30
0.0
 11
608.622471
 21
545.612944
 31
0.0
  0
LINE
  5
1102
330
70
100
AcDbEntity
  8
Visible
100
AcDbLine
 10
602.622471
 20
516.612944
 30
0.0
 11
602.622471
 21
545.612944
 31
0.0
  0
LINE
  5
1103
330
70
100
AcDbEntity
  8
Visible
100
AcDbLine
 10
608.622471
 20
516.612944
 30
0.0
 11
602.622471
 21
516.612944
 31
0.0
  0
LINE
  5
1104
330
70
100
AcDbEntity
  8
Visible
100
AcDbLine
 10
608.622471
 20
487.612944
 30
0.0
 11
608.622471
 21
516.612944
 31
0.0
  0
LINE
  5
1105
330
70
100
AcDbEntity
  8
Visible
100
AcDbLine
 10
602.622471
 20
487.612944
 30
0.0
 11
608.622471
 21
487.612944
 31
0.0
  0
LINE
  5
1106
330
70
100
AcDbEntity
  8
Visible
100
AcDbLine
 10
602.622471
 20
458.612944
 30
0.0
 11
602.622471
 21
487.612944
 31
0.0
  0
LINE
  5
1107
330
70
100
AcDbEntity
  8
Visible
100
AcDbLine
 10
608.622471
 20
458.612944
 30
0.0
 11
602.622471
 21
458.612944
 31
0.0
  0
LINE
  5
1108
330
70
100
AcDbEntity
  8
Visible
100
AcDbLine
 10
608.622471
 20
429.612944
 30
0.0
 11
608.622471
 21
458.612944
 31
0.0
  0
LINE
  5
1109
330
70
100
AcDbEntity
  8
Visible
100
AcDbLine
 10
602.622471
 20
429.612944
 30
0.0
 11
608.622471
 21
429.612944
 31
0.0
  0
LINE
  5
110A
330
70
100
AcDbEntity
  8
Visible
100
AcDbLine
 10
602.622471
 20
400.612944
 30
0.0
 11
602.622471
 21
429.612944
 31
0.0
  0
LINE
  5
110B
330
70
100
AcDbEntity
  8
Visible
100
AcDbLine
 10
608.622471
 20
400.612944
 30
0.0
 11
602.622471
 21
400.612944
 31
0.0
  0
LINE
  5
110C
330
70
100
AcDbEntity
  8
Visible
100
AcDbLine
 10
608.622471
 20
371.612944
 30
0.0
 11
608.622471
 21
400.612944
 31
0.0
  0
LINE
  5
110D
330
70
100
AcDbEntity
  8
Visible
100
AcDbLine
 10
602.622471
 20
371.612944
 30
0.0
 11
608.622471
 21
371.612944
 31
0.0
  0
LINE
  5
110E
330
70
100
AcDbEntity
  8
Visible
100
AcDbLine
 10
602.622471
 20
342.612944
 30
0.0
 11
602.622471
 21
371.612944
 31
0.0
  0
LINE
  5
110F
330
70
100
AcDbEntity
  8
Visible
100
AcDbLine
 10
608.622471
 20
342.612944
 30
0.0
 11
602.622471
 21
342.612944
 31
0.0
  0
LINE
  5
1110
330
70
100
AcDbEntity
  8
Visible
100
AcDbLine
 10
608.622471
 20
313.612944
 30
0.0
 11
608.622471
 21
342.612944
 31
0.0
  0
LINE
  5
1111
330
70
100
AcDbEntity
  8
Visible
100
AcDbLine
 10
602.622471
 20
313.612944
 30
0.0
 11
608.622471
 21
313.612944
 31
0.0
  0
LINE
  5
1112
330
70
100
AcDbEntity
  8
Visible
100
AcDbLine
 10
602.622471
 20
284.612944
 30
0.0
 11
602.622471
 21
313.612944
 31
0.0
  0
LINE
  5
1113
330
70
100
AcDbEntity
  8
Visible
100
AcDbLine
 10
608.622471
 20
284.612944
 30
0.0
 11
602.622471
 21
284.612944
 31
0.0
  0
LINE
  5
1114
330
70
100
AcDbEntity
  8
Visible
100
AcDbLine
 10
608.622471
 20
255.612944
 30
0.0
 11
608.622471
 21
284.612944
 31
0.0
  0
LINE
  5
1115
330
70
100
AcDbEntity
  8
Visible
100
AcDbLine
 10
602.622471
 20
255.612944
 30
0.0
 11
608.622471
 21
255.612944
 31
0.0
  0
LINE
  5
1116
330
70
100
AcDbEntity
  8
Visible
100
AcDbLine
 10
602.622471
 20
226.612944
 30
0.0
 11
602.622471
 21
255.612944
 31
0.0
  0
LINE
  5
1117
330
70
100
AcDbEntity
  8
Visible
100
AcDbLine
 10
608.622471
 20
226.612944
 30
0.0
 11
602.622471
 21
226.612944
 31
0.0
  0
LINE
  5
1118
330
70
100
AcDbEntity
  8
Visible
100
AcDbLine
 10
608.622471
 20
197.612944
 30
0.0
 11
608.622471
 21
226.612944
 31
0.0
  0
LINE
  5
1119
330
70
100
AcDbEntity
  8
Visible
100
AcDbLine
 10
602.622471
 20
197.612944
 30
0.0
 11
608.622471
 21
197.612944
 31
0.0
  0
LINE
  5
111A
330
70
100
AcDbEntity
  8
Visible
100
AcDbLine
 10
602.622471
 20
168.612944
 30
0.0
 11
602.622471
 21
197.612944
 31
0.0
  0
LINE
  5
111B
330
70
100
AcDbEntity
  8
Visible
100
AcDbLine
 10
608.622471
 20
168.612944
 30
0.0
 11
602.622471
 21
168.612944
 31
0.0
  0
LINE
  5
111C
330
70
100
AcDbEntity
  8
Visible
100
AcDbLine
 10
608.622471
 20
139.612944
 30
0.0
 11
608.622471
 21
168.612944
 31
0.0
  0
LINE
  5
111D
330
70
100
AcDbEntity
  8
Visible
100
AcDbLine
 10
602.622471
 20
139.612944
 30
0.0
 11
608.622471
 21
139.612944
 31
0.0
  0
LINE
  5
111E
330
70
100
AcDbEntity
  8
Visible
100
AcDbLine
 10
602.622471
 20
115.112944
 30
0.0
 11
602.622471
 21
139.612944
 31
0.0
  0
LINE
  5
111F
330
70
100
AcDbEntity
  8
Visible
100
AcDbLine
 10
568.122471
 20
115.112944
 30
0.0
 11
602.622471
 21
115.112944
 31
0.0
  0
LINE
  5
1120
330
70
100
AcDbEntity
  8
Visible
100
AcDbLine
 10
568.122471
 20
121.112944
 30
0.0
 11
568.122471
 21
115.112944
 31
0.0
  0
LINE
  5
1121
330
70
100
AcDbEntity
  8
Visible
100
AcDbLine
 10
539.122471
 20
121.112944
 30
0.0
 11
568.122471
 21
121.112944
 31
0.0
  0
LINE
  5
1122
330
70
100
AcDbEntity
  8
Visible
100
AcDbLine
 10
539.122471
 20
115.112944
 30
0.0
 11
539.122471
 21
121.112944
 31
0.0
  0
LINE
  5
1123
330
70
100
AcDbEntity
  8
Visible
100
AcDbLine
 10
510.122471
 20
115.112944
 30
0.0
 11
539.122471
 21
115.112944
 31
0.0
  0
LINE
  5
1124
330
70
100
AcDbEntity
  8
Visible
100
AcDbLine
 10
510.122471
 20
121.112944
 30
0.0
 11
510.122471
 21
115.112944
 31
0.0
  0
LINE
  5
1125
330
70
100
AcDbEntity
  8
Visible
100
AcDbLine
 10
481.122471
 20
121.112944
 30
0.0
 11
510.122471
 21
121.112944
 31
0.0
  0
LINE
  5
1126
330
70
100
AcDbEntity
  8
Visible
100
AcDbLine
 10
481.122471
 20
115.112944
 30
0.0
 11
481.122471
 21
121.112944
 31
0.0
  0
LINE
  5
1127
330
70
100
AcDbEntity
  8
Visible
100
AcDbLine
 10
452.122471
 20
115.112944
 30
0.0
 11
481.122471
 21
115.112944
 31
0.0
  0
LINE
  5
1128
330
70
100
AcDbEntity
  8
Visible
100
AcDbLine
 10
452.122471
 20
121.112944
 30
0.0
 11
452.122471
 21
115.112944
 31
0.0
  0
LINE
  5
1129
330
70
100
AcDbEntity
  8
Visible
100
AcDbLine
 10
423.122471
 20
121.112944
 30
0.0
 11
452.122471
 21
121.112944
 31
0.0
  0
LINE
  5
112A
330
70
100
AcDbEntity
  8
Visible
100
AcDbLine
 10
423.122471
 20
115.112944
 30
0.0
 11
423.122471
 21
121.112944
 31
0.0
  0
LINE
  5
112B
330
70
100
AcDbEntity
  8
Visible
100
AcDbLine
 10
394.122471
 20
115.112944
 30
0.0
 11
423.122471
 21
115.112944
 31
0.0
  0
LINE
  5
112C
330
70
100
AcDbEntity
  8
Visible
100
AcDbLine
 10
394.122471
 20
121.112944
 30
0.0
 11
394.122471
 21
115.112944
 31
0.0
  0
LINE
  5
112D
330
70
100
AcDbEntity
  8
Visible
100
AcDbLine
 10
365.122471
 20
121.112944
 30
0.0
 11
394.122471
 21
121.112944
 31
0.0
  0
LINE
  5
112E
330
70
100
AcDbEntity
  8
Visible
100
AcDbLine
 10
365.122471
 20
115.112944
 30
0.0
 11
365.122471
 21
121.112944
 31
0.0
  0
LINE
  5
112F
330
70
100
AcDbEntity
  8
Visible
100
AcDbLine
 10
336.122471
 20
115.112944
 30
0.0
 11
365.122471
 21
115.112944
 31
0.0
  0
LINE
  5
1130
330
70
100
AcDbEntity
  8
Visible
100
AcDbLine
 10
336.122471
 20
121.112944
 30
0.0
 11
336.122471
 21
115.112944
 31
0.0
  0
LINE
  5
1131
330
70
100
AcDbEntity
  8
Visible
100
AcDbLine
 10
307.122471
 20
121.112944
 30
0.0
 11
336.122471
 21
121.112944
 31
0.0
  0
LINE
  5
1132
330
70
100
AcDbEntity
  8
Visible
100
AcDbLine
 10
307.122471
 20
115.112944
 30
0.0
 11
307.122471
 21
121.112944
 31
0.0
  0
LINE
  5
1133
330
70
100
AcDbEntity
  8
Visible
100
AcDbLine
 10
278.122471
 20
115.112944
 30
0.0
 11
307.122471
 21
115.112944
 31
0.0
  0
LINE
  5
1134
330
70
100
AcDbEntity
  8
Visible
100
AcDbLine
 10
278.122471
 20
121.112944
 30
0.0
 11
278.122471
 21
115.112944
 31
0.0
  0
LINE
  5
1135
330
70
100
AcDbEntity
  8
Visible
100
AcDbLine
 10
249.122471
 20
121.112944
 30
0.0
 11
278.122471
 21
121.112944
 31
0.0
  0
LINE
  5
1136
330
70
100
AcDbEntity
  8
Visible
100
AcDbLine
 10
249.122471
 20
115.112944
 30
0.0
 11
249.122471
 21
121.112944
 31
0.0
  0
LINE
  5
1137
330
70
100
AcDbEntity
  8
Visible
100
AcDbLine
 10
214.622471
 20
115.112944
 30
0.0
 11
249.122471
 21
115.112944
 31
0.0
  0
LINE
  5
1138
330
70
100
AcDbEntity
  8
Visible
100
AcDbLine
 10
214.622471
 20
139.612944
 30
0.0
 11
214.622471
 21
115.112944
 31
0.0
  0
LINE
  5
1139
330
70
100
AcDbEntity
  8
Visible
100
AcDbLine
 10
208.622471
 20
139.612944
 30
0.0
 11
214.622471
 21
139.612944
 31
0.0
  0
LINE
  5
113A
330
70
100
AcDbEntity
  8
Visible
100
AcDbLine
 10
208.622471
 20
168.612944
 30
0.0
 11
208.622471
 21
139.612944
 31
0.0
  0
LINE
  5
113B
330
70
100
AcDbEntity
  8
Visible
100
AcDbLine
 10
214.622471
 20
168.612944
 30
0.0
 11
208.622471
 21
168.612944
 31
0.0
  0
LINE
  5
113C
330
70
100
AcDbEntity
  8
Visible
100
AcDbLine
 10
214.622471
 20
197.612944
 30
0.0
 11
214.622471
 21
168.612944
 31
0.0
  0
LINE
  5
113D
330
70
100
AcDbEntity
  8
Visible
100
AcDbLine
 10
208.622471
 20
197.612944
 30
0.0
 11
214.622471
 21
197.612944
 31
0.0
  0
LINE
  5
113E
330
70
100
AcDbEntity
  8
Visible
100
AcDbLine
 10
208.622471
 20
226.612944
 30
0.0
 11
208.622471
 21
197.612944
 31
0.0
  0
LINE
  5
113F
330
70
100
AcDbEntity
  8
Visible
100
AcDbLine
 10
214.622471
 20
226.612944
 30
0.0
 11
208.622471
 21
226.612944
 31
0.0
  0
LINE
  5
1140
330
70
100
AcDbEntity
  8
Visible
100
AcDbLine
 10
214.622471
 20
255.612944
 30
0.0
 11
214.622471
 21
226.612944
 31
0.0
  0
LINE
  5
1141
330
70
100
AcDbEntity
  8
Visible
100
AcDbLine
 10
208.622471
 20
255.612944
 30
0.0
 11
214.622471
 21
255.612944
 31
0.0
  0
LINE
  5
1142
330
70
100
AcDbEntity
  8
Visible
100
AcDbLine
 10
208.622471
 20
284.612944
 30
0.0
 11
208.622471
 21
255.612944
 31
0.0
  0
LINE
  5
1143
330
70
100
AcDbEntity
  8
Visible
100
AcDbLine
 10
214.622471
 20
284.612944
 30
0.0
 11
208.622471
 21
284.612944
 31
0.0
  0
LINE
  5
1144
330
70
100
AcDbEntity
  8
Visible
100
AcDbLine
 10
214.622471
 20
313.612944
 30
0.0
 11
214.622471
 21
284.612944
 31
0.0
  0
LINE
  5
1145
330
70
100
AcDbEntity
  8
Visible
100
AcDbLine
 10
208.622471
 20
313.612944
 30
0.0
 11
214.622471
 21
313.612944
 31
0.0
  0
LINE
  5
1146
330
70
100
AcDbEntity
  8
Visible
100
AcDbLine
 10
208.622471
 20
342.612944
 30
0.0
 11
208.622471
 21
313.612944
 31
0.0
  0
LINE
  5
1147
330
70
100
AcDbEntity
  8
Visible
100
AcDbLine
 10
214.622471
 20
342.612944
 30
0.0
 11
208.622471
 21
342.612944
 31
0.0
  0
LINE
  5
1148
330
70
100
AcDbEntity
  8
Visible
100
AcDbLine
 10
214.622471
 20
371.612944
 30
0.0
 11
214.622471
 21
342.612944
 31
0.0
  0
LINE
  5
1149
330
70
100
AcDbEntity
  8
Visible
100
AcDbLine
 10
208.622471
 20
371.612944
 30
0.0
 11
214.622471
 21
371.612944
 31
0.0
  0
LINE
  5
114A
330
70
100
AcDbEntity
  8
Visible
100
AcDbLine
 10
208.622471
 20
400.612944
 30
0.0
 11
208.622471
 21
371.612944
 31
0.0
  0
LINE
  5
114B
330
70
100
AcDbEntity
  8
Visible
100
AcDbLine
 10
214.622471
 20
400.612944
 30
0.0
 11
208.622471
 21
400.612944
 31
0.0
  0
LINE
  5
114C
330
70
100
AcDbEntity
  8
Visible
100
AcDbLine
 10
214.622471
 20
429.612944
 30
0.0
 11
214.622471
 21
400.612944
 31
0.0
  0
LINE
  5
114D
330
70
100
AcDbEntity
  8
Visible
100
AcDbLine
 10
208.622471
 20
429.612944
 30
0.0
 11
214.622471
 21
429.612944
 31
0.0
  0
LINE
  5
114E
330
70
100
AcDbEntity
  8
Visible
100
AcDbLine
 10
208.622471
 20
458.612944
 30
0.0
 11
208.622471
 21
429.612944
 31
0.0
  0
LINE
  5
114F
330
70
100
AcDbEntity
  8
Visible
100
AcDbLine
 10
214.622471
 20
458.612944
 30
0.0
 11
208.622471
 21
458.612944
 31
0.0
  0
LINE
  5
1150
330
70
100
AcDbEntity
  8
Visible
100
AcDbLine
 10
214.622471
 20
487.612944
 30
0.0
 11
214.622471
 21
458.612944
 31
0.0
  0
LINE
  5
1151
330
70
100
AcDbEntity
  8
Visible
100
AcDbLine
 10
208.622471
 20
487.612944
 30
0.0
 11
214.622471
 21
487.612944
 31
0.0
  0
LINE
  5
1152
330
70
100
AcDbEntity
  8
Visible
100
AcDbLine
 10
208.622471
 20
516.612944
 30
0.0
 11
208.622471
 21
487.612944
 31
0.0
  0
LINE
  5
1153
330
70
100
AcDbEntity
  8
Visible
100
AcDbLine
 10
214.622471
 20
516.612944
 30
0.0
 11
208.622471
 21
516.612944
 31
0.0
  0
LINE
  5
1154
330
70
100
AcDbEntity
  8
Visible
100
AcDbLine
 10
214.622471
 20
545.612944
 30
0.0
 11
214.622471
 21
516.612944
 31
0.0
  0
LINE
  5
1155
330
70
100
AcDbEntity
  8
Visible
100
AcDbLine
 10
208.622471
 20
545.612944
 30
0.0
 11
214.622471
 21
545.612944
 31
0.0
  0
LINE
  5
1156
330
70
100
AcDbEntity
  8
Visible
100
AcDbLine
 10
208.622471
 20
574.612944
 30
0.0
 11
208.622471
 21
545.612944
 31
0.0
  0
LINE
  5
1157
330
70
100
AcDbEntity
  8
Visible
100
AcDbLine
 10
214.622471
 20
574.612944
 30
0.0
 11
208.622471
 21
574.612944
 31
0.0
  0
LINE
  5
1158
330
70
100
AcDbEntity
  8
Visible
100
AcDbLine
 10
214.622471
 20
603.612944
 30
0.0
 11
214.622471
 21
574.612944
 31
0.0
  0
LINE
  5
1159
330
70
100
AcDbEntity
  8
Visible
100
AcDbLine
 10
208.622471
 20
603.612944
 30
0.0
 11
214.622471
 21
603.612944
 31
0.0
  0
LINE
  5
115A
330
70
100
AcDbEntity
  8
Visible
100
AcDbLine
 10
208.622471
 20
632.612944
 30
0.0
 11
208.622471
 21
603.612944
 31
0.0
  0
LINE
  5
115B
330
70
100
AcDbEntity
  8
Visible
100
AcDbLine
 10
214.622471
 20
632.612944
 30
0.0
 11
208.622471
 21
632.612944
 31
0.0
  0
LINE
  5
115C
330
70
100
AcDbEntity
  8
Visible
100
AcDbLine
 10
214.622471
 20
661.612944
 30
0.0
 11
214.622471
 21
632.612944
 31
0.0
  0
LINE
  5
115D
330
70
100
AcDbEntity
  8
Visible
100
AcDbLine
 10
208.622471
 20
661.612944
 30
0.0
 11
214.622471
 21
661.612944
 31
0.0
  0
LINE
  5
115E
330
70
100
AcDbEntity
  8
Visible
100
AcDbLine
 10
208.622471
 20
690.612944
 30
0.0
 11
208.622471
 21
661.612944
 31
0.0
  0
LINE
  5
115F
330
70
100
AcDbEntity
  8
Visible
100
AcDbLine
 10
214.622471
 20
690.612944
 30
0.0
 11
208.622471
 21
690.612944
 31
0.0
  0
LINE
  5
1160
330
70
100
AcDbEntity
  8
Visible
100
AcDbLine
 10
214.622471
 20
715.112944
 30
0.0
 11
214.622471
 21
690.612944
 31
0.0
  0
LINE
  5
1161
330
70
100
AcDbEntity
  8
Visible
100
AcDbLine
 10
249.122471
 20
715.112944
 30
0.0
 11
214.622471
 21
715.112944
 31
0.0
  0
LINE
  5
1162
330
70
100
AcDbEntity
  8
Visible
100
AcDbLine
 10
249.122471
 20
709.112944
 30
0.0
 11
249.122471
 21
715.112944
 31
0.0
  0
LINE
  5
1163
330
70
100
AcDbEntity
  8
Visible
100
AcDbLine
 10
278.122471
 20
709.112944
 30
0.0
 11
249.122471
 21
709.112944
 31
0.0
  0
LINE
  5
1164
330
70
100
AcDbEntity
  8
Visible
100
AcDbLine
 10
278.122471
 20
715.112944
 30
0.0
 11
278.122471
 21
709.112944
 31
0.0
  0
LINE
  5
1165
330
70
100
AcDbEntity
  8
Visible
100
AcDbLine
 10
307.122471
 20
715.112944
 30
0.0
 11
278.122471
 21
715.112944
 31
0.0
  0
LINE
  5
1166
330
70
100
AcDbEntity
  8
Visible
100
AcDbLine
 10
307.122471
 20
709.112944
 30
0.0
 11
307.122471
 21
715.112944
 31
0.0
  0
LINE
  5
1167
330
70
100
AcDbEntity
  8
Visible
100
AcDbLine
 10
336.122471
 20
709.112944
 30
0.0
 11
307.122471
 21
709.112944
 31
0.0
  0
LINE
  5
1168
330
70
100
AcDbEntity
  8
Visible
100
AcDbLine
 10
336.122471
 20
715.112944
 30
0.0
 11
336.122471
 21
709.112944
 31
0.0
  0
LINE
  5
1169
330
70
100
AcDbEntity
  8
Visible
100
AcDbLine
 10
365.122471
 20
715.112944
 30
0.0
 11
336.122471
 21
715.112944
 31
0.0
  0
LINE
  5
116A
330
70
100
AcDbEntity
  8
Visible
100
AcDbLine
 10
365.122471
 20
709.112944
 30
0.0
 11
365.122471
 21
715.112944
 31
0.0
  0
LINE
  5
116B
330
70
100
AcDbEntity
  8
Visible
100
AcDbLine
 10
394.122471
 20
709.112944
 30
0.0
 11
365.122471
 21
709.112944
 31
0.0
  0
LINE
  5
116C
330
70
100
AcDbEntity
  8
Visible
100
AcDbLine
 10
394.122471
 20
715.112944
 30
0.0
 11
394.122471
 21
709.112944
 31
0.0
  0
LINE
  5
116D
330
70
100
AcDbEntity
  8
Visible
100
AcDbLine
 10
423.122471
 20
715.112944
 30
0.0
 11
394.122471
 21
715.112944
 31
0.0
  0
LINE
  5
116E
330
70
100
AcDbEntity
  8
Visible
100
AcDbLine
 10
423.122471
 20
709.112944
 30
0.0
 11
423.122471
 21
715.112944
 31
0.0
  0
LINE
  5
116F
330
70
100
AcDbEntity
  8
Visible
100
AcDbLine
 10
452.122471
 20
709.112944
 30
0.0
 11
423.122471
 21
709.112944
 31
0.0
  0
LINE
  5
1170
330
70
100
AcDbEntity
  8
Visible
100
AcDbLine
 10
452.122471
 20
715.112944
 30
0.0
 11
452.122471
 21
709.112944
 31
0.0
  0
LINE
  5
1171
330
70
100
AcDbEntity
  8
Visible
100
AcDbLine
 10
481.122471
 20
715.112944
 30
0.0
 11
452.122471
 21
715.112944
 31
0.0
  0
LINE
  5
1172
330
70
100
AcDbEntity
  8
Visible
100
AcDbLine
 10
481.122471
 20
709.112944
 30
0.0
 11
481.122471
 21
715.112944
 31
0.0
  0
LINE
  5
1173
330
70
100
AcDbEntity
  8
Visible
100
AcDbLine
 10
510.122471
 20
709.112944
 30
0.0
 11
481.122471
 21
709.112944
 31
0.0
  0
LINE
  5
1174
330
70
100
AcDbEntity
  8
Visible
100
AcDbLine
 10
510.122471
 20
715.112944
 30
0.0
 11
510.122471
 21
709.112944
 31
0.0
  0
LINE
  5
1175
330
70
100
AcDbEntity
  8
Visible
100
AcDbLine
 10
539.122471
 20
715.112944
 30
0.0
 11
510.122471
 21
715.112944
 31
0.0
  0
LINE
  5
1176
330
70
100
AcDbEntity
  8
Visible
100
AcDbLine
 10
539.122471
 20
709.112944
 30
0.0
 11
539.122471
 21
715.112944
 31
0.0
  0
LINE
  5
1177
330
70
100
AcDbEntity
  8
Visible
100
AcDbLine
 10
568.122471
 20
709.112944
 30
0.0
 11
539.122471
 21
709.112944
 31
0.0
  0
LINE
  5
1178
330
70
100
AcDbEntity
  8
Visible
100
AcDbLine
 10
568.122471
 20
715.112944
 30
0.0
 11
568.122471
 21
709.112944
 31
0.0
  0
LINE
  5
1179
330
70
100
AcDbEntity
  8
Visible
100
AcDbLine
 10
602.622471
 20
715.112944
 30
0.0
 11
568.122471
 21
715.112944
 31
0.0
  0
LINE
  5
117A
330
70
100
AcDbEntity
  8
Visible
100
AcDbLine
 10
602.622471
 20
690.612944
 30
0.0
 11
602.622471
 21
715.112944
 31
0.0
  0
LINE
  5
117B
330
70
100
AcDbEntity
  8
Visible
100
AcDbLine
 10
398.390448
 20
1017.109615
 30
0.0
 11
400.543471
 21
1013.978944
 31
0.0
  0
LINE
  5
117C
330
70
100
AcDbEntity
  8
Visible
100
AcDbLine
 10
398.453471
 20
1017.117944
 30
0.0
 11
398.390448
 21
1017.109615
 31
0.0
  0
LINE
  5
117D
330
70
100
AcDbEntity
  8
Visible
100
AcDbLine
 10
398.667471
 20
1017.160944
 30
0.0
 11
398.453471
 21
1017.117944
 31
0.0
  0
LINE
  5
117E
330
70
100
AcDbEntity
  8
Visible
100
AcDbLine
 10
398.868471
 20
1017.216944
 30
0.0
 11
398.667471
 21
1017.160944
 31
0.0
  0
LINE
  5
117F
330
70
100
AcDbEntity
  8
Visible
100
AcDbLine
 10
399.057471
 20
1017.283944
 30
0.0
 11
398.868471
 21
1017.216944
 31
0.0
  0
LINE
  5
1180
330
70
100
AcDbEntity
  8
Visible
100
AcDbLine
 10
399.234471
 20
1017.363944
 30
0.0
 11
399.057471
 21
1017.283944
 31
0.0
  0
LINE
  5
1181
330
70
100
AcDbEntity
  8
Visible
100
AcDbLine
 10
399.398471
 20
1017.456944
 30
0.0
 11
399.234471
 21
1017.363944
 31
0.0
  0
LINE
  5
1182
330
70
100
AcDbEntity
  8
Visible
100
AcDbLine
 10
399.549471
 20
1017.560944
 30
0.0
 11
399.398471
 21
1017.456944
 31
0.0
  0
LINE
  5
1183
330
70
100
AcDbEntity
  8
Visible
100
AcDbLine
 10
399.688471
 20
1017.677944
 30
0.0
 11
399.549471
 21
1017.560944
 31
0.0
  0
LINE
  5
1184
330
70
100
AcDbEntity
  8
Visible
100
AcDbLine
 10
399.814471
 20
1017.804944
 30
0.0
 11
399.688471
 21
1017.677944
 31
0.0
  0
LINE
  5
1185
330
70
100
AcDbEntity
  8
Visible
100
AcDbLine
 10
399.927471
 20
1017.938944
 30
0.0
 11
399.814471
 21
1017.804944
 31
0.0
  0
LINE
  5
1186
330
70
100
AcDbEntity
  8
Visible
100
AcDbLine
 10
400.026471
 20
1018.080944
 30
0.0
 11
399.927471
 21
1017.938944
 31
0.0
  0
LINE
  5
1187
330
70
100
AcDbEntity
  8
Visible
100
AcDbLine
 10
400.112471
 20
1018.229944
 30
0.0
 11
400.026471
 21
1018.080944
 31
0.0
  0
LINE
  5
1188
330
70
100
AcDbEntity
  8
Visible
100
AcDbLine
 10
400.185471
 20
1018.386944
 30
0.0
 11
400.112471
 21
1018.229944
 31
0.0
  0
LINE
  5
1189
330
70
100
AcDbEntity
  8
Visible
100
AcDbLine
 10
400.245471
 20
1018.550944
 30
0.0
 11
400.185471
 21
1018.386944
 31
0.0
  0
LINE
  5
118A
330
70
100
AcDbEntity
  8
Visible
100
AcDbLine
 10
400.291471
 20
1018.722944
 30
0.0
 11
400.245471
 21
1018.550944
 31
0.0
  0
LINE
  5
118B
330
70
100
AcDbEntity
  8
Visible
100
AcDbLine
 10
400.324471
 20
1018.901944
 30
0.0
 11
400.291471
 21
1018.722944
 31
0.0
  0
LINE
  5
118C
330
70
100
AcDbEntity
  8
Visible
100
AcDbLine
 10
400.344471
 20
1019.088944
 30
0.0
 11
400.324471
 21
1018.901944
 31
0.0
  0
LINE
  5
118D
330
70
100
AcDbEntity
  8
Visible
100
AcDbLine
 10
400.351471
 20
1019.282944
 30
0.0
 11
400.344471
 21
1019.088944
 31
0.0
  0
LINE
  5
118E
330
70
100
AcDbEntity
  8
Visible
100
AcDbLine
 10
400.344471
 20
1019.479944
 30
0.0
 11
400.351471
 21
1019.282944
 31
0.0
  0
LINE
  5
118F
330
70
100
AcDbEntity
  8
Visible
100
AcDbLine
 10
400.324471
 20
1019.667944
 30
0.0
 11
400.344471
 21
1019.479944
 31
0.0
  0
LINE
  5
1190
330
70
100
AcDbEntity
  8
Visible
100
AcDbLine
 10
400.291471
 20
1019.848944
 30
0.0
 11
400.324471
 21
1019.667944
 31
0.0
  0
LINE
  5
1191
330
70
100
AcDbEntity
  8
Visible
100
AcDbLine
 10
400.245471
 20
1020.022944
 30
0.0
 11
400.291471
 21
1019.848944
 31
0.0
  0
LINE
  5
1192
330
70
100
AcDbEntity
  8
Visible
100
AcDbLine
 10
400.185471
 20
1020.187944
 30
0.0
 11
400.245471
 21
1020.022944
 31
0.0
  0
LINE
  5
1193
330
70
100
AcDbEntity
  8
Visible
100
AcDbLine
 10
400.112471
 20
1020.345944
 30
0.0
 11
400.185471
 21
1020.187944
 31
0.0
  0
LINE
  5
1194
330
70
100
AcDbEntity
  8
Visible
100
AcDbLine
 10
400.026471
 20
1020.495944
 30
0.0
 11
400.112471
 21
1020.345944
 31
0.0
  0
LINE
  5
1195
330
70
100
AcDbEntity
  8
Visible
100
AcDbLine
 10
399.927471
 20
1020.638944
 30
0.0
 11
400.026471
 21
1020.495944
 31
0.0
  0
LINE
  5
1196
330
70
100
AcDbEntity
  8
Visible
100
AcDbLine
 10
399.814471
 20
1020.772944
 30
0.0
 11
399.927471
 21
1020.638944
 31
0.0
  0
LINE
  5
1197
330
70
100
AcDbEntity
  8
Visible
100
AcDbLine
 10
399.688471
 20
1020.899944
 30
0.0
 11
399.814471
 21
1020.772944
 31
0.0
  0
LINE
  5
1198
330
70
100
AcDbEntity
  8
Visible
100
AcDbLine
 10
399.549471
 20
1021.016944
 30
0.0
 11
399.688471
 21
1020.899944
 31
0.0
  0
LINE
  5
1199
330
70
100
AcDbEntity
  8
Visible
100
AcDbLine
 10
399.398471
 20
1021.120944
 30
0.0
 11
399.549471
 21
1021.016944
 31
0.0
  0
LINE
  5
119A
330
70
100
AcDbEntity
  8
Visible
100
AcDbLine
 10
399.234471
 20
1021.213944
 30
0.0
 11
399.398471
 21
1021.120944
 31
0.0
  0
LINE
  5
119B
330
70
100
AcDbEntity
  8
Visible
100
AcDbLine
 10
399.057471
 20
1021.293944
 30
0.0
 11
399.234471
 21
1021.213944
 31
0.0
  0
LINE
  5
119C
330
70
100
AcDbEntity
  8
Visible
100
AcDbLine
 10
398.868471
 20
1021.360944
 30
0.0
 11
399.057471
 21
1021.293944
 31
0.0
  0
LINE
  5
119D
330
70
100
AcDbEntity
  8
Visible
100
AcDbLine
 10
398.667471
 20
1021.416944
 30
0.0
 11
398.868471
 21
1021.360944
 31
0.0
  0
LINE
  5
119E
330
70
100
AcDbEntity
  8
Visible
100
AcDbLine
 10
398.453471
 20
1021.459944
 30
0.0
 11
398.667471
 21
1021.416944
 31
0.0
  0
LINE
  5
119F
330
70
100
AcDbEntity
  8
Visible
100
AcDbLine
 10
398.226471
 20
1021.489944
 30
0.0
 11
398.453471
 21
1021.459944
 31
0.0
  0
LINE
  5
11A0
330
70
100
AcDbEntity
  8
Visible
100
AcDbLine
 10
397.987471
 20
1021.508944
 30
0.0
 11
398.226471
 21
1021.489944
 31
0.0
  0
LINE
  5
11A1
330
70
100
AcDbEntity
  8
Visible
100
AcDbLine
 10
397.735471
 20
1021.514944
 30
0.0
 11
397.987471
 21
1021.508944
 31
0.0
  0
LINE
  5
11A2
330
70
100
AcDbEntity
  8
Visible
100
AcDbLine
 10
395.107471
 20
1021.514944
 30
0.0
 11
397.735471
 21
1021.514944
 31
0.0
  0
LINE
  5
11A3
330
70
100
AcDbEntity
  8
Visible
100
AcDbLine
 10
395.107471
 20
1013.978944
 30
0.0
 11
395.107471
 21
1021.514944
 31
0.0
  0
LINE
  5
11A4
330
70
100
AcDbEntity
  8
Visible
100
AcDbLine
 10
396.043471
 20
1013.978944
 30
0.0
 11
395.107471
 21
1013.978944
 31
0.0
  0
LINE
  5
11A5
330
70
100
AcDbEntity
  8
Visible
100
AcDbLine
 10
396.043471
 20
1017.062944
 30
0.0
 11
396.043471
 21
1013.978944
 31
0.0
  0
LINE
  5
11A6
330
70
100
AcDbEntity
  8
Visible
100
AcDbLine
 10
397.383681
 20
1017.062944
 30
0.0
 11
396.043471
 21
1017.062944
 31
0.0
  0
LINE
  5
11A7
330
70
100
AcDbEntity
  8
Visible
100
AcDbLine
 10
399.331471
 20
1013.978944
 30
0.0
 11
397.383681
 21
1017.062944
 31
0.0
  0
LINE
  5
11A8
330
70
100
AcDbEntity
  8
Visible
100
AcDbLine
 10
400.543471
 20
1013.978944
 30
0.0
 11
399.331471
 21
1013.978944
 31
0.0
  0
LINE
  5
11A9
330
70
100
AcDbEntity
  8
Visible
100
AcDbLine
 10
403.095471
 20
1021.077944
 30
0.0
 11
403.041471
 21
1021.072944
 31
0.0
  0
LINE
  5
11AA
330
70
100
AcDbEntity
  8
Visible
100
AcDbLine
 10
403.147471
 20
1021.085944
 30
0.0
 11
403.095471
 21
1021.077944
 31
0.0
  0
LINE
  5
11AB
330
70
100
AcDbEntity
  8
Visible
100
AcDbLine
 10
403.196471
 20
1021.096944
 30
0.0
 11
403.147471
 21
1021.085944
 31
0.0
  0
LINE
  5
11AC
330
70
100
AcDbEntity
  8
Visible
100
AcDbLine
 10
403.243471
 20
1021.111944
 30
0.0
 11
403.196471
 21
1021.096944
 31
0.0
  0
LINE
  5
11AD
330
70
100
AcDbEntity
  8
Visible
100
AcDbLine
 10
403.287471
 20
1021.129944
 30
0.0
 11
403.243471
 21
1021.111944
 31
0.0
  0
LINE
  5
11AE
330
70
100
AcDbEntity
  8
Visible
100
AcDbLine
 10
403.329471
 20
1021.151944
 30
0.0
 11
403.287471
 21
1021.129944
 31
0.0
  0
LINE
  5
11AF
330
70
100
AcDbEntity
  8
Visible
100
AcDbLine
 10
403.369471
 20
1021.176944
 30
0.0
 11
403.329471
 21
1021.151944
 31
0.0
  0
LINE
  5
11B0
330
70
100
AcDbEntity
  8
Visible
100
AcDbLine
 10
403.406471
 20
1021.204944
 30
0.0
 11
403.369471
 21
1021.176944
 31
0.0
  0
LINE
  5
11B1
330
70
100
AcDbEntity
  8
Visible
100
AcDbLine
 10
403.441471
 20
1021.235944
 30
0.0
 11
403.406471
 21
1021.204944
 31
0.0
  0
LINE
  5
11B2
330
70
100
AcDbEntity
  8
Visible
100
AcDbLine
 10
403.473471
 20
1021.269944
 30
0.0
 11
403.441471
 21
1021.235944
 31
0.0
  0
LINE
  5
11B3
330
70
100
AcDbEntity
  8
Visible
100
AcDbLine
 10
403.501471
 20
1021.305944
 30
0.0
 11
403.473471
 21
1021.269944
 31
0.0
  0
LINE
  5
11B4
330
70
100
AcDbEntity
  8
Visible
100
AcDbLine
 10
403.527471
 20
1021.343944
 30
0.0
 11
403.501471
 21
1021.305944
 31
0.0
  0
LINE
  5
11B5
330
70
100
AcDbEntity
  8
Visible
100
AcDbLine
 10
403.549471
 20
1021.384944
 30
0.0
 11
403.527471
 21
1021.343944
 31
0.0
  0
LINE
  5
11B6
330
70
100
AcDbEntity
  8
Visible
100
AcDbLine
 10
403.567471
 20
1021.426944
 30
0.0
 11
403.549471
 21
1021.384944
 31
0.0
  0
LINE
  5
11B7
330
70
100
AcDbEntity
  8
Visible
100
AcDbLine
 10
403.582471
 20
1021.471944
 30
0.0
 11
403.567471
 21
1021.426944
 31
0.0
  0
LINE
  5
11B8
330
70
100
AcDbEntity
  8
Visible
100
AcDbLine
 10
403.594471
 20
1021.517944
 30
0.0
 11
403.582471
 21
1021.471944
 31
0.0
  0
LINE
  5
11B9
330
70
100
AcDbEntity
  8
Visible
100
AcDbLine
 10
403.602471
 20
1021.566944
 30
0.0
 11
403.594471
 21
1021.517944
 31
0.0
  0
LINE
  5
11BA
330
70
100
AcDbEntity
  8
Visible
100
AcDbLine
 10
403.607471
 20
1021.617944
 30
0.0
 11
403.602471
 21
1021.566944
 31
0.0
  0
LINE
  5
11BB
330
70
100
AcDbEntity
  8
Visible
100
AcDbLine
 10
403.609471
 20
1021.670944
 30
0.0
 11
403.607471
 21
1021.617944
 31
0.0
  0
LINE
  5
11BC
330
70
100
AcDbEntity
  8
Visible
100
AcDbLine
 10
403.607471
 20
1021.722944
 30
0.0
 11
403.609471
 21
1021.670944
 31
0.0
  0
LINE
  5
11BD
330
70
100
AcDbEntity
  8
Visible
100
AcDbLine
 10
403.602471
 20
1021.771944
 30
0.0
 11
403.607471
 21
1021.722944
 31
0.0
  0
LINE
  5
11BE
330
70
100
AcDbEntity
  8
Visible
100
AcDbLine
 10
403.594471
 20
1021.819944
 30
0.0
 11
403.602471
 21
1021.771944
 31
0.0
  0
LINE
  5
11BF
330
70
100
AcDbEntity
  8
Visible
100
AcDbLine
 10
403.582471
 20
1021.864944
 30
0.0
 11
403.594471
 21
1021.819944
 31
0.0
  0
LINE
  5
11C0
330
70
100
AcDbEntity
  8
Visible
100
AcDbLine
 10
403.567471
 20
1021.907944
 30
0.0
 11
403.582471
 21
1021.864944
 31
0.0
  0
LINE
  5
11C1
330
70
100
AcDbEntity
  8
Visible
100
AcDbLine
 10
403.549471
 20
1021.948944
 30
0.0
 11
403.567471
 21
1021.907944
 31
0.0
  0
LINE
  5
11C2
330
70
100
AcDbEntity
  8
Visible
100
AcDbLine
 10
403.527471
 20
1021.987944
 30
0.0
 11
403.549471
 21
1021.948944
 31
0.0
  0
LINE
  5
11C3
330
70
100
AcDbEntity
  8
Visible
100
AcDbLine
 10
403.501471
 20
1022.023944
 30
0.0
 11
403.527471
 21
1021.987944
 31
0.0
  0
LINE
  5
11C4
330
70
100
AcDbEntity
  8
Visible
100
AcDbLine
 10
403.473471
 20
1022.058944
 30
0.0
 11
403.501471
 21
1022.023944
 31
0.0
  0
LINE
  5
11C5
330
70
100
AcDbEntity
  8
Visible
100
AcDbLine
 10
403.441471
 20
1022.090944
 30
0.0
 11
403.473471
 21
1022.058944
 31
0.0
  0
LINE
  5
11C6
330
70
100
AcDbEntity
  8
Visible
100
AcDbLine
 10
403.406471
 20
1022.120944
 30
0.0
 11
403.441471
 21
1022.090944
 31
0.0
  0
LINE
  5
11C7
330
70
100
AcDbEntity
  8
Visible
100
AcDbLine
 10
403.369471
 20
1022.146944
 30
0.0
 11
403.406471
 21
1022.120944
 31
0.0
  0
LINE
  5
11C8
330
70
100
AcDbEntity
  8
Visible
100
AcDbLine
 10
403.329471
 20
1022.170944
 30
0.0
 11
403.369471
 21
1022.146944
 31
0.0
  0
LINE
  5
11C9
330
70
100
AcDbEntity
  8
Visible
100
AcDbLine
 10
403.287471
 20
1022.190944
 30
0.0
 11
403.329471
 21
1022.170944
 31
0.0
  0
LINE
  5
11CA
330
70
100
AcDbEntity
  8
Visible
100
AcDbLine
 10
403.243471
 20
1022.207944
 30
0.0
 11
403.287471
 21
1022.190944
 31
0.0
  0
LINE
  5
11CB
330
70
100
AcDbEntity
  8
Visible
100
AcDbLine
 10
403.196471
 20
1022.221944
 30
0.0
 11
403.243471
 21
1022.207944
 31
0.0
  0
LINE
  5
11CC
330
70
100
AcDbEntity
  8
Visible
100
AcDbLine
 10
403.147471
 20
1022.232944
 30
0.0
 11
403.196471
 21
1022.221944
 31
0.0
  0
LINE
  5
11CD
330
70
100
AcDbEntity
  8
Visible
100
AcDbLine
 10
403.095471
 20
1022.240944
 30
0.0
 11
403.147471
 21
1022.232944
 31
0.0
  0
LINE
  5
11CE
330
70
100
AcDbEntity
  8
Visible
100
AcDbLine
 10
403.041471
 20
1022.244944
 30
0.0
 11
403.095471
 21
1022.240944
 31
0.0
  0
LINE
  5
11CF
330
70
100
AcDbEntity
  8
Visible
100
AcDbLine
 10
402.985471
 20
1022.246944
 30
0.0
 11
403.041471
 21
1022.244944
 31
0.0
  0
LINE
  5
11D0
330
70
100
AcDbEntity
  8
Visible
100
AcDbLine
 10
402.929471
 20
1022.244944
 30
0.0
 11
402.985471
 21
1022.246944
 31
0.0
  0
LINE
  5
11D1
330
70
100
AcDbEntity
  8
Visible
100
AcDbLine
 10
402.875471
 20
1022.240944
 30
0.0
 11
402.929471
 21
1022.244944
 31
0.0
  0
LINE
  5
11D2
330
70
100
AcDbEntity
  8
Visible
100
AcDbLine
 10
402.823471
 20
1022.232944
 30
0.0
 11
402.875471
 21
1022.240944
 31
0.0
  0
LINE
  5
11D3
330
70
100
AcDbEntity
  8
Visible
100
AcDbLine
 10
402.774471
 20
1022.221944
 30
0.0
 11
402.823471
 21
1022.232944
 31
0.0
  0
LINE
  5
11D4
330
70
100
AcDbEntity
  8
Visible
100
AcDbLine
 10
402.727471
 20
1022.207944
 30
0.0
 11
402.774471
 21
1022.221944
 31
0.0
  0
LINE
  5
11D5
330
70
100
AcDbEntity
  8
Visible
100
AcDbLine
 10
402.683471
 20
1022.190944
 30
0.0
 11
402.727471
 21
1022.207944
 31
0.0
  0
LINE
  5
11D6
330
70
100
AcDbEntity
  8
Visible
100
AcDbLine
 10
402.641471
 20
1022.170944
 30
0.0
 11
402.683471
 21
1022.190944
 31
0.0
  0
LINE
  5
11D7
330
70
100
AcDbEntity
  8
Visible
100
AcDbLine
 10
402.601471
 20
1022.146944
 30
0.0
 11
402.641471
 21
1022.170944
 31
0.0
  0
LINE
  5
11D8
330
70
100
AcDbEntity
  8
Visible
100
AcDbLine
 10
402.564471
 20
1022.120944
 30
0.0
 11
402.601471
 21
1022.146944
 31
0.0
  0
LINE
  5
11D9
330
70
100
AcDbEntity
  8
Visible
100
AcDbLine
 10
402.529471
 20
1022.090944
 30
0.0
 11
402.564471
 21
1022.120944
 31
0.0
  0
LINE
  5
11DA
330
70
100
AcDbEntity
  8
Visible
100
AcDbLine
 10
402.497471
 20
1022.058944
 30
0.0
 11
402.529471
 21
1022.090944
 31
0.0
  0
LINE
  5
11DB
330
70
100
AcDbEntity
  8
Visible
100
AcDbLine
 10
402.469471
 20
1022.023944
 30
0.0
 11
402.497471
 21
1022.058944
 31
0.0
  0
LINE
  5
11DC
330
70
100
AcDbEntity
  8
Visible
100
AcDbLine
 10
402.443471
 20
1021.987944
 30
0.0
 11
402.469471
 21
1022.023944
 31
0.0
  0
LINE
  5
11DD
330
70
100
AcDbEntity
  8
Visible
100
AcDbLine
 10
402.421471
 20
1021.948944
 30
0.0
 11
402.443471
 21
1021.987944
 31
0.0
  0
LINE
  5
11DE
330
70
100
AcDbEntity
  8
Visible
100
AcDbLine
 10
402.403471
 20
1021.907944
 30
0.0
 11
402.421471
 21
1021.948944
 31
0.0
  0
LINE
  5
11DF
330
70
100
AcDbEntity
  8
Visible
100
AcDbLine
 10
402.388471
 20
1021.864944
 30
0.0
 11
402.403471
 21
1021.907944
 31
0.0
  0
LINE
  5
11E0
330
70
100
AcDbEntity
  8
Visible
100
AcDbLine
 10
402.376471
 20
1021.819944
 30
0.0
 11
402.388471
 21
1021.864944
 31
0.0
  0
LINE
  5
11E1
330
70
100
AcDbEntity
  8
Visible
100
AcDbLine
 10
402.368471
 20
1021.771944
 30
0.0
 11
402.376471
 21
1021.819944
 31
0.0
  0
LINE
  5
11E2
330
70
100
AcDbEntity
  8
Visible
100
AcDbLine
 10
402.363471
 20
1021.722944
 30
0.0
 11
402.368471
 21
1021.771944
 31
0.0
  0
LINE
  5
11E3
330
70
100
AcDbEntity
  8
Visible
100
AcDbLine
 10
402.361471
 20
1021.670944
 30
0.0
 11
402.363471
 21
1021.722944
 31
0.0
  0
LINE
  5
11E4
330
70
100
AcDbEntity
  8
Visible
100
AcDbLine
 10
402.363471
 20
1021.617944
 30
0.0
 11
402.361471
 21
1021.670944
 31
0.0
  0
LINE
  5
11E5
330
70
100
AcDbEntity
  8
Visible
100
AcDbLine
 10
402.368471
 20
1021.566944
 30
0.0
 11
402.363471
 21
1021.617944
 31
0.0
  0
LINE
  5
11E6
330
70
100
AcDbEntity
  8
Visible
100
AcDbLine
 10
402.376471
 20
1021.517944
 30
0.0
 11
402.368471
 21
1021.566944
 31
0.0
  0
LINE
  5
11E7
330
70
100
AcDbEntity
  8
Visible
100
AcDbLine
 10
402.388471
 20
1021.471944
 30
0.0
 11
402.376471
 21
1021.517944
 31
0.0
  0
LINE
  5
11E8
330
70
100
AcDbEntity
  8
Visible
100
AcDbLine
 10
402.403471
 20
1021.426944
 30
0.0
 11
402.388471
 21
1021.471944
 31
0.0
  0
LINE
  5
11E9
330
70
100
AcDbEntity
  8
Visible
100
AcDbLine
 10
402.421471
 20
1021.384944
 30
0.0
 11
402.403471
 21
1021.426944
 31
0.0
  0
LINE
  5
11EA
330
70
100
AcDbEntity
  8
Visible
100
AcDbLine
 10
402.443471
 20
1021.343944
 30
0.0
 11
402.421471
 21
1021.384944
 31
0.0
  0
LINE
  5
11EB
330
70
100
AcDbEntity
  8
Visible
100
AcDbLine
 10
402.469471
 20
1021.305944
 30
0.0
 11
402.443471
 21
1021.343944
 31
0.0
  0
LINE
  5
11EC
330
70
100
AcDbEntity
  8
Visible
100
AcDbLine
 10
402.497471
 20
1021.269944
 30
0.0
 11
402.469471
 21
1021.305944
 31
0.0
  0
LINE
  5
11ED
330
70
100
AcDbEntity
  8
Visible
100
AcDbLine
 10
402.529471
 20
1021.235944
 30
0.0
 11
402.497471
 21
1021.269944
 31
0.0
  0
LINE
  5
11EE
330
70
100
AcDbEntity
  8
Visible
100
AcDbLine
 10
402.564471
 20
1021.204944
 30
0.0
 11
402.529471
 21
1021.235944
 31
0.0
  0
LINE
  5
11EF
330
70
100
AcDbEntity
  8
Visible
100
AcDbLine
 10
402.601471
 20
1021.176944
 30
0.0
 11
402.564471
 21
1021.204944
 31
0.0
  0
LINE
  5
11F0
330
70
100
AcDbEntity
  8
Visible
100
AcDbLine
 10
402.641471
 20
1021.151944
 30
0.0
 11
402.601471
 21
1021.176944
 31
0.0
  0
LINE
  5
11F1
330
70
100
AcDbEntity
  8
Visible
100
AcDbLine
 10
402.683471
 20
1021.129944
 30
0.0
 11
402.641471
 21
1021.151944
 31
0.0
  0
LINE
  5
11F2
330
70
100
AcDbEntity
  8
Visible
100
AcDbLine
 10
402.727471
 20
1021.111944
 30
0.0
 11
402.683471
 21
1021.129944
 31
0.0
  0
LINE
  5
11F3
330
70
100
AcDbEntity
  8
Visible
100
AcDbLine
 10
402.774471
 20
1021.096944
 30
0.0
 11
402.727471
 21
1021.111944
 31
0.0
  0
LINE
  5
11F4
330
70
100
AcDbEntity
  8
Visible
100
AcDbLine
 10
402.823471
 20
1021.085944
 30
0.0
 11
402.774471
 21
1021.096944
 31
0.0
  0
LINE
  5
11F5
330
70
100
AcDbEntity
  8
Visible
100
AcDbLine
 10
402.875471
 20
1021.077944
 30
0.0
 11
402.823471
 21
1021.085944
 31
0.0
  0
LINE
  5
11F6
330
70
100
AcDbEntity
  8
Visible
100
AcDbLine
 10
402.929471
 20
1021.072944
 30
0.0
 11
402.875471
 21
1021.077944
 31
0.0
  0
LINE
  5
11F7
330
70
100
AcDbEntity
  8
Visible
100
AcDbLine
 10
402.985471
 20
1021.070944
 30
0.0
 11
402.929471
 21
1021.072944
 31
0.0
  0
LINE
  5
11F8
330
70
100
AcDbEntity
  8
Visible
100
AcDbLine
 10
403.041471
 20
1021.072944
 30
0.0
 11
402.985471
 21
1021.070944
 31
0.0
  0
LINE
  5
11F9
330
70
100
AcDbEntity
  8
Visible
100
AcDbLine
 10
402.517471
 20
1019.726944
 30
0.0
 11
403.453471
 21
1019.726944
 31
0.0
  0
LINE
  5
11FA
330
70
100
AcDbEntity
  8
Visible
100
AcDbLine
 10
402.517471
 20
1013.978944
 30
0.0
 11
402.517471
 21
1019.726944
 31
0.0
  0
LINE
  5
11FB
330
70
100
AcDbEntity
  8
Visible
100
AcDbLine
 10
403.453471
 20
1013.978944
 30
0.0
 11
402.517471
 21
1013.978944
 31
0.0
  0
LINE
  5
11FC
330
70
100
AcDbEntity
  8
Visible
100
AcDbLine
 10
403.453471
 20
1019.726944
 30
0.0
 11
403.453471
 21
1013.978944
 31
0.0
  0
LINE
  5
11FD
330
70
100
AcDbEntity
  8
Visible
100
AcDbLine
 10
406.218471
 20
1014.142944
 30
0.0
 11
406.275351
 21
1014.157054
 31
0.0
  0
LINE
  5
11FE
330
70
100
AcDbEntity
  8
Visible
100
AcDbLine
 10
406.095471
 20
1014.104944
 30
0.0
 11
406.218471
 21
1014.142944
 31
0.0
  0
LINE
  5
11FF
330
70
100
AcDbEntity
  8
Visible
100
AcDbLine
 10
405.977471
 20
1014.058944
 30
0.0
 11
406.095471
 21
1014.104944
 31
0.0
  0
LINE
  5
1200
330
70
100
AcDbEntity
  8
Visible
100
AcDbLine
 10
405.865471
 20
1014.005944
 30
0.0
 11
405.977471
 21
1014.058944
 31
0.0
  0
LINE
  5
1201
330
70
100
AcDbEntity
  8
Visible
100
AcDbLine
 10
405.759471
 20
1013.946944
 30
0.0
 11
405.865471
 21
1014.005944
 31
0.0
  0
LINE
  5
1202
330
70
100
AcDbEntity
  8
Visible
100
AcDbLine
 10
405.658471
 20
1013.879944
 30
0.0
 11
405.759471
 21
1013.946944
 31
0.0
  0
LINE
  5
1203
330
70
100
AcDbEntity
  8
Visible
100
AcDbLine
 10
405.565471
 20
1013.806944
 30
0.0
 11
405.658471
 21
1013.879944
 31
0.0
  0
LINE
  5
1204
330
70
100
AcDbEntity
  8
Visible
100
AcDbLine
 10
405.482471
 20
1013.726944
 30
0.0
 11
405.565471
 21
1013.806944
 31
0.0
  0
LINE
  5
1205
330
70
100
AcDbEntity
  8
Visible
100
AcDbLine
 10
405.409471
 20
1013.640944
 30
0.0
 11
405.482471
 21
1013.726944
 31
0.0
  0
LINE
  5
1206
330
70
100
AcDbEntity
  8
Visible
100
AcDbLine
 10
405.345471
 20
1013.548944
 30
0.0
 11
405.409471
 21
1013.640944
 31
0.0
  0
LINE
  5
1207
330
70
100
AcDbEntity
  8
Visible
100
AcDbLine
 10
405.291471
 20
1013.449944
 30
0.0
 11
405.345471
 21
1013.548944
 31
0.0
  0
LINE
  5
1208
330
70
100
AcDbEntity
  8
Visible
100
AcDbLine
 10
405.247471
 20
1013.344944
 30
0.0
 11
405.291471
 21
1013.449944
 31
0.0
  0
LINE
  5
1209
330
70
100
AcDbEntity
  8
Visible
100
AcDbLine
 10
405.213471
 20
1013.233944
 30
0.0
 11
405.247471
 21
1013.344944
 31
0.0
  0
LINE
  5
120A
330
70
100
AcDbEntity
  8
Visible
100
AcDbLine
 10
405.189471
 20
1013.116944
 30
0.0
 11
405.213471
 21
1013.233944
 31
0.0
  0
LINE
  5
120B
330
70
100
AcDbEntity
  8
Visible
100
AcDbLine
 10
405.174471
 20
1012.992944
 30
0.0
 11
405.189471
 21
1013.116944
 31
0.0
  0
LINE
  5
120C
330
70
100
AcDbEntity
  8
Visible
100
AcDbLine
 10
405.169471
 20
1012.862944
 30
0.0
 11
405.174471
 21
1012.992944
 31
0.0
  0
LINE
  5
120D
330
70
100
AcDbEntity
  8
Visible
100
AcDbLine
 10
405.173471
 20
1012.762944
 30
0.0
 11
405.169471
 21
1012.862944
 31
0.0
  0
LINE
  5
120E
330
70
100
AcDbEntity
  8
Visible
100
AcDbLine
 10
405.183471
 20
1012.664944
 30
0.0
 11
405.173471
 21
1012.762944
 31
0.0
  0
LINE
  5
120F
330
70
100
AcDbEntity
  8
Visible
100
AcDbLine
 10
405.201471
 20
1012.567944
 30
0.0
 11
405.183471
 21
1012.664944
 31
0.0
  0
LINE
  5
1210
330
70
100
AcDbEntity
  8
Visible
100
AcDbLine
 10
405.226471
 20
1012.473944
 30
0.0
 11
405.201471
 21
1012.567944
 31
0.0
  0
LINE
  5
1211
330
70
100
AcDbEntity
  8
Visible
100
AcDbLine
 10
405.258471
 20
1012.380944
 30
0.0
 11
405.226471
 21
1012.473944
 31
0.0
  0
LINE
  5
1212
330
70
100
AcDbEntity
  8
Visible
100
AcDbLine
 10
405.298471
 20
1012.289944
 30
0.0
 11
405.258471
 21
1012.380944
 31
0.0
  0
LINE
  5
1213
330
70
100
AcDbEntity
  8
Visible
100
AcDbLine
 10
405.344471
 20
1012.199944
 30
0.0
 11
405.298471
 21
1012.289944
 31
0.0
  0
LINE
  5
1214
330
70
100
AcDbEntity
  8
Visible
100
AcDbLine
 10
405.397471
 20
1012.111944
 30
0.0
 11
405.344471
 21
1012.199944
 31
0.0
  0
LINE
  5
1215
330
70
100
AcDbEntity
  8
Visible
100
AcDbLine
 10
405.458471
 20
1012.025944
 30
0.0
 11
405.397471
 21
1012.111944
 31
0.0
  0
LINE
  5
1216
330
70
100
AcDbEntity
  8
Visible
100
AcDbLine
 10
405.526471
 20
1011.941944
 30
0.0
 11
405.458471
 21
1012.025944
 31
0.0
  0
LINE
  5
1217
330
70
100
AcDbEntity
  8
Visible
100
AcDbLine
 10
405.600471
 20
1011.859944
 30
0.0
 11
405.526471
 21
1011.941944
 31
0.0
  0
LINE
  5
1218
330
70
100
AcDbEntity
  8
Visible
100
AcDbLine
 10
405.680471
 20
1011.781944
 30
0.0
 11
405.600471
 21
1011.859944
 31
0.0
  0
LINE
  5
1219
330
70
100
AcDbEntity
  8
Visible
100
AcDbLine
 10
405.766471
 20
1011.706944
 30
0.0
 11
405.680471
 21
1011.781944
 31
0.0
  0
LINE
  5
121A
330
70
100
AcDbEntity
  8
Visible
100
AcDbLine
 10
405.858471
 20
1011.634944
 30
0.0
 11
405.766471
 21
1011.706944
 31
0.0
  0
LINE
  5
121B
330
70
100
AcDbEntity
  8
Visible
100
AcDbLine
 10
405.956471
 20
1011.566944
 30
0.0
 11
405.858471
 21
1011.634944
 31
0.0
  0
LINE
  5
121C
330
70
100
AcDbEntity
  8
Visible
100
AcDbLine
 10
406.059471
 20
1011.501944
 30
0.0
 11
405.956471
 21
1011.566944
 31
0.0
  0
LINE
  5
121D
330
70
100
AcDbEntity
  8
Visible
100
AcDbLine
 10
406.168471
 20
1011.440944
 30
0.0
 11
406.059471
 21
1011.501944
 31
0.0
  0
LINE
  5
121E
330
70
100
AcDbEntity
  8
Visible
100
AcDbLine
 10
406.283471
 20
1011.381944
 30
0.0
 11
406.168471
 21
1011.440944
 31
0.0
  0
LINE
  5
121F
330
70
100
AcDbEntity
  8
Visible
100
AcDbLine
 10
406.404471
 20
1011.326944
 30
0.0
 11
406.283471
 21
1011.381944
 31
0.0
  0
LINE
  5
1220
330
70
100
AcDbEntity
  8
Visible
100
AcDbLine
 10
406.531471
 20
1011.275944
 30
0.0
 11
406.404471
 21
1011.326944
 31
0.0
  0
LINE
  5
1221
330
70
100
AcDbEntity
  8
Visible
100
AcDbLine
 10
406.663471
 20
1011.228944
 30
0.0
 11
406.531471
 21
1011.275944
 31
0.0
  0
LINE
  5
1222
330
70
100
AcDbEntity
  8
Visible
100
AcDbLine
 10
406.800471
 20
1011.185944
 30
0.0
 11
406.663471
 21
1011.228944
 31
0.0
  0
LINE
  5
1223
330
70
100
AcDbEntity
  8
Visible
100
AcDbLine
 10
406.941471
 20
1011.148944
 30
0.0
 11
406.800471
 21
1011.185944
 31
0.0
  0
LINE
  5
1224
330
70
100
AcDbEntity
  8
Visible
100
AcDbLine
 10
407.087471
 20
1011.116944
 30
0.0
 11
406.941471
 21
1011.148944
 31
0.0
  0
LINE
  5
1225
330
70
100
AcDbEntity
  8
Visible
100
AcDbLine
 10
407.237471
 20
1011.088944
 30
0.0
 11
407.087471
 21
1011.116944
 31
0.0
  0
LINE
  5
1226
330
70
100
AcDbEntity
  8
Visible
100
AcDbLine
 10
407.393471
 20
1011.066944
 30
0.0
 11
407.237471
 21
1011.088944
 31
0.0
  0
LINE
  5
1227
330
70
100
AcDbEntity
  8
Visible
100
AcDbLine
 10
407.553471
 20
1011.048944
 30
0.0
 11
407.393471
 21
1011.066944
 31
0.0
  0
LINE
  5
1228
330
70
100
AcDbEntity
  8
Visible
100
AcDbLine
 10
407.718471
 20
1011.036944
 30
0.0
 11
407.553471
 21
1011.048944
 31
0.0
  0
LINE
  5
1229
330
70
100
AcDbEntity
  8
Visible
100
AcDbLine
 10
407.887471
 20
1011.028944
 30
0.0
 11
407.718471
 21
1011.036944
 31
0.0
  0
LINE
  5
122A
330
70
100
AcDbEntity
  8
Visible
100
AcDbLine
 10
408.061471
 20
1011.026944
 30
0.0
 11
407.887471
 21
1011.028944
 31
0.0
  0
LINE
  5
122B
330
70
100
AcDbEntity
  8
Visible
100
AcDbLine
 10
408.267471
 20
1011.029944
 30
0.0
 11
408.061471
 21
1011.026944
 31
0.0
  0
LINE
  5
122C
330
70
100
AcDbEntity
  8
Visible
100
AcDbLine
 10
408.467471
 20
1011.039944
 30
0.0
 11
408.267471
 21
1011.029944
 31
0.0
  0
LINE
  5
122D
330
70
100
AcDbEntity
  8
Visible
100
AcDbLine
 10
408.661471
 20
1011.056944
 30
0.0
 11
408.467471
 21
1011.039944
 31
0.0
  0
LINE
  5
122E
330
70
100
AcDbEntity
  8
Visible
100
AcDbLine
 10
408.849471
 20
1011.079944
 30
0.0
 11
408.661471
 21
1011.056944
 31
0.0
  0
LINE
  5
122F
330
70
100
AcDbEntity
  8
Visible
100
AcDbLine
 10
409.032471
 20
1011.109944
 30
0.0
 11
408.849471
 21
1011.079944
 31
0.0
  0
LINE
  5
1230
330
70
100
AcDbEntity
  8
Visible
100
AcDbLine
 10
409.208471
 20
1011.146944
 30
0.0
 11
409.032471
 21
1011.109944
 31
0.0
  0
LINE
  5
1231
330
70
100
AcDbEntity
  8
Visible
100
AcDbLine
 10
409.379471
 20
1011.189944
 30
0.0
 11
409.208471
 21
1011.146944
 31
0.0
  0
LINE
  5
1232
330
70
100
AcDbEntity
  8
Visible
100
AcDbLine
 10
409.543471
 20
1011.239944
 30
0.0
 11
409.379471
 21
1011.189944
 31
0.0
  0
LINE
  5
1233
330
70
100
AcDbEntity
  8
Visible
100
AcDbLine
 10
409.702471
 20
1011.296944
 30
0.0
 11
409.543471
 21
1011.239944
 31
0.0
  0
LINE
  5
1234
330
70
100
AcDbEntity
  8
Visible
100
AcDbLine
 10
409.855471
 20
1011.359944
 30
0.0
 11
409.702471
 21
1011.296944
 31
0.0
  0
LINE
  5
1235
330
70
100
AcDbEntity
  8
Visible
100
AcDbLine
 10
410.002471
 20
1011.427944
 30
0.0
 11
409.855471
 21
1011.359944
 31
0.0
  0
LINE
  5
1236
330
70
100
AcDbEntity
  8
Visible
100
AcDbLine
 10
410.141471
 20
1011.500944
 30
0.0
 11
410.002471
 21
1011.427944
 31
0.0
  0
LINE
  5
1237
330
70
100
AcDbEntity
  8
Visible
100
AcDbLine
 10
410.274471
 20
1011.576944
 30
0.0
 11
410.141471
 21
1011.500944
 31
0.0
  0
LINE
  5
1238
330
70
100
AcDbEntity
  8
Visible
100
AcDbLine
 10
410.399471
 20
1011.655944
 30
0.0
 11
410.274471
 21
1011.576944
 31
0.0
  0
LINE
  5
1239
330
70
100
AcDbEntity
  8
Visible
100
AcDbLine
 10
410.518471
 20
1011.738944
 30
0.0
 11
410.399471
 21
1011.655944
 31
0.0
  0
LINE
  5
123A
330
70
100
AcDbEntity
  8
Visible
100
AcDbLine
 10
410.630471
 20
1011.826944
 30
0.0
 11
410.518471
 21
1011.738944
 31
0.0
  0
LINE
  5
123B
330
70
100
AcDbEntity
  8
Visible
100
AcDbLine
 10
410.734471
 20
1011.916944
 30
0.0
 11
410.630471
 21
1011.826944
 31
0.0
  0
LINE
  5
123C
330
70
100
AcDbEntity
  8
Visible
100
AcDbLine
 10
410.832471
 20
1012.011944
 30
0.0
 11
410.734471
 21
1011.916944
 31
0.0
  0
LINE
  5
123D
330
70
100
AcDbEntity
  8
Visible
100
AcDbLine
 10
410.923471
 20
1012.109944
 30
0.0
 11
410.832471
 21
1012.011944
 31
0.0
  0
LINE
  5
123E
330
70
100
AcDbEntity
  8
Visible
100
AcDbLine
 10
411.007471
 20
1012.211944
 30
0.0
 11
410.923471
 21
1012.109944
 31
0.0
  0
LINE
  5
123F
330
70
100
AcDbEntity
  8
Visible
100
AcDbLine
 10
411.083471
 20
1012.315944
 30
0.0
 11
411.007471
 21
1012.211944
 31
0.0
  0
LINE
  5
1240
330
70
100
AcDbEntity
  8
Visible
100
AcDbLine
 10
411.152471
 20
1012.420944
 30
0.0
 11
411.083471
 21
1012.315944
 31
0.0
  0
LINE
  5
1241
330
70
100
AcDbEntity
  8
Visible
100
AcDbLine
 10
411.212471
 20
1012.526944
 30
0.0
 11
411.152471
 21
1012.420944
 31
0.0
  0
LINE
  5
1242
330
70
100
AcDbEntity
  8
Visible
100
AcDbLine
 10
411.264471
 20
1012.633944
 30
0.0
 11
411.212471
 21
1012.526944
 31
0.0
  0
LINE
  5
1243
330
70
100
AcDbEntity
  8
Visible
100
AcDbLine
 10
411.308471
 20
1012.741944
 30
0.0
 11
411.264471
 21
1012.633944
 31
0.0
  0
LINE
  5
1244
330
70
100
AcDbEntity
  8
Visible
100
AcDbLine
 10
411.345471
 20
1012.850944
 30
0.0
 11
411.308471
 21
1012.741944
 31
0.0
  0
LINE
  5
1245
330
70
100
AcDbEntity
  8
Visible
100
AcDbLine
 10
411.373471
 20
1012.960944
 30
0.0
 11
411.345471
 21
1012.850944
 31
0.0
  0
LINE
  5
1246
330
70
100
AcDbEntity
  8
Visible
100
AcDbLine
 10
411.393471
 20
1013.070944
 30
0.0
 11
411.373471
 21
1012.960944
 31
0.0
  0
LINE
  5
1247
330
70
100
AcDbEntity
  8
Visible
100
AcDbLine
 10
411.405471
 20
1013.182944
 30
0.0
 11
411.393471
 21
1013.070944
 31
0.0
  0
LINE
  5
1248
330
70
100
AcDbEntity
  8
Visible
100
AcDbLine
 10
411.409471
 20
1013.294944
 30
0.0
 11
411.405471
 21
1013.182944
 31
0.0
  0
LINE
  5
1249
330
70
100
AcDbEntity
  8
Visible
100
AcDbLine
 10
411.404471
 20
1013.414944
 30
0.0
 11
411.409471
 21
1013.294944
 31
0.0
  0
LINE
  5
124A
330
70
100
AcDbEntity
  8
Visible
100
AcDbLine
 10
411.390471
 20
1013.528944
 30
0.0
 11
411.404471
 21
1013.414944
 31
0.0
  0
LINE
  5
124B
330
70
100
AcDbEntity
  8
Visible
100
AcDbLine
 10
411.367471
 20
1013.637944
 30
0.0
 11
411.390471
 21
1013.528944
 31
0.0
  0
LINE
  5
124C
330
70
100
AcDbEntity
  8
Visible
100
AcDbLine
 10
411.335471
 20
1013.740944
 30
0.0
 11
411.367471
 21
1013.637944
 31
0.0
  0
LINE
  5
124D
330
70
100
AcDbEntity
  8
Visible
100
AcDbLine
 10
411.293471
 20
1013.838944
 30
0.0
 11
411.335471
 21
1013.740944
 31
0.0
  0
LINE
  5
124E
330
70
100
AcDbEntity
  8
Visible
100
AcDbLine
 10
411.242471
 20
1013.931944
 30
0.0
 11
411.293471
 21
1013.838944
 31
0.0
  0
LINE
  5
124F
330
70
100
AcDbEntity
  8
Visible
100
AcDbLine
 10
411.181471
 20
1014.019944
 30
0.0
 11
411.242471
 21
1013.931944
 31
0.0
  0
LINE
  5
1250
330
70
100
AcDbEntity
  8
Visible
100
AcDbLine
 10
411.111471
 20
1014.100944
 30
0.0
 11
411.181471
 21
1014.019944
 31
0.0
  0
LINE
  5
1251
330
70
100
AcDbEntity
  8
Visible
100
AcDbLine
 10
411.032471
 20
1014.177944
 30
0.0
 11
411.111471
 21
1014.100944
 31
0.0
  0
LINE
  5
1252
330
70
100
AcDbEntity
  8
Visible
100
AcDbLine
 10
410.944471
 20
1014.248944
 30
0.0
 11
411.032471
 21
1014.177944
 31
0.0
  0
LINE
  5
1253
330
70
100
AcDbEntity
  8
Visible
100
AcDbLine
 10
410.848471
 20
1014.313944
 30
0.0
 11
410.944471
 21
1014.248944
 31
0.0
  0
LINE
  5
1254
330
70
100
AcDbEntity
  8
Visible
100
AcDbLine
 10
410.744471
 20
1014.371944
 30
0.0
 11
410.848471
 21
1014.313944
 31
0.0
  0
LINE
  5
1255
330
70
100
AcDbEntity
  8
Visible
100
AcDbLine
 10
410.634471
 20
1014.422944
 30
0.0
 11
410.744471
 21
1014.371944
 31
0.0
  0
LINE
  5
1256
330
70
100
AcDbEntity
  8
Visible
100
AcDbLine
 10
410.517471
 20
1014.467944
 30
0.0
 11
410.634471
 21
1014.422944
 31
0.0
  0
LINE
  5
1257
330
70
100
AcDbEntity
  8
Visible
100
AcDbLine
 10
410.393471
 20
1014.505944
 30
0.0
 11
410.517471
 21
1014.467944
 31
0.0
  0
LINE
  5
1258
330
70
100
AcDbEntity
  8
Visible
100
AcDbLine
 10
410.262471
 20
1014.535944
 30
0.0
 11
410.393471
 21
1014.505944
 31
0.0
  0
LINE
  5
1259
330
70
100
AcDbEntity
  8
Visible
100
AcDbLine
 10
410.124471
 20
1014.559944
 30
0.0
 11
410.262471
 21
1014.535944
 31
0.0
  0
LINE
  5
125A
330
70
100
AcDbEntity
  8
Visible
100
AcDbLine
 10
409.979471
 20
1014.576944
 30
0.0
 11
410.124471
 21
1014.559944
 31
0.0
  0
LINE
  5
125B
330
70
100
AcDbEntity
  8
Visible
100
AcDbLine
 10
409.828471
 20
1014.587944
 30
0.0
 11
409.979471
 21
1014.576944
 31
0.0
  0
LINE
  5
125C
330
70
100
AcDbEntity
  8
Visible
100
AcDbLine
 10
409.669471
 20
1014.590944
 30
0.0
 11
409.828471
 21
1014.587944
 31
0.0
  0
LINE
  5
125D
330
70
100
AcDbEntity
  8
Visible
100
AcDbLine
 10
407.437471
 20
1014.590944
 30
0.0
 11
409.669471
 21
1014.590944
 31
0.0
  0
LINE
  5
125E
330
70
100
AcDbEntity
  8
Visible
100
AcDbLine
 10
407.321471
 20
1014.592944
 30
0.0
 11
407.437471
 21
1014.590944
 31
0.0
  0
LINE
  5
125F
330
70
100
AcDbEntity
  8
Visible
100
AcDbLine
 10
407.212471
 20
1014.597944
 30
0.0
 11
407.321471
 21
1014.592944
 31
0.0
  0
LINE
  5
1260
330
70
100
AcDbEntity
  8
Visible
100
AcDbLine
 10
407.110471
 20
1014.607944
 30
0.0
 11
407.212471
 21
1014.597944
 31
0.0
  0
LINE
  5
1261
330
70
100
AcDbEntity
  8
Visible
100
AcDbLine
 10
407.017471
 20
1014.620944
 30
0.0
 11
407.110471
 21
1014.607944
 31
0.0
  0
LINE
  5
1262
330
70
100
AcDbEntity
  8
Visible
100
AcDbLine
 10
406.930471
 20
1014.636944
 30
0.0
 11
407.017471
 21
1014.620944
 31
0.0
  0
LINE
  5
1263
330
70
100
AcDbEntity
  8
Visible
100
AcDbLine
 10
406.851471
 20
1014.657944
 30
0.0
 11
406.930471
 21
1014.636944
 31
0.0
  0
LINE
  5
1264
330
70
100
AcDbEntity
  8
Visible
100
AcDbLine
 10
406.779471
 20
1014.681944
 30
0.0
 11
406.851471
 21
1014.657944
 31
0.0
  0
LINE
  5
1265
330
70
100
AcDbEntity
  8
Visible
100
AcDbLine
 10
406.715471
 20
1014.709944
 30
0.0
 11
406.779471
 21
1014.681944
 31
0.0
  0
LINE
  5
1266
330
70
100
AcDbEntity
  8
Visible
100
AcDbLine
 10
406.658471
 20
1014.741944
 30
0.0
 11
406.715471
 21
1014.709944
 31
0.0
  0
LINE
  5
1267
330
70
100
AcDbEntity
  8
Visible
100
AcDbLine
 10
406.609471
 20
1014.776944
 30
0.0
 11
406.658471
 21
1014.741944
 31
0.0
  0
LINE
  5
1268
330
70
100
AcDbEntity
  8
Visible
100
AcDbLine
 10
406.566471
 20
1014.814944
 30
0.0
 11
406.609471
 21
1014.776944
 31
0.0
  0
LINE
  5
1269
330
70
100
AcDbEntity
  8
Visible
100
AcDbLine
 10
406.527471
 20
1014.854944
 30
0.0
 11
406.566471
 21
1014.814944
 31
0.0
  0
LINE
  5
126A
330
70
100
AcDbEntity
  8
Visible
100
AcDbLine
 10
406.493471
 20
1014.896944
 30
0.0
 11
406.527471
 21
1014.854944
 31
0.0
  0
LINE
  5
126B
330
70
100
AcDbEntity
  8
Visible
100
AcDbLine
 10
406.463471
 20
1014.939944
 30
0.0
 11
406.493471
 21
1014.896944
 31
0.0
  0
LINE
  5
126C
330
70
100
AcDbEntity
  8
Visible
100
AcDbLine
 10
406.438471
 20
1014.984944
 30
0.0
 11
406.463471
 21
1014.939944
 31
0.0
  0
LINE
  5
126D
330
70
100
AcDbEntity
  8
Visible
100
AcDbLine
 10
406.417471
 20
1015.032944
 30
0.0
 11
406.438471
 21
1014.984944
 31
0.0
  0
LINE
  5
126E
330
70
100
AcDbEntity
  8
Visible
100
AcDbLine
 10
406.402471
 20
1015.080944
 30
0.0
 11
406.417471
 21
1015.032944
 31
0.0
  0
LINE
  5
126F
330
70
100
AcDbEntity
  8
Visible
100
AcDbLine
 10
406.390471
 20
1015.131944
 30
0.0
 11
406.402471
 21
1015.080944
 31
0.0
  0
LINE
  5
1270
330
70
100
AcDbEntity
  8
Visible
100
AcDbLine
 10
406.383471
 20
1015.184944
 30
0.0
 11
406.390471
 21
1015.131944
 31
0.0
  0
LINE
  5
1271
330
70
100
AcDbEntity
  8
Visible
100
AcDbLine
 10
406.381471
 20
1015.238944
 30
0.0
 11
406.383471
 21
1015.184944
 31
0.0
  0
LINE
  5
1272
330
70
100
AcDbEntity
  8
Visible
100
AcDbLine
 10
406.382471
 20
1015.285944
 30
0.0
 11
406.381471
 21
1015.238944
 31
0.0
  0
LINE
  5
1273
330
70
100
AcDbEntity
  8
Visible
100
AcDbLine
 10
406.386471
 20
1015.331944
 30
0.0
 11
406.382471
 21
1015.285944
 31
0.0
  0
LINE
  5
1274
330
70
100
AcDbEntity
  8
Visible
100
AcDbLine
 10
406.392471
 20
1015.375944
 30
0.0
 11
406.386471
 21
1015.331944
 31
0.0
  0
LINE
  5
1275
330
70
100
AcDbEntity
  8
Visible
100
AcDbLine
 10
406.401471
 20
1015.417944
 30
0.0
 11
406.392471
 21
1015.375944
 31
0.0
  0
LINE
  5
1276
330
70
100
AcDbEntity
  8
Visible
100
AcDbLine
 10
406.412471
 20
1015.458944
 30
0.0
 11
406.401471
 21
1015.417944
 31
0.0
  0
LINE
  5
1277
330
70
100
AcDbEntity
  8
Visible
100
AcDbLine
 10
406.425471
 20
1015.497944
 30
0.0
 11
406.412471
 21
1015.458944
 31
0.0
  0
LINE
  5
1278
330
70
100
AcDbEntity
  8
Visible
100
AcDbLine
 10
406.441471
 20
1015.534944
 30
0.0
 11
406.425471
 21
1015.497944
 31
0.0
  0
LINE
  5
1279
330
70
100
AcDbEntity
  8
Visible
100
AcDbLine
 10
406.460471
 20
1015.570944
 30
0.0
 11
406.441471
 21
1015.534944
 31
0.0
  0
LINE
  5
127A
330
70
100
AcDbEntity
  8
Visible
100
AcDbLine
 10
406.481471
 20
1015.604944
 30
0.0
 11
406.460471
 21
1015.570944
 31
0.0
  0
LINE
  5
127B
330
70
100
AcDbEntity
  8
Visible
100
AcDbLine
 10
406.504471
 20
1015.637944
 30
0.0
 11
406.481471
 21
1015.604944
 31
0.0
  0
LINE
  5
127C
330
70
100
AcDbEntity
  8
Visible
100
AcDbLine
 10
406.529471
 20
1015.668944
 30
0.0
 11
406.504471
 21
1015.637944
 31
0.0
  0
LINE
  5
127D
330
70
100
AcDbEntity
  8
Visible
100
AcDbLine
 10
406.556471
 20
1015.697944
 30
0.0
 11
406.529471
 21
1015.668944
 31
0.0
  0
LINE
  5
127E
330
70
100
AcDbEntity
  8
Visible
100
AcDbLine
 10
406.583471
 20
1015.725944
 30
0.0
 11
406.556471
 21
1015.697944
 31
0.0
  0
LINE
  5
127F
330
70
100
AcDbEntity
  8
Visible
100
AcDbLine
 10
406.612471
 20
1015.752944
 30
0.0
 11
406.583471
 21
1015.725944
 31
0.0
  0
LINE
  5
1280
330
70
100
AcDbEntity
  8
Visible
100
AcDbLine
 10
406.642471
 20
1015.776944
 30
0.0
 11
406.612471
 21
1015.752944
 31
0.0
  0
LINE
  5
1281
330
70
100
AcDbEntity
  8
Visible
100
AcDbLine
 10
406.673471
 20
1015.800944
 30
0.0
 11
406.642471
 21
1015.776944
 31
0.0
  0
LINE
  5
1282
330
70
100
AcDbEntity
  8
Visible
100
AcDbLine
 10
406.706471
 20
1015.821944
 30
0.0
 11
406.673471
 21
1015.800944
 31
0.0
  0
LINE
  5
1283
330
70
100
AcDbEntity
  8
Visible
100
AcDbLine
 10
406.739471
 20
1015.841944
 30
0.0
 11
406.706471
 21
1015.821944
 31
0.0
  0
LINE
  5
1284
330
70
100
AcDbEntity
  8
Visible
100
AcDbLine
 10
406.774471
 20
1015.860944
 30
0.0
 11
406.739471
 21
1015.841944
 31
0.0
  0
LINE
  5
1285
330
70
100
AcDbEntity
  8
Visible
100
AcDbLine
 10
406.810471
 20
1015.877944
 30
0.0
 11
406.774471
 21
1015.860944
 31
0.0
  0
LINE
  5
1286
330
70
100
AcDbEntity
  8
Visible
100
AcDbLine
 10
406.847471
 20
1015.892944
 30
0.0
 11
406.810471
 21
1015.877944
 31
0.0
  0
LINE
  5
1287
330
70
100
AcDbEntity
  8
Visible
100
AcDbLine
 10
406.883471
 20
1015.906944
 30
0.0
 11
406.847471
 21
1015.892944
 31
0.0
  0
LINE
  5
1288
330
70
100
AcDbEntity
  8
Visible
100
AcDbLine
 10
406.920471
 20
1015.918944
 30
0.0
 11
406.883471
 21
1015.906944
 31
0.0
  0
LINE
  5
1289
330
70
100
AcDbEntity
  8
Visible
100
AcDbLine
 10
406.956471
 20
1015.929944
 30
0.0
 11
406.920471
 21
1015.918944
 31
0.0
  0
LINE
  5
128A
330
70
100
AcDbEntity
  8
Visible
100
AcDbLine
 10
406.992471
 20
1015.938944
 30
0.0
 11
406.956471
 21
1015.929944
 31
0.0
  0
LINE
  5
128B
330
70
100
AcDbEntity
  8
Visible
100
AcDbLine
 10
407.004068
 20
1015.941138
 30
0.0
 11
406.992471
 21
1015.938944
 31
0.0
  0
LINE
  5
128C
330
70
100
AcDbEntity
  8
Visible
100
AcDbLine
 10
407.038471
 20
1015.922944
 30
0.0
 11
407.004068
 21
1015.941138
 31
0.0
  0
LINE
  5
128D
330
70
100
AcDbEntity
  8
Visible
100
AcDbLine
 10
407.145471
 20
1015.872944
 30
0.0
 11
407.038471
 21
1015.922944
 31
0.0
  0
LINE
  5
128E
330
70
100
AcDbEntity
  8
Visible
100
AcDbLine
 10
407.256471
 20
1015.827944
 30
0.0
 11
407.145471
 21
1015.872944
 31
0.0
  0
LINE
  5
128F
330
70
100
AcDbEntity
  8
Visible
100
AcDbLine
 10
407.368471
 20
1015.787944
 30
0.0
 11
407.256471
 21
1015.827944
 31
0.0
  0
LINE
  5
1290
330
70
100
AcDbEntity
  8
Visible
100
AcDbLine
 10
407.483471
 20
1015.753944
 30
0.0
 11
407.368471
 21
1015.787944
 31
0.0
  0
LINE
  5
1291
330
70
100
AcDbEntity
  8
Visible
100
AcDbLine
 10
407.601471
 20
1015.724944
 30
0.0
 11
407.483471
 21
1015.753944
 31
0.0
  0
LINE
  5
1292
330
70
100
AcDbEntity
  8
Visible
100
AcDbLine
 10
407.722471
 20
1015.700944
 30
0.0
 11
407.601471
 21
1015.724944
 31
0.0
  0
LINE
  5
1293
330
70
100
AcDbEntity
  8
Visible
100
AcDbLine
 10
407.845471
 20
1015.682944
 30
0.0
 11
407.722471
 21
1015.700944
 31
0.0
  0
LINE
  5
1294
330
70
100
AcDbEntity
  8
Visible
100
AcDbLine
 10
407.970471
 20
1015.669944
 30
0.0
 11
407.845471
 21
1015.682944
 31
0.0
  0
LINE
  5
1295
330
70
100
AcDbEntity
  8
Visible
100
AcDbLine
 10
408.098471
 20
1015.661944
 30
0.0
 11
407.970471
 21
1015.669944
 31
0.0
  0
LINE
  5
1296
330
70
100
AcDbEntity
  8
Visible
100
AcDbLine
 10
408.229471
 20
1015.658944
 30
0.0
 11
408.098471
 21
1015.661944
 31
0.0
  0
LINE
  5
1297
330
70
100
AcDbEntity
  8
Visible
100
AcDbLine
 10
408.356471
 20
1015.661944
 30
0.0
 11
408.229471
 21
1015.658944
 31
0.0
  0
LINE
  5
1298
330
70
100
AcDbEntity
  8
Visible
100
AcDbLine
 10
408.481471
 20
1015.669944
 30
0.0
 11
408.356471
 21
1015.661944
 31
0.0
  0
LINE
  5
1299
330
70
100
AcDbEntity
  8
Visible
100
AcDbLine
 10
408.604471
 20
1015.682944
 30
0.0
 11
408.481471
 21
1015.669944
 31
0.0
  0
LINE
  5
129A
330
70
100
AcDbEntity
  8
Visible
100
AcDbLine
 10
408.724471
 20
1015.700944
 30
0.0
 11
408.604471
 21
1015.682944
 31
0.0
  0
LINE
  5
129B
330
70
100
AcDbEntity
  8
Visible
100
AcDbLine
 10
408.842471
 20
1015.724944
 30
0.0
 11
408.724471
 21
1015.700944
 31
0.0
  0
LINE
  5
129C
330
70
100
AcDbEntity
  8
Visible
100
AcDbLine
 10
408.957471
 20
1015.753944
 30
0.0
 11
408.842471
 21
1015.724944
 31
0.0
  0
LINE
  5
129D
330
70
100
AcDbEntity
  8
Visible
100
AcDbLine
 10
409.070471
 20
1015.787944
 30
0.0
 11
408.957471
 21
1015.753944
 31
0.0
  0
LINE
  5
129E
330
70
100
AcDbEntity
  8
Visible
100
AcDbLine
 10
409.181471
 20
1015.827944
 30
0.0
 11
409.070471
 21
1015.787944
 31
0.0
  0
LINE
  5
129F
330
70
100
AcDbEntity
  8
Visible
100
AcDbLine
 10
409.290471
 20
1015.872944
 30
0.0
 11
409.181471
 21
1015.827944
 31
0.0
  0
LINE
  5
12A0
330
70
100
AcDbEntity
  8
Visible
100
AcDbLine
 10
409.396471
 20
1015.922944
 30
0.0
 11
409.290471
 21
1015.872944
 31
0.0
  0
LINE
  5
12A1
330
70
100
AcDbEntity
  8
Visible
100
AcDbLine
 10
409.499471
 20
1015.977944
 30
0.0
 11
409.396471
 21
1015.922944
 31
0.0
  0
LINE
  5
12A2
330
70
100
AcDbEntity
  8
Visible
100
AcDbLine
 10
409.597471
 20
1016.036944
 30
0.0
 11
409.499471
 21
1015.977944
 31
0.0
  0
LINE
  5
12A3
330
70
100
AcDbEntity
  8
Visible
100
AcDbLine
 10
409.692471
 20
1016.099944
 30
0.0
 11
409.597471
 21
1016.036944
 31
0.0
  0
LINE
  5
12A4
330
70
100
AcDbEntity
  8
Visible
100
AcDbLine
 10
409.782471
 20
1016.167944
 30
0.0
 11
409.692471
 21
1016.099944
 31
0.0
  0
LINE
  5
12A5
330
70
100
AcDbEntity
  8
Visible
100
AcDbLine
 10
409.868471
 20
1016.238944
 30
0.0
 11
409.782471
 21
1016.167944
 31
0.0
  0
LINE
  5
12A6
330
70
100
AcDbEntity
  8
Visible
100
AcDbLine
 10
409.949471
 20
1016.314944
 30
0.0
 11
409.868471
 21
1016.238944
 31
0.0
  0
LINE
  5
12A7
330
70
100
AcDbEntity
  8
Visible
100
AcDbLine
 10
410.027471
 20
1016.395944
 30
0.0
 11
409.949471
 21
1016.314944
 31
0.0
  0
LINE
  5
12A8
330
70
100
AcDbEntity
  8
Visible
100
AcDbLine
 10
410.100471
 20
1016.479944
 30
0.0
 11
410.027471
 21
1016.395944
 31
0.0
  0
LINE
  5
12A9
330
70
100
AcDbEntity
  8
Visible
100
AcDbLine
 10
410.168471
 20
1016.567944
 30
0.0
 11
410.100471
 21
1016.479944
 31
0.0
  0
LINE
  5
12AA
330
70
100
AcDbEntity
  8
Visible
100
AcDbLine
 10
410.233471
 20
1016.660944
 30
0.0
 11
410.168471
 21
1016.567944
 31
0.0
  0
LINE
  5
12AB
330
70
100
AcDbEntity
  8
Visible
100
AcDbLine
 10
410.292471
 20
1016.756944
 30
0.0
 11
410.233471
 21
1016.660944
 31
0.0
  0
LINE
  5
12AC
330
70
100
AcDbEntity
  8
Visible
100
AcDbLine
 10
410.345471
 20
1016.856944
 30
0.0
 11
410.292471
 21
1016.756944
 31
0.0
  0
LINE
  5
12AD
330
70
100
AcDbEntity
  8
Visible
100
AcDbLine
 10
410.392471
 20
1016.958944
 30
0.0
 11
410.345471
 21
1016.856944
 31
0.0
  0
LINE
  5
12AE
330
70
100
AcDbEntity
  8
Visible
100
AcDbLine
 10
410.433471
 20
1017.063944
 30
0.0
 11
410.392471
 21
1016.958944
 31
0.0
  0
LINE
  5
12AF
330
70
100
AcDbEntity
  8
Visible
100
AcDbLine
 10
410.467471
 20
1017.171944
 30
0.0
 11
410.433471
 21
1017.063944
 31
0.0
  0
LINE
  5
12B0
330
70
100
AcDbEntity
  8
Visible
100
AcDbLine
 10
410.495471
 20
1017.283944
 30
0.0
 11
410.467471
 21
1017.171944
 31
0.0
  0
LINE
  5
12B1
330
70
100
AcDbEntity
  8
Visible
100
AcDbLine
 10
410.517471
 20
1017.397944
 30
0.0
 11
410.495471
 21
1017.283944
 31
0.0
  0
LINE
  5
12B2
330
70
100
AcDbEntity
  8
Visible
100
AcDbLine
 10
410.533471
 20
1017.514944
 30
0.0
 11
410.517471
 21
1017.397944
 31
0.0
  0
LINE
  5
12B3
330
70
100
AcDbEntity
  8
Visible
100
AcDbLine
 10
410.542471
 20
1017.635944
 30
0.0
 11
410.533471
 21
1017.514944
 31
0.0
  0
LINE
  5
12B4
330
70
100
AcDbEntity
  8
Visible
100
AcDbLine
 10
410.545471
 20
1017.758944
 30
0.0
 11
410.542471
 21
1017.635944
 31
0.0
  0
LINE
  5
12B5
330
70
100
AcDbEntity
  8
Visible
100
AcDbLine
 10
410.542471
 20
1017.882944
 30
0.0
 11
410.545471
 21
1017.758944
 31
0.0
  0
LINE
  5
12B6
330
70
100
AcDbEntity
  8
Visible
100
AcDbLine
 10
410.533471
 20
1018.004944
 30
0.0
 11
410.542471
 21
1017.882944
 31
0.0
  0
LINE
  5
12B7
330
70
100
AcDbEntity
  8
Visible
100
AcDbLine
 10
410.517471
 20
1018.122944
 30
0.0
 11
410.533471
 21
1018.004944
 31
0.0
  0
LINE
  5
12B8
330
70
100
AcDbEntity
  8
Visible
100
AcDbLine
 10
410.495471
 20
1018.237944
 30
0.0
 11
410.517471
 21
1018.122944
 31
0.0
  0
LINE
  5
12B9
330
70
100
AcDbEntity
  8
Visible
100
AcDbLine
 10
410.467471
 20
1018.349944
 30
0.0
 11
410.495471
 21
1018.237944
 31
0.0
  0
LINE
  5
12BA
330
70
100
AcDbEntity
  8
Visible
100
AcDbLine
 10
410.433471
 20
1018.458944
 30
0.0
 11
410.467471
 21
1018.349944
 31
0.0
  0
LINE
  5
12BB
330
70
100
AcDbEntity
  8
Visible
100
AcDbLine
 10
410.392471
 20
1018.564944
 30
0.0
 11
410.433471
 21
1018.458944
 31
0.0
  0
LINE
  5
12BC
330
70
100
AcDbEntity
  8
Visible
100
AcDbLine
 10
410.345471
 20
1018.666944
 30
0.0
 11
410.392471
 21
1018.564944
 31
0.0
  0
LINE
  5
12BD
330
70
100
AcDbEntity
  8
Visible
100
AcDbLine
 10
410.292471
 20
1018.766944
 30
0.0
 11
410.345471
 21
1018.666944
 31
0.0
  0
LINE
  5
12BE
330
70
100
AcDbEntity
  8
Visible
100
AcDbLine
 10
410.233471
 20
1018.862944
 30
0.0
 11
410.292471
 21
1018.766944
 31
0.0
  0
LINE
  5
12BF
330
70
100
AcDbEntity
  8
Visible
100
AcDbLine
 10
410.168471
 20
1018.955944
 30
0.0
 11
410.233471
 21
1018.862944
 31
0.0
  0
LINE
  5
12C0
330
70
100
AcDbEntity
  8
Visible
100
AcDbLine
 10
410.115903
 20
1019.023973
 30
0.0
 11
410.168471
 21
1018.955944
 31
0.0
  0
LINE
  5
12C1
330
70
100
AcDbEntity
  8
Visible
100
AcDbLine
 10
410.116471
 20
1019.041944
 30
0.0
 11
410.115903
 21
1019.023973
 31
0.0
  0
LINE
  5
12C2
330
70
100
AcDbEntity
  8
Visible
100
AcDbLine
 10
410.125471
 20
1019.130944
 30
0.0
 11
410.116471
 21
1019.041944
 31
0.0
  0
LINE
  5
12C3
330
70
100
AcDbEntity
  8
Visible
100
AcDbLine
 10
410.139471
 20
1019.215944
 30
0.0
 11
410.125471
 21
1019.130944
 31
0.0
  0
LINE
  5
12C4
330
70
100
AcDbEntity
  8
Visible
100
AcDbLine
 10
410.159471
 20
1019.294944
 30
0.0
 11
410.139471
 21
1019.215944
 31
0.0
  0
LINE
  5
12C5
330
70
100
AcDbEntity
  8
Visible
100
AcDbLine
 10
410.185471
 20
1019.368944
 30
0.0
 11
410.159471
 21
1019.294944
 31
0.0
  0
LINE
  5
12C6
330
70
100
AcDbEntity
  8
Visible
100
AcDbLine
 10
410.217471
 20
1019.437944
 30
0.0
 11
410.185471
 21
1019.368944
 31
0.0
  0
LINE
  5
12C7
330
70
100
AcDbEntity
  8
Visible
100
AcDbLine
 10
410.254471
 20
1019.501944
 30
0.0
 11
410.217471
 21
1019.437944
 31
0.0
  0
LINE
  5
12C8
330
70
100
AcDbEntity
  8
Visible
100
AcDbLine
 10
410.297471
 20
1019.560944
 30
0.0
 11
410.254471
 21
1019.501944
 31
0.0
  0
LINE
  5
12C9
330
70
100
AcDbEntity
  8
Visible
100
AcDbLine
 10
410.346471
 20
1019.614944
 30
0.0
 11
410.297471
 21
1019.560944
 31
0.0
  0
LINE
  5
12CA
330
70
100
AcDbEntity
  8
Visible
100
AcDbLine
 10
410.401471
 20
1019.663944
 30
0.0
 11
410.346471
 21
1019.614944
 31
0.0
  0
LINE
  5
12CB
330
70
100
AcDbEntity
  8
Visible
100
AcDbLine
 10
410.461471
 20
1019.707944
 30
0.0
 11
410.401471
 21
1019.663944
 31
0.0
  0
LINE
  5
12CC
330
70
100
AcDbEntity
  8
Visible
100
AcDbLine
 10
410.526471
 20
1019.746944
 30
0.0
 11
410.461471
 21
1019.707944
 31
0.0
  0
LINE
  5
12CD
330
70
100
AcDbEntity
  8
Visible
100
AcDbLine
 10
410.596471
 20
1019.781944
 30
0.0
 11
410.526471
 21
1019.746944
 31
0.0
  0
LINE
  5
12CE
330
70
100
AcDbEntity
  8
Visible
100
AcDbLine
 10
410.672471
 20
1019.811944
 30
0.0
 11
410.596471
 21
1019.781944
 31
0.0
  0
LINE
  5
12CF
330
70
100
AcDbEntity
  8
Visible
100
AcDbLine
 10
410.752471
 20
1019.836944
 30
0.0
 11
410.672471
 21
1019.811944
 31
0.0
  0
LINE
  5
12D0
330
70
100
AcDbEntity
  8
Visible
100
AcDbLine
 10
410.837471
 20
1019.857944
 30
0.0
 11
410.752471
 21
1019.836944
 31
0.0
  0
LINE
  5
12D1
330
70
100
AcDbEntity
  8
Visible
100
AcDbLine
 10
410.928471
 20
1019.873944
 30
0.0
 11
410.837471
 21
1019.857944
 31
0.0
  0
LINE
  5
12D2
330
70
100
AcDbEntity
  8
Visible
100
AcDbLine
 10
411.023471
 20
1019.885944
 30
0.0
 11
410.928471
 21
1019.873944
 31
0.0
  0
LINE
  5
12D3
330
70
100
AcDbEntity
  8
Visible
100
AcDbLine
 10
411.124471
 20
1019.892944
 30
0.0
 11
411.023471
 21
1019.885944
 31
0.0
  0
LINE
  5
12D4
330
70
100
AcDbEntity
  8
Visible
100
AcDbLine
 10
411.229471
 20
1019.894944
 30
0.0
 11
411.124471
 21
1019.892944
 31
0.0
  0
LINE
  5
12D5
330
70
100
AcDbEntity
  8
Visible
100
AcDbLine
 10
411.301471
 20
1020.818944
 30
0.0
 11
411.229471
 21
1019.894944
 31
0.0
  0
LINE
  5
12D6
330
70
100
AcDbEntity
  8
Visible
100
AcDbLine
 10
411.202471
 20
1020.816944
 30
0.0
 11
411.301471
 21
1020.818944
 31
0.0
  0
LINE
  5
12D7
330
70
100
AcDbEntity
  8
Visible
100
AcDbLine
 10
411.105471
 20
1020.809944
 30
0.0
 11
411.202471
 21
1020.816944
 31
0.0
  0
LINE
  5
12D8
330
70
100
AcDbEntity
  8
Visible
100
AcDbLine
 10
411.011471
 20
1020.799944
 30
0.0
 11
411.105471
 21
1020.809944
 31
0.0
  0
LINE
  5
12D9
330
70
100
AcDbEntity
  8
Visible
100
AcDbLine
 10
410.920471
 20
1020.784944
 30
0.0
 11
411.011471
 21
1020.799944
 31
0.0
  0
LINE
  5
12DA
330
70
100
AcDbEntity
  8
Visible
100
AcDbLine
 10
410.831471
 20
1020.765944
 30
0.0
 11
410.920471
 21
1020.784944
 31
0.0
  0
LINE
  5
12DB
330
70
100
AcDbEntity
  8
Visible
100
AcDbLine
 10
410.746471
 20
1020.741944
 30
0.0
 11
410.831471
 21
1020.765944
 31
0.0
  0
LINE
  5
12DC
330
70
100
AcDbEntity
  8
Visible
100
AcDbLine
 10
410.663471
 20
1020.714944
 30
0.0
 11
410.746471
 21
1020.741944
 31
0.0
  0
LINE
  5
12DD
330
70
100
AcDbEntity
  8
Visible
100
AcDbLine
 10
410.583471
 20
1020.682944
 30
0.0
 11
410.663471
 21
1020.714944
 31
0.0
  0
LINE
  5
12DE
330
70
100
AcDbEntity
  8
Visible
100
AcDbLine
 10
410.506471
 20
1020.645944
 30
0.0
 11
410.583471
 21
1020.682944
 31
0.0
  0
LINE
  5
12DF
330
70
100
AcDbEntity
  8
Visible
100
AcDbLine
 10
410.431471
 20
1020.605944
 30
0.0
 11
410.506471
 21
1020.645944
 31
0.0
  0
LINE
  5
12E0
330
70
100
AcDbEntity
  8
Visible
100
AcDbLine
 10
410.359471
 20
1020.561944
 30
0.0
 11
410.431471
 21
1020.605944
 31
0.0
  0
LINE
  5
12E1
330
70
100
AcDbEntity
  8
Visible
100
AcDbLine
 10
410.291471
 20
1020.513944
 30
0.0
 11
410.359471
 21
1020.561944
 31
0.0
  0
LINE
  5
12E2
330
70
100
AcDbEntity
  8
Visible
100
AcDbLine
 10
410.227471
 20
1020.462944
 30
0.0
 11
410.291471
 21
1020.513944
 31
0.0
  0
LINE
  5
12E3
330
70
100
AcDbEntity
  8
Visible
100
AcDbLine
 10
410.165471
 20
1020.408944
 30
0.0
 11
410.227471
 21
1020.462944
 31
0.0
  0
LINE
  5
12E4
330
70
100
AcDbEntity
  8
Visible
100
AcDbLine
 10
410.107471
 20
1020.350944
 30
0.0
 11
410.165471
 21
1020.408944
 31
0.0
  0
LINE
  5
12E5
330
70
100
AcDbEntity
  8
Visible
100
AcDbLine
 10
410.052471
 20
1020.289944
 30
0.0
 11
410.107471
 21
1020.350944
 31
0.0
  0
LINE
  5
12E6
330
70
100
AcDbEntity
  8
Visible
100
AcDbLine
 10
410.001471
 20
1020.224944
 30
0.0
 11
410.052471
 21
1020.289944
 31
0.0
  0
LINE
  5
12E7
330
70
100
AcDbEntity
  8
Visible
100
AcDbLine
 10
409.953471
 20
1020.157944
 30
0.0
 11
410.001471
 21
1020.224944
 31
0.0
  0
LINE
  5
12E8
330
70
100
AcDbEntity
  8
Visible
100
AcDbLine
 10
409.908471
 20
1020.086944
 30
0.0
 11
409.953471
 21
1020.157944
 31
0.0
  0
LINE
  5
12E9
330
70
100
AcDbEntity
  8
Visible
100
AcDbLine
 10
409.867471
 20
1020.011944
 30
0.0
 11
409.908471
 21
1020.086944
 31
0.0
  0
LINE
  5
12EA
330
70
100
AcDbEntity
  8
Visible
100
AcDbLine
 10
409.829471
 20
1019.934944
 30
0.0
 11
409.867471
 21
1020.011944
 31
0.0
  0
LINE
  5
12EB
330
70
100
AcDbEntity
  8
Visible
100
AcDbLine
 10
409.796471
 20
1019.854944
 30
0.0
 11
409.829471
 21
1019.934944
 31
0.0
  0
LINE
  5
12EC
330
70
100
AcDbEntity
  8
Visible
100
AcDbLine
 10
409.766471
 20
1019.771944
 30
0.0
 11
409.796471
 21
1019.854944
 31
0.0
  0
LINE
  5
12ED
330
70
100
AcDbEntity
  8
Visible
100
AcDbLine
 10
409.740471
 20
1019.687944
 30
0.0
 11
409.766471
 21
1019.771944
 31
0.0
  0
LINE
  5
12EE
330
70
100
AcDbEntity
  8
Visible
100
AcDbLine
 10
409.718471
 20
1019.599944
 30
0.0
 11
409.740471
 21
1019.687944
 31
0.0
  0
LINE
  5
12EF
330
70
100
AcDbEntity
  8
Visible
100
AcDbLine
 10
409.701471
 20
1019.510944
 30
0.0
 11
409.718471
 21
1019.599944
 31
0.0
  0
LINE
  5
12F0
330
70
100
AcDbEntity
  8
Visible
100
AcDbLine
 10
409.688472
 20
1019.424596
 30
0.0
 11
409.701471
 21
1019.510944
 31
0.0
  0
LINE
  5
12F1
330
70
100
AcDbEntity
  8
Visible
100
AcDbLine
 10
409.597471
 20
1019.484944
 30
0.0
 11
409.688472
 21
1019.424596
 31
0.0
  0
LINE
  5
12F2
330
70
100
AcDbEntity
  8
Visible
100
AcDbLine
 10
409.499471
 20
1019.543944
 30
0.0
 11
409.597471
 21
1019.484944
 31
0.0
  0
LINE
  5
12F3
330
70
100
AcDbEntity
  8
Visible
100
AcDbLine
 10
409.396471
 20
1019.597944
 30
0.0
 11
409.499471
 21
1019.543944
 31
0.0
  0
LINE
  5
12F4
330
70
100
AcDbEntity
  8
Visible
100
AcDbLine
 10
409.290471
 20
1019.647944
 30
0.0
 11
409.396471
 21
1019.597944
 31
0.0
  0
LINE
  5
12F5
330
70
100
AcDbEntity
  8
Visible
100
AcDbLine
 10
409.181471
 20
1019.691944
 30
0.0
 11
409.290471
 21
1019.647944
 31
0.0
  0
LINE
  5
12F6
330
70
100
AcDbEntity
  8
Visible
100
AcDbLine
 10
409.070471
 20
1019.730944
 30
0.0
 11
409.181471
 21
1019.691944
 31
0.0
  0
LINE
  5
12F7
330
70
100
AcDbEntity
  8
Visible
100
AcDbLine
 10
408.957471
 20
1019.764944
 30
0.0
 11
409.070471
 21
1019.730944
 31
0.0
  0
LINE
  5
12F8
330
70
100
AcDbEntity
  8
Visible
100
AcDbLine
 10
408.842471
 20
1019.793944
 30
0.0
 11
408.957471
 21
1019.764944
 31
0.0
  0
LINE
  5
12F9
330
70
100
AcDbEntity
  8
Visible
100
AcDbLine
 10
408.724471
 20
1019.816944
 30
0.0
 11
408.842471
 21
1019.793944
 31
0.0
  0
LINE
  5
12FA
330
70
100
AcDbEntity
  8
Visible
100
AcDbLine
 10
408.604471
 20
1019.835944
 30
0.0
 11
408.724471
 21
1019.816944
 31
0.0
  0
LINE
  5
12FB
330
70
100
AcDbEntity
  8
Visible
100
AcDbLine
 10
408.481471
 20
1019.848944
 30
0.0
 11
408.604471
 21
1019.835944
 31
0.0
  0
LINE
  5
12FC
330
70
100
AcDbEntity
  8
Visible
100
AcDbLine
 10
408.356471
 20
1019.855944
 30
0.0
 11
408.481471
 21
1019.848944
 31
0.0
  0
LINE
  5
12FD
330
70
100
AcDbEntity
  8
Visible
100
AcDbLine
 10
408.229471
 20
1019.858944
 30
0.0
 11
408.356471
 21
1019.855944
 31
0.0
  0
LINE
  5
12FE
330
70
100
AcDbEntity
  8
Visible
100
AcDbLine
 10
408.098471
 20
1019.855944
 30
0.0
 11
408.229471
 21
1019.858944
 31
0.0
  0
LINE
  5
12FF
330
70
100
AcDbEntity
  8
Visible
100
AcDbLine
 10
407.970471
 20
1019.848944
 30
0.0
 11
408.098471
 21
1019.855944
 31
0.0
  0
LINE
  5
1300
330
70
100
AcDbEntity
  8
Visible
100
AcDbLine
 10
407.845471
 20
1019.835944
 30
0.0
 11
407.970471
 21
1019.848944
 31
0.0
  0
LINE
  5
1301
330
70
100
AcDbEntity
  8
Visible
100
AcDbLine
 10
407.722471
 20
1019.816944
 30
0.0
 11
407.845471
 21
1019.835944
 31
0.0
  0
LINE
  5
1302
330
70
100
AcDbEntity
  8
Visible
100
AcDbLine
 10
407.601471
 20
1019.793944
 30
0.0
 11
407.722471
 21
1019.816944
 31
0.0
  0
LINE
  5
1303
330
70
100
AcDbEntity
  8
Visible
100
AcDbLine
 10
407.483471
 20
1019.764944
 30
0.0
 11
407.601471
 21
1019.793944
 31
0.0
  0
LINE
  5
1304
330
70
100
AcDbEntity
  8
Visible
100
AcDbLine
 10
407.368471
 20
1019.730944
 30
0.0
 11
407.483471
 21
1019.764944
 31
0.0
  0
LINE
  5
1305
330
70
100
AcDbEntity
  8
Visible
100
AcDbLine
 10
407.256471
 20
1019.691944
 30
0.0
 11
407.368471
 21
1019.730944
 31
0.0
  0
LINE
  5
1306
330
70
100
AcDbEntity
  8
Visible
100
AcDbLine
 10
407.145471
 20
1019.647944
 30
0.0
 11
407.256471
 21
1019.691944
 31
0.0
  0
LINE
  5
1307
330
70
100
AcDbEntity
  8
Visible
100
AcDbLine
 10
407.038471
 20
1019.597944
 30
0.0
 11
407.145471
 21
1019.647944
 31
0.0
  0
LINE
  5
1308
330
70
100
AcDbEntity
  8
Visible
100
AcDbLine
 10
406.934471
 20
1019.543944
 30
0.0
 11
407.038471
 21
1019.597944
 31
0.0
  0
LINE
  5
1309
330
70
100
AcDbEntity
  8
Visible
100
AcDbLine
 10
406.834471
 20
1019.484944
 30
0.0
 11
406.934471
 21
1019.543944
 31
0.0
  0
LINE
  5
130A
330
70
100
AcDbEntity
  8
Visible
100
AcDbLine
 10
406.739471
 20
1019.421944
 30
0.0
 11
406.834471
 21
1019.484944
 31
0.0
  0
LINE
  5
130B
330
70
100
AcDbEntity
  8
Visible
100
AcDbLine
 10
406.649471
 20
1019.354944
 30
0.0
 11
406.739471
 21
1019.421944
 31
0.0
  0
LINE
  5
130C
330
70
100
AcDbEntity
  8
Visible
100
AcDbLine
 10
406.562471
 20
1019.283944
 30
0.0
 11
406.649471
 21
1019.354944
 31
0.0
  0
LINE
  5
130D
330
70
100
AcDbEntity
  8
Visible
100
AcDbLine
 10
406.481471
 20
1019.207944
 30
0.0
 11
406.562471
 21
1019.283944
 31
0.0
  0
LINE
  5
130E
330
70
100
AcDbEntity
  8
Visible
100
AcDbLine
 10
406.403471
 20
1019.127944
 30
0.0
 11
406.481471
 21
1019.207944
 31
0.0
  0
LINE
  5
130F
330
70
100
AcDbEntity
  8
Visible
100
AcDbLine
 10
406.330471
 20
1019.043944
 30
0.0
 11
406.403471
 21
1019.127944
 31
0.0
  0
LINE
  5
1310
330
70
100
AcDbEntity
  8
Visible
100
AcDbLine
 10
406.262471
 20
1018.955944
 30
0.0
 11
406.330471
 21
1019.043944
 31
0.0
  0
LINE
  5
1311
330
70
100
AcDbEntity
  8
Visible
100
AcDbLine
 10
406.198471
 20
1018.862944
 30
0.0
 11
406.262471
 21
1018.955944
 31
0.0
  0
LINE
  5
1312
330
70
100
AcDbEntity
  8
Visible
100
AcDbLine
 10
406.139471
 20
1018.766944
 30
0.0
 11
406.198471
 21
1018.862944
 31
0.0
  0
LINE
  5
1313
330
70
100
AcDbEntity
  8
Visible
100
AcDbLine
 10
406.087471
 20
1018.666944
 30
0.0
 11
406.139471
 21
1018.766944
 31
0.0
  0
LINE
  5
1314
330
70
100
AcDbEntity
  8
Visible
100
AcDbLine
 10
406.040471
 20
1018.564944
 30
0.0
 11
406.087471
 21
1018.666944
 31
0.0
  0
LINE
  5
1315
330
70
100
AcDbEntity
  8
Visible
100
AcDbLine
 10
406.000471
 20
1018.458944
 30
0.0
 11
406.040471
 21
1018.564944
 31
0.0
  0
LINE
  5
1316
330
70
100
AcDbEntity
  8
Visible
100
AcDbLine
 10
405.966471
 20
1018.349944
 30
0.0
 11
406.000471
 21
1018.458944
 31
0.0
  0
LINE
  5
1317
330
70
100
AcDbEntity
  8
Visible
100
AcDbLine
 10
405.938471
 20
1018.237944
 30
0.0
 11
405.966471
 21
1018.349944
 31
0.0
  0
LINE
  5
1318
330
70
100
AcDbEntity
  8
Visible
100
AcDbLine
 10
405.917471
 20
1018.122944
 30
0.0
 11
405.938471
 21
1018.237944
 31
0.0
  0
LINE
  5
1319
330
70
100
AcDbEntity
  8
Visible
100
AcDbLine
 10
405.901471
 20
1018.004944
 30
0.0
 11
405.917471
 21
1018.122944
 31
0.0
  0
LINE
  5
131A
330
70
100
AcDbEntity
  8
Visible
100
AcDbLine
 10
405.892471
 20
1017.882944
 30
0.0
 11
405.901471
 21
1018.004944
 31
0.0
  0
LINE
  5
131B
330
70
100
AcDbEntity
  8
Visible
100
AcDbLine
 10
405.889471
 20
1017.758944
 30
0.0
 11
405.892471
 21
1017.882944
 31
0.0
  0
LINE
  5
131C
330
70
100
AcDbEntity
  8
Visible
100
AcDbLine
 10
405.892471
 20
1017.635944
 30
0.0
 11
405.889471
 21
1017.758944
 31
0.0
  0
LINE
  5
131D
330
70
100
AcDbEntity
  8
Visible
100
AcDbLine
 10
405.901471
 20
1017.514944
 30
0.0
 11
405.892471
 21
1017.635944
 31
0.0
  0
LINE
  5
131E
330
70
100
AcDbEntity
  8
Visible
100
AcDbLine
 10
405.917471
 20
1017.397944
 30
0.0
 11
405.901471
 21
1017.514944
 31
0.0
  0
LINE
  5
131F
330
70
100
AcDbEntity
  8
Visible
100
AcDbLine
 10
405.938471
 20
1017.283944
 30
0.0
 11
405.917471
 21
1017.397944
 31
0.0
  0
LINE
  5
1320
330
70
100
AcDbEntity
  8
Visible
100
AcDbLine
 10
405.966471
 20
1017.171944
 30
0.0
 11
405.938471
 21
1017.283944
 31
0.0
  0
LINE
  5
1321
330
70
100
AcDbEntity
  8
Visible
100
AcDbLine
 10
406.000471
 20
1017.063944
 30
0.0
 11
405.966471
 21
1017.171944
 31
0.0
  0
LINE
  5
1322
330
70
100
AcDbEntity
  8
Visible
100
AcDbLine
 10
406.040471
 20
1016.958944
 30
0.0
 11
406.000471
 21
1017.063944
 31
0.0
  0
LINE
  5
1323
330
70
100
AcDbEntity
  8
Visible
100
AcDbLine
 10
406.087471
 20
1016.856944
 30
0.0
 11
406.040471
 21
1016.958944
 31
0.0
  0
LINE
  5
1324
330
70
100
AcDbEntity
  8
Visible
100
AcDbLine
 10
406.139471
 20
1016.756944
 30
0.0
 11
406.087471
 21
1016.856944
 31
0.0
  0
LINE
  5
1325
330
70
100
AcDbEntity
  8
Visible
100
AcDbLine
 10
406.198471
 20
1016.660944
 30
0.0
 11
406.139471
 21
1016.756944
 31
0.0
  0
LINE
  5
1326
330
70
100
AcDbEntity
  8
Visible
100
AcDbLine
 10
406.262471
 20
1016.567944
 30
0.0
 11
406.198471
 21
1016.660944
 31
0.0
  0
LINE
  5
1327
330
70
100
AcDbEntity
  8
Visible
100
AcDbLine
 10
406.330471
 20
1016.479944
 30
0.0
 11
406.262471
 21
1016.567944
 31
0.0
  0
LINE
  5
1328
330
70
100
AcDbEntity
  8
Visible
100
AcDbLine
 10
406.403471
 20
1016.395944
 30
0.0
 11
406.330471
 21
1016.479944
 31
0.0
  0
LINE
  5
1329
330
70
100
AcDbEntity
  8
Visible
100
AcDbLine
 10
406.481471
 20
1016.314944
 30
0.0
 11
406.403471
 21
1016.395944
 31
0.0
  0
LINE
  5
132A
330
70
100
AcDbEntity
  8
Visible
100
AcDbLine
 10
406.544756
 20
1016.255565
 30
0.0
 11
406.481471
 21
1016.314944
 31
0.0
  0
LINE
  5
132B
330
70
100
AcDbEntity
  8
Visible
100
AcDbLine
 10
406.489471
 20
1016.241944
 30
0.0
 11
406.544756
 21
1016.255565
 31
0.0
  0
LINE
  5
132C
330
70
100
AcDbEntity
  8
Visible
100
AcDbLine
 10
406.421471
 20
1016.222944
 30
0.0
 11
406.489471
 21
1016.241944
 31
0.0
  0
LINE
  5
132D
330
70
100
AcDbEntity
  8
Visible
100
AcDbLine
 10
406.354471
 20
1016.199944
 30
0.0
 11
406.421471
 21
1016.222944
 31
0.0
  0
LINE
  5
132E
330
70
100
AcDbEntity
  8
Visible
100
AcDbLine
 10
406.288471
 20
1016.174944
 30
0.0
 11
406.354471
 21
1016.199944
 31
0.0
  0
LINE
  5
132F
330
70
100
AcDbEntity
  8
Visible
100
AcDbLine
 10
406.224471
 20
1016.146944
 30
0.0
 11
406.288471
 21
1016.174944
 31
0.0
  0
LINE
  5
1330
330
70
100
AcDbEntity
  8
Visible
100
AcDbLine
 10
406.162471
 20
1016.116944
 30
0.0
 11
406.224471
 21
1016.146944
 31
0.0
  0
LINE
  5
1331
330
70
100
AcDbEntity
  8
Visible
100
AcDbLine
 10
406.103471
 20
1016.084944
 30
0.0
 11
406.162471
 21
1016.116944
 31
0.0
  0
LINE
  5
1332
330
70
100
AcDbEntity
  8
Visible
100
AcDbLine
 10
406.046471
 20
1016.049944
 30
0.0
 11
406.103471
 21
1016.084944
 31
0.0
  0
LINE
  5
1333
330
70
100
AcDbEntity
  8
Visible
100
AcDbLine
 10
405.992471
 20
1016.012944
 30
0.0
 11
406.046471
 21
1016.049944
 31
0.0
  0
LINE
  5
1334
330
70
100
AcDbEntity
  8
Visible
100
AcDbLine
 10
405.940471
 20
1015.972944
 30
0.0
 11
405.992471
 21
1016.012944
 31
0.0
  0
LINE
  5
1335
330
70
100
AcDbEntity
  8
Visible
100
AcDbLine
 10
405.890471
 20
1015.930944
 30
0.0
 11
405.940471
 21
1015.972944
 31
0.0
  0
LINE
  5
1336
330
70
100
AcDbEntity
  8
Visible
100
AcDbLine
 10
405.844471
 20
1015.886944
 30
0.0
 11
405.890471
 21
1015.930944
 31
0.0
  0
LINE
  5
1337
330
70
100
AcDbEntity
  8
Visible
100
AcDbLine
 10
405.799471
 20
1015.839944
 30
0.0
 11
405.844471
 21
1015.886944
 31
0.0
  0
LINE
  5
1338
330
70
100
AcDbEntity
  8
Visible
100
AcDbLine
 10
405.757471
 20
1015.790944
 30
0.0
 11
405.799471
 21
1015.839944
 31
0.0
  0
LINE
  5
1339
330
70
100
AcDbEntity
  8
Visible
100
AcDbLine
 10
405.718471
 20
1015.739944
 30
0.0
 11
405.757471
 21
1015.790944
 31
0.0
  0
LINE
  5
133A
330
70
100
AcDbEntity
  8
Visible
100
AcDbLine
 10
405.684471
 20
1015.685944
 30
0.0
 11
405.718471
 21
1015.739944
 31
0.0
  0
LINE
  5
133B
330
70
100
AcDbEntity
  8
Visible
100
AcDbLine
 10
405.653471
 20
1015.629944
 30
0.0
 11
405.684471
 21
1015.685944
 31
0.0
  0
LINE
  5
133C
330
70
100
AcDbEntity
  8
Visible
100
AcDbLine
 10
405.626471
 20
1015.571944
 30
0.0
 11
405.653471
 21
1015.629944
 31
0.0
  0
LINE
  5
133D
330
70
100
AcDbEntity
  8
Visible
100
AcDbLine
 10
405.604471
 20
1015.511944
 30
0.0
 11
405.626471
 21
1015.571944
 31
0.0
  0
LINE
  5
133E
330
70
100
AcDbEntity
  8
Visible
100
AcDbLine
 10
405.586471
 20
1015.449944
 30
0.0
 11
405.604471
 21
1015.511944
 31
0.0
  0
LINE
  5
133F
330
70
100
AcDbEntity
  8
Visible
100
AcDbLine
 10
405.571471
 20
1015.384944
 30
0.0
 11
405.586471
 21
1015.449944
 31
0.0
  0
LINE
  5
1340
330
70
100
AcDbEntity
  8
Visible
100
AcDbLine
 10
405.561471
 20
1015.318944
 30
0.0
 11
405.571471
 21
1015.384944
 31
0.0
  0
LINE
  5
1341
330
70
100
AcDbEntity
  8
Visible
100
AcDbLine
 10
405.555471
 20
1015.249944
 30
0.0
 11
405.561471
 21
1015.318944
 31
0.0
  0
LINE
  5
1342
330
70
100
AcDbEntity
  8
Visible
100
AcDbLine
 10
405.553471
 20
1015.178944
 30
0.0
 11
405.555471
 21
1015.249944
 31
0.0
  0
LINE
  5
1343
330
70
100
AcDbEntity
  8
Visible
100
AcDbLine
 10
405.555471
 20
1015.110944
 30
0.0
 11
405.553471
 21
1015.178944
 31
0.0
  0
LINE
  5
1344
330
70
100
AcDbEntity
  8
Visible
100
AcDbLine
 10
405.562471
 20
1015.043944
 30
0.0
 11
405.555471
 21
1015.110944
 31
0.0
  0
LINE
  5
1345
330
70
100
AcDbEntity
  8
Visible
100
AcDbLine
 10
405.574471
 20
1014.978944
 30
0.0
 11
405.562471
 21
1015.043944
 31
0.0
  0
LINE
  5
1346
330
70
100
AcDbEntity
  8
Visible
100
AcDbLine
 10
405.589471
 20
1014.913944
 30
0.0
 11
405.574471
 21
1014.978944
 31
0.0
  0
LINE
  5
1347
330
70
100
AcDbEntity
  8
Visible
100
AcDbLine
 10
405.610471
 20
1014.849944
 30
0.0
 11
405.589471
 21
1014.913944
 31
0.0
  0
LINE
  5
1348
330
70
100
AcDbEntity
  8
Visible
100
AcDbLine
 10
405.635471
 20
1014.787944
 30
0.0
 11
405.610471
 21
1014.849944
 31
0.0
  0
LINE
  5
1349
330
70
100
AcDbEntity
  8
Visible
100
AcDbLine
 10
405.665471
 20
1014.726944
 30
0.0
 11
405.635471
 21
1014.787944
 31
0.0
  0
LINE
  5
134A
330
70
100
AcDbEntity
  8
Visible
100
AcDbLine
 10
405.699471
 20
1014.665944
 30
0.0
 11
405.665471
 21
1014.726944
 31
0.0
  0
LINE
  5
134B
330
70
100
AcDbEntity
  8
Visible
100
AcDbLine
 10
405.738471
 20
1014.606944
 30
0.0
 11
405.699471
 21
1014.665944
 31
0.0
  0
LINE
  5
134C
330
70
100
AcDbEntity
  8
Visible
100
AcDbLine
 10
405.781471
 20
1014.548944
 30
0.0
 11
405.738471
 21
1014.606944
 31
0.0
  0
LINE
  5
134D
330
70
100
AcDbEntity
  8
Visible
100
AcDbLine
 10
405.829471
 20
1014.492944
 30
0.0
 11
405.781471
 21
1014.548944
 31
0.0
  0
LINE
  5
134E
330
70
100
AcDbEntity
  8
Visible
100
AcDbLine
 10
405.880471
 20
1014.437944
 30
0.0
 11
405.829471
 21
1014.492944
 31
0.0
  0
LINE
  5
134F
330
70
100
AcDbEntity
  8
Visible
100
AcDbLine
 10
405.935471
 20
1014.385944
 30
0.0
 11
405.880471
 21
1014.437944
 31
0.0
  0
LINE
  5
1350
330
70
100
AcDbEntity
  8
Visible
100
AcDbLine
 10
405.995471
 20
1014.335944
 30
0.0
 11
405.935471
 21
1014.385944
 31
0.0
  0
LINE
  5
1351
330
70
100
AcDbEntity
  8
Visible
100
AcDbLine
 10
406.058471
 20
1014.288944
 30
0.0
 11
405.995471
 21
1014.335944
 31
0.0
  0
LINE
  5
1352
330
70
100
AcDbEntity
  8
Visible
100
AcDbLine
 10
406.125471
 20
1014.242944
 30
0.0
 11
406.058471
 21
1014.288944
 31
0.0
  0
LINE
  5
1353
330
70
100
AcDbEntity
  8
Visible
100
AcDbLine
 10
406.196471
 20
1014.199944
 30
0.0
 11
406.125471
 21
1014.242944
 31
0.0
  0
LINE
  5
1354
330
70
100
AcDbEntity
  8
Visible
100
AcDbLine
 10
406.271471
 20
1014.158944
 30
0.0
 11
406.196471
 21
1014.199944
 31
0.0
  0
LINE
  5
1355
330
70
100
AcDbEntity
  8
Visible
100
AcDbLine
 10
406.275351
 20
1014.157054
 30
0.0
 11
406.271471
 21
1014.158944
 31
0.0
  0
LINE
  5
1356
330
70
100
AcDbEntity
  8
Visible
100
AcDbLine
 10
413.745471
 20
1016.833944
 30
0.0
 11
413.743471
 21
1016.690944
 31
0.0
  0
LINE
  5
1357
330
70
100
AcDbEntity
  8
Visible
100
AcDbLine
 10
413.751471
 20
1016.972944
 30
0.0
 11
413.745471
 21
1016.833944
 31
0.0
  0
LINE
  5
1358
330
70
100
AcDbEntity
  8
Visible
100
AcDbLine
 10
413.761471
 20
1017.108944
 30
0.0
 11
413.751471
 21
1016.972944
 31
0.0
  0
LINE
  5
1359
330
70
100
AcDbEntity
  8
Visible
100
AcDbLine
 10
413.776471
 20
1017.239944
 30
0.0
 11
413.761471
 21
1017.108944
 31
0.0
  0
LINE
  5
135A
330
70
100
AcDbEntity
  8
Visible
100
AcDbLine
 10
413.794471
 20
1017.366944
 30
0.0
 11
413.776471
 21
1017.239944
 31
0.0
  0
LINE
  5
135B
330
70
100
AcDbEntity
  8
Visible
100
AcDbLine
 10
413.816471
 20
1017.489944
 30
0.0
 11
413.794471
 21
1017.366944
 31
0.0
  0
LINE
  5
135C
330
70
100
AcDbEntity
  8
Visible
100
AcDbLine
 10
413.843471
 20
1017.608944
 30
0.0
 11
413.816471
 21
1017.489944
 31
0.0
  0
LINE
  5
135D
330
70
100
AcDbEntity
  8
Visible
100
AcDbLine
 10
413.874471
 20
1017.723944
 30
0.0
 11
413.843471
 21
1017.608944
 31
0.0
  0
LINE
  5
135E
330
70
100
AcDbEntity
  8
Visible
100
AcDbLine
 10
413.908471
 20
1017.834944
 30
0.0
 11
413.874471
 21
1017.723944
 31
0.0
  0
LINE
  5
135F
330
70
100
AcDbEntity
  8
Visible
100
AcDbLine
 10
413.947471
 20
1017.941944
 30
0.0
 11
413.908471
 21
1017.834944
 31
0.0
  0
LINE
  5
1360
330
70
100
AcDbEntity
  8
Visible
100
AcDbLine
 10
413.990471
 20
1018.044944
 30
0.0
 11
413.947471
 21
1017.941944
 31
0.0
  0
LINE
  5
1361
330
70
100
AcDbEntity
  8
Visible
100
AcDbLine
 10
414.036471
 20
1018.141944
 30
0.0
 11
413.990471
 21
1018.044944
 31
0.0
  0
LINE
  5
1362
330
70
100
AcDbEntity
  8
Visible
100
AcDbLine
 10
414.085471
 20
1018.234944
 30
0.0
 11
414.036471
 21
1018.141944
 31
0.0
  0
LINE
  5
1363
330
70
100
AcDbEntity
  8
Visible
100
AcDbLine
 10
414.138471
 20
1018.322944
 30
0.0
 11
414.085471
 21
1018.234944
 31
0.0
  0
LINE
  5
1364
330
70
100
AcDbEntity
  8
Visible
100
AcDbLine
 10
414.194471
 20
1018.405944
 30
0.0
 11
414.138471
 21
1018.322944
 31
0.0
  0
LINE
  5
1365
330
70
100
AcDbEntity
  8
Visible
100
AcDbLine
 10
414.254471
 20
1018.484944
 30
0.0
 11
414.194471
 21
1018.405944
 31
0.0
  0
LINE
  5
1366
330
70
100
AcDbEntity
  8
Visible
100
AcDbLine
 10
414.318471
 20
1018.557944
 30
0.0
 11
414.254471
 21
1018.484944
 31
0.0
  0
LINE
  5
1367
330
70
100
AcDbEntity
  8
Visible
100
AcDbLine
 10
414.385471
 20
1018.625944
 30
0.0
 11
414.318471
 21
1018.557944
 31
0.0
  0
LINE
  5
1368
330
70
100
AcDbEntity
  8
Visible
100
AcDbLine
 10
414.455471
 20
1018.689944
 30
0.0
 11
414.385471
 21
1018.625944
 31
0.0
  0
LINE
  5
1369
330
70
100
AcDbEntity
  8
Visible
100
AcDbLine
 10
414.529471
 20
1018.748944
 30
0.0
 11
414.455471
 21
1018.689944
 31
0.0
  0
LINE
  5
136A
330
70
100
AcDbEntity
  8
Visible
100
AcDbLine
 10
414.606471
 20
1018.802944
 30
0.0
 11
414.529471
 21
1018.748944
 31
0.0
  0
LINE
  5
136B
330
70
100
AcDbEntity
  8
Visible
100
AcDbLine
 10
414.686471
 20
1018.850944
 30
0.0
 11
414.606471
 21
1018.802944
 31
0.0
  0
LINE
  5
136C
330
70
100
AcDbEntity
  8
Visible
100
AcDbLine
 10
414.768471
 20
1018.892944
 30
0.0
 11
414.686471
 21
1018.850944
 31
0.0
  0
LINE
  5
136D
330
70
100
AcDbEntity
  8
Visible
100
AcDbLine
 10
414.853471
 20
1018.928944
 30
0.0
 11
414.768471
 21
1018.892944
 31
0.0
  0
LINE
  5
136E
330
70
100
AcDbEntity
  8
Visible
100
AcDbLine
 10
414.942471
 20
1018.959944
 30
0.0
 11
414.853471
 21
1018.928944
 31
0.0
  0
LINE
  5
136F
330
70
100
AcDbEntity
  8
Visible
100
AcDbLine
 10
415.032471
 20
1018.985944
 30
0.0
 11
414.942471
 21
1018.959944
 31
0.0
  0
LINE
  5
1370
330
70
100
AcDbEntity
  8
Visible
100
AcDbLine
 10
415.126471
 20
1019.005944
 30
0.0
 11
415.032471
 21
1018.985944
 31
0.0
  0
LINE
  5
1371
330
70
100
AcDbEntity
  8
Visible
100
AcDbLine
 10
415.222471
 20
1019.019944
 30
0.0
 11
415.126471
 21
1019.005944
 31
0.0
  0
LINE
  5
1372
330
70
100
AcDbEntity
  8
Visible
100
AcDbLine
 10
415.321471
 20
1019.027944
 30
0.0
 11
415.222471
 21
1019.019944
 31
0.0
  0
LINE
  5
1373
330
70
100
AcDbEntity
  8
Visible
100
AcDbLine
 10
415.423471
 20
1019.030944
 30
0.0
 11
415.321471
 21
1019.027944
 31
0.0
  0
LINE
  5
1374
330
70
100
AcDbEntity
  8
Visible
100
AcDbLine
 10
415.556471
 20
1019.026944
 30
0.0
 11
415.423471
 21
1019.030944
 31
0.0
  0
LINE
  5
1375
330
70
100
AcDbEntity
  8
Visible
100
AcDbLine
 10
415.683471
 20
1019.013944
 30
0.0
 11
415.556471
 21
1019.026944
 31
0.0
  0
LINE
  5
1376
330
70
100
AcDbEntity
  8
Visible
100
AcDbLine
 10
415.804471
 20
1018.991944
 30
0.0
 11
415.683471
 21
1019.013944
 31
0.0
  0
LINE
  5
1377
330
70
100
AcDbEntity
  8
Visible
100
AcDbLine
 10
415.920471
 20
1018.961944
 30
0.0
 11
415.804471
 21
1018.991944
 31
0.0
  0
LINE
  5
1378
330
70
100
AcDbEntity
  8
Visible
100
AcDbLine
 10
416.030471
 20
1018.923944
 30
0.0
 11
415.920471
 21
1018.961944
 31
0.0
  0
LINE
  5
1379
330
70
100
AcDbEntity
  8
Visible
100
AcDbLine
 10
416.134471
 20
1018.876944
 30
0.0
 11
416.030471
 21
1018.923944
 31
0.0
  0
LINE
  5
137A
330
70
100
AcDbEntity
  8
Visible
100
AcDbLine
 10
416.233471
 20
1018.820944
 30
0.0
 11
416.134471
 21
1018.876944
 31
0.0
  0
LINE
  5
137B
330
70
100
AcDbEntity
  8
Visible
100
AcDbLine
 10
416.325471
 20
1018.755944
 30
0.0
 11
416.233471
 21
1018.820944
 31
0.0
  0
LINE
  5
137C
330
70
100
AcDbEntity
  8
Visible
100
AcDbLine
 10
416.413471
 20
1018.683944
 30
0.0
 11
416.325471
 21
1018.755944
 31
0.0
  0
LINE
  5
137D
330
70
100
AcDbEntity
  8
Visible
100
AcDbLine
 10
416.494471
 20
1018.601944
 30
0.0
 11
416.413471
 21
1018.683944
 31
0.0
  0
LINE
  5
137E
330
70
100
AcDbEntity
  8
Visible
100
AcDbLine
 10
416.569471
 20
1018.511944
 30
0.0
 11
416.494471
 21
1018.601944
 31
0.0
  0
LINE
  5
137F
330
70
100
AcDbEntity
  8
Visible
100
AcDbLine
 10
416.635471
 20
1018.414944
 30
0.0
 11
416.569471
 21
1018.511944
 31
0.0
  0
LINE
  5
1380
330
70
100
AcDbEntity
  8
Visible
100
AcDbLine
 10
416.694471
 20
1018.308944
 30
0.0
 11
416.635471
 21
1018.414944
 31
0.0
  0
LINE
  5
1381
330
70
100
AcDbEntity
  8
Visible
100
AcDbLine
 10
416.746471
 20
1018.195944
 30
0.0
 11
416.694471
 21
1018.308944
 31
0.0
  0
LINE
  5
1382
330
70
100
AcDbEntity
  8
Visible
100
AcDbLine
 10
416.789471
 20
1018.074944
 30
0.0
 11
416.746471
 21
1018.195944
 31
0.0
  0
LINE
  5
1383
330
70
100
AcDbEntity
  8
Visible
100
AcDbLine
 10
416.824471
 20
1017.945944
 30
0.0
 11
416.789471
 21
1018.074944
 31
0.0
  0
LINE
  5
1384
330
70
100
AcDbEntity
  8
Visible
100
AcDbLine
 10
416.852471
 20
1017.808944
 30
0.0
 11
416.824471
 21
1017.945944
 31
0.0
  0
LINE
  5
1385
330
70
100
AcDbEntity
  8
Visible
100
AcDbLine
 10
416.871471
 20
1017.663944
 30
0.0
 11
416.852471
 21
1017.808944
 31
0.0
  0
LINE
  5
1386
330
70
100
AcDbEntity
  8
Visible
100
AcDbLine
 10
416.883471
 20
1017.510944
 30
0.0
 11
416.871471
 21
1017.663944
 31
0.0
  0
LINE
  5
1387
330
70
100
AcDbEntity
  8
Visible
100
AcDbLine
 10
416.887471
 20
1017.350944
 30
0.0
 11
416.883471
 21
1017.510944
 31
0.0
  0
LINE
  5
1388
330
70
100
AcDbEntity
  8
Visible
100
AcDbLine
 10
416.887471
 20
1013.978944
 30
0.0
 11
416.887471
 21
1017.350944
 31
0.0
  0
LINE
  5
1389
330
70
100
AcDbEntity
  8
Visible
100
AcDbLine
 10
417.811471
 20
1013.978944
 30
0.0
 11
416.887471
 21
1013.978944
 31
0.0
  0
LINE
  5
138A
330
70
100
AcDbEntity
  8
Visible
100
AcDbLine
 10
417.811471
 20
1017.350944
 30
0.0
 11
417.811471
 21
1013.978944
 31
0.0
  0
LINE
  5
138B
330
70
100
AcDbEntity
  8
Visible
100
AcDbLine
 10
417.808471
 20
1017.503944
 30
0.0
 11
417.811471
 21
1017.350944
 31
0.0
  0
LINE
  5
138C
330
70
100
AcDbEntity
  8
Visible
100
AcDbLine
 10
417.801471
 20
1017.651944
 30
0.0
 11
417.808471
 21
1017.503944
 31
0.0
  0
LINE
  5
138D
330
70
100
AcDbEntity
  8
Visible
100
AcDbLine
 10
417.788471
 20
1017.795944
 30
0.0
 11
417.801471
 21
1017.651944
 31
0.0
  0
LINE
  5
138E
330
70
100
AcDbEntity
  8
Visible
100
AcDbLine
 10
417.770471
 20
1017.936944
 30
0.0
 11
417.788471
 21
1017.795944
 31
0.0
  0
LINE
  5
138F
330
70
100
AcDbEntity
  8
Visible
100
AcDbLine
 10
417.747471
 20
1018.072944
 30
0.0
 11
417.770471
 21
1017.936944
 31
0.0
  0
LINE
  5
1390
330
70
100
AcDbEntity
  8
Visible
100
AcDbLine
 10
417.718471
 20
1018.203944
 30
0.0
 11
417.747471
 21
1018.072944
 31
0.0
  0
LINE
  5
1391
330
70
100
AcDbEntity
  8
Visible
100
AcDbLine
 10
417.685471
 20
1018.331944
 30
0.0
 11
417.718471
 21
1018.203944
 31
0.0
  0
LINE
  5
1392
330
70
100
AcDbEntity
  8
Visible
100
AcDbLine
 10
417.646471
 20
1018.454944
 30
0.0
 11
417.685471
 21
1018.331944
 31
0.0
  0
LINE
  5
1393
330
70
100
AcDbEntity
  8
Visible
100
AcDbLine
 10
417.602471
 20
1018.573944
 30
0.0
 11
417.646471
 21
1018.454944
 31
0.0
  0
LINE
  5
1394
330
70
100
AcDbEntity
  8
Visible
100
AcDbLine
 10
417.553471
 20
1018.688944
 30
0.0
 11
417.602471
 21
1018.573944
 31
0.0
  0
LINE
  5
1395
330
70
100
AcDbEntity
  8
Visible
100
AcDbLine
 10
417.499471
 20
1018.798944
 30
0.0
 11
417.553471
 21
1018.688944
 31
0.0
  0
LINE
  5
1396
330
70
100
AcDbEntity
  8
Visible
100
AcDbLine
 10
417.441471
 20
1018.903944
 30
0.0
 11
417.499471
 21
1018.798944
 31
0.0
  0
LINE
  5
1397
330
70
100
AcDbEntity
  8
Visible
100
AcDbLine
 10
417.378471
 20
1019.003944
 30
0.0
 11
417.441471
 21
1018.903944
 31
0.0
  0
LINE
  5
1398
330
70
100
AcDbEntity
  8
Visible
100
AcDbLine
 10
417.311471
 20
1019.097944
 30
0.0
 11
417.378471
 21
1019.003944
 31
0.0
  0
LINE
  5
1399
330
70
100
AcDbEntity
  8
Visible
100
AcDbLine
 10
417.239471
 20
1019.187944
 30
0.0
 11
417.311471
 21
1019.097944
 31
0.0
  0
LINE
  5
139A
330
70
100
AcDbEntity
  8
Visible
100
AcDbLine
 10
417.162471
 20
1019.271944
 30
0.0
 11
417.239471
 21
1019.187944
 31
0.0
  0
LINE
  5
139B
330
70
100
AcDbEntity
  8
Visible
100
AcDbLine
 10
417.082471
 20
1019.350944
 30
0.0
 11
417.162471
 21
1019.271944
 31
0.0
  0
LINE
  5
139C
330
70
100
AcDbEntity
  8
Visible
100
AcDbLine
 10
416.996471
 20
1019.423944
 30
0.0
 11
417.082471
 21
1019.350944
 31
0.0
  0
LINE
  5
139D
330
70
100
AcDbEntity
  8
Visible
100
AcDbLine
 10
416.906471
 20
1019.492944
 30
0.0
 11
416.996471
 21
1019.423944
 31
0.0
  0
LINE
  5
139E
330
70
100
AcDbEntity
  8
Visible
100
AcDbLine
 10
416.812471
 20
1019.555944
 30
0.0
 11
416.906471
 21
1019.492944
 31
0.0
  0
LINE
  5
139F
330
70
100
AcDbEntity
  8
Visible
100
AcDbLine
 10
416.713471
 20
1019.613944
 30
0.0
 11
416.812471
 21
1019.555944
 31
0.0
  0
LINE
  5
13A0
330
70
100
AcDbEntity
  8
Visible
100
AcDbLine
 10
416.611471
 20
1019.664944
 30
0.0
 11
416.713471
 21
1019.613944
 31
0.0
  0
LINE
  5
13A1
330
70
100
AcDbEntity
  8
Visible
100
AcDbLine
 10
416.505471
 20
1019.710944
 30
0.0
 11
416.611471
 21
1019.664944
 31
0.0
  0
LINE
  5
13A2
330
70
100
AcDbEntity
  8
Visible
100
AcDbLine
 10
416.394471
 20
1019.749944
 30
0.0
 11
416.505471
 21
1019.710944
 31
0.0
  0
LINE
  5
13A3
330
70
100
AcDbEntity
  8
Visible
100
AcDbLine
 10
416.280471
 20
1019.782944
 30
0.0
 11
416.394471
 21
1019.749944
 31
0.0
  0
LINE
  5
13A4
330
70
100
AcDbEntity
  8
Visible
100
AcDbLine
 10
416.162471
 20
1019.810944
 30
0.0
 11
416.280471
 21
1019.782944
 31
0.0
  0
LINE
  5
13A5
330
70
100
AcDbEntity
  8
Visible
100
AcDbLine
 10
416.040471
 20
1019.831944
 30
0.0
 11
416.162471
 21
1019.810944
 31
0.0
  0
LINE
  5
13A6
330
70
100
AcDbEntity
  8
Visible
100
AcDbLine
 10
415.914471
 20
1019.846944
 30
0.0
 11
416.040471
 21
1019.831944
 31
0.0
  0
LINE
  5
13A7
330
70
100
AcDbEntity
  8
Visible
100
AcDbLine
 10
415.785471
 20
1019.855944
 30
0.0
 11
415.914471
 21
1019.846944
 31
0.0
  0
LINE
  5
13A8
330
70
100
AcDbEntity
  8
Visible
100
AcDbLine
 10
415.651471
 20
1019.858944
 30
0.0
 11
415.785471
 21
1019.855944
 31
0.0
  0
LINE
  5
13A9
330
70
100
AcDbEntity
  8
Visible
100
AcDbLine
 10
415.508471
 20
1019.854944
 30
0.0
 11
415.651471
 21
1019.858944
 31
0.0
  0
LINE
  5
13AA
330
70
100
AcDbEntity
  8
Visible
100
AcDbLine
 10
415.369471
 20
1019.843944
 30
0.0
 11
415.508471
 21
1019.854944
 31
0.0
  0
LINE
  5
13AB
330
70
100
AcDbEntity
  8
Visible
100
AcDbLine
 10
415.235471
 20
1019.824944
 30
0.0
 11
415.369471
 21
1019.843944
 31
0.0
  0
LINE
  5
13AC
330
70
100
AcDbEntity
  8
Visible
100
AcDbLine
 10
415.105471
 20
1019.798944
 30
0.0
 11
415.235471
 21
1019.824944
 31
0.0
  0
LINE
  5
13AD
330
70
100
AcDbEntity
  8
Visible
100
AcDbLine
 10
414.980471
 20
1019.764944
 30
0.0
 11
415.105471
 21
1019.798944
 31
0.0
  0
LINE
  5
13AE
330
70
100
AcDbEntity
  8
Visible
100
AcDbLine
 10
414.859471
 20
1019.723944
 30
0.0
 11
414.980471
 21
1019.764944
 31
0.0
  0
LINE
  5
13AF
330
70
100
AcDbEntity
  8
Visible
100
AcDbLine
 10
414.742471
 20
1019.674944
 30
0.0
 11
414.859471
 21
1019.723944
 31
0.0
  0
LINE
  5
13B0
330
70
100
AcDbEntity
  8
Visible
100
AcDbLine
 10
414.630471
 20
1019.618944
 30
0.0
 11
414.742471
 21
1019.674944
 31
0.0
  0
LINE
  5
13B1
330
70
100
AcDbEntity
  8
Visible
100
AcDbLine
 10
414.522471
 20
1019.554944
 30
0.0
 11
414.630471
 21
1019.618944
 31
0.0
  0
LINE
  5
13B2
330
70
100
AcDbEntity
  8
Visible
100
AcDbLine
 10
414.418471
 20
1019.483944
 30
0.0
 11
414.522471
 21
1019.554944
 31
0.0
  0
LINE
  5
13B3
330
70
100
AcDbEntity
  8
Visible
100
AcDbLine
 10
414.319471
 20
1019.405944
 30
0.0
 11
414.418471
 21
1019.483944
 31
0.0
  0
LINE
  5
13B4
330
70
100
AcDbEntity
  8
Visible
100
AcDbLine
 10
414.225471
 20
1019.320944
 30
0.0
 11
414.319471
 21
1019.405944
 31
0.0
  0
LINE
  5
13B5
330
70
100
AcDbEntity
  8
Visible
100
AcDbLine
 10
414.136471
 20
1019.228944
 30
0.0
 11
414.225471
 21
1019.320944
 31
0.0
  0
LINE
  5
13B6
330
70
100
AcDbEntity
  8
Visible
100
AcDbLine
 10
414.051471
 20
1019.130944
 30
0.0
 11
414.136471
 21
1019.228944
 31
0.0
  0
LINE
  5
13B7
330
70
100
AcDbEntity
  8
Visible
100
AcDbLine
 10
413.972471
 20
1019.025944
 30
0.0
 11
414.051471
 21
1019.130944
 31
0.0
  0
LINE
  5
13B8
330
70
100
AcDbEntity
  8
Visible
100
AcDbLine
 10
413.897471
 20
1018.913944
 30
0.0
 11
413.972471
 21
1019.025944
 31
0.0
  0
LINE
  5
13B9
330
70
100
AcDbEntity
  8
Visible
100
AcDbLine
 10
413.827471
 20
1018.795944
 30
0.0
 11
413.897471
 21
1018.913944
 31
0.0
  0
LINE
  5
13BA
330
70
100
AcDbEntity
  8
Visible
100
AcDbLine
 10
413.762471
 20
1018.670944
 30
0.0
 11
413.827471
 21
1018.795944
 31
0.0
  0
LINE
  5
13BB
330
70
100
AcDbEntity
  8
Visible
100
AcDbLine
 10
413.743471
 20
1018.629144
 30
0.0
 11
413.762471
 21
1018.670944
 31
0.0
  0
LINE
  5
13BC
330
70
100
AcDbEntity
  8
Visible
100
AcDbLine
 10
413.743471
 20
1022.162944
 30
0.0
 11
413.743471
 21
1018.629144
 31
0.0
  0
LINE
  5
13BD
330
70
100
AcDbEntity
  8
Visible
100
AcDbLine
 10
412.807471
 20
1022.162944
 30
0.0
 11
413.743471
 21
1022.162944
 31
0.0
  0
LINE
  5
13BE
330
70
100
AcDbEntity
  8
Visible
100
AcDbLine
 10
412.807471
 20
1013.978944
 30
0.0
 11
412.807471
 21
1022.162944
 31
0.0
  0
LINE
  5
13BF
330
70
100
AcDbEntity
  8
Visible
100
AcDbLine
 10
413.743471
 20
1013.978944
 30
0.0
 11
412.807471
 21
1013.978944
 31
0.0
  0
LINE
  5
13C0
330
70
100
AcDbEntity
  8
Visible
100
AcDbLine
 10
413.743471
 20
1016.690944
 30
0.0
 11
413.743471
 21
1013.978944
 31
0.0
  0
LINE
  5
13C1
330
70
100
AcDbEntity
  8
Visible
100
AcDbLine
 10
420.169471
 20
1021.310944
 30
0.0
 11
421.093471
 21
1021.310944
 31
0.0
  0
LINE
  5
13C2
330
70
100
AcDbEntity
  8
Visible
100
AcDbLine
 10
420.169471
 20
1019.714944
 30
0.0
 11
420.169471
 21
1021.310944
 31
0.0
  0
LINE
  5
13C3
330
70
100
AcDbEntity
  8
Visible
100
AcDbLine
 10
419.245471
 20
1019.714944
 30
0.0
 11
420.169471
 21
1019.714944
 31
0.0
  0
LINE
  5
13C4
330
70
100
AcDbEntity
  8
Visible
100
AcDbLine
 10
419.245471
 20
1019.066944
 30
0.0
 11
419.245471
 21
1019.714944
 31
0.0
  0
LINE
  5
13C5
330
70
100
AcDbEntity
  8
Visible
100
AcDbLine
 10
420.169471
 20
1019.066944
 30
0.0
 11
419.245471
 21
1019.066944
 31
0.0
  0
LINE
  5
13C6
330
70
100
AcDbEntity
  8
Visible
100
AcDbLine
 10
420.169471
 20
1015.454944
 30
0.0
 11
420.169471
 21
1019.066944
 31
0.0
  0
LINE
  5
13C7
330
70
100
AcDbEntity
  8
Visible
100
AcDbLine
 10
420.171471
 20
1015.348944
 30
0.0
 11
420.169471
 21
1015.454944
 31
0.0
  0
LINE
  5
13C8
330
70
100
AcDbEntity
  8
Visible
100
AcDbLine
 10
420.178471
 20
1015.245944
 30
0.0
 11
420.171471
 21
1015.348944
 31
0.0
  0
LINE
  5
13C9
330
70
100
AcDbEntity
  8
Visible
100
AcDbLine
 10
420.188471
 20
1015.146944
 30
0.0
 11
420.178471
 21
1015.245944
 31
0.0
  0
LINE
  5
13CA
330
70
100
AcDbEntity
  8
Visible
100
AcDbLine
 10
420.204471
 20
1015.051944
 30
0.0
 11
420.188471
 21
1015.146944
 31
0.0
  0
LINE
  5
13CB
330
70
100
AcDbEntity
  8
Visible
100
AcDbLine
 10
420.223471
 20
1014.959944
 30
0.0
 11
420.204471
 21
1015.051944
 31
0.0
  0
LINE
  5
13CC
330
70
100
AcDbEntity
  8
Visible
100
AcDbLine
 10
420.247471
 20
1014.871944
 30
0.0
 11
420.223471
 21
1014.959944
 31
0.0
  0
LINE
  5
13CD
330
70
100
AcDbEntity
  8
Visible
100
AcDbLine
 10
420.275471
 20
1014.786944
 30
0.0
 11
420.247471
 21
1014.871944
 31
0.0
  0
LINE
  5
13CE
330
70
100
AcDbEntity
  8
Visible
100
AcDbLine
 10
420.307471
 20
1014.705944
 30
0.0
 11
420.275471
 21
1014.786944
 31
0.0
  0
LINE
  5
13CF
330
70
100
AcDbEntity
  8
Visible
100
AcDbLine
 10
420.344471
 20
1014.628944
 30
0.0
 11
420.307471
 21
1014.705944
 31
0.0
  0
LINE
  5
13D0
330
70
100
AcDbEntity
  8
Visible
100
AcDbLine
 10
420.385471
 20
1014.554944
 30
0.0
 11
420.344471
 21
1014.628944
 31
0.0
  0
LINE
  5
13D1
330
70
100
AcDbEntity
  8
Visible
100
AcDbLine
 10
420.430471
 20
1014.484944
 30
0.0
 11
420.385471
 21
1014.554944
 31
0.0
  0
LINE
  5
13D2
330
70
100
AcDbEntity
  8
Visible
100
AcDbLine
 10
420.478471
 20
1014.417944
 30
0.0
 11
420.430471
 21
1014.484944
 31
0.0
  0
LINE
  5
13D3
330
70
100
AcDbEntity
  8
Visible
100
AcDbLine
 10
420.529471
 20
1014.354944
 30
0.0
 11
420.478471
 21
1014.417944
 31
0.0
  0
LINE
  5
13D4
330
70
100
AcDbEntity
  8
Visible
100
AcDbLine
 10
420.583471
 20
1014.295944
 30
0.0
 11
420.529471
 21
1014.354944
 31
0.0
  0
LINE
  5
13D5
330
70
100
AcDbEntity
  8
Visible
100
AcDbLine
 10
420.640471
 20
1014.239944
 30
0.0
 11
420.583471
 21
1014.295944
 31
0.0
  0
LINE
  5
13D6
330
70
100
AcDbEntity
  8
Visible
100
AcDbLine
 10
420.700471
 20
1014.187944
 30
0.0
 11
420.640471
 21
1014.239944
 31
0.0
  0
LINE
  5
13D7
330
70
100
AcDbEntity
  8
Visible
100
AcDbLine
 10
420.764471
 20
1014.138944
 30
0.0
 11
420.700471
 21
1014.187944
 31
0.0
  0
LINE
  5
13D8
330
70
100
AcDbEntity
  8
Visible
100
AcDbLine
 10
420.830471
 20
1014.093944
 30
0.0
 11
420.764471
 21
1014.138944
 31
0.0
  0
LINE
  5
13D9
330
70
100
AcDbEntity
  8
Visible
100
AcDbLine
 10
420.900471
 20
1014.052944
 30
0.0
 11
420.830471
 21
1014.093944
 31
0.0
  0
LINE
  5
13DA
330
70
100
AcDbEntity
  8
Visible
100
AcDbLine
 10
420.973471
 20
1014.014944
 30
0.0
 11
420.900471
 21
1014.052944
 31
0.0
  0
LINE
  5
13DB
330
70
100
AcDbEntity
  8
Visible
100
AcDbLine
 10
421.048471
 20
1013.980944
 30
0.0
 11
420.973471
 21
1014.014944
 31
0.0
  0
LINE
  5
13DC
330
70
100
AcDbEntity
  8
Visible
100
AcDbLine
 10
421.126471
 20
1013.949944
 30
0.0
 11
421.048471
 21
1013.980944
 31
0.0
  0
LINE
  5
13DD
330
70
100
AcDbEntity
  8
Visible
100
AcDbLine
 10
421.205471
 20
1013.922944
 30
0.0
 11
421.126471
 21
1013.949944
 31
0.0
  0
LINE
  5
13DE
330
70
100
AcDbEntity
  8
Visible
100
AcDbLine
 10
421.286471
 20
1013.899944
 30
0.0
 11
421.205471
 21
1013.922944
 31
0.0
  0
LINE
  5
13DF
330
70
100
AcDbEntity
  8
Visible
100
AcDbLine
 10
421.369471
 20
1013.879944
 30
0.0
 11
421.286471
 21
1013.899944
 31
0.0
  0
LINE
  5
13E0
330
70
100
AcDbEntity
  8
Visible
100
AcDbLine
 10
421.454471
 20
1013.863944
 30
0.0
 11
421.369471
 21
1013.879944
 31
0.0
  0
LINE
  5
13E1
330
70
100
AcDbEntity
  8
Visible
100
AcDbLine
 10
421.541471
 20
1013.850944
 30
0.0
 11
421.454471
 21
1013.863944
 31
0.0
  0
LINE
  5
13E2
330
70
100
AcDbEntity
  8
Visible
100
AcDbLine
 10
421.630471
 20
1013.841944
 30
0.0
 11
421.541471
 21
1013.850944
 31
0.0
  0
LINE
  5
13E3
330
70
100
AcDbEntity
  8
Visible
100
AcDbLine
 10
421.720471
 20
1013.836944
 30
0.0
 11
421.630471
 21
1013.841944
 31
0.0
  0
LINE
  5
13E4
330
70
100
AcDbEntity
  8
Visible
100
AcDbLine
 10
421.813471
 20
1013.834944
 30
0.0
 11
421.720471
 21
1013.836944
 31
0.0
  0
LINE
  5
13E5
330
70
100
AcDbEntity
  8
Visible
100
AcDbLine
 10
421.878471
 20
1013.835944
 30
0.0
 11
421.813471
 21
1013.834944
 31
0.0
  0
LINE
  5
13E6
330
70
100
AcDbEntity
  8
Visible
100
AcDbLine
 10
421.942471
 20
1013.837944
 30
0.0
 11
421.878471
 21
1013.835944
 31
0.0
  0
LINE
  5
13E7
330
70
100
AcDbEntity
  8
Visible
100
AcDbLine
 10
422.006471
 20
1013.842944
 30
0.0
 11
421.942471
 21
1013.837944
 31
0.0
  0
LINE
  5
13E8
330
70
100
AcDbEntity
  8
Visible
100
AcDbLine
 10
422.069471
 20
1013.847944
 30
0.0
 11
422.006471
 21
1013.842944
 31
0.0
  0
LINE
  5
13E9
330
70
100
AcDbEntity
  8
Visible
100
AcDbLine
 10
422.132471
 20
1013.855944
 30
0.0
 11
422.069471
 21
1013.847944
 31
0.0
  0
LINE
  5
13EA
330
70
100
AcDbEntity
  8
Visible
100
AcDbLine
 10
422.194471
 20
1013.864944
 30
0.0
 11
422.132471
 21
1013.855944
 31
0.0
  0
LINE
  5
13EB
330
70
100
AcDbEntity
  8
Visible
100
AcDbLine
 10
422.256471
 20
1013.875944
 30
0.0
 11
422.194471
 21
1013.864944
 31
0.0
  0
LINE
  5
13EC
330
70
100
AcDbEntity
  8
Visible
100
AcDbLine
 10
422.318471
 20
1013.888944
 30
0.0
 11
422.256471
 21
1013.875944
 31
0.0
  0
LINE
  5
13ED
330
70
100
AcDbEntity
  8
Visible
100
AcDbLine
 10
422.379471
 20
1013.902944
 30
0.0
 11
422.318471
 21
1013.888944
 31
0.0
  0
LINE
  5
13EE
330
70
100
AcDbEntity
  8
Visible
100
AcDbLine
 10
422.440471
 20
1013.918944
 30
0.0
 11
422.379471
 21
1013.902944
 31
0.0
  0
LINE
  5
13EF
330
70
100
AcDbEntity
  8
Visible
100
AcDbLine
 10
422.501471
 20
1013.935944
 30
0.0
 11
422.440471
 21
1013.918944
 31
0.0
  0
LINE
  5
13F0
330
70
100
AcDbEntity
  8
Visible
100
AcDbLine
 10
422.561471
 20
1013.954944
 30
0.0
 11
422.501471
 21
1013.935944
 31
0.0
  0
LINE
  5
13F1
330
70
100
AcDbEntity
  8
Visible
100
AcDbLine
 10
422.622471
 20
1013.973944
 30
0.0
 11
422.561471
 21
1013.954944
 31
0.0
  0
LINE
  5
13F2
330
70
100
AcDbEntity
  8
Visible
100
AcDbLine
 10
422.683471
 20
1013.993944
 30
0.0
 11
422.622471
 21
1013.973944
 31
0.0
  0
LINE
  5
13F3
330
70
100
AcDbEntity
  8
Visible
100
AcDbLine
 10
422.744471
 20
1014.014944
 30
0.0
 11
422.683471
 21
1013.993944
 31
0.0
  0
LINE
  5
13F4
330
70
100
AcDbEntity
  8
Visible
100
AcDbLine
 10
422.805471
 20
1014.036944
 30
0.0
 11
422.744471
 21
1014.014944
 31
0.0
  0
LINE
  5
13F5
330
70
100
AcDbEntity
  8
Visible
100
AcDbLine
 10
422.866471
 20
1014.059944
 30
0.0
 11
422.805471
 21
1014.036944
 31
0.0
  0
LINE
  5
13F6
330
70
100
AcDbEntity
  8
Visible
100
AcDbLine
 10
422.927471
 20
1014.083944
 30
0.0
 11
422.866471
 21
1014.059944
 31
0.0
  0
LINE
  5
13F7
330
70
100
AcDbEntity
  8
Visible
100
AcDbLine
 10
422.988471
 20
1014.108944
 30
0.0
 11
422.927471
 21
1014.083944
 31
0.0
  0
LINE
  5
13F8
330
70
100
AcDbEntity
  8
Visible
100
AcDbLine
 10
423.049471
 20
1014.134944
 30
0.0
 11
422.988471
 21
1014.108944
 31
0.0
  0
LINE
  5
13F9
330
70
100
AcDbEntity
  8
Visible
100
AcDbLine
 10
422.917471
 20
1014.806944
 30
0.0
 11
423.049471
 21
1014.134944
 31
0.0
  0
LINE
  5
13FA
330
70
100
AcDbEntity
  8
Visible
100
AcDbLine
 10
422.860471
 20
1014.785944
 30
0.0
 11
422.917471
 21
1014.806944
 31
0.0
  0
LINE
  5
13FB
330
70
100
AcDbEntity
  8
Visible
100
AcDbLine
 10
422.804471
 20
1014.765944
 30
0.0
 11
422.860471
 21
1014.785944
 31
0.0
  0
LINE
  5
13FC
330
70
100
AcDbEntity
  8
Visible
100
AcDbLine
 10
422.749471
 20
1014.746944
 30
0.0
 11
422.804471
 21
1014.765944
 31
0.0
  0
LINE
  5
13FD
330
70
100
AcDbEntity
  8
Visible
100
AcDbLine
 10
422.696471
 20
1014.728944
 30
0.0
 11
422.749471
 21
1014.746944
 31
0.0
  0
LINE
  5
13FE
330
70
100
AcDbEntity
  8
Visible
100
AcDbLine
 10
422.643471
 20
1014.712944
 30
0.0
 11
422.696471
 21
1014.728944
 31
0.0
  0
LINE
  5
13FF
330
70
100
AcDbEntity
  8
Visible
100
AcDbLine
 10
422.592471
 20
1014.696944
 30
0.0
 11
422.643471
 21
1014.712944
 31
0.0
  0
LINE
  5
1400
330
70
100
AcDbEntity
  8
Visible
100
AcDbLine
 10
422.542471
 20
1014.681944
 30
0.0
 11
422.592471
 21
1014.696944
 31
0.0
  0
LINE
  5
1401
330
70
100
AcDbEntity
  8
Visible
100
AcDbLine
 10
422.493471
 20
1014.668944
 30
0.0
 11
422.542471
 21
1014.681944
 31
0.0
  0
LINE
  5
1402
330
70
100
AcDbEntity
  8
Visible
100
AcDbLine
 10
422.445471
 20
1014.655944
 30
0.0
 11
422.493471
 21
1014.668944
 31
0.0
  0
LINE
  5
1403
330
70
100
AcDbEntity
  8
Visible
100
AcDbLine
 10
422.398471
 20
1014.644944
 30
0.0
 11
422.445471
 21
1014.655944
 31
0.0
  0
LINE
  5
1404
330
70
100
AcDbEntity
  8
Visible
100
AcDbLine
 10
422.352471
 20
1014.634944
 30
0.0
 11
422.398471
 21
1014.644944
 31
0.0
  0
LINE
  5
1405
330
70
100
AcDbEntity
  8
Visible
100
AcDbLine
 10
422.258471
 20
1014.616944
 30
0.0
 11
422.352471
 21
1014.634944
 31
0.0
  0
LINE
  5
1406
330
70
100
AcDbEntity
  8
Visible
100
AcDbLine
 10
422.211471
 20
1014.609944
 30
0.0
 11
422.258471
 21
1014.616944
 31
0.0
  0
LINE
  5
1407
330
70
100
AcDbEntity
  8
Visible
100
AcDbLine
 10
422.163471
 20
1014.603944
 30
0.0
 11
422.211471
 21
1014.609944
 31
0.0
  0
LINE
  5
1408
330
70
100
AcDbEntity
  8
Visible
100
AcDbLine
 10
422.067471
 20
1014.595944
 30
0.0
 11
422.163471
 21
1014.603944
 31
0.0
  0
LINE
  5
1409
330
70
100
AcDbEntity
  8
Visible
100
AcDbLine
 10
422.019471
 20
1014.592944
 30
0.0
 11
422.067471
 21
1014.595944
 31
0.0
  0
LINE
  5
140A
330
70
100
AcDbEntity
  8
Visible
100
AcDbLine
 10
421.921471
 20
1014.590944
 30
0.0
 11
422.019471
 21
1014.592944
 31
0.0
  0
LINE
  5
140B
330
70
100
AcDbEntity
  8
Visible
100
AcDbLine
 10
421.764471
 20
1014.599944
 30
0.0
 11
421.921471
 21
1014.590944
 31
0.0
  0
LINE
  5
140C
330
70
100
AcDbEntity
  8
Visible
100
AcDbLine
 10
421.623471
 20
1014.626944
 30
0.0
 11
421.764471
 21
1014.599944
 31
0.0
  0
LINE
  5
140D
330
70
100
AcDbEntity
  8
Visible
100
AcDbLine
 10
421.499471
 20
1014.670944
 30
0.0
 11
421.623471
 21
1014.626944
 31
0.0
  0
LINE
  5
140E
330
70
100
AcDbEntity
  8
Visible
100
AcDbLine
 10
421.391471
 20
1014.732944
 30
0.0
 11
421.499471
 21
1014.670944
 31
0.0
  0
LINE
  5
140F
330
70
100
AcDbEntity
  8
Visible
100
AcDbLine
 10
421.300471
 20
1014.812944
 30
0.0
 11
421.391471
 21
1014.732944
 31
0.0
  0
LINE
  5
1410
330
70
100
AcDbEntity
  8
Visible
100
AcDbLine
 10
421.225471
 20
1014.910944
 30
0.0
 11
421.300471
 21
1014.812944
 31
0.0
  0
LINE
  5
1411
330
70
100
AcDbEntity
  8
Visible
100
AcDbLine
 10
421.168471
 20
1015.025944
 30
0.0
 11
421.225471
 21
1014.910944
 31
0.0
  0
LINE
  5
1412
330
70
100
AcDbEntity
  8
Visible
100
AcDbLine
 10
421.126471
 20
1015.158944
 30
0.0
 11
421.168471
 21
1015.025944
 31
0.0
  0
LINE
  5
1413
330
70
100
AcDbEntity
  8
Visible
100
AcDbLine
 10
421.101471
 20
1015.309944
 30
0.0
 11
421.126471
 21
1015.158944
 31
0.0
  0
LINE
  5
1414
330
70
100
AcDbEntity
  8
Visible
100
AcDbLine
 10
421.093471
 20
1015.478944
 30
0.0
 11
421.101471
 21
1015.309944
 31
0.0
  0
LINE
  5
1415
330
70
100
AcDbEntity
  8
Visible
100
AcDbLine
 10
421.093471
 20
1019.066944
 30
0.0
 11
421.093471
 21
1015.478944
 31
0.0
  0
LINE
  5
1416
330
70
100
AcDbEntity
  8
Visible
100
AcDbLine
 10
422.905471
 20
1019.066944
 30
0.0
 11
421.093471
 21
1019.066944
 31
0.0
  0
LINE
  5
1417
330
70
100
AcDbEntity
  8
Visible
100
AcDbLine
 10
422.905471
 20
1019.714944
 30
0.0
 11
422.905471
 21
1019.066944
 31
0.0
  0
LINE
  5
1418
330
70
100
AcDbEntity
  8
Visible
100
AcDbLine
 10
421.093471
 20
1019.714944
 30
0.0
 11
422.905471
 21
1019.714944
 31
0.0
  0
LINE
  5
1419
330
70
100
AcDbEntity
  8
Visible
100
AcDbLine
 10
421.093471
 20
1021.310944
 30
0.0
 11
421.093471
 21
1019.714944
 31
0.0
  0
LINE
  5
141A
330
70
100
AcDbEntity
  8
Visible
100
AcDbLine
 10
602.622471
 20
1293.612944
 30
0.0
 11
608.622471
 21
1293.612944
 31
0.0
  0
LINE
  5
141B
330
70
100
AcDbEntity
  8
Visible
100
AcDbLine
 10
602.622471
 20
1264.612944
 30
0.0
 11
602.622471
 21
1293.612944
 31
0.0
  0
LINE
  5
141C
330
70
100
AcDbEntity
  8
Visible
100
AcDbLine
 10
608.622471
 20
1264.612944
 30
0.0
 11
602.622471
 21
1264.612944
 31
0.0
  0
LINE
  5
141D
330
70
100
AcDbEntity
  8
Visible
100
AcDbLine
 10
608.622471
 20
1235.612944
 30
0.0
 11
608.622471
 21
1264.612944
 31
0.0
  0
LINE
  5
141E
330
70
100
AcDbEntity
  8
Visible
100
AcDbLine
 10
602.622471
 20
1235.612944
 30
0.0
 11
608.622471
 21
1235.612944
 31
0.0
  0
LINE
  5
141F
330
70
100
AcDbEntity
  8
Visible
100
AcDbLine
 10
602.622471
 20
1206.612944
 30
0.0
 11
602.622471
 21
1235.612944
 31
0.0
  0
LINE
  5
1420
330
70
100
AcDbEntity
  8
Visible
100
AcDbLine
 10
608.622471
 20
1206.612944
 30
0.0
 11
602.622471
 21
1206.612944
 31
0.0
  0
LINE
  5
1421
330
70
100
AcDbEntity
  8
Visible
100
AcDbLine
 10
608.622471
 20
1177.612944
 30
0.0
 11
608.622471
 21
1206.612944
 31
0.0
  0
LINE
  5
1422
330
70
100
AcDbEntity
  8
Visible
100
AcDbLine
 10
602.622471
 20
1177.612944
 30
0.0
 11
608.622471
 21
1177.612944
 31
0.0
  0
LINE
  5
1423
330
70
100
AcDbEntity
  8
Visible
100
AcDbLine
 10
602.622471
 20
1148.612944
 30
0.0
 11
602.622471
 21
1177.612944
 31
0.0
  0
LINE
  5
1424
330
70
100
AcDbEntity
  8
Visible
100
AcDbLine
 10
608.622471
 20
1148.612944
 30
0.0
 11
602.622471
 21
1148.612944
 31
0.0
  0
LINE
  5
1425
330
70
100
AcDbEntity
  8
Visible
100
AcDbLine
 10
608.622471
 20
1119.612944
 30
0.0
 11
608.622471
 21
1148.612944
 31
0.0
  0
LINE
  5
1426
330
70
100
AcDbEntity
  8
Visible
100
AcDbLine
 10
602.622471
 20
1119.612944
 30
0.0
 11
608.622471
 21
1119.612944
 31
0.0
  0
LINE
  5
1427
330
70
100
AcDbEntity
  8
Visible
100
AcDbLine
 10
602.622471
 20
1090.612944
 30
0.0
 11
602.622471
 21
1119.612944
 31
0.0
  0
LINE
  5
1428
330
70
100
AcDbEntity
  8
Visible
100
AcDbLine
 10
608.622471
 20
1090.612944
 30
0.0
 11
602.622471
 21
1090.612944
 31
0.0
  0
LINE
  5
1429
330
70
100
AcDbEntity
  8
Visible
100
AcDbLine
 10
608.622471
 20
1061.612944
 30
0.0
 11
608.622471
 21
1090.612944
 31
0.0
  0
LINE
  5
142A
330
70
100
AcDbEntity
  8
Visible
100
AcDbLine
 10
602.622471
 20
1061.612944
 30
0.0
 11
608.622471
 21
1061.612944
 31
0.0
  0
LINE
  5
142B
330
70
100
AcDbEntity
  8
Visible
100
AcDbLine
 10
602.622471
 20
1032.612944
 30
0.0
 11
602.622471
 21
1061.612944
 31
0.0
  0
LINE
  5
142C
330
70
100
AcDbEntity
  8
Visible
100
AcDbLine
 10
608.622471
 20
1032.612944
 30
0.0
 11
602.622471
 21
1032.612944
 31
0.0
  0
LINE
  5
142D
330
70
100
AcDbEntity
  8
Visible
100
AcDbLine
 10
608.622471
 20
1003.612944
 30
0.0
 11
608.622471
 21
1032.612944
 31
0.0
  0
LINE
  5
142E
330
70
100
AcDbEntity
  8
Visible
100
AcDbLine
 10
602.622471
 20
1003.612944
 30
0.0
 11
608.622471
 21
1003.612944
 31
0.0
  0
LINE
  5
142F
330
70
100
AcDbEntity
  8
Visible
100
AcDbLine
 10
602.622471
 20
974.612944
 30
0.0
 11
602.622471
 21
1003.612944
 31
0.0
  0
LINE
  5
1430
330
70
100
AcDbEntity
  8
Visible
100
AcDbLine
 10
608.622471
 20
974.612944
 30
0.0
 11
602.622471
 21
974.612944
 31
0.0
  0
LINE
  5
1431
330
70
100
AcDbEntity
  8
Visible
100
AcDbLine
 10
608.622471
 20
945.612944
 30
0.0
 11
608.622471
 21
974.612944
 31
0.0
  0
LINE
  5
1432
330
70
100
AcDbEntity
  8
Visible
100
AcDbLine
 10
602.622471
 20
945.612944
 30
0.0
 11
608.622471
 21
945.612944
 31
0.0
  0
LINE
  5
1433
330
70
100
AcDbEntity
  8
Visible
100
AcDbLine
 10
602.622471
 20
916.612944
 30
0.0
 11
602.622471
 21
945.612944
 31
0.0
  0
LINE
  5
1434
330
70
100
AcDbEntity
  8
Visible
100
AcDbLine
 10
608.622471
 20
916.612944
 30
0.0
 11
602.622471
 21
916.612944
 31
0.0
  0
LINE
  5
1435
330
70
100
AcDbEntity
  8
Visible
100
AcDbLine
 10
608.622471
 20
887.612944
 30
0.0
 11
608.622471
 21
916.612944
 31
0.0
  0
LINE
  5
1436
330
70
100
AcDbEntity
  8
Visible
100
AcDbLine
 10
602.622471
 20
887.612944
 30
0.0
 11
608.622471
 21
887.612944
 31
0.0
  0
LINE
  5
1437
330
70
100
AcDbEntity
  8
Visible
100
AcDbLine
 10
602.622471
 20
858.612944
 30
0.0
 11
602.622471
 21
887.612944
 31
0.0
  0
LINE
  5
1438
330
70
100
AcDbEntity
  8
Visible
100
AcDbLine
 10
608.622471
 20
858.612944
 30
0.0
 11
602.622471
 21
858.612944
 31
0.0
  0
LINE
  5
1439
330
70
100
AcDbEntity
  8
Visible
100
AcDbLine
 10
608.622471
 20
829.612944
 30
0.0
 11
608.622471
 21
858.612944
 31
0.0
  0
LINE
  5
143A
330
70
100
AcDbEntity
  8
Visible
100
AcDbLine
 10
602.622471
 20
829.612944
 30
0.0
 11
608.622471
 21
829.612944
 31
0.0
  0
LINE
  5
143B
330
70
100
AcDbEntity
  8
Visible
100
AcDbLine
 10
602.622471
 20
800.612944
 30
0.0
 11
602.622471
 21
829.612944
 31
0.0
  0
LINE
  5
143C
330
70
100
AcDbEntity
  8
Visible
100
AcDbLine
 10
608.622471
 20
800.612944
 30
0.0
 11
602.622471
 21
800.612944
 31
0.0
  0
LINE
  5
143D
330
70
100
AcDbEntity
  8
Visible
100
AcDbLine
 10
608.622471
 20
771.612944
 30
0.0
 11
608.622471
 21
800.612944
 31
0.0
  0
LINE
  5
143E
330
70
100
AcDbEntity
  8
Visible
100
AcDbLine
 10
602.622471
 20
771.612944
 30
0.0
 11
608.622471
 21
771.612944
 31
0.0
  0
LINE
  5
143F
330
70
100
AcDbEntity
  8
Visible
100
AcDbLine
 10
602.622471
 20
742.612944
 30
0.0
 11
602.622471
 21
771.612944
 31
0.0
  0
LINE
  5
1440
330
70
100
AcDbEntity
  8
Visible
100
AcDbLine
 10
608.622471
 20
742.612944
 30
0.0
 11
602.622471
 21
742.612944
 31
0.0
  0
LINE
  5
1441
330
70
100
AcDbEntity
  8
Visible
100
AcDbLine
 10
608.622471
 20
718.112944
 30
0.0
 11
608.622471
 21
742.612944
 31
0.0
  0
LINE
  5
1442
330
70
100
AcDbEntity
  8
Visible
100
AcDbLine
 10
568.122471
 20
718.112944
 30
0.0
 11
608.622471
 21
718.112944
 31
0.0
  0
LINE
  5
1443
330
70
100
AcDbEntity
  8
Visible
100
AcDbLine
 10
568.122471
 20
724.112944
 30
0.0
 11
568.122471
 21
718.112944
 31
0.0
  0
LINE
  5
1444
330
70
100
AcDbEntity
  8
Visible
100
AcDbLine
 10
539.122471
 20
724.112944
 30
0.0
 11
568.122471
 21
724.112944
 31
0.0
  0
LINE
  5
1445
330
70
100
AcDbEntity
  8
Visible
100
AcDbLine
 10
539.122471
 20
718.112944
 30
0.0
 11
539.122471
 21
724.112944
 31
0.0
  0
LINE
  5
1446
330
70
100
AcDbEntity
  8
Visible
100
AcDbLine
 10
510.122471
 20
718.112944
 30
0.0
 11
539.122471
 21
718.112944
 31
0.0
  0
LINE
  5
1447
330
70
100
AcDbEntity
  8
Visible
100
AcDbLine
 10
510.122471
 20
724.112944
 30
0.0
 11
510.122471
 21
718.112944
 31
0.0
  0
LINE
  5
1448
330
70
100
AcDbEntity
  8
Visible
100
AcDbLine
 10
481.122471
 20
724.112944
 30
0.0
 11
510.122471
 21
724.112944
 31
0.0
  0
LINE
  5
1449
330
70
100
AcDbEntity
  8
Visible
100
AcDbLine
 10
481.122471
 20
718.112944
 30
0.0
 11
481.122471
 21
724.112944
 31
0.0
  0
LINE
  5
144A
330
70
100
AcDbEntity
  8
Visible
100
AcDbLine
 10
452.122471
 20
718.112944
 30
0.0
 11
481.122471
 21
718.112944
 31
0.0
  0
LINE
  5
144B
330
70
100
AcDbEntity
  8
Visible
100
AcDbLine
 10
452.122471
 20
724.112944
 30
0.0
 11
452.122471
 21
718.112944
 31
0.0
  0
LINE
  5
144C
330
70
100
AcDbEntity
  8
Visible
100
AcDbLine
 10
423.122471
 20
724.112944
 30
0.0
 11
452.122471
 21
724.112944
 31
0.0
  0
LINE
  5
144D
330
70
100
AcDbEntity
  8
Visible
100
AcDbLine
 10
423.122471
 20
718.112944
 30
0.0
 11
423.122471
 21
724.112944
 31
0.0
  0
LINE
  5
144E
330
70
100
AcDbEntity
  8
Visible
100
AcDbLine
 10
394.122471
 20
718.112944
 30
0.0
 11
423.122471
 21
718.112944
 31
0.0
  0
LINE
  5
144F
330
70
100
AcDbEntity
  8
Visible
100
AcDbLine
 10
394.122471
 20
724.112944
 30
0.0
 11
394.122471
 21
718.112944
 31
0.0
  0
LINE
  5
1450
330
70
100
AcDbEntity
  8
Visible
100
AcDbLine
 10
365.122471
 20
724.112944
 30
0.0
 11
394.122471
 21
724.112944
 31
0.0
  0
LINE
  5
1451
330
70
100
AcDbEntity
  8
Visible
100
AcDbLine
 10
365.122471
 20
718.112944
 30
0.0
 11
365.122471
 21
724.112944
 31
0.0
  0
LINE
  5
1452
330
70
100
AcDbEntity
  8
Visible
100
AcDbLine
 10
336.122471
 20
718.112944
 30
0.0
 11
365.122471
 21
718.112944
 31
0.0
  0
LINE
  5
1453
330
70
100
AcDbEntity
  8
Visible
100
AcDbLine
 10
336.122471
 20
724.112944
 30
0.0
 11
336.122471
 21
718.112944
 31
0.0
  0
LINE
  5
1454
330
70
100
AcDbEntity
  8
Visible
100
AcDbLine
 10
307.122471
 20
724.112944
 30
0.0
 11
336.122471
 21
724.112944
 31
0.0
  0
LINE
  5
1455
330
70
100
AcDbEntity
  8
Visible
100
AcDbLine
 10
307.122471
 20
718.112944
 30
0.0
 11
307.122471
 21
724.112944
 31
0.0
  0
LINE
  5
1456
330
70
100
AcDbEntity
  8
Visible
100
AcDbLine
 10
278.122471
 20
718.112944
 30
0.0
 11
307.122471
 21
718.112944
 31
0.0
  0
LINE
  5
1457
330
70
100
AcDbEntity
  8
Visible
100
AcDbLine
 10
278.122471
 20
724.112944
 30
0.0
 11
278.122471
 21
718.112944
 31
0.0
  0
LINE
  5
1458
330
70
100
AcDbEntity
  8
Visible
100
AcDbLine
 10
249.122471
 20
724.112944
 30
0.0
 11
278.122471
 21
724.112944
 31
0.0
  0
LINE
  5
1459
330
70
100
AcDbEntity
  8
Visible
100
AcDbLine
 10
249.122471
 20
718.112944
 30
0.0
 11
249.122471
 21
724.112944
 31
0.0
  0
LINE
  5
145A
330
70
100
AcDbEntity
  8
Visible
100
AcDbLine
 10
208.622471
 20
718.112944
 30
0.0
 11
249.122471
 21
718.112944
 31
0.0
  0
LINE
  5
145B
330
70
100
AcDbEntity
  8
Visible
100
AcDbLine
 10
208.622471
 20
742.612944
 30
0.0
 11
208.622471
 21
718.112944
 31
0.0
  0
LINE
  5
145C
330
70
100
AcDbEntity
  8
Visible
100
AcDbLine
 10
214.622471
 20
742.612944
 30
0.0
 11
208.622471
 21
742.612944
 31
0.0
  0
LINE
  5
145D
330
70
100
AcDbEntity
  8
Visible
100
AcDbLine
 10
214.622471
 20
771.612944
 30
0.0
 11
214.622471
 21
742.612944
 31
0.0
  0
LINE
  5
145E
330
70
100
AcDbEntity
  8
Visible
100
AcDbLine
 10
208.622471
 20
771.612944
 30
0.0
 11
214.622471
 21
771.612944
 31
0.0
  0
LINE
  5
145F
330
70
100
AcDbEntity
  8
Visible
100
AcDbLine
 10
208.622471
 20
800.612944
 30
0.0
 11
208.622471
 21
771.612944
 31
0.0
  0
LINE
  5
1460
330
70
100
AcDbEntity
  8
Visible
100
AcDbLine
 10
214.622471
 20
800.612944
 30
0.0
 11
208.622471
 21
800.612944
 31
0.0
  0
LINE
  5
1461
330
70
100
AcDbEntity
  8
Visible
100
AcDbLine
 10
214.622471
 20
829.612944
 30
0.0
 11
214.622471
 21
800.612944
 31
0.0
  0
LINE
  5
1462
330
70
100
AcDbEntity
  8
Visible
100
AcDbLine
 10
208.622471
 20
829.612944
 30
0.0
 11
214.622471
 21
829.612944
 31
0.0
  0
LINE
  5
1463
330
70
100
AcDbEntity
  8
Visible
100
AcDbLine
 10
208.622471
 20
858.612944
 30
0.0
 11
208.622471
 21
829.612944
 31
0.0
  0
LINE
  5
1464
330
70
100
AcDbEntity
  8
Visible
100
AcDbLine
 10
214.622471
 20
858.612944
 30
0.0
 11
208.622471
 21
858.612944
 31
0.0
  0
LINE
  5
1465
330
70
100
AcDbEntity
  8
Visible
100
AcDbLine
 10
214.622471
 20
887.612944
 30
0.0
 11
214.622471
 21
858.612944
 31
0.0
  0
LINE
  5
1466
330
70
100
AcDbEntity
  8
Visible
100
AcDbLine
 10
208.622471
 20
887.612944
 30
0.0
 11
214.622471
 21
887.612944
 31
0.0
  0
LINE
  5
1467
330
70
100
AcDbEntity
  8
Visible
100
AcDbLine
 10
208.622471
 20
916.612944
 30
0.0
 11
208.622471
 21
887.612944
 31
0.0
  0
LINE
  5
1468
330
70
100
AcDbEntity
  8
Visible
100
AcDbLine
 10
214.622471
 20
916.612944
 30
0.0
 11
208.622471
 21
916.612944
 31
0.0
  0
LINE
  5
1469
330
70
100
AcDbEntity
  8
Visible
100
AcDbLine
 10
214.622471
 20
945.612944
 30
0.0
 11
214.622471
 21
916.612944
 31
0.0
  0
LINE
  5
146A
330
70
100
AcDbEntity
  8
Visible
100
AcDbLine
 10
208.622471
 20
945.612944
 30
0.0
 11
214.622471
 21
945.612944
 31
0.0
  0
LINE
  5
146B
330
70
100
AcDbEntity
  8
Visible
100
AcDbLine
 10
208.622471
 20
974.612944
 30
0.0
 11
208.622471
 21
945.612944
 31
0.0
  0
LINE
  5
146C
330
70
100
AcDbEntity
  8
Visible
100
AcDbLine
 10
214.622471
 20
974.612944
 30
0.0
 11
208.622471
 21
974.612944
 31
0.0
  0
LINE
  5
146D
330
70
100
AcDbEntity
  8
Visible
100
AcDbLine
 10
214.622471
 20
1003.612944
 30
0.0
 11
214.622471
 21
974.612944
 31
0.0
  0
LINE
  5
146E
330
70
100
AcDbEntity
  8
Visible
100
AcDbLine
 10
208.622471
 20
1003.612944
 30
0.0
 11
214.622471
 21
1003.612944
 31
0.0
  0
LINE
  5
146F
330
70
100
AcDbEntity
  8
Visible
100
AcDbLine
 10
208.622471
 20
1032.612944
 30
0.0
 11
208.622471
 21
1003.612944
 31
0.0
  0
LINE
  5
1470
330
70
100
AcDbEntity
  8
Visible
100
AcDbLine
 10
214.622471
 20
1032.612944
 30
0.0
 11
208.622471
 21
1032.612944
 31
0.0
  0
LINE
  5
1471
330
70
100
AcDbEntity
  8
Visible
100
AcDbLine
 10
214.622471
 20
1061.612944
 30
0.0
 11
214.622471
 21
1032.612944
 31
0.0
  0
LINE
  5
1472
330
70
100
AcDbEntity
  8
Visible
100
AcDbLine
 10
208.622471
 20
1061.612944
 30
0.0
 11
214.622471
 21
1061.612944
 31
0.0
  0
LINE
  5
1473
330
70
100
AcDbEntity
  8
Visible
100
AcDbLine
 10
208.622471
 20
1090.612944
 30
0.0
 11
208.622471
 21
1061.612944
 31
0.0
  0
LINE
  5
1474
330
70
100
AcDbEntity
  8
Visible
100
AcDbLine
 10
214.622471
 20
1090.612944
 30
0.0
 11
208.622471
 21
1090.612944
 31
0.0
  0
LINE
  5
1475
330
70
100
AcDbEntity
  8
Visible
100
AcDbLine
 10
214.622471
 20
1119.612944
 30
0.0
 11
214.622471
 21
1090.612944
 31
0.0
  0
LINE
  5
1476
330
70
100
AcDbEntity
  8
Visible
100
AcDbLine
 10
208.622471
 20
1119.612944
 30
0.0
 11
214.622471
 21
1119.612944
 31
0.0
  0
LINE
  5
1477
330
70
100
AcDbEntity
  8
Visible
100
AcDbLine
 10
208.622471
 20
1148.612944
 30
0.0
 11
208.622471
 21
1119.612944
 31
0.0
  0
LINE
  5
1478
330
70
100
AcDbEntity
  8
Visible
100
AcDbLine
 10
214.622471
 20
1148.612944
 30
0.0
 11
208.622471
 21
1148.612944
 31
0.0
  0
LINE
  5
1479
330
70
100
AcDbEntity
  8
Visible
100
AcDbLine
 10
214.622471
 20
1177.612944
 30
0.0
 11
214.622471
 21
1148.612944
 31
0.0
  0
LINE
  5
147A
330
70
100
AcDbEntity
  8
Visible
100
AcDbLine
 10
208.622471
 20
1177.612944
 30
0.0
 11
214.622471
 21
1177.612944
 31
0.0
  0
LINE
  5
147B
330
70
100
AcDbEntity
  8
Visible
100
AcDbLine
 10
208.622471
 20
1206.612944
 30
0.0
 11
208.622471
 21
1177.612944
 31
0.0
  0
LINE
  5
147C
330
70
100
AcDbEntity
  8
Visible
100
AcDbLine
 10
214.622471
 20
1206.612944
 30
0.0
 11
208.622471
 21
1206.612944
 31
0.0
  0
LINE
  5
147D
330
70
100
AcDbEntity
  8
Visible
100
AcDbLine
 10
214.622471
 20
1235.612944
 30
0.0
 11
214.622471
 21
1206.612944
 31
0.0
  0
LINE
  5
147E
330
70
100
AcDbEntity
  8
Visible
100
AcDbLine
 10
208.622471
 20
1235.612944
 30
0.0
 11
214.622471
 21
1235.612944
 31
0.0
  0
LINE
  5
147F
330
70
100
AcDbEntity
  8
Visible
100
AcDbLine
 10
208.622471
 20
1264.612944
 30
0.0
 11
208.622471
 21
1235.612944
 31
0.0
  0
LINE
  5
1480
330
70
100
AcDbEntity
  8
Visible
100
AcDbLine
 10
214.622471
 20
1264.612944
 30
0.0
 11
208.622471
 21
1264.612944
 31
0.0
  0
LINE
  5
1481
330
70
100
AcDbEntity
  8
Visible
100
AcDbLine
 10
214.622471
 20
1293.612944
 30
0.0
 11
214.622471
 21
1264.612944
 31
0.0
  0
LINE
  5
1482
330
70
100
AcDbEntity
  8
Visible
100
AcDbLine
 10
208.622471
 20
1293.612944
 30
0.0
 11
214.622471
 21
1293.612944
 31
0.0
  0
LINE
  5
1483
330
70
100
AcDbEntity
  8
Visible
100
AcDbLine
 10
208.622471
 20
1318.112944
 30
0.0
 11
208.622471
 21
1293.612944
 31
0.0
  0
LINE
  5
1484
330
70
100
AcDbEntity
  8
Visible
100
AcDbLine
 10
249.122471
 20
1318.112944
 30
0.0
 11
208.622471
 21
1318.112944
 31
0.0
  0
LINE
  5
1485
330
70
100
AcDbEntity
  8
Visible
100
AcDbLine
 10
249.122471
 20
1312.112944
 30
0.0
 11
249.122471
 21
1318.112944
 31
0.0
  0
LINE
  5
1486
330
70
100
AcDbEntity
  8
Visible
100
AcDbLine
 10
278.122471
 20
1312.112944
 30
0.0
 11
249.122471
 21
1312.112944
 31
0.0
  0
LINE
  5
1487
330
70
100
AcDbEntity
  8
Visible
100
AcDbLine
 10
278.122471
 20
1318.112944
 30
0.0
 11
278.122471
 21
1312.112944
 31
0.0
  0
LINE
  5
1488
330
70
100
AcDbEntity
  8
Visible
100
AcDbLine
 10
307.122471
 20
1318.112944
 30
0.0
 11
278.122471
 21
1318.112944
 31
0.0
  0
LINE
  5
1489
330
70
100
AcDbEntity
  8
Visible
100
AcDbLine
 10
307.122471
 20
1312.112944
 30
0.0
 11
307.122471
 21
1318.112944
 31
0.0
  0
LINE
  5
148A
330
70
100
AcDbEntity
  8
Visible
100
AcDbLine
 10
336.122471
 20
1312.112944
 30
0.0
 11
307.122471
 21
1312.112944
 31
0.0
  0
LINE
  5
148B
330
70
100
AcDbEntity
  8
Visible
100
AcDbLine
 10
336.122471
 20
1318.112944
 30
0.0
 11
336.122471
 21
1312.112944
 31
0.0
  0
LINE
  5
148C
330
70
100
AcDbEntity
  8
Visible
100
AcDbLine
 10
365.122471
 20
1318.112944
 30
0.0
 11
336.122471
 21
1318.112944
 31
0.0
  0
LINE
  5
148D
330
70
100
AcDbEntity
  8
Visible
100
AcDbLine
 10
365.122471
 20
1312.112944
 30
0.0
 11
365.122471
 21
1318.112944
 31
0.0
  0
LINE
  5
148E
330
70
100
AcDbEntity
  8
Visible
100
AcDbLine
 10
394.122471
 20
1312.112944
 30
0.0
 11
365.122471
 21
1312.112944
 31
0.0
  0
LINE
  5
148F
330
70
100
AcDbEntity
  8
Visible
100
AcDbLine
 10
394.122471
 20
1318.112944
 30
0.0
 11
394.122471
 21
1312.112944
 31
0.0
  0
LINE
  5
1490
330
70
100
AcDbEntity
  8
Visible
100
AcDbLine
 10
423.122471
 20
1318.112944
 30
0.0
 11
394.122471
 21
1318.112944
 31
0.0
  0
LINE
  5
1491
330
70
100
AcDbEntity
  8
Visible
100
AcDbLine
 10
423.122471
 20
1312.112944
 30
0.0
 11
423.122471
 21
1318.112944
 31
0.0
  0
LINE
  5
1492
330
70
100
AcDbEntity
  8
Visible
100
AcDbLine
 10
452.122471
 20
1312.112944
 30
0.0
 11
423.122471
 21
1312.112944
 31
0.0
  0
LINE
  5
1493
330
70
100
AcDbEntity
  8
Visible
100
AcDbLine
 10
452.122471
 20
1318.112944
 30
0.0
 11
452.122471
 21
1312.112944
 31
0.0
  0
LINE
  5
1494
330
70
100
AcDbEntity
  8
Visible
100
AcDbLine
 10
481.122471
 20
1318.112944
 30
0.0
 11
452.122471
 21
1318.112944
 31
0.0
  0
LINE
  5
1495
330
70
100
AcDbEntity
  8
Visible
100
AcDbLine
 10
481.122471
 20
1312.112944
 30
0.0
 11
481.122471
 21
1318.112944
 31
0.0
  0
LINE
  5
1496
330
70
100
AcDbEntity
  8
Visible
100
AcDbLine
 10
510.122471
 20
1312.112944
 30
0.0
 11
481.122471
 21
1312.112944
 31
0.0
  0
LINE
  5
1497
330
70
100
AcDbEntity
  8
Visible
100
AcDbLine
 10
510.122471
 20
1318.112944
 30
0.0
 11
510.122471
 21
1312.112944
 31
0.0
  0
LINE
  5
1498
330
70
100
AcDbEntity
  8
Visible
100
AcDbLine
 10
539.122471
 20
1318.112944
 30
0.0
 11
510.122471
 21
1318.112944
 31
0.0
  0
LINE
  5
1499
330
70
100
AcDbEntity
  8
Visible
100
AcDbLine
 10
539.122471
 20
1312.112944
 30
0.0
 11
539.122471
 21
1318.112944
 31
0.0
  0
LINE
  5
149A
330
70
100
AcDbEntity
  8
Visible
100
AcDbLine
 10
568.122471
 20
1312.112944
 30
0.0
 11
539.122471
 21
1312.112944
 31
0.0
  0
LINE
  5
149B
330
70
100
AcDbEntity
  8
Visible
100
AcDbLine
 10
568.122471
 20
1318.112944
 30
0.0
 11
568.122471
 21
1312.112944
 31
0.0
  0
LINE
  5
149C
330
70
100
AcDbEntity
  8
Visible
100
AcDbLine
 10
608.622471
 20
1318.112944
 30
0.0
 11
568.122471
 21
1318.112944
 31
0.0
  0
LINE
  5
149D
330
70
100
AcDbEntity
  8
Visible
100
AcDbLine
 10
608.622471
 20
1293.612944
 30
0.0
 11
608.622471
 21
1318.112944
 31
0.0
  0
LINE
  5
149E
330
70
100
AcDbEntity
  8
Visible
100
AcDbLine
 10
802.431471
 20
411.027944
 30
0.0
 11
802.290471
 21
411.022944
 31
0.0
  0
LINE
  5
149F
330
70
100
AcDbEntity
  8
Visible
100
AcDbLine
 10
802.566471
 20
411.036944
 30
0.0
 11
802.431471
 21
411.027944
 31
0.0
  0
LINE
  5
14A0
330
70
100
AcDbEntity
  8
Visible
100
AcDbLine
 10
802.697471
 20
411.048944
 30
0.0
 11
802.566471
 21
411.036944
 31
0.0
  0
LINE
  5
14A1
330
70
100
AcDbEntity
  8
Visible
100
AcDbLine
 10
802.823471
 20
411.064944
 30
0.0
 11
802.697471
 21
411.048944
 31
0.0
  0
LINE
  5
14A2
330
70
100
AcDbEntity
  8
Visible
100
AcDbLine
 10
802.944471
 20
411.083944
 30
0.0
 11
802.823471
 21
411.064944
 31
0.0
  0
LINE
  5
14A3
330
70
100
AcDbEntity
  8
Visible
100
AcDbLine
 10
803.061471
 20
411.105944
 30
0.0
 11
802.944471
 21
411.083944
 31
0.0
  0
LINE
  5
14A4
330
70
100
AcDbEntity
  8
Visible
100
AcDbLine
 10
803.172471
 20
411.131944
 30
0.0
 11
803.061471
 21
411.105944
 31
0.0
  0
LINE
  5
14A5
330
70
100
AcDbEntity
  8
Visible
100
AcDbLine
 10
803.279471
 20
411.161944
 30
0.0
 11
803.172471
 21
411.131944
 31
0.0
  0
LINE
  5
14A6
330
70
100
AcDbEntity
  8
Visible
100
AcDbLine
 10
803.381471
 20
411.194944
 30
0.0
 11
803.279471
 21
411.161944
 31
0.0
  0
LINE
  5
14A7
330
70
100
AcDbEntity
  8
Visible
100
AcDbLine
 10
803.479471
 20
411.230944
 30
0.0
 11
803.381471
 21
411.194944
 31
0.0
  0
LINE
  5
14A8
330
70
100
AcDbEntity
  8
Visible
100
AcDbLine
 10
803.572471
 20
411.268944
 30
0.0
 11
803.479471
 21
411.230944
 31
0.0
  0
LINE
  5
14A9
330
70
100
AcDbEntity
  8
Visible
100
AcDbLine
 10
803.662471
 20
411.309944
 30
0.0
 11
803.572471
 21
411.268944
 31
0.0
  0
LINE
  5
14AA
330
70
100
AcDbEntity
  8
Visible
100
AcDbLine
 10
803.748471
 20
411.352944
 30
0.0
 11
803.662471
 21
411.309944
 31
0.0
  0
LINE
  5
14AB
330
70
100
AcDbEntity
  8
Visible
100
AcDbLine
 10
803.829471
 20
411.398944
 30
0.0
 11
803.748471
 21
411.352944
 31
0.0
  0
LINE
  5
14AC
330
70
100
AcDbEntity
  8
Visible
100
AcDbLine
 10
803.907471
 20
411.446944
 30
0.0
 11
803.829471
 21
411.398944
 31
0.0
  0
LINE
  5
14AD
330
70
100
AcDbEntity
  8
Visible
100
AcDbLine
 10
803.981471
 20
411.496944
 30
0.0
 11
803.907471
 21
411.446944
 31
0.0
  0
LINE
  5
14AE
330
70
100
AcDbEntity
  8
Visible
100
AcDbLine
 10
804.051471
 20
411.549944
 30
0.0
 11
803.981471
 21
411.496944
 31
0.0
  0
LINE
  5
14AF
330
70
100
AcDbEntity
  8
Visible
100
AcDbLine
 10
804.117471
 20
411.604944
 30
0.0
 11
804.051471
 21
411.549944
 31
0.0
  0
LINE
  5
14B0
330
70
100
AcDbEntity
  8
Visible
100
AcDbLine
 10
804.179471
 20
411.662944
 30
0.0
 11
804.117471
 21
411.604944
 31
0.0
  0
LINE
  5
14B1
330
70
100
AcDbEntity
  8
Visible
100
AcDbLine
 10
804.237471
 20
411.722944
 30
0.0
 11
804.179471
 21
411.662944
 31
0.0
  0
LINE
  5
14B2
330
70
100
AcDbEntity
  8
Visible
100
AcDbLine
 10
804.292471
 20
411.782944
 30
0.0
 11
804.237471
 21
411.722944
 31
0.0
  0
LINE
  5
14B3
330
70
100
AcDbEntity
  8
Visible
100
AcDbLine
 10
804.344471
 20
411.845944
 30
0.0
 11
804.292471
 21
411.782944
 31
0.0
  0
LINE
  5
14B4
330
70
100
AcDbEntity
  8
Visible
100
AcDbLine
 10
804.392471
 20
411.909944
 30
0.0
 11
804.344471
 21
411.845944
 31
0.0
  0
LINE
  5
14B5
330
70
100
AcDbEntity
  8
Visible
100
AcDbLine
 10
804.436471
 20
411.974944
 30
0.0
 11
804.392471
 21
411.909944
 31
0.0
  0
LINE
  5
14B6
330
70
100
AcDbEntity
  8
Visible
100
AcDbLine
 10
804.477471
 20
412.041944
 30
0.0
 11
804.436471
 21
411.974944
 31
0.0
  0
LINE
  5
14B7
330
70
100
AcDbEntity
  8
Visible
100
AcDbLine
 10
804.515471
 20
412.109944
 30
0.0
 11
804.477471
 21
412.041944
 31
0.0
  0
LINE
  5
14B8
330
70
100
AcDbEntity
  8
Visible
100
AcDbLine
 10
804.550471
 20
412.178944
 30
0.0
 11
804.515471
 21
412.109944
 31
0.0
  0
LINE
  5
14B9
330
70
100
AcDbEntity
  8
Visible
100
AcDbLine
 10
804.580471
 20
412.250944
 30
0.0
 11
804.550471
 21
412.178944
 31
0.0
  0
LINE
  5
14BA
330
70
100
AcDbEntity
  8
Visible
100
AcDbLine
 10
804.608471
 20
412.322944
 30
0.0
 11
804.580471
 21
412.250944
 31
0.0
  0
LINE
  5
14BB
330
70
100
AcDbEntity
  8
Visible
100
AcDbLine
 10
804.633471
 20
412.395944
 30
0.0
 11
804.608471
 21
412.322944
 31
0.0
  0
LINE
  5
14BC
330
70
100
AcDbEntity
  8
Visible
100
AcDbLine
 10
804.654471
 20
412.469944
 30
0.0
 11
804.633471
 21
412.395944
 31
0.0
  0
LINE
  5
14BD
330
70
100
AcDbEntity
  8
Visible
100
AcDbLine
 10
804.674471
 20
412.543944
 30
0.0
 11
804.654471
 21
412.469944
 31
0.0
  0
LINE
  5
14BE
330
70
100
AcDbEntity
  8
Visible
100
AcDbLine
 10
804.691471
 20
412.618944
 30
0.0
 11
804.674471
 21
412.543944
 31
0.0
  0
LINE
  5
14BF
330
70
100
AcDbEntity
  8
Visible
100
AcDbLine
 10
804.705471
 20
412.692944
 30
0.0
 11
804.691471
 21
412.618944
 31
0.0
  0
LINE
  5
14C0
330
70
100
AcDbEntity
  8
Visible
100
AcDbLine
 10
804.716471
 20
412.768944
 30
0.0
 11
804.705471
 21
412.692944
 31
0.0
  0
LINE
  5
14C1
330
70
100
AcDbEntity
  8
Visible
100
AcDbLine
 10
804.725471
 20
412.843944
 30
0.0
 11
804.716471
 21
412.768944
 31
0.0
  0
LINE
  5
14C2
330
70
100
AcDbEntity
  8
Visible
100
AcDbLine
 10
804.732471
 20
412.919944
 30
0.0
 11
804.725471
 21
412.843944
 31
0.0
  0
LINE
  5
14C3
330
70
100
AcDbEntity
  8
Visible
100
AcDbLine
 10
804.736471
 20
412.995944
 30
0.0
 11
804.732471
 21
412.919944
 31
0.0
  0
LINE
  5
14C4
330
70
100
AcDbEntity
  8
Visible
100
AcDbLine
 10
804.737471
 20
413.072944
 30
0.0
 11
804.736471
 21
412.995944
 31
0.0
  0
LINE
  5
14C5
330
70
100
AcDbEntity
  8
Visible
100
AcDbLine
 10
804.735471
 20
413.155944
 30
0.0
 11
804.737471
 21
413.072944
 31
0.0
  0
LINE
  5
14C6
330
70
100
AcDbEntity
  8
Visible
100
AcDbLine
 10
804.729471
 20
413.238944
 30
0.0
 11
804.735471
 21
413.155944
 31
0.0
  0
LINE
  5
14C7
330
70
100
AcDbEntity
  8
Visible
100
AcDbLine
 10
804.719471
 20
413.319944
 30
0.0
 11
804.729471
 21
413.238944
 31
0.0
  0
LINE
  5
14C8
330
70
100
AcDbEntity
  8
Visible
100
AcDbLine
 10
804.705471
 20
413.400944
 30
0.0
 11
804.719471
 21
413.319944
 31
0.0
  0
LINE
  5
14C9
330
70
100
AcDbEntity
  8
Visible
100
AcDbLine
 10
804.688471
 20
413.479944
 30
0.0
 11
804.705471
 21
413.400944
 31
0.0
  0
LINE
  5
14CA
330
70
100
AcDbEntity
  8
Visible
100
AcDbLine
 10
804.666471
 20
413.558944
 30
0.0
 11
804.688471
 21
413.479944
 31
0.0
  0
LINE
  5
14CB
330
70
100
AcDbEntity
  8
Visible
100
AcDbLine
 10
804.640471
 20
413.635944
 30
0.0
 11
804.666471
 21
413.558944
 31
0.0
  0
LINE
  5
14CC
330
70
100
AcDbEntity
  8
Visible
100
AcDbLine
 10
804.610471
 20
413.711944
 30
0.0
 11
804.640471
 21
413.635944
 31
0.0
  0
LINE
  5
14CD
330
70
100
AcDbEntity
  8
Visible
100
AcDbLine
 10
804.577471
 20
413.787944
 30
0.0
 11
804.610471
 21
413.711944
 31
0.0
  0
LINE
  5
14CE
330
70
100
AcDbEntity
  8
Visible
100
AcDbLine
 10
804.539471
 20
413.861944
 30
0.0
 11
804.577471
 21
413.787944
 31
0.0
  0
LINE
  5
14CF
330
70
100
AcDbEntity
  8
Visible
100
AcDbLine
 10
804.498471
 20
413.934944
 30
0.0
 11
804.539471
 21
413.861944
 31
0.0
  0
LINE
  5
14D0
330
70
100
AcDbEntity
  8
Visible
100
AcDbLine
 10
804.454471
 20
414.004944
 30
0.0
 11
804.498471
 21
413.934944
 31
0.0
  0
LINE
  5
14D1
330
70
100
AcDbEntity
  8
Visible
100
AcDbLine
 10
804.406471
 20
414.072944
 30
0.0
 11
804.454471
 21
414.004944
 31
0.0
  0
LINE
  5
14D2
330
70
100
AcDbEntity
  8
Visible
100
AcDbLine
 10
804.356471
 20
414.138944
 30
0.0
 11
804.406471
 21
414.072944
 31
0.0
  0
LINE
  5
14D3
330
70
100
AcDbEntity
  8
Visible
100
AcDbLine
 10
804.303471
 20
414.201944
 30
0.0
 11
804.356471
 21
414.138944
 31
0.0
  0
LINE
  5
14D4
330
70
100
AcDbEntity
  8
Visible
100
AcDbLine
 10
804.246471
 20
414.263944
 30
0.0
 11
804.303471
 21
414.201944
 31
0.0
  0
LINE
  5
14D5
330
70
100
AcDbEntity
  8
Visible
100
AcDbLine
 10
804.187471
 20
414.322944
 30
0.0
 11
804.246471
 21
414.263944
 31
0.0
  0
LINE
  5
14D6
330
70
100
AcDbEntity
  8
Visible
100
AcDbLine
 10
804.124471
 20
414.378944
 30
0.0
 11
804.187471
 21
414.322944
 31
0.0
  0
LINE
  5
14D7
330
70
100
AcDbEntity
  8
Visible
100
AcDbLine
 10
804.059471
 20
414.433944
 30
0.0
 11
804.124471
 21
414.378944
 31
0.0
  0
LINE
  5
14D8
330
70
100
AcDbEntity
  8
Visible
100
AcDbLine
 10
803.990471
 20
414.485944
 30
0.0
 11
804.059471
 21
414.433944
 31
0.0
  0
LINE
  5
14D9
330
70
100
AcDbEntity
  8
Visible
100
AcDbLine
 10
803.919471
 20
414.534944
 30
0.0
 11
803.990471
 21
414.485944
 31
0.0
  0
LINE
  5
14DA
330
70
100
AcDbEntity
  8
Visible
100
AcDbLine
 10
803.845471
 20
414.580944
 30
0.0
 11
803.919471
 21
414.534944
 31
0.0
  0
LINE
  5
14DB
330
70
100
AcDbEntity
  8
Visible
100
AcDbLine
 10
803.769471
 20
414.622944
 30
0.0
 11
803.845471
 21
414.580944
 31
0.0
  0
LINE
  5
14DC
330
70
100
AcDbEntity
  8
Visible
100
AcDbLine
 10
803.691471
 20
414.660944
 30
0.0
 11
803.769471
 21
414.622944
 31
0.0
  0
LINE
  5
14DD
330
70
100
AcDbEntity
  8
Visible
100
AcDbLine
 10
803.611471
 20
414.694944
 30
0.0
 11
803.691471
 21
414.660944
 31
0.0
  0
LINE
  5
14DE
330
70
100
AcDbEntity
  8
Visible
100
AcDbLine
 10
803.529471
 20
414.725944
 30
0.0
 11
803.611471
 21
414.694944
 31
0.0
  0
LINE
  5
14DF
330
70
100
AcDbEntity
  8
Visible
100
AcDbLine
 10
803.444471
 20
414.752944
 30
0.0
 11
803.529471
 21
414.725944
 31
0.0
  0
LINE
  5
14E0
330
70
100
AcDbEntity
  8
Visible
100
AcDbLine
 10
803.357471
 20
414.776944
 30
0.0
 11
803.444471
 21
414.752944
 31
0.0
  0
LINE
  5
14E1
330
70
100
AcDbEntity
  8
Visible
100
AcDbLine
 10
803.268471
 20
414.796944
 30
0.0
 11
803.357471
 21
414.776944
 31
0.0
  0
LINE
  5
14E2
330
70
100
AcDbEntity
  8
Visible
100
AcDbLine
 10
803.177471
 20
414.812944
 30
0.0
 11
803.268471
 21
414.796944
 31
0.0
  0
LINE
  5
14E3
330
70
100
AcDbEntity
  8
Visible
100
AcDbLine
 10
803.316471
 20
414.850944
 30
0.0
 11
803.177471
 21
414.812944
 31
0.0
  0
LINE
  5
14E4
330
70
100
AcDbEntity
  8
Visible
100
AcDbLine
 10
803.448471
 20
414.894944
 30
0.0
 11
803.316471
 21
414.850944
 31
0.0
  0
LINE
  5
14E5
330
70
100
AcDbEntity
  8
Visible
100
AcDbLine
 10
803.573471
 20
414.944944
 30
0.0
 11
803.448471
 21
414.894944
 31
0.0
  0
LINE
  5
14E6
330
70
100
AcDbEntity
  8
Visible
100
AcDbLine
 10
803.691471
 20
415.000944
 30
0.0
 11
803.573471
 21
414.944944
 31
0.0
  0
LINE
  5
14E7
330
70
100
AcDbEntity
  8
Visible
100
AcDbLine
 10
803.802471
 20
415.062944
 30
0.0
 11
803.691471
 21
415.000944
 31
0.0
  0
LINE
  5
14E8
330
70
100
AcDbEntity
  8
Visible
100
AcDbLine
 10
803.905471
 20
415.130944
 30
0.0
 11
803.802471
 21
415.062944
 31
0.0
  0
LINE
  5
14E9
330
70
100
AcDbEntity
  8
Visible
100
AcDbLine
 10
804.002471
 20
415.204944
 30
0.0
 11
803.905471
 21
415.130944
 31
0.0
  0
LINE
  5
14EA
330
70
100
AcDbEntity
  8
Visible
100
AcDbLine
 10
804.091471
 20
415.284944
 30
0.0
 11
804.002471
 21
415.204944
 31
0.0
  0
LINE
  5
14EB
330
70
100
AcDbEntity
  8
Visible
100
AcDbLine
 10
804.173471
 20
415.371944
 30
0.0
 11
804.091471
 21
415.284944
 31
0.0
  0
LINE
  5
14EC
330
70
100
AcDbEntity
  8
Visible
100
AcDbLine
 10
804.248471
 20
415.463944
 30
0.0
 11
804.173471
 21
415.371944
 31
0.0
  0
LINE
  5
14ED
330
70
100
AcDbEntity
  8
Visible
100
AcDbLine
 10
804.316471
 20
415.560944
 30
0.0
 11
804.248471
 21
415.463944
 31
0.0
  0
LINE
  5
14EE
330
70
100
AcDbEntity
  8
Visible
100
AcDbLine
 10
804.377471
 20
415.661944
 30
0.0
 11
804.316471
 21
415.560944
 31
0.0
  0
LINE
  5
14EF
330
70
100
AcDbEntity
  8
Visible
100
AcDbLine
 10
804.430471
 20
415.765944
 30
0.0
 11
804.377471
 21
415.661944
 31
0.0
  0
LINE
  5
14F0
330
70
100
AcDbEntity
  8
Visible
100
AcDbLine
 10
804.476471
 20
415.872944
 30
0.0
 11
804.430471
 21
415.765944
 31
0.0
  0
LINE
  5
14F1
330
70
100
AcDbEntity
  8
Visible
100
AcDbLine
 10
804.516471
 20
415.983944
 30
0.0
 11
804.476471
 21
415.872944
 31
0.0
  0
LINE
  5
14F2
330
70
100
AcDbEntity
  8
Visible
100
AcDbLine
 10
804.548471
 20
416.097944
 30
0.0
 11
804.516471
 21
415.983944
 31
0.0
  0
LINE
  5
14F3
330
70
100
AcDbEntity
  8
Visible
100
AcDbLine
 10
804.573471
 20
416.215944
 30
0.0
 11
804.548471
 21
416.097944
 31
0.0
  0
LINE
  5
14F4
330
70
100
AcDbEntity
  8
Visible
100
AcDbLine
 10
804.591471
 20
416.336944
 30
0.0
 11
804.573471
 21
416.215944
 31
0.0
  0
LINE
  5
14F5
330
70
100
AcDbEntity
  8
Visible
100
AcDbLine
 10
804.601471
 20
416.460944
 30
0.0
 11
804.591471
 21
416.336944
 31
0.0
  0
LINE
  5
14F6
330
70
100
AcDbEntity
  8
Visible
100
AcDbLine
 10
804.605471
 20
416.588944
 30
0.0
 11
804.601471
 21
416.460944
 31
0.0
  0
LINE
  5
14F7
330
70
100
AcDbEntity
  8
Visible
100
AcDbLine
 10
804.602471
 20
416.693944
 30
0.0
 11
804.605471
 21
416.588944
 31
0.0
  0
LINE
  5
14F8
330
70
100
AcDbEntity
  8
Visible
100
AcDbLine
 10
804.594471
 20
416.796944
 30
0.0
 11
804.602471
 21
416.693944
 31
0.0
  0
LINE
  5
14F9
330
70
100
AcDbEntity
  8
Visible
100
AcDbLine
 10
804.581471
 20
416.898944
 30
0.0
 11
804.594471
 21
416.796944
 31
0.0
  0
LINE
  5
14FA
330
70
100
AcDbEntity
  8
Visible
100
AcDbLine
 10
804.562471
 20
416.997944
 30
0.0
 11
804.581471
 21
416.898944
 31
0.0
  0
LINE
  5
14FB
330
70
100
AcDbEntity
  8
Visible
100
AcDbLine
 10
804.537471
 20
417.096944
 30
0.0
 11
804.562471
 21
416.997944
 31
0.0
  0
LINE
  5
14FC
330
70
100
AcDbEntity
  8
Visible
100
AcDbLine
 10
804.508471
 20
417.192944
 30
0.0
 11
804.537471
 21
417.096944
 31
0.0
  0
LINE
  5
14FD
330
70
100
AcDbEntity
  8
Visible
100
AcDbLine
 10
804.473471
 20
417.288944
 30
0.0
 11
804.508471
 21
417.192944
 31
0.0
  0
LINE
  5
14FE
330
70
100
AcDbEntity
  8
Visible
100
AcDbLine
 10
804.432471
 20
417.381944
 30
0.0
 11
804.473471
 21
417.288944
 31
0.0
  0
LINE
  5
14FF
330
70
100
AcDbEntity
  8
Visible
100
AcDbLine
 10
804.386471
 20
417.473944
 30
0.0
 11
804.432471
 21
417.381944
 31
0.0
  0
LINE
  5
1500
330
70
100
AcDbEntity
  8
Visible
100
AcDbLine
 10
804.335471
 20
417.563944
 30
0.0
 11
804.386471
 21
417.473944
 31
0.0
  0
LINE
  5
1501
330
70
100
AcDbEntity
  8
Visible
100
AcDbLine
 10
804.278471
 20
417.651944
 30
0.0
 11
804.335471
 21
417.563944
 31
0.0
  0
LINE
  5
1502
330
70
100
AcDbEntity
  8
Visible
100
AcDbLine
 10
804.216471
 20
417.735944
 30
0.0
 11
804.278471
 21
417.651944
 31
0.0
  0
LINE
  5
1503
330
70
100
AcDbEntity
  8
Visible
100
AcDbLine
 10
804.148471
 20
417.816944
 30
0.0
 11
804.216471
 21
417.735944
 31
0.0
  0
LINE
  5
1504
330
70
100
AcDbEntity
  8
Visible
100
AcDbLine
 10
804.075471
 20
417.893944
 30
0.0
 11
804.148471
 21
417.816944
 31
0.0
  0
LINE
  5
1505
330
70
100
AcDbEntity
  8
Visible
100
AcDbLine
 10
803.996471
 20
417.966944
 30
0.0
 11
804.075471
 21
417.893944
 31
0.0
  0
LINE
  5
1506
330
70
100
AcDbEntity
  8
Visible
100
AcDbLine
 10
803.912471
 20
418.037944
 30
0.0
 11
803.996471
 21
417.966944
 31
0.0
  0
LINE
  5
1507
330
70
100
AcDbEntity
  8
Visible
100
AcDbLine
 10
803.822471
 20
418.104944
 30
0.0
 11
803.912471
 21
418.037944
 31
0.0
  0
LINE
  5
1508
330
70
100
AcDbEntity
  8
Visible
100
AcDbLine
 10
803.726471
 20
418.167944
 30
0.0
 11
803.822471
 21
418.104944
 31
0.0
  0
LINE
  5
1509
330
70
100
AcDbEntity
  8
Visible
100
AcDbLine
 10
803.625471
 20
418.227944
 30
0.0
 11
803.726471
 21
418.167944
 31
0.0
  0
LINE
  5
150A
330
70
100
AcDbEntity
  8
Visible
100
AcDbLine
 10
803.519471
 20
418.283944
 30
0.0
 11
803.625471
 21
418.227944
 31
0.0
  0
LINE
  5
150B
330
70
100
AcDbEntity
  8
Visible
100
AcDbLine
 10
803.407471
 20
418.335944
 30
0.0
 11
803.519471
 21
418.283944
 31
0.0
  0
LINE
  5
150C
330
70
100
AcDbEntity
  8
Visible
100
AcDbLine
 10
803.289471
 20
418.381944
 30
0.0
 11
803.407471
 21
418.335944
 31
0.0
  0
LINE
  5
150D
330
70
100
AcDbEntity
  8
Visible
100
AcDbLine
 10
803.166471
 20
418.422944
 30
0.0
 11
803.289471
 21
418.381944
 31
0.0
  0
LINE
  5
150E
330
70
100
AcDbEntity
  8
Visible
100
AcDbLine
 10
803.037471
 20
418.458944
 30
0.0
 11
803.166471
 21
418.422944
 31
0.0
  0
LINE
  5
150F
330
70
100
AcDbEntity
  8
Visible
100
AcDbLine
 10
802.902471
 20
418.488944
 30
0.0
 11
803.037471
 21
418.458944
 31
0.0
  0
LINE
  5
1510
330
70
100
AcDbEntity
  8
Visible
100
AcDbLine
 10
802.762471
 20
418.512944
 30
0.0
 11
802.902471
 21
418.488944
 31
0.0
  0
LINE
  5
1511
330
70
100
AcDbEntity
  8
Visible
100
AcDbLine
 10
802.616471
 20
418.531944
 30
0.0
 11
802.762471
 21
418.512944
 31
0.0
  0
LINE
  5
1512
330
70
100
AcDbEntity
  8
Visible
100
AcDbLine
 10
802.465471
 20
418.545944
 30
0.0
 11
802.616471
 21
418.531944
 31
0.0
  0
LINE
  5
1513
330
70
100
AcDbEntity
  8
Visible
100
AcDbLine
 10
802.308471
 20
418.553944
 30
0.0
 11
802.465471
 21
418.545944
 31
0.0
  0
LINE
  5
1514
330
70
100
AcDbEntity
  8
Visible
100
AcDbLine
 10
802.145471
 20
418.556944
 30
0.0
 11
802.308471
 21
418.553944
 31
0.0
  0
LINE
  5
1515
330
70
100
AcDbEntity
  8
Visible
100
AcDbLine
 10
799.325471
 20
418.556944
 30
0.0
 11
802.145471
 21
418.556944
 31
0.0
  0
LINE
  5
1516
330
70
100
AcDbEntity
  8
Visible
100
AcDbLine
 10
799.325471
 20
411.020944
 30
0.0
 11
799.325471
 21
418.556944
 31
0.0
  0
LINE
  5
1517
330
70
100
AcDbEntity
  8
Visible
100
AcDbLine
 10
802.145471
 20
411.020944
 30
0.0
 11
799.325471
 21
411.020944
 31
0.0
  0
LINE
  5
1518
330
70
100
AcDbEntity
  8
Visible
100
AcDbLine
 10
802.290471
 20
411.022944
 30
0.0
 11
802.145471
 21
411.020944
 31
0.0
  0
LINE
  5
1519
330
70
100
AcDbEntity
  8
Visible
100
AcDbLine
 10
810.215471
 20
413.978875
 30
0.0
 11
810.215471
 21
414.740944
 31
0.0
  0
LINE
  5
151A
330
70
100
AcDbEntity
  8
Visible
100
AcDbLine
 10
810.212471
 20
413.979944
 30
0.0
 11
810.215471
 21
413.978875
 31
0.0
  0
LINE
  5
151B
330
70
100
AcDbEntity
  8
Visible
100
AcDbLine
 10
810.125471
 20
414.008944
 30
0.0
 11
810.212471
 21
413.979944
 31
0.0
  0
LINE
  5
151C
330
70
100
AcDbEntity
  8
Visible
100
AcDbLine
 10
810.038471
 20
414.036944
 30
0.0
 11
810.125471
 21
414.008944
 31
0.0
  0
LINE
  5
151D
330
70
100
AcDbEntity
  8
Visible
100
AcDbLine
 10
809.862471
 20
414.088944
 30
0.0
 11
810.038471
 21
414.036944
 31
0.0
  0
LINE
  5
151E
330
70
100
AcDbEntity
  8
Visible
100
AcDbLine
 10
809.684471
 20
414.134944
 30
0.0
 11
809.862471
 21
414.088944
 31
0.0
  0
LINE
  5
151F
330
70
100
AcDbEntity
  8
Visible
100
AcDbLine
 10
809.594471
 20
414.155944
 30
0.0
 11
809.684471
 21
414.134944
 31
0.0
  0
LINE
  5
1520
330
70
100
AcDbEntity
  8
Visible
100
AcDbLine
 10
809.504471
 20
414.175944
 30
0.0
 11
809.594471
 21
414.155944
 31
0.0
  0
LINE
  5
1521
330
70
100
AcDbEntity
  8
Visible
100
AcDbLine
 10
809.414471
 20
414.194944
 30
0.0
 11
809.504471
 21
414.175944
 31
0.0
  0
LINE
  5
1522
330
70
100
AcDbEntity
  8
Visible
100
AcDbLine
 10
809.323471
 20
414.211944
 30
0.0
 11
809.414471
 21
414.194944
 31
0.0
  0
LINE
  5
1523
330
70
100
AcDbEntity
  8
Visible
100
AcDbLine
 10
809.233471
 20
414.226944
 30
0.0
 11
809.323471
 21
414.211944
 31
0.0
  0
LINE
  5
1524
330
70
100
AcDbEntity
  8
Visible
100
AcDbLine
 10
809.142471
 20
414.240944
 30
0.0
 11
809.233471
 21
414.226944
 31
0.0
  0
LINE
  5
1525
330
70
100
AcDbEntity
  8
Visible
100
AcDbLine
 10
809.052471
 20
414.252944
 30
0.0
 11
809.142471
 21
414.240944
 31
0.0
  0
LINE
  5
1526
330
70
100
AcDbEntity
  8
Visible
100
AcDbLine
 10
808.962471
 20
414.261944
 30
0.0
 11
809.052471
 21
414.252944
 31
0.0
  0
LINE
  5
1527
330
70
100
AcDbEntity
  8
Visible
100
AcDbLine
 10
808.871471
 20
414.270944
 30
0.0
 11
808.962471
 21
414.261944
 31
0.0
  0
LINE
  5
1528
330
70
100
AcDbEntity
  8
Visible
100
AcDbLine
 10
808.781471
 20
414.276944
 30
0.0
 11
808.871471
 21
414.270944
 31
0.0
  0
LINE
  5
1529
330
70
100
AcDbEntity
  8
Visible
100
AcDbLine
 10
808.691471
 20
414.280944
 30
0.0
 11
808.781471
 21
414.276944
 31
0.0
  0
LINE
  5
152A
330
70
100
AcDbEntity
  8
Visible
100
AcDbLine
 10
808.601471
 20
414.283944
 30
0.0
 11
808.691471
 21
414.280944
 31
0.0
  0
LINE
  5
152B
330
70
100
AcDbEntity
  8
Visible
100
AcDbLine
 10
808.511471
 20
414.284944
 30
0.0
 11
808.601471
 21
414.283944
 31
0.0
  0
LINE
  5
152C
330
70
100
AcDbEntity
  8
Visible
100
AcDbLine
 10
808.386471
 20
414.282944
 30
0.0
 11
808.511471
 21
414.284944
 31
0.0
  0
LINE
  5
152D
330
70
100
AcDbEntity
  8
Visible
100
AcDbLine
 10
808.264471
 20
414.277944
 30
0.0
 11
808.386471
 21
414.282944
 31
0.0
  0
LINE
  5
152E
330
70
100
AcDbEntity
  8
Visible
100
AcDbLine
 10
808.144471
 20
414.269944
 30
0.0
 11
808.264471
 21
414.277944
 31
0.0
  0
LINE
  5
152F
330
70
100
AcDbEntity
  8
Visible
100
AcDbLine
 10
808.027471
 20
414.257944
 30
0.0
 11
808.144471
 21
414.269944
 31
0.0
  0
LINE
  5
1530
330
70
100
AcDbEntity
  8
Visible
100
AcDbLine
 10
807.912471
 20
414.241944
 30
0.0
 11
808.027471
 21
414.257944
 31
0.0
  0
LINE
  5
1531
330
70
100
AcDbEntity
  8
Visible
100
AcDbLine
 10
807.800471
 20
414.222944
 30
0.0
 11
807.912471
 21
414.241944
 31
0.0
  0
LINE
  5
1532
330
70
100
AcDbEntity
  8
Visible
100
AcDbLine
 10
807.691471
 20
414.200944
 30
0.0
 11
807.800471
 21
414.222944
 31
0.0
  0
LINE
  5
1533
330
70
100
AcDbEntity
  8
Visible
100
AcDbLine
 10
807.584471
 20
414.175944
 30
0.0
 11
807.691471
 21
414.200944
 31
0.0
  0
LINE
  5
1534
330
70
100
AcDbEntity
  8
Visible
100
AcDbLine
 10
807.479471
 20
414.145944
 30
0.0
 11
807.584471
 21
414.175944
 31
0.0
  0
LINE
  5
1535
330
70
100
AcDbEntity
  8
Visible
100
AcDbLine
 10
807.377471
 20
414.113944
 30
0.0
 11
807.479471
 21
414.145944
 31
0.0
  0
LINE
  5
1536
330
70
100
AcDbEntity
  8
Visible
100
AcDbLine
 10
807.278471
 20
414.077944
 30
0.0
 11
807.377471
 21
414.113944
 31
0.0
  0
LINE
  5
1537
330
70
100
AcDbEntity
  8
Visible
100
AcDbLine
 10
807.184471
 20
414.037944
 30
0.0
 11
807.278471
 21
414.077944
 31
0.0
  0
LINE
  5
1538
330
70
100
AcDbEntity
  8
Visible
100
AcDbLine
 10
807.094471
 20
413.993944
 30
0.0
 11
807.184471
 21
414.037944
 31
0.0
  0
LINE
  5
1539
330
70
100
AcDbEntity
  8
Visible
100
AcDbLine
 10
807.008471
 20
413.945944
 30
0.0
 11
807.094471
 21
413.993944
 31
0.0
  0
LINE
  5
153A
330
70
100
AcDbEntity
  8
Visible
100
AcDbLine
 10
806.926471
 20
413.893944
 30
0.0
 11
807.008471
 21
413.945944
 31
0.0
  0
LINE
  5
153B
330
70
100
AcDbEntity
  8
Visible
100
AcDbLine
 10
806.849471
 20
413.838944
 30
0.0
 11
806.926471
 21
413.893944
 31
0.0
  0
LINE
  5
153C
330
70
100
AcDbEntity
  8
Visible
100
AcDbLine
 10
806.776471
 20
413.778944
 30
0.0
 11
806.849471
 21
413.838944
 31
0.0
  0
LINE
  5
153D
330
70
100
AcDbEntity
  8
Visible
100
AcDbLine
 10
806.707471
 20
413.715944
 30
0.0
 11
806.776471
 21
413.778944
 31
0.0
  0
LINE
  5
153E
330
70
100
AcDbEntity
  8
Visible
100
AcDbLine
 10
806.642471
 20
413.647944
 30
0.0
 11
806.707471
 21
413.715944
 31
0.0
  0
LINE
  5
153F
330
70
100
AcDbEntity
  8
Visible
100
AcDbLine
 10
806.582471
 20
413.576944
 30
0.0
 11
806.642471
 21
413.647944
 31
0.0
  0
LINE
  5
1540
330
70
100
AcDbEntity
  8
Visible
100
AcDbLine
 10
806.527471
 20
413.501944
 30
0.0
 11
806.582471
 21
413.576944
 31
0.0
  0
LINE
  5
1541
330
70
100
AcDbEntity
  8
Visible
100
AcDbLine
 10
806.477471
 20
413.421944
 30
0.0
 11
806.527471
 21
413.501944
 31
0.0
  0
LINE
  5
1542
330
70
100
AcDbEntity
  8
Visible
100
AcDbLine
 10
806.434471
 20
413.337944
 30
0.0
 11
806.477471
 21
413.421944
 31
0.0
  0
LINE
  5
1543
330
70
100
AcDbEntity
  8
Visible
100
AcDbLine
 10
806.396471
 20
413.249944
 30
0.0
 11
806.434471
 21
413.337944
 31
0.0
  0
LINE
  5
1544
330
70
100
AcDbEntity
  8
Visible
100
AcDbLine
 10
806.364471
 20
413.156944
 30
0.0
 11
806.396471
 21
413.249944
 31
0.0
  0
LINE
  5
1545
330
70
100
AcDbEntity
  8
Visible
100
AcDbLine
 10
806.338471
 20
413.059944
 30
0.0
 11
806.364471
 21
413.156944
 31
0.0
  0
LINE
  5
1546
330
70
100
AcDbEntity
  8
Visible
100
AcDbLine
 10
806.317471
 20
412.958944
 30
0.0
 11
806.338471
 21
413.059944
 31
0.0
  0
LINE
  5
1547
330
70
100
AcDbEntity
  8
Visible
100
AcDbLine
 10
806.303471
 20
412.852944
 30
0.0
 11
806.317471
 21
412.958944
 31
0.0
  0
LINE
  5
1548
330
70
100
AcDbEntity
  8
Visible
100
AcDbLine
 10
806.294471
 20
412.742944
 30
0.0
 11
806.303471
 21
412.852944
 31
0.0
  0
LINE
  5
1549
330
70
100
AcDbEntity
  8
Visible
100
AcDbLine
 10
806.291471
 20
412.628944
 30
0.0
 11
806.294471
 21
412.742944
 31
0.0
  0
LINE
  5
154A
330
70
100
AcDbEntity
  8
Visible
100
AcDbLine
 10
806.293471
 20
412.540944
 30
0.0
 11
806.291471
 21
412.628944
 31
0.0
  0
LINE
  5
154B
330
70
100
AcDbEntity
  8
Visible
100
AcDbLine
 10
806.300471
 20
412.452944
 30
0.0
 11
806.293471
 21
412.540944
 31
0.0
  0
LINE
  5
154C
330
70
100
AcDbEntity
  8
Visible
100
AcDbLine
 10
806.312471
 20
412.365944
 30
0.0
 11
806.300471
 21
412.452944
 31
0.0
  0
LINE
  5
154D
330
70
100
AcDbEntity
  8
Visible
100
AcDbLine
 10
806.327471
 20
412.280944
 30
0.0
 11
806.312471
 21
412.365944
 31
0.0
  0
LINE
  5
154E
330
70
100
AcDbEntity
  8
Visible
100
AcDbLine
 10
806.348471
 20
412.194944
 30
0.0
 11
806.327471
 21
412.280944
 31
0.0
  0
LINE
  5
154F
330
70
100
AcDbEntity
  8
Visible
100
AcDbLine
 10
806.373471
 20
412.110944
 30
0.0
 11
806.348471
 21
412.194944
 31
0.0
  0
LINE
  5
1550
330
70
100
AcDbEntity
  8
Visible
100
AcDbLine
 10
806.403471
 20
412.027944
 30
0.0
 11
806.373471
 21
412.110944
 31
0.0
  0
LINE
  5
1551
330
70
100
AcDbEntity
  8
Visible
100
AcDbLine
 10
806.437471
 20
411.944944
 30
0.0
 11
806.403471
 21
412.027944
 31
0.0
  0
LINE
  5
1552
330
70
100
AcDbEntity
  8
Visible
100
AcDbLine
 10
806.476471
 20
411.863944
 30
0.0
 11
806.437471
 21
411.944944
 31
0.0
  0
LINE
  5
1553
330
70
100
AcDbEntity
  8
Visible
100
AcDbLine
 10
806.519471
 20
411.782944
 30
0.0
 11
806.476471
 21
411.863944
 31
0.0
  0
LINE
  5
1554
330
70
100
AcDbEntity
  8
Visible
100
AcDbLine
 10
806.567471
 20
411.703944
 30
0.0
 11
806.519471
 21
411.782944
 31
0.0
  0
LINE
  5
1555
330
70
100
AcDbEntity
  8
Visible
100
AcDbLine
 10
806.620471
 20
411.627944
 30
0.0
 11
806.567471
 21
411.703944
 31
0.0
  0
LINE
  5
1556
330
70
100
AcDbEntity
  8
Visible
100
AcDbLine
 10
806.677471
 20
411.554944
 30
0.0
 11
806.620471
 21
411.627944
 31
0.0
  0
LINE
  5
1557
330
70
100
AcDbEntity
  8
Visible
100
AcDbLine
 10
806.739471
 20
411.484944
 30
0.0
 11
806.677471
 21
411.554944
 31
0.0
  0
LINE
  5
1558
330
70
100
AcDbEntity
  8
Visible
100
AcDbLine
 10
806.805471
 20
411.417944
 30
0.0
 11
806.739471
 21
411.484944
 31
0.0
  0
LINE
  5
1559
330
70
100
AcDbEntity
  8
Visible
100
AcDbLine
 10
806.877471
 20
411.354944
 30
0.0
 11
806.805471
 21
411.417944
 31
0.0
  0
LINE
  5
155A
330
70
100
AcDbEntity
  8
Visible
100
AcDbLine
 10
806.953471
 20
411.293944
 30
0.0
 11
806.877471
 21
411.354944
 31
0.0
  0
LINE
  5
155B
330
70
100
AcDbEntity
  8
Visible
100
AcDbLine
 10
807.034471
 20
411.235944
 30
0.0
 11
806.953471
 21
411.293944
 31
0.0
  0
LINE
  5
155C
330
70
100
AcDbEntity
  8
Visible
100
AcDbLine
 10
807.119471
 20
411.180944
 30
0.0
 11
807.034471
 21
411.235944
 31
0.0
  0
LINE
  5
155D
330
70
100
AcDbEntity
  8
Visible
100
AcDbLine
 10
807.209471
 20
411.128944
 30
0.0
 11
807.119471
 21
411.180944
 31
0.0
  0
LINE
  5
155E
330
70
100
AcDbEntity
  8
Visible
100
AcDbLine
 10
807.304471
 20
411.080944
 30
0.0
 11
807.209471
 21
411.128944
 31
0.0
  0
LINE
  5
155F
330
70
100
AcDbEntity
  8
Visible
100
AcDbLine
 10
807.404471
 20
411.037944
 30
0.0
 11
807.304471
 21
411.080944
 31
0.0
  0
LINE
  5
1560
330
70
100
AcDbEntity
  8
Visible
100
AcDbLine
 10
807.508471
 20
410.999944
 30
0.0
 11
807.404471
 21
411.037944
 31
0.0
  0
LINE
  5
1561
330
70
100
AcDbEntity
  8
Visible
100
AcDbLine
 10
807.618471
 20
410.967944
 30
0.0
 11
807.508471
 21
410.999944
 31
0.0
  0
LINE
  5
1562
330
70
100
AcDbEntity
  8
Visible
100
AcDbLine
 10
807.733471
 20
410.939944
 30
0.0
 11
807.618471
 21
410.967944
 31
0.0
  0
LINE
  5
1563
330
70
100
AcDbEntity
  8
Visible
100
AcDbLine
 10
807.852471
 20
410.916944
 30
0.0
 11
807.733471
 21
410.939944
 31
0.0
  0
LINE
  5
1564
330
70
100
AcDbEntity
  8
Visible
100
AcDbLine
 10
807.976471
 20
410.899944
 30
0.0
 11
807.852471
 21
410.916944
 31
0.0
  0
LINE
  5
1565
330
70
100
AcDbEntity
  8
Visible
100
AcDbLine
 10
808.106471
 20
410.886944
 30
0.0
 11
807.976471
 21
410.899944
 31
0.0
  0
LINE
  5
1566
330
70
100
AcDbEntity
  8
Visible
100
AcDbLine
 10
808.240471
 20
410.879944
 30
0.0
 11
808.106471
 21
410.886944
 31
0.0
  0
LINE
  5
1567
330
70
100
AcDbEntity
  8
Visible
100
AcDbLine
 10
808.379471
 20
410.876944
 30
0.0
 11
808.240471
 21
410.879944
 31
0.0
  0
LINE
  5
1568
330
70
100
AcDbEntity
  8
Visible
100
AcDbLine
 10
808.506471
 20
410.879944
 30
0.0
 11
808.379471
 21
410.876944
 31
0.0
  0
LINE
  5
1569
330
70
100
AcDbEntity
  8
Visible
100
AcDbLine
 10
808.629471
 20
410.888944
 30
0.0
 11
808.506471
 21
410.879944
 31
0.0
  0
LINE
  5
156A
330
70
100
AcDbEntity
  8
Visible
100
AcDbLine
 10
808.748471
 20
410.903944
 30
0.0
 11
808.629471
 21
410.888944
 31
0.0
  0
LINE
  5
156B
330
70
100
AcDbEntity
  8
Visible
100
AcDbLine
 10
808.864471
 20
410.924944
 30
0.0
 11
808.748471
 21
410.903944
 31
0.0
  0
LINE
  5
156C
330
70
100
AcDbEntity
  8
Visible
100
AcDbLine
 10
808.976471
 20
410.951944
 30
0.0
 11
808.864471
 21
410.924944
 31
0.0
  0
LINE
  5
156D
330
70
100
AcDbEntity
  8
Visible
100
AcDbLine
 10
809.085471
 20
410.984944
 30
0.0
 11
808.976471
 21
410.951944
 31
0.0
  0
LINE
  5
156E
330
70
100
AcDbEntity
  8
Visible
100
AcDbLine
 10
809.190471
 20
411.023944
 30
0.0
 11
809.085471
 21
410.984944
 31
0.0
  0
LINE
  5
156F
330
70
100
AcDbEntity
  8
Visible
100
AcDbLine
 10
809.291471
 20
411.068944
 30
0.0
 11
809.190471
 21
411.023944
 31
0.0
  0
LINE
  5
1570
330
70
100
AcDbEntity
  8
Visible
100
AcDbLine
 10
809.389471
 20
411.119944
 30
0.0
 11
809.291471
 21
411.068944
 31
0.0
  0
LINE
  5
1571
330
70
100
AcDbEntity
  8
Visible
100
AcDbLine
 10
809.483471
 20
411.176944
 30
0.0
 11
809.389471
 21
411.119944
 31
0.0
  0
LINE
  5
1572
330
70
100
AcDbEntity
  8
Visible
100
AcDbLine
 10
809.573471
 20
411.238944
 30
0.0
 11
809.483471
 21
411.176944
 31
0.0
  0
LINE
  5
1573
330
70
100
AcDbEntity
  8
Visible
100
AcDbLine
 10
809.659471
 20
411.304944
 30
0.0
 11
809.573471
 21
411.238944
 31
0.0
  0
LINE
  5
1574
330
70
100
AcDbEntity
  8
Visible
100
AcDbLine
 10
809.741471
 20
411.373944
 30
0.0
 11
809.659471
 21
411.304944
 31
0.0
  0
LINE
  5
1575
330
70
100
AcDbEntity
  8
Visible
100
AcDbLine
 10
809.819471
 20
411.447944
 30
0.0
 11
809.741471
 21
411.373944
 31
0.0
  0
LINE
  5
1576
330
70
100
AcDbEntity
  8
Visible
100
AcDbLine
 10
809.892471
 20
411.524944
 30
0.0
 11
809.819471
 21
411.447944
 31
0.0
  0
LINE
  5
1577
330
70
100
AcDbEntity
  8
Visible
100
AcDbLine
 10
809.961471
 20
411.605944
 30
0.0
 11
809.892471
 21
411.524944
 31
0.0
  0
LINE
  5
1578
330
70
100
AcDbEntity
  8
Visible
100
AcDbLine
 10
810.025471
 20
411.690944
 30
0.0
 11
809.961471
 21
411.605944
 31
0.0
  0
LINE
  5
1579
330
70
100
AcDbEntity
  8
Visible
100
AcDbLine
 10
810.086471
 20
411.779944
 30
0.0
 11
810.025471
 21
411.690944
 31
0.0
  0
LINE
  5
157A
330
70
100
AcDbEntity
  8
Visible
100
AcDbLine
 10
810.142471
 20
411.872944
 30
0.0
 11
810.086471
 21
411.779944
 31
0.0
  0
LINE
  5
157B
330
70
100
AcDbEntity
  8
Visible
100
AcDbLine
 10
810.194471
 20
411.968944
 30
0.0
 11
810.142471
 21
411.872944
 31
0.0
  0
LINE
  5
157C
330
70
100
AcDbEntity
  8
Visible
100
AcDbLine
 10
810.236711
 20
412.057919
 30
0.0
 11
810.194471
 21
411.968944
 31
0.0
  0
LINE
  5
157D
330
70
100
AcDbEntity
  8
Visible
100
AcDbLine
 10
810.335471
 20
411.020944
 30
0.0
 11
810.236711
 21
412.057919
 31
0.0
  0
LINE
  5
157E
330
70
100
AcDbEntity
  8
Visible
100
AcDbLine
 10
811.151471
 20
411.020944
 30
0.0
 11
810.335471
 21
411.020944
 31
0.0
  0
LINE
  5
157F
330
70
100
AcDbEntity
  8
Visible
100
AcDbLine
 10
811.151471
 20
414.716944
 30
0.0
 11
811.151471
 21
411.020944
 31
0.0
  0
LINE
  5
1580
330
70
100
AcDbEntity
  8
Visible
100
AcDbLine
 10
811.148471
 20
414.868944
 30
0.0
 11
811.151471
 21
414.716944
 31
0.0
  0
LINE
  5
1581
330
70
100
AcDbEntity
  8
Visible
100
AcDbLine
 10
811.139471
 20
415.014944
 30
0.0
 11
811.148471
 21
414.868944
 31
0.0
  0
LINE
  5
1582
330
70
100
AcDbEntity
  8
Visible
100
AcDbLine
 10
811.125471
 20
415.154944
 30
0.0
 11
811.139471
 21
415.014944
 31
0.0
  0
LINE
  5
1583
330
70
100
AcDbEntity
  8
Visible
100
AcDbLine
 10
811.105471
 20
415.289944
 30
0.0
 11
811.125471
 21
415.154944
 31
0.0
  0
LINE
  5
1584
330
70
100
AcDbEntity
  8
Visible
100
AcDbLine
 10
811.079471
 20
415.417944
 30
0.0
 11
811.105471
 21
415.289944
 31
0.0
  0
LINE
  5
1585
330
70
100
AcDbEntity
  8
Visible
100
AcDbLine
 10
811.047471
 20
415.540944
 30
0.0
 11
811.079471
 21
415.417944
 31
0.0
  0
LINE
  5
1586
330
70
100
AcDbEntity
  8
Visible
100
AcDbLine
 10
811.010471
 20
415.657944
 30
0.0
 11
811.047471
 21
415.540944
 31
0.0
  0
LINE
  5
1587
330
70
100
AcDbEntity
  8
Visible
100
AcDbLine
 10
810.967471
 20
415.768944
 30
0.0
 11
811.010471
 21
415.657944
 31
0.0
  0
LINE
  5
1588
330
70
100
AcDbEntity
  8
Visible
100
AcDbLine
 10
810.918471
 20
415.873944
 30
0.0
 11
810.967471
 21
415.768944
 31
0.0
  0
LINE
  5
1589
330
70
100
AcDbEntity
  8
Visible
100
AcDbLine
 10
810.863471
 20
415.973944
 30
0.0
 11
810.918471
 21
415.873944
 31
0.0
  0
LINE
  5
158A
330
70
100
AcDbEntity
  8
Visible
100
AcDbLine
 10
810.803471
 20
416.067944
 30
0.0
 11
810.863471
 21
415.973944
 31
0.0
  0
LINE
  5
158B
330
70
100
AcDbEntity
  8
Visible
100
AcDbLine
 10
810.739471
 20
416.156944
 30
0.0
 11
810.803471
 21
416.067944
 31
0.0
  0
LINE
  5
158C
330
70
100
AcDbEntity
  8
Visible
100
AcDbLine
 10
810.670471
 20
416.239944
 30
0.0
 11
810.739471
 21
416.156944
 31
0.0
  0
LINE
  5
158D
330
70
100
AcDbEntity
  8
Visible
100
AcDbLine
 10
810.597471
 20
416.318944
 30
0.0
 11
810.670471
 21
416.239944
 31
0.0
  0
LINE
  5
158E
330
70
100
AcDbEntity
  8
Visible
100
AcDbLine
 10
810.520471
 20
416.391944
 30
0.0
 11
810.597471
 21
416.318944
 31
0.0
  0
LINE
  5
158F
330
70
100
AcDbEntity
  8
Visible
100
AcDbLine
 10
810.437471
 20
416.459944
 30
0.0
 11
810.520471
 21
416.391944
 31
0.0
  0
LINE
  5
1590
330
70
100
AcDbEntity
  8
Visible
100
AcDbLine
 10
810.351471
 20
416.521944
 30
0.0
 11
810.437471
 21
416.459944
 31
0.0
  0
LINE
  5
1591
330
70
100
AcDbEntity
  8
Visible
100
AcDbLine
 10
810.260471
 20
416.579944
 30
0.0
 11
810.351471
 21
416.521944
 31
0.0
  0
LINE
  5
1592
330
70
100
AcDbEntity
  8
Visible
100
AcDbLine
 10
810.165471
 20
416.631944
 30
0.0
 11
810.260471
 21
416.579944
 31
0.0
  0
LINE
  5
1593
330
70
100
AcDbEntity
  8
Visible
100
AcDbLine
 10
810.065471
 20
416.678944
 30
0.0
 11
810.165471
 21
416.631944
 31
0.0
  0
LINE
  5
1594
330
70
100
AcDbEntity
  8
Visible
100
AcDbLine
 10
809.962471
 20
416.720944
 30
0.0
 11
810.065471
 21
416.678944
 31
0.0
  0
LINE
  5
1595
330
70
100
AcDbEntity
  8
Visible
100
AcDbLine
 10
809.855471
 20
416.758944
 30
0.0
 11
809.962471
 21
416.720944
 31
0.0
  0
LINE
  5
1596
330
70
100
AcDbEntity
  8
Visible
100
AcDbLine
 10
809.746471
 20
416.791944
 30
0.0
 11
809.855471
 21
416.758944
 31
0.0
  0
LINE
  5
1597
330
70
100
AcDbEntity
  8
Visible
100
AcDbLine
 10
809.633471
 20
416.820944
 30
0.0
 11
809.746471
 21
416.791944
 31
0.0
  0
LINE
  5
1598
330
70
100
AcDbEntity
  8
Visible
100
AcDbLine
 10
809.517471
 20
416.845944
 30
0.0
 11
809.633471
 21
416.820944
 31
0.0
  0
LINE
  5
1599
330
70
100
AcDbEntity
  8
Visible
100
AcDbLine
 10
809.399471
 20
416.864944
 30
0.0
 11
809.517471
 21
416.845944
 31
0.0
  0
LINE
  5
159A
330
70
100
AcDbEntity
  8
Visible
100
AcDbLine
 10
809.277471
 20
416.880944
 30
0.0
 11
809.399471
 21
416.864944
 31
0.0
  0
LINE
  5
159B
330
70
100
AcDbEntity
  8
Visible
100
AcDbLine
 10
809.153471
 20
416.891944
 30
0.0
 11
809.277471
 21
416.880944
 31
0.0
  0
LINE
  5
159C
330
70
100
AcDbEntity
  8
Visible
100
AcDbLine
 10
809.026471
 20
416.898944
 30
0.0
 11
809.153471
 21
416.891944
 31
0.0
  0
LINE
  5
159D
330
70
100
AcDbEntity
  8
Visible
100
AcDbLine
 10
808.895471
 20
416.900944
 30
0.0
 11
809.026471
 21
416.898944
 31
0.0
  0
LINE
  5
159E
330
70
100
AcDbEntity
  8
Visible
100
AcDbLine
 10
808.759471
 20
416.898944
 30
0.0
 11
808.895471
 21
416.900944
 31
0.0
  0
LINE
  5
159F
330
70
100
AcDbEntity
  8
Visible
100
AcDbLine
 10
808.625471
 20
416.893944
 30
0.0
 11
808.759471
 21
416.898944
 31
0.0
  0
LINE
  5
15A0
330
70
100
AcDbEntity
  8
Visible
100
AcDbLine
 10
808.495471
 20
416.885944
 30
0.0
 11
808.625471
 21
416.893944
 31
0.0
  0
LINE
  5
15A1
330
70
100
AcDbEntity
  8
Visible
100
AcDbLine
 10
808.367471
 20
416.873944
 30
0.0
 11
808.495471
 21
416.885944
 31
0.0
  0
LINE
  5
15A2
330
70
100
AcDbEntity
  8
Visible
100
AcDbLine
 10
808.243471
 20
416.857944
 30
0.0
 11
808.367471
 21
416.873944
 31
0.0
  0
LINE
  5
15A3
330
70
100
AcDbEntity
  8
Visible
100
AcDbLine
 10
808.122471
 20
416.838944
 30
0.0
 11
808.243471
 21
416.857944
 31
0.0
  0
LINE
  5
15A4
330
70
100
AcDbEntity
  8
Visible
100
AcDbLine
 10
808.004471
 20
416.816944
 30
0.0
 11
808.122471
 21
416.838944
 31
0.0
  0
LINE
  5
15A5
330
70
100
AcDbEntity
  8
Visible
100
AcDbLine
 10
807.889471
 20
416.791944
 30
0.0
 11
808.004471
 21
416.816944
 31
0.0
  0
LINE
  5
15A6
330
70
100
AcDbEntity
  8
Visible
100
AcDbLine
 10
807.777471
 20
416.761944
 30
0.0
 11
807.889471
 21
416.791944
 31
0.0
  0
LINE
  5
15A7
330
70
100
AcDbEntity
  8
Visible
100
AcDbLine
 10
807.668471
 20
416.729944
 30
0.0
 11
807.777471
 21
416.761944
 31
0.0
  0
LINE
  5
15A8
330
70
100
AcDbEntity
  8
Visible
100
AcDbLine
 10
807.563471
 20
416.693944
 30
0.0
 11
807.668471
 21
416.729944
 31
0.0
  0
LINE
  5
15A9
330
70
100
AcDbEntity
  8
Visible
100
AcDbLine
 10
807.462471
 20
416.652944
 30
0.0
 11
807.563471
 21
416.693944
 31
0.0
  0
LINE
  5
15AA
330
70
100
AcDbEntity
  8
Visible
100
AcDbLine
 10
807.367471
 20
416.607944
 30
0.0
 11
807.462471
 21
416.652944
 31
0.0
  0
LINE
  5
15AB
330
70
100
AcDbEntity
  8
Visible
100
AcDbLine
 10
807.275471
 20
416.559944
 30
0.0
 11
807.367471
 21
416.607944
 31
0.0
  0
LINE
  5
15AC
330
70
100
AcDbEntity
  8
Visible
100
AcDbLine
 10
807.189471
 20
416.506944
 30
0.0
 11
807.275471
 21
416.559944
 31
0.0
  0
LINE
  5
15AD
330
70
100
AcDbEntity
  8
Visible
100
AcDbLine
 10
807.107471
 20
416.448944
 30
0.0
 11
807.189471
 21
416.506944
 31
0.0
  0
LINE
  5
15AE
330
70
100
AcDbEntity
  8
Visible
100
AcDbLine
 10
807.029471
 20
416.387944
 30
0.0
 11
807.107471
 21
416.448944
 31
0.0
  0
LINE
  5
15AF
330
70
100
AcDbEntity
  8
Visible
100
AcDbLine
 10
806.957471
 20
416.321944
 30
0.0
 11
807.029471
 21
416.387944
 31
0.0
  0
LINE
  5
15B0
330
70
100
AcDbEntity
  8
Visible
100
AcDbLine
 10
806.889471
 20
416.251944
 30
0.0
 11
806.957471
 21
416.321944
 31
0.0
  0
LINE
  5
15B1
330
70
100
AcDbEntity
  8
Visible
100
AcDbLine
 10
806.825471
 20
416.177944
 30
0.0
 11
806.889471
 21
416.251944
 31
0.0
  0
LINE
  5
15B2
330
70
100
AcDbEntity
  8
Visible
100
AcDbLine
 10
806.767471
 20
416.098944
 30
0.0
 11
806.825471
 21
416.177944
 31
0.0
  0
LINE
  5
15B3
330
70
100
AcDbEntity
  8
Visible
100
AcDbLine
 10
806.715471
 20
416.015944
 30
0.0
 11
806.767471
 21
416.098944
 31
0.0
  0
LINE
  5
15B4
330
70
100
AcDbEntity
  8
Visible
100
AcDbLine
 10
806.669471
 20
415.927944
 30
0.0
 11
806.715471
 21
416.015944
 31
0.0
  0
LINE
  5
15B5
330
70
100
AcDbEntity
  8
Visible
100
AcDbLine
 10
806.629471
 20
415.833944
 30
0.0
 11
806.669471
 21
415.927944
 31
0.0
  0
LINE
  5
15B6
330
70
100
AcDbEntity
  8
Visible
100
AcDbLine
 10
806.595471
 20
415.735944
 30
0.0
 11
806.629471
 21
415.833944
 31
0.0
  0
LINE
  5
15B7
330
70
100
AcDbEntity
  8
Visible
100
AcDbLine
 10
806.568471
 20
415.632944
 30
0.0
 11
806.595471
 21
415.735944
 31
0.0
  0
LINE
  5
15B8
330
70
100
AcDbEntity
  8
Visible
100
AcDbLine
 10
806.547471
 20
415.525944
 30
0.0
 11
806.568471
 21
415.632944
 31
0.0
  0
LINE
  5
15B9
330
70
100
AcDbEntity
  8
Visible
100
AcDbLine
 10
806.531471
 20
415.412944
 30
0.0
 11
806.547471
 21
415.525944
 31
0.0
  0
LINE
  5
15BA
330
70
100
AcDbEntity
  8
Visible
100
AcDbLine
 10
806.522471
 20
415.294944
 30
0.0
 11
806.531471
 21
415.412944
 31
0.0
  0
LINE
  5
15BB
330
70
100
AcDbEntity
  8
Visible
100
AcDbLine
 10
806.519471
 20
415.172944
 30
0.0
 11
806.522471
 21
415.294944
 31
0.0
  0
LINE
  5
15BC
330
70
100
AcDbEntity
  8
Visible
100
AcDbLine
 10
807.563471
 20
415.172944
 30
0.0
 11
806.519471
 21
415.172944
 31
0.0
  0
LINE
  5
15BD
330
70
100
AcDbEntity
  8
Visible
100
AcDbLine
 10
807.565471
 20
415.242944
 30
0.0
 11
807.563471
 21
415.172944
 31
0.0
  0
LINE
  5
15BE
330
70
100
AcDbEntity
  8
Visible
100
AcDbLine
 10
807.570471
 20
415.308944
 30
0.0
 11
807.565471
 21
415.242944
 31
0.0
  0
LINE
  5
15BF
330
70
100
AcDbEntity
  8
Visible
100
AcDbLine
 10
807.579471
 20
415.373944
 30
0.0
 11
807.570471
 21
415.308944
 31
0.0
  0
LINE
  5
15C0
330
70
100
AcDbEntity
  8
Visible
100
AcDbLine
 10
807.591471
 20
415.435944
 30
0.0
 11
807.579471
 21
415.373944
 31
0.0
  0
LINE
  5
15C1
330
70
100
AcDbEntity
  8
Visible
100
AcDbLine
 10
807.607471
 20
415.494944
 30
0.0
 11
807.591471
 21
415.435944
 31
0.0
  0
LINE
  5
15C2
330
70
100
AcDbEntity
  8
Visible
100
AcDbLine
 10
807.627471
 20
415.550944
 30
0.0
 11
807.607471
 21
415.494944
 31
0.0
  0
LINE
  5
15C3
330
70
100
AcDbEntity
  8
Visible
100
AcDbLine
 10
807.650471
 20
415.604944
 30
0.0
 11
807.627471
 21
415.550944
 31
0.0
  0
LINE
  5
15C4
330
70
100
AcDbEntity
  8
Visible
100
AcDbLine
 10
807.676471
 20
415.656944
 30
0.0
 11
807.650471
 21
415.604944
 31
0.0
  0
LINE
  5
15C5
330
70
100
AcDbEntity
  8
Visible
100
AcDbLine
 10
807.706471
 20
415.705944
 30
0.0
 11
807.676471
 21
415.656944
 31
0.0
  0
LINE
  5
15C6
330
70
100
AcDbEntity
  8
Visible
100
AcDbLine
 10
807.740471
 20
415.751944
 30
0.0
 11
807.706471
 21
415.705944
 31
0.0
  0
LINE
  5
15C7
330
70
100
AcDbEntity
  8
Visible
100
AcDbLine
 10
807.777471
 20
415.795944
 30
0.0
 11
807.740471
 21
415.751944
 31
0.0
  0
LINE
  5
15C8
330
70
100
AcDbEntity
  8
Visible
100
AcDbLine
 10
807.816471
 20
415.836944
 30
0.0
 11
807.777471
 21
415.795944
 31
0.0
  0
LINE
  5
15C9
330
70
100
AcDbEntity
  8
Visible
100
AcDbLine
 10
807.858471
 20
415.875944
 30
0.0
 11
807.816471
 21
415.836944
 31
0.0
  0
LINE
  5
15CA
330
70
100
AcDbEntity
  8
Visible
100
AcDbLine
 10
807.902471
 20
415.912944
 30
0.0
 11
807.858471
 21
415.875944
 31
0.0
  0
LINE
  5
15CB
330
70
100
AcDbEntity
  8
Visible
100
AcDbLine
 10
807.949471
 20
415.947944
 30
0.0
 11
807.902471
 21
415.912944
 31
0.0
  0
LINE
  5
15CC
330
70
100
AcDbEntity
  8
Visible
100
AcDbLine
 10
807.998471
 20
415.979944
 30
0.0
 11
807.949471
 21
415.947944
 31
0.0
  0
LINE
  5
15CD
330
70
100
AcDbEntity
  8
Visible
100
AcDbLine
 10
808.050471
 20
416.009944
 30
0.0
 11
807.998471
 21
415.979944
 31
0.0
  0
LINE
  5
15CE
330
70
100
AcDbEntity
  8
Visible
100
AcDbLine
 10
808.104471
 20
416.036944
 30
0.0
 11
808.050471
 21
416.009944
 31
0.0
  0
LINE
  5
15CF
330
70
100
AcDbEntity
  8
Visible
100
AcDbLine
 10
808.161471
 20
416.061944
 30
0.0
 11
808.104471
 21
416.036944
 31
0.0
  0
LINE
  5
15D0
330
70
100
AcDbEntity
  8
Visible
100
AcDbLine
 10
808.220471
 20
416.084944
 30
0.0
 11
808.161471
 21
416.061944
 31
0.0
  0
LINE
  5
15D1
330
70
100
AcDbEntity
  8
Visible
100
AcDbLine
 10
808.281471
 20
416.105944
 30
0.0
 11
808.220471
 21
416.084944
 31
0.0
  0
LINE
  5
15D2
330
70
100
AcDbEntity
  8
Visible
100
AcDbLine
 10
808.344471
 20
416.123944
 30
0.0
 11
808.281471
 21
416.105944
 31
0.0
  0
LINE
  5
15D3
330
70
100
AcDbEntity
  8
Visible
100
AcDbLine
 10
808.408471
 20
416.139944
 30
0.0
 11
808.344471
 21
416.123944
 31
0.0
  0
LINE
  5
15D4
330
70
100
AcDbEntity
  8
Visible
100
AcDbLine
 10
808.473471
 20
416.153944
 30
0.0
 11
808.408471
 21
416.139944
 31
0.0
  0
LINE
  5
15D5
330
70
100
AcDbEntity
  8
Visible
100
AcDbLine
 10
808.540471
 20
416.165944
 30
0.0
 11
808.473471
 21
416.153944
 31
0.0
  0
LINE
  5
15D6
330
70
100
AcDbEntity
  8
Visible
100
AcDbLine
 10
808.608471
 20
416.175944
 30
0.0
 11
808.540471
 21
416.165944
 31
0.0
  0
LINE
  5
15D7
330
70
100
AcDbEntity
  8
Visible
100
AcDbLine
 10
808.678471
 20
416.182944
 30
0.0
 11
808.608471
 21
416.175944
 31
0.0
  0
LINE
  5
15D8
330
70
100
AcDbEntity
  8
Visible
100
AcDbLine
 10
808.749471
 20
416.188944
 30
0.0
 11
808.678471
 21
416.182944
 31
0.0
  0
LINE
  5
15D9
330
70
100
AcDbEntity
  8
Visible
100
AcDbLine
 10
808.821471
 20
416.191944
 30
0.0
 11
808.749471
 21
416.188944
 31
0.0
  0
LINE
  5
15DA
330
70
100
AcDbEntity
  8
Visible
100
AcDbLine
 10
808.895471
 20
416.192944
 30
0.0
 11
808.821471
 21
416.191944
 31
0.0
  0
LINE
  5
15DB
330
70
100
AcDbEntity
  8
Visible
100
AcDbLine
 10
809.024471
 20
416.189944
 30
0.0
 11
808.895471
 21
416.192944
 31
0.0
  0
LINE
  5
15DC
330
70
100
AcDbEntity
  8
Visible
100
AcDbLine
 10
809.146471
 20
416.178944
 30
0.0
 11
809.024471
 21
416.189944
 31
0.0
  0
LINE
  5
15DD
330
70
100
AcDbEntity
  8
Visible
100
AcDbLine
 10
809.261471
 20
416.161944
 30
0.0
 11
809.146471
 21
416.178944
 31
0.0
  0
LINE
  5
15DE
330
70
100
AcDbEntity
  8
Visible
100
AcDbLine
 10
809.370471
 20
416.138944
 30
0.0
 11
809.261471
 21
416.161944
 31
0.0
  0
LINE
  5
15DF
330
70
100
AcDbEntity
  8
Visible
100
AcDbLine
 10
809.473471
 20
416.107944
 30
0.0
 11
809.370471
 21
416.138944
 31
0.0
  0
LINE
  5
15E0
330
70
100
AcDbEntity
  8
Visible
100
AcDbLine
 10
809.568471
 20
416.070944
 30
0.0
 11
809.473471
 21
416.107944
 31
0.0
  0
LINE
  5
15E1
330
70
100
AcDbEntity
  8
Visible
100
AcDbLine
 10
809.657471
 20
416.026944
 30
0.0
 11
809.568471
 21
416.070944
 31
0.0
  0
LINE
  5
15E2
330
70
100
AcDbEntity
  8
Visible
100
AcDbLine
 10
809.740471
 20
415.975944
 30
0.0
 11
809.657471
 21
416.026944
 31
0.0
  0
LINE
  5
15E3
330
70
100
AcDbEntity
  8
Visible
100
AcDbLine
 10
809.816471
 20
415.917944
 30
0.0
 11
809.740471
 21
415.975944
 31
0.0
  0
LINE
  5
15E4
330
70
100
AcDbEntity
  8
Visible
100
AcDbLine
 10
809.885471
 20
415.853944
 30
0.0
 11
809.816471
 21
415.917944
 31
0.0
  0
LINE
  5
15E5
330
70
100
AcDbEntity
  8
Visible
100
AcDbLine
 10
809.948471
 20
415.781944
 30
0.0
 11
809.885471
 21
415.853944
 31
0.0
  0
LINE
  5
15E6
330
70
100
AcDbEntity
  8
Visible
100
AcDbLine
 10
810.004471
 20
415.700944
 30
0.0
 11
809.948471
 21
415.781944
 31
0.0
  0
LINE
  5
15E7
330
70
100
AcDbEntity
  8
Visible
100
AcDbLine
 10
810.053471
 20
415.610944
 30
0.0
 11
810.004471
 21
415.700944
 31
0.0
  0
LINE
  5
15E8
330
70
100
AcDbEntity
  8
Visible
100
AcDbLine
 10
810.096471
 20
415.512944
 30
0.0
 11
810.053471
 21
415.610944
 31
0.0
  0
LINE
  5
15E9
330
70
100
AcDbEntity
  8
Visible
100
AcDbLine
 10
810.132471
 20
415.405944
 30
0.0
 11
810.096471
 21
415.512944
 31
0.0
  0
LINE
  5
15EA
330
70
100
AcDbEntity
  8
Visible
100
AcDbLine
 10
810.162471
 20
415.290944
 30
0.0
 11
810.132471
 21
415.405944
 31
0.0
  0
LINE
  5
15EB
330
70
100
AcDbEntity
  8
Visible
100
AcDbLine
 10
810.185471
 20
415.165944
 30
0.0
 11
810.162471
 21
415.290944
 31
0.0
  0
LINE
  5
15EC
330
70
100
AcDbEntity
  8
Visible
100
AcDbLine
 10
810.202471
 20
415.032944
 30
0.0
 11
810.185471
 21
415.165944
 31
0.0
  0
LINE
  5
15ED
330
70
100
AcDbEntity
  8
Visible
100
AcDbLine
 10
810.212471
 20
414.890944
 30
0.0
 11
810.202471
 21
415.032944
 31
0.0
  0
LINE
  5
15EE
330
70
100
AcDbEntity
  8
Visible
100
AcDbLine
 10
810.215471
 20
414.740944
 30
0.0
 11
810.212471
 21
414.890944
 31
0.0
  0
LINE
  5
15EF
330
70
100
AcDbEntity
  8
Visible
100
AcDbLine
 10
815.678471
 20
410.887944
 30
0.0
 11
815.544471
 21
410.879944
 31
0.0
  0
LINE
  5
15F0
330
70
100
AcDbEntity
  8
Visible
100
AcDbLine
 10
815.810471
 20
410.900944
 30
0.0
 11
815.678471
 21
410.887944
 31
0.0
  0
LINE
  5
15F1
330
70
100
AcDbEntity
  8
Visible
100
AcDbLine
 10
815.937471
 20
410.919944
 30
0.0
 11
815.810471
 21
410.900944
 31
0.0
  0
LINE
  5
15F2
330
70
100
AcDbEntity
  8
Visible
100
AcDbLine
 10
816.061471
 20
410.944944
 30
0.0
 11
815.937471
 21
410.919944
 31
0.0
  0
LINE
  5
15F3
330
70
100
AcDbEntity
  8
Visible
100
AcDbLine
 10
816.182471
 20
410.973944
 30
0.0
 11
816.061471
 21
410.944944
 31
0.0
  0
LINE
  5
15F4
330
70
100
AcDbEntity
  8
Visible
100
AcDbLine
 10
816.298471
 20
411.008944
 30
0.0
 11
816.182471
 21
410.973944
 31
0.0
  0
LINE
  5
15F5
330
70
100
AcDbEntity
  8
Visible
100
AcDbLine
 10
816.411471
 20
411.049944
 30
0.0
 11
816.298471
 21
411.008944
 31
0.0
  0
LINE
  5
15F6
330
70
100
AcDbEntity
  8
Visible
100
AcDbLine
 10
816.520471
 20
411.095944
 30
0.0
 11
816.411471
 21
411.049944
 31
0.0
  0
LINE
  5
15F7
330
70
100
AcDbEntity
  8
Visible
100
AcDbLine
 10
816.626471
 20
411.146944
 30
0.0
 11
816.520471
 21
411.095944
 31
0.0
  0
LINE
  5
15F8
330
70
100
AcDbEntity
  8
Visible
100
AcDbLine
 10
816.727471
 20
411.202944
 30
0.0
 11
816.626471
 21
411.146944
 31
0.0
  0
LINE
  5
15F9
330
70
100
AcDbEntity
  8
Visible
100
AcDbLine
 10
816.824471
 20
411.262944
 30
0.0
 11
816.727471
 21
411.202944
 31
0.0
  0
LINE
  5
15FA
330
70
100
AcDbEntity
  8
Visible
100
AcDbLine
 10
816.916471
 20
411.326944
 30
0.0
 11
816.824471
 21
411.262944
 31
0.0
  0
LINE
  5
15FB
330
70
100
AcDbEntity
  8
Visible
100
AcDbLine
 10
817.003471
 20
411.394944
 30
0.0
 11
816.916471
 21
411.326944
 31
0.0
  0
LINE
  5
15FC
330
70
100
AcDbEntity
  8
Visible
100
AcDbLine
 10
817.086471
 20
411.465944
 30
0.0
 11
817.003471
 21
411.394944
 31
0.0
  0
LINE
  5
15FD
330
70
100
AcDbEntity
  8
Visible
100
AcDbLine
 10
817.163471
 20
411.541944
 30
0.0
 11
817.086471
 21
411.465944
 31
0.0
  0
LINE
  5
15FE
330
70
100
AcDbEntity
  8
Visible
100
AcDbLine
 10
817.236471
 20
411.621944
 30
0.0
 11
817.163471
 21
411.541944
 31
0.0
  0
LINE
  5
15FF
330
70
100
AcDbEntity
  8
Visible
100
AcDbLine
 10
817.305471
 20
411.705944
 30
0.0
 11
817.236471
 21
411.621944
 31
0.0
  0
LINE
  5
1600
330
70
100
AcDbEntity
  8
Visible
100
AcDbLine
 10
817.368471
 20
411.792944
 30
0.0
 11
817.305471
 21
411.705944
 31
0.0
  0
LINE
  5
1601
330
70
100
AcDbEntity
  8
Visible
100
AcDbLine
 10
817.427471
 20
411.884944
 30
0.0
 11
817.368471
 21
411.792944
 31
0.0
  0
LINE
  5
1602
330
70
100
AcDbEntity
  8
Visible
100
AcDbLine
 10
817.481471
 20
411.979944
 30
0.0
 11
817.427471
 21
411.884944
 31
0.0
  0
LINE
  5
1603
330
70
100
AcDbEntity
  8
Visible
100
AcDbLine
 10
817.529471
 20
412.076944
 30
0.0
 11
817.481471
 21
411.979944
 31
0.0
  0
LINE
  5
1604
330
70
100
AcDbEntity
  8
Visible
100
AcDbLine
 10
817.571471
 20
412.177944
 30
0.0
 11
817.529471
 21
412.076944
 31
0.0
  0
LINE
  5
1605
330
70
100
AcDbEntity
  8
Visible
100
AcDbLine
 10
817.607471
 20
412.280944
 30
0.0
 11
817.571471
 21
412.177944
 31
0.0
  0
LINE
  5
1606
330
70
100
AcDbEntity
  8
Visible
100
AcDbLine
 10
817.638471
 20
412.385944
 30
0.0
 11
817.607471
 21
412.280944
 31
0.0
  0
LINE
  5
1607
330
70
100
AcDbEntity
  8
Visible
100
AcDbLine
 10
817.664471
 20
412.493944
 30
0.0
 11
817.638471
 21
412.385944
 31
0.0
  0
LINE
  5
1608
330
70
100
AcDbEntity
  8
Visible
100
AcDbLine
 10
817.684471
 20
412.604944
 30
0.0
 11
817.664471
 21
412.493944
 31
0.0
  0
LINE
  5
1609
330
70
100
AcDbEntity
  8
Visible
100
AcDbLine
 10
817.698471
 20
412.717944
 30
0.0
 11
817.684471
 21
412.604944
 31
0.0
  0
LINE
  5
160A
330
70
100
AcDbEntity
  8
Visible
100
AcDbLine
 10
817.706471
 20
412.833944
 30
0.0
 11
817.698471
 21
412.717944
 31
0.0
  0
LINE
  5
160B
330
70
100
AcDbEntity
  8
Visible
100
AcDbLine
 10
817.709471
 20
412.952944
 30
0.0
 11
817.706471
 21
412.833944
 31
0.0
  0
LINE
  5
160C
330
70
100
AcDbEntity
  8
Visible
100
AcDbLine
 10
816.749471
 20
412.952944
 30
0.0
 11
817.709471
 21
412.952944
 31
0.0
  0
LINE
  5
160D
330
70
100
AcDbEntity
  8
Visible
100
AcDbLine
 10
816.746471
 20
412.838944
 30
0.0
 11
816.749471
 21
412.952944
 31
0.0
  0
LINE
  5
160E
330
70
100
AcDbEntity
  8
Visible
100
AcDbLine
 10
816.735471
 20
412.729944
 30
0.0
 11
816.746471
 21
412.838944
 31
0.0
  0
LINE
  5
160F
330
70
100
AcDbEntity
  8
Visible
100
AcDbLine
 10
816.718471
 20
412.626944
 30
0.0
 11
816.735471
 21
412.729944
 31
0.0
  0
LINE
  5
1610
330
70
100
AcDbEntity
  8
Visible
100
AcDbLine
 10
816.694471
 20
412.527944
 30
0.0
 11
816.718471
 21
412.626944
 31
0.0
  0
LINE
  5
1611
330
70
100
AcDbEntity
  8
Visible
100
AcDbLine
 10
816.663471
 20
412.434944
 30
0.0
 11
816.694471
 21
412.527944
 31
0.0
  0
LINE
  5
1612
330
70
100
AcDbEntity
  8
Visible
100
AcDbLine
 10
816.625471
 20
412.345944
 30
0.0
 11
816.663471
 21
412.434944
 31
0.0
  0
LINE
  5
1613
330
70
100
AcDbEntity
  8
Visible
100
AcDbLine
 10
816.580471
 20
412.262944
 30
0.0
 11
816.625471
 21
412.345944
 31
0.0
  0
LINE
  5
1614
330
70
100
AcDbEntity
  8
Visible
100
AcDbLine
 10
816.528471
 20
412.184944
 30
0.0
 11
816.580471
 21
412.262944
 31
0.0
  0
LINE
  5
1615
330
70
100
AcDbEntity
  8
Visible
100
AcDbLine
 10
816.470471
 20
412.111944
 30
0.0
 11
816.528471
 21
412.184944
 31
0.0
  0
LINE
  5
1616
330
70
100
AcDbEntity
  8
Visible
100
AcDbLine
 10
816.404471
 20
412.043944
 30
0.0
 11
816.470471
 21
412.111944
 31
0.0
  0
LINE
  5
1617
330
70
100
AcDbEntity
  8
Visible
100
AcDbLine
 10
816.332471
 20
411.981944
 30
0.0
 11
816.404471
 21
412.043944
 31
0.0
  0
LINE
  5
1618
330
70
100
AcDbEntity
  8
Visible
100
AcDbLine
 10
816.253471
 20
411.925944
 30
0.0
 11
816.332471
 21
411.981944
 31
0.0
  0
LINE
  5
1619
330
70
100
AcDbEntity
  8
Visible
100
AcDbLine
 10
816.168471
 20
411.876944
 30
0.0
 11
816.253471
 21
411.925944
 31
0.0
  0
LINE
  5
161A
330
70
100
AcDbEntity
  8
Visible
100
AcDbLine
 10
816.077471
 20
411.834944
 30
0.0
 11
816.168471
 21
411.876944
 31
0.0
  0
LINE
  5
161B
330
70
100
AcDbEntity
  8
Visible
100
AcDbLine
 10
815.979471
 20
411.798944
 30
0.0
 11
816.077471
 21
411.834944
 31
0.0
  0
LINE
  5
161C
330
70
100
AcDbEntity
  8
Visible
100
AcDbLine
 10
815.874471
 20
411.768944
 30
0.0
 11
815.979471
 21
411.798944
 31
0.0
  0
LINE
  5
161D
330
70
100
AcDbEntity
  8
Visible
100
AcDbLine
 10
815.764471
 20
411.745944
 30
0.0
 11
815.874471
 21
411.768944
 31
0.0
  0
LINE
  5
161E
330
70
100
AcDbEntity
  8
Visible
100
AcDbLine
 10
815.647471
 20
411.729944
 30
0.0
 11
815.764471
 21
411.745944
 31
0.0
  0
LINE
  5
161F
330
70
100
AcDbEntity
  8
Visible
100
AcDbLine
 10
815.523471
 20
411.719944
 30
0.0
 11
815.647471
 21
411.729944
 31
0.0
  0
LINE
  5
1620
330
70
100
AcDbEntity
  8
Visible
100
AcDbLine
 10
815.393471
 20
411.716944
 30
0.0
 11
815.523471
 21
411.719944
 31
0.0
  0
LINE
  5
1621
330
70
100
AcDbEntity
  8
Visible
100
AcDbLine
 10
815.299471
 20
411.719944
 30
0.0
 11
815.393471
 21
411.716944
 31
0.0
  0
LINE
  5
1622
330
70
100
AcDbEntity
  8
Visible
100
AcDbLine
 10
815.207471
 20
411.727944
 30
0.0
 11
815.299471
 21
411.719944
 31
0.0
  0
LINE
  5
1623
330
70
100
AcDbEntity
  8
Visible
100
AcDbLine
 10
815.118471
 20
411.740944
 30
0.0
 11
815.207471
 21
411.727944
 31
0.0
  0
LINE
  5
1624
330
70
100
AcDbEntity
  8
Visible
100
AcDbLine
 10
815.030471
 20
411.759944
 30
0.0
 11
815.118471
 21
411.740944
 31
0.0
  0
LINE
  5
1625
330
70
100
AcDbEntity
  8
Visible
100
AcDbLine
 10
814.944471
 20
411.783944
 30
0.0
 11
815.030471
 21
411.759944
 31
0.0
  0
LINE
  5
1626
330
70
100
AcDbEntity
  8
Visible
100
AcDbLine
 10
814.861471
 20
411.813944
 30
0.0
 11
814.944471
 21
411.783944
 31
0.0
  0
LINE
  5
1627
330
70
100
AcDbEntity
  8
Visible
100
AcDbLine
 10
814.779471
 20
411.848944
 30
0.0
 11
814.861471
 21
411.813944
 31
0.0
  0
LINE
  5
1628
330
70
100
AcDbEntity
  8
Visible
100
AcDbLine
 10
814.700471
 20
411.889944
 30
0.0
 11
814.779471
 21
411.848944
 31
0.0
  0
LINE
  5
1629
330
70
100
AcDbEntity
  8
Visible
100
AcDbLine
 10
814.622471
 20
411.935944
 30
0.0
 11
814.700471
 21
411.889944
 31
0.0
  0
LINE
  5
162A
330
70
100
AcDbEntity
  8
Visible
100
AcDbLine
 10
814.547471
 20
411.986944
 30
0.0
 11
814.622471
 21
411.935944
 31
0.0
  0
LINE
  5
162B
330
70
100
AcDbEntity
  8
Visible
100
AcDbLine
 10
814.474471
 20
412.042944
 30
0.0
 11
814.547471
 21
411.986944
 31
0.0
  0
LINE
  5
162C
330
70
100
AcDbEntity
  8
Visible
100
AcDbLine
 10
814.405471
 20
412.103944
 30
0.0
 11
814.474471
 21
412.042944
 31
0.0
  0
LINE
  5
162D
330
70
100
AcDbEntity
  8
Visible
100
AcDbLine
 10
814.338471
 20
412.168944
 30
0.0
 11
814.405471
 21
412.103944
 31
0.0
  0
LINE
  5
162E
330
70
100
AcDbEntity
  8
Visible
100
AcDbLine
 10
814.275471
 20
412.237944
 30
0.0
 11
814.338471
 21
412.168944
 31
0.0
  0
LINE
  5
162F
330
70
100
AcDbEntity
  8
Visible
100
AcDbLine
 10
814.215471
 20
412.311944
 30
0.0
 11
814.275471
 21
412.237944
 31
0.0
  0
LINE
  5
1630
330
70
100
AcDbEntity
  8
Visible
100
AcDbLine
 10
814.158471
 20
412.389944
 30
0.0
 11
814.215471
 21
412.311944
 31
0.0
  0
LINE
  5
1631
330
70
100
AcDbEntity
  8
Visible
100
AcDbLine
 10
814.104471
 20
412.471944
 30
0.0
 11
814.158471
 21
412.389944
 31
0.0
  0
LINE
  5
1632
330
70
100
AcDbEntity
  8
Visible
100
AcDbLine
 10
814.054471
 20
412.558944
 30
0.0
 11
814.104471
 21
412.471944
 31
0.0
  0
LINE
  5
1633
330
70
100
AcDbEntity
  8
Visible
100
AcDbLine
 10
814.006471
 20
412.649944
 30
0.0
 11
814.054471
 21
412.558944
 31
0.0
  0
LINE
  5
1634
330
70
100
AcDbEntity
  8
Visible
100
AcDbLine
 10
813.962471
 20
412.745944
 30
0.0
 11
814.006471
 21
412.649944
 31
0.0
  0
LINE
  5
1635
330
70
100
AcDbEntity
  8
Visible
100
AcDbLine
 10
813.922471
 20
412.845944
 30
0.0
 11
813.962471
 21
412.745944
 31
0.0
  0
LINE
  5
1636
330
70
100
AcDbEntity
  8
Visible
100
AcDbLine
 10
813.885471
 20
412.948944
 30
0.0
 11
813.922471
 21
412.845944
 31
0.0
  0
LINE
  5
1637
330
70
100
AcDbEntity
  8
Visible
100
AcDbLine
 10
813.853471
 20
413.054944
 30
0.0
 11
813.885471
 21
412.948944
 31
0.0
  0
LINE
  5
1638
330
70
100
AcDbEntity
  8
Visible
100
AcDbLine
 10
813.826471
 20
413.165944
 30
0.0
 11
813.853471
 21
413.054944
 31
0.0
  0
LINE
  5
1639
330
70
100
AcDbEntity
  8
Visible
100
AcDbLine
 10
813.802471
 20
413.278944
 30
0.0
 11
813.826471
 21
413.165944
 31
0.0
  0
LINE
  5
163A
330
70
100
AcDbEntity
  8
Visible
100
AcDbLine
 10
813.783471
 20
413.396944
 30
0.0
 11
813.802471
 21
413.278944
 31
0.0
  0
LINE
  5
163B
330
70
100
AcDbEntity
  8
Visible
100
AcDbLine
 10
813.768471
 20
413.516944
 30
0.0
 11
813.783471
 21
413.396944
 31
0.0
  0
LINE
  5
163C
330
70
100
AcDbEntity
  8
Visible
100
AcDbLine
 10
813.758471
 20
413.641944
 30
0.0
 11
813.768471
 21
413.516944
 31
0.0
  0
LINE
  5
163D
330
70
100
AcDbEntity
  8
Visible
100
AcDbLine
 10
813.751471
 20
413.769944
 30
0.0
 11
813.758471
 21
413.641944
 31
0.0
  0
LINE
  5
163E
330
70
100
AcDbEntity
  8
Visible
100
AcDbLine
 10
813.749471
 20
413.900944
 30
0.0
 11
813.751471
 21
413.769944
 31
0.0
  0
LINE
  5
163F
330
70
100
AcDbEntity
  8
Visible
100
AcDbLine
 10
813.751471
 20
414.042944
 30
0.0
 11
813.749471
 21
413.900944
 31
0.0
  0
LINE
  5
1640
330
70
100
AcDbEntity
  8
Visible
100
AcDbLine
 10
813.758471
 20
414.179944
 30
0.0
 11
813.751471
 21
414.042944
 31
0.0
  0
LINE
  5
1641
330
70
100
AcDbEntity
  8
Visible
100
AcDbLine
 10
813.770471
 20
414.311944
 30
0.0
 11
813.758471
 21
414.179944
 31
0.0
  0
LINE
  5
1642
330
70
100
AcDbEntity
  8
Visible
100
AcDbLine
 10
813.786471
 20
414.438944
 30
0.0
 11
813.770471
 21
414.311944
 31
0.0
  0
LINE
  5
1643
330
70
100
AcDbEntity
  8
Visible
100
AcDbLine
 10
813.808471
 20
414.561944
 30
0.0
 11
813.786471
 21
414.438944
 31
0.0
  0
LINE
  5
1644
330
70
100
AcDbEntity
  8
Visible
100
AcDbLine
 10
813.833471
 20
414.679944
 30
0.0
 11
813.808471
 21
414.561944
 31
0.0
  0
LINE
  5
1645
330
70
100
AcDbEntity
  8
Visible
100
AcDbLine
 10
813.864471
 20
414.792944
 30
0.0
 11
813.833471
 21
414.679944
 31
0.0
  0
LINE
  5
1646
330
70
100
AcDbEntity
  8
Visible
100
AcDbLine
 10
813.899471
 20
414.900944
 30
0.0
 11
813.864471
 21
414.792944
 31
0.0
  0
LINE
  5
1647
330
70
100
AcDbEntity
  8
Visible
100
AcDbLine
 10
813.939471
 20
415.004944
 30
0.0
 11
813.899471
 21
414.900944
 31
0.0
  0
LINE
  5
1648
330
70
100
AcDbEntity
  8
Visible
100
AcDbLine
 10
813.983471
 20
415.103944
 30
0.0
 11
813.939471
 21
415.004944
 31
0.0
  0
LINE
  5
1649
330
70
100
AcDbEntity
  8
Visible
100
AcDbLine
 10
814.031471
 20
415.197944
 30
0.0
 11
813.983471
 21
415.103944
 31
0.0
  0
LINE
  5
164A
330
70
100
AcDbEntity
  8
Visible
100
AcDbLine
 10
814.082471
 20
415.287944
 30
0.0
 11
814.031471
 21
415.197944
 31
0.0
  0
LINE
  5
164B
330
70
100
AcDbEntity
  8
Visible
100
AcDbLine
 10
814.136471
 20
415.371944
 30
0.0
 11
814.082471
 21
415.287944
 31
0.0
  0
LINE
  5
164C
330
70
100
AcDbEntity
  8
Visible
100
AcDbLine
 10
814.193471
 20
415.451944
 30
0.0
 11
814.136471
 21
415.371944
 31
0.0
  0
LINE
  5
164D
330
70
100
AcDbEntity
  8
Visible
100
AcDbLine
 10
814.252471
 20
415.526944
 30
0.0
 11
814.193471
 21
415.451944
 31
0.0
  0
LINE
  5
164E
330
70
100
AcDbEntity
  8
Visible
100
AcDbLine
 10
814.315471
 20
415.596944
 30
0.0
 11
814.252471
 21
415.526944
 31
0.0
  0
LINE
  5
164F
330
70
100
AcDbEntity
  8
Visible
100
AcDbLine
 10
814.380471
 20
415.662944
 30
0.0
 11
814.315471
 21
415.596944
 31
0.0
  0
LINE
  5
1650
330
70
100
AcDbEntity
  8
Visible
100
AcDbLine
 10
814.448471
 20
415.722944
 30
0.0
 11
814.380471
 21
415.662944
 31
0.0
  0
LINE
  5
1651
330
70
100
AcDbEntity
  8
Visible
100
AcDbLine
 10
814.518471
 20
415.778944
 30
0.0
 11
814.448471
 21
415.722944
 31
0.0
  0
LINE
  5
1652
330
70
100
AcDbEntity
  8
Visible
100
AcDbLine
 10
814.592471
 20
415.829944
 30
0.0
 11
814.518471
 21
415.778944
 31
0.0
  0
LINE
  5
1653
330
70
100
AcDbEntity
  8
Visible
100
AcDbLine
 10
814.668471
 20
415.875944
 30
0.0
 11
814.592471
 21
415.829944
 31
0.0
  0
LINE
  5
1654
330
70
100
AcDbEntity
  8
Visible
100
AcDbLine
 10
814.744471
 20
415.916944
 30
0.0
 11
814.668471
 21
415.875944
 31
0.0
  0
LINE
  5
1655
330
70
100
AcDbEntity
  8
Visible
100
AcDbLine
 10
814.822471
 20
415.953944
 30
0.0
 11
814.744471
 21
415.916944
 31
0.0
  0
LINE
  5
1656
330
70
100
AcDbEntity
  8
Visible
100
AcDbLine
 10
814.900471
 20
415.985944
 30
0.0
 11
814.822471
 21
415.953944
 31
0.0
  0
LINE
  5
1657
330
70
100
AcDbEntity
  8
Visible
100
AcDbLine
 10
814.980471
 20
416.011944
 30
0.0
 11
814.900471
 21
415.985944
 31
0.0
  0
LINE
  5
1658
330
70
100
AcDbEntity
  8
Visible
100
AcDbLine
 10
815.060471
 20
416.033944
 30
0.0
 11
814.980471
 21
416.011944
 31
0.0
  0
LINE
  5
1659
330
70
100
AcDbEntity
  8
Visible
100
AcDbLine
 10
815.142471
 20
416.050944
 30
0.0
 11
815.060471
 21
416.033944
 31
0.0
  0
LINE
  5
165A
330
70
100
AcDbEntity
  8
Visible
100
AcDbLine
 10
815.225471
 20
416.062944
 30
0.0
 11
815.142471
 21
416.050944
 31
0.0
  0
LINE
  5
165B
330
70
100
AcDbEntity
  8
Visible
100
AcDbLine
 10
815.308471
 20
416.070944
 30
0.0
 11
815.225471
 21
416.062944
 31
0.0
  0
LINE
  5
165C
330
70
100
AcDbEntity
  8
Visible
100
AcDbLine
 10
815.393471
 20
416.072944
 30
0.0
 11
815.308471
 21
416.070944
 31
0.0
  0
LINE
  5
165D
330
70
100
AcDbEntity
  8
Visible
100
AcDbLine
 10
815.492471
 20
416.069944
 30
0.0
 11
815.393471
 21
416.072944
 31
0.0
  0
LINE
  5
165E
330
70
100
AcDbEntity
  8
Visible
100
AcDbLine
 10
815.588471
 20
416.060944
 30
0.0
 11
815.492471
 21
416.069944
 31
0.0
  0
LINE
  5
165F
330
70
100
AcDbEntity
  8
Visible
100
AcDbLine
 10
815.682471
 20
416.046944
 30
0.0
 11
815.588471
 21
416.060944
 31
0.0
  0
LINE
  5
1660
330
70
100
AcDbEntity
  8
Visible
100
AcDbLine
 10
815.772471
 20
416.025944
 30
0.0
 11
815.682471
 21
416.046944
 31
0.0
  0
LINE
  5
1661
330
70
100
AcDbEntity
  8
Visible
100
AcDbLine
 10
815.859471
 20
415.999944
 30
0.0
 11
815.772471
 21
416.025944
 31
0.0
  0
LINE
  5
1662
330
70
100
AcDbEntity
  8
Visible
100
AcDbLine
 10
815.943471
 20
415.967944
 30
0.0
 11
815.859471
 21
415.999944
 31
0.0
  0
LINE
  5
1663
330
70
100
AcDbEntity
  8
Visible
100
AcDbLine
 10
816.024471
 20
415.929944
 30
0.0
 11
815.943471
 21
415.967944
 31
0.0
  0
LINE
  5
1664
330
70
100
AcDbEntity
  8
Visible
100
AcDbLine
 10
816.101471
 20
415.886944
 30
0.0
 11
816.024471
 21
415.929944
 31
0.0
  0
LINE
  5
1665
330
70
100
AcDbEntity
  8
Visible
100
AcDbLine
 10
816.176471
 20
415.836944
 30
0.0
 11
816.101471
 21
415.886944
 31
0.0
  0
LINE
  5
1666
330
70
100
AcDbEntity
  8
Visible
100
AcDbLine
 10
816.248471
 20
415.781944
 30
0.0
 11
816.176471
 21
415.836944
 31
0.0
  0
LINE
  5
1667
330
70
100
AcDbEntity
  8
Visible
100
AcDbLine
 10
816.316471
 20
415.721944
 30
0.0
 11
816.248471
 21
415.781944
 31
0.0
  0
LINE
  5
1668
330
70
100
AcDbEntity
  8
Visible
100
AcDbLine
 10
816.380471
 20
415.656944
 30
0.0
 11
816.316471
 21
415.721944
 31
0.0
  0
LINE
  5
1669
330
70
100
AcDbEntity
  8
Visible
100
AcDbLine
 10
816.441471
 20
415.588944
 30
0.0
 11
816.380471
 21
415.656944
 31
0.0
  0
LINE
  5
166A
330
70
100
AcDbEntity
  8
Visible
100
AcDbLine
 10
816.497471
 20
415.515944
 30
0.0
 11
816.441471
 21
415.588944
 31
0.0
  0
LINE
  5
166B
330
70
100
AcDbEntity
  8
Visible
100
AcDbLine
 10
816.549471
 20
415.438944
 30
0.0
 11
816.497471
 21
415.515944
 31
0.0
  0
LINE
  5
166C
330
70
100
AcDbEntity
  8
Visible
100
AcDbLine
 10
816.597471
 20
415.357944
 30
0.0
 11
816.549471
 21
415.438944
 31
0.0
  0
LINE
  5
166D
330
70
100
AcDbEntity
  8
Visible
100
AcDbLine
 10
816.641471
 20
415.272944
 30
0.0
 11
816.597471
 21
415.357944
 31
0.0
  0
LINE
  5
166E
330
70
100
AcDbEntity
  8
Visible
100
AcDbLine
 10
816.681471
 20
415.183944
 30
0.0
 11
816.641471
 21
415.272944
 31
0.0
  0
LINE
  5
166F
330
70
100
AcDbEntity
  8
Visible
100
AcDbLine
 10
816.717471
 20
415.090944
 30
0.0
 11
816.681471
 21
415.183944
 31
0.0
  0
LINE
  5
1670
330
70
100
AcDbEntity
  8
Visible
100
AcDbLine
 10
816.749471
 20
414.992944
 30
0.0
 11
816.717471
 21
415.090944
 31
0.0
  0
LINE
  5
1671
330
70
100
AcDbEntity
  8
Visible
100
AcDbLine
 10
817.709471
 20
415.076944
 30
0.0
 11
816.749471
 21
414.992944
 31
0.0
  0
LINE
  5
1672
330
70
100
AcDbEntity
  8
Visible
100
AcDbLine
 10
817.690471
 20
415.148944
 30
0.0
 11
817.709471
 21
415.076944
 31
0.0
  0
LINE
  5
1673
330
70
100
AcDbEntity
  8
Visible
100
AcDbLine
 10
817.669471
 20
415.219944
 30
0.0
 11
817.690471
 21
415.148944
 31
0.0
  0
LINE
  5
1674
330
70
100
AcDbEntity
  8
Visible
100
AcDbLine
 10
817.646471
 20
415.289944
 30
0.0
 11
817.669471
 21
415.219944
 31
0.0
  0
LINE
  5
1675
330
70
100
AcDbEntity
  8
Visible
100
AcDbLine
 10
817.621471
 20
415.359944
 30
0.0
 11
817.646471
 21
415.289944
 31
0.0
  0
LINE
  5
1676
330
70
100
AcDbEntity
  8
Visible
100
AcDbLine
 10
817.594471
 20
415.428944
 30
0.0
 11
817.621471
 21
415.359944
 31
0.0
  0
LINE
  5
1677
330
70
100
AcDbEntity
  8
Visible
100
AcDbLine
 10
817.565471
 20
415.496944
 30
0.0
 11
817.594471
 21
415.428944
 31
0.0
  0
LINE
  5
1678
330
70
100
AcDbEntity
  8
Visible
100
AcDbLine
 10
817.534471
 20
415.564944
 30
0.0
 11
817.565471
 21
415.496944
 31
0.0
  0
LINE
  5
1679
330
70
100
AcDbEntity
  8
Visible
100
AcDbLine
 10
817.502471
 20
415.631944
 30
0.0
 11
817.534471
 21
415.564944
 31
0.0
  0
LINE
  5
167A
330
70
100
AcDbEntity
  8
Visible
100
AcDbLine
 10
817.467471
 20
415.697944
 30
0.0
 11
817.502471
 21
415.631944
 31
0.0
  0
LINE
  5
167B
330
70
100
AcDbEntity
  8
Visible
100
AcDbLine
 10
817.430471
 20
415.763944
 30
0.0
 11
817.467471
 21
415.697944
 31
0.0
  0
LINE
  5
167C
330
70
100
AcDbEntity
  8
Visible
100
AcDbLine
 10
817.391471
 20
415.828944
 30
0.0
 11
817.430471
 21
415.763944
 31
0.0
  0
LINE
  5
167D
330
70
100
AcDbEntity
  8
Visible
100
AcDbLine
 10
817.350471
 20
415.891944
 30
0.0
 11
817.391471
 21
415.828944
 31
0.0
  0
LINE
  5
167E
330
70
100
AcDbEntity
  8
Visible
100
AcDbLine
 10
817.308471
 20
415.953944
 30
0.0
 11
817.350471
 21
415.891944
 31
0.0
  0
LINE
  5
167F
330
70
100
AcDbEntity
  8
Visible
100
AcDbLine
 10
817.263471
 20
416.014944
 30
0.0
 11
817.308471
 21
415.953944
 31
0.0
  0
LINE
  5
1680
330
70
100
AcDbEntity
  8
Visible
100
AcDbLine
 10
817.216471
 20
416.073944
 30
0.0
 11
817.263471
 21
416.014944
 31
0.0
  0
LINE
  5
1681
330
70
100
AcDbEntity
  8
Visible
100
AcDbLine
 10
817.168471
 20
416.131944
 30
0.0
 11
817.216471
 21
416.073944
 31
0.0
  0
LINE
  5
1682
330
70
100
AcDbEntity
  8
Visible
100
AcDbLine
 10
817.117471
 20
416.187944
 30
0.0
 11
817.168471
 21
416.131944
 31
0.0
  0
LINE
  5
1683
330
70
100
AcDbEntity
  8
Visible
100
AcDbLine
 10
817.064471
 20
416.242944
 30
0.0
 11
817.117471
 21
416.187944
 31
0.0
  0
LINE
  5
1684
330
70
100
AcDbEntity
  8
Visible
100
AcDbLine
 10
817.010471
 20
416.296944
 30
0.0
 11
817.064471
 21
416.242944
 31
0.0
  0
LINE
  5
1685
330
70
100
AcDbEntity
  8
Visible
100
AcDbLine
 10
816.953471
 20
416.348944
 30
0.0
 11
817.010471
 21
416.296944
 31
0.0
  0
LINE
  5
1686
330
70
100
AcDbEntity
  8
Visible
100
AcDbLine
 10
816.894471
 20
416.398944
 30
0.0
 11
816.953471
 21
416.348944
 31
0.0
  0
LINE
  5
1687
330
70
100
AcDbEntity
  8
Visible
100
AcDbLine
 10
816.834471
 20
416.447944
 30
0.0
 11
816.894471
 21
416.398944
 31
0.0
  0
LINE
  5
1688
330
70
100
AcDbEntity
  8
Visible
100
AcDbLine
 10
816.771471
 20
416.493944
 30
0.0
 11
816.834471
 21
416.447944
 31
0.0
  0
LINE
  5
1689
330
70
100
AcDbEntity
  8
Visible
100
AcDbLine
 10
816.707471
 20
416.537944
 30
0.0
 11
816.771471
 21
416.493944
 31
0.0
  0
LINE
  5
168A
330
70
100
AcDbEntity
  8
Visible
100
AcDbLine
 10
816.640471
 20
416.578944
 30
0.0
 11
816.707471
 21
416.537944
 31
0.0
  0
LINE
  5
168B
330
70
100
AcDbEntity
  8
Visible
100
AcDbLine
 10
816.572471
 20
416.618944
 30
0.0
 11
816.640471
 21
416.578944
 31
0.0
  0
LINE
  5
168C
330
70
100
AcDbEntity
  8
Visible
100
AcDbLine
 10
816.501471
 20
416.655944
 30
0.0
 11
816.572471
 21
416.618944
 31
0.0
  0
LINE
  5
168D
330
70
100
AcDbEntity
  8
Visible
100
AcDbLine
 10
816.429471
 20
416.690944
 30
0.0
 11
816.501471
 21
416.655944
 31
0.0
  0
LINE
  5
168E
330
70
100
AcDbEntity
  8
Visible
100
AcDbLine
 10
816.354471
 20
416.722944
 30
0.0
 11
816.429471
 21
416.690944
 31
0.0
  0
LINE
  5
168F
330
70
100
AcDbEntity
  8
Visible
100
AcDbLine
 10
816.278471
 20
416.753944
 30
0.0
 11
816.354471
 21
416.722944
 31
0.0
  0
LINE
  5
1690
330
70
100
AcDbEntity
  8
Visible
100
AcDbLine
 10
816.200471
 20
416.781944
 30
0.0
 11
816.278471
 21
416.753944
 31
0.0
  0
LINE
  5
1691
330
70
100
AcDbEntity
  8
Visible
100
AcDbLine
 10
816.119471
 20
416.806944
 30
0.0
 11
816.200471
 21
416.781944
 31
0.0
  0
LINE
  5
1692
330
70
100
AcDbEntity
  8
Visible
100
AcDbLine
 10
816.037471
 20
416.828944
 30
0.0
 11
816.119471
 21
416.806944
 31
0.0
  0
LINE
  5
1693
330
70
100
AcDbEntity
  8
Visible
100
AcDbLine
 10
815.953471
 20
416.847944
 30
0.0
 11
816.037471
 21
416.828944
 31
0.0
  0
LINE
  5
1694
330
70
100
AcDbEntity
  8
Visible
100
AcDbLine
 10
815.866471
 20
416.863944
 30
0.0
 11
815.953471
 21
416.847944
 31
0.0
  0
LINE
  5
1695
330
70
100
AcDbEntity
  8
Visible
100
AcDbLine
 10
815.778471
 20
416.876944
 30
0.0
 11
815.866471
 21
416.863944
 31
0.0
  0
LINE
  5
1696
330
70
100
AcDbEntity
  8
Visible
100
AcDbLine
 10
815.688471
 20
416.887944
 30
0.0
 11
815.778471
 21
416.876944
 31
0.0
  0
LINE
  5
1697
330
70
100
AcDbEntity
  8
Visible
100
AcDbLine
 10
815.595471
 20
416.894944
 30
0.0
 11
815.688471
 21
416.887944
 31
0.0
  0
LINE
  5
1698
330
70
100
AcDbEntity
  8
Visible
100
AcDbLine
 10
815.501471
 20
416.899944
 30
0.0
 11
815.595471
 21
416.894944
 31
0.0
  0
LINE
  5
1699
330
70
100
AcDbEntity
  8
Visible
100
AcDbLine
 10
815.405471
 20
416.900944
 30
0.0
 11
815.501471
 21
416.899944
 31
0.0
  0
LINE
  5
169A
330
70
100
AcDbEntity
  8
Visible
100
AcDbLine
 10
815.268471
 20
416.896944
 30
0.0
 11
815.405471
 21
416.900944
 31
0.0
  0
LINE
  5
169B
330
70
100
AcDbEntity
  8
Visible
100
AcDbLine
 10
815.133471
 20
416.886944
 30
0.0
 11
815.268471
 21
416.896944
 31
0.0
  0
LINE
  5
169C
330
70
100
AcDbEntity
  8
Visible
100
AcDbLine
 10
814.999471
 20
416.868944
 30
0.0
 11
815.133471
 21
416.886944
 31
0.0
  0
LINE
  5
169D
330
70
100
AcDbEntity
  8
Visible
100
AcDbLine
 10
814.868471
 20
416.843944
 30
0.0
 11
814.999471
 21
416.868944
 31
0.0
  0
LINE
  5
169E
330
70
100
AcDbEntity
  8
Visible
100
AcDbLine
 10
814.738471
 20
416.812944
 30
0.0
 11
814.868471
 21
416.843944
 31
0.0
  0
LINE
  5
169F
330
70
100
AcDbEntity
  8
Visible
100
AcDbLine
 10
814.610471
 20
416.773944
 30
0.0
 11
814.738471
 21
416.812944
 31
0.0
  0
LINE
  5
16A0
330
70
100
AcDbEntity
  8
Visible
100
AcDbLine
 10
814.485471
 20
416.727944
 30
0.0
 11
814.610471
 21
416.773944
 31
0.0
  0
LINE
  5
16A1
330
70
100
AcDbEntity
  8
Visible
100
AcDbLine
 10
814.361471
 20
416.673944
 30
0.0
 11
814.485471
 21
416.727944
 31
0.0
  0
LINE
  5
16A2
330
70
100
AcDbEntity
  8
Visible
100
AcDbLine
 10
814.238471
 20
416.613944
 30
0.0
 11
814.361471
 21
416.673944
 31
0.0
  0
LINE
  5
16A3
330
70
100
AcDbEntity
  8
Visible
100
AcDbLine
 10
814.118471
 20
416.546944
 30
0.0
 11
814.238471
 21
416.613944
 31
0.0
  0
LINE
  5
16A4
330
70
100
AcDbEntity
  8
Visible
100
AcDbLine
 10
814.001471
 20
416.472944
 30
0.0
 11
814.118471
 21
416.546944
 31
0.0
  0
LINE
  5
16A5
330
70
100
AcDbEntity
  8
Visible
100
AcDbLine
 10
813.888471
 20
416.392944
 30
0.0
 11
814.001471
 21
416.472944
 31
0.0
  0
LINE
  5
16A6
330
70
100
AcDbEntity
  8
Visible
100
AcDbLine
 10
813.781471
 20
416.305944
 30
0.0
 11
813.888471
 21
416.392944
 31
0.0
  0
LINE
  5
16A7
330
70
100
AcDbEntity
  8
Visible
100
AcDbLine
 10
813.677471
 20
416.212944
 30
0.0
 11
813.781471
 21
416.305944
 31
0.0
  0
LINE
  5
16A8
330
70
100
AcDbEntity
  8
Visible
100
AcDbLine
 10
813.579471
 20
416.112944
 30
0.0
 11
813.677471
 21
416.212944
 31
0.0
  0
LINE
  5
16A9
330
70
100
AcDbEntity
  8
Visible
100
AcDbLine
 10
813.485471
 20
416.007944
 30
0.0
 11
813.579471
 21
416.112944
 31
0.0
  0
LINE
  5
16AA
330
70
100
AcDbEntity
  8
Visible
100
AcDbLine
 10
813.395471
 20
415.895944
 30
0.0
 11
813.485471
 21
416.007944
 31
0.0
  0
LINE
  5
16AB
330
70
100
AcDbEntity
  8
Visible
100
AcDbLine
 10
813.311471
 20
415.776944
 30
0.0
 11
813.395471
 21
415.895944
 31
0.0
  0
LINE
  5
16AC
330
70
100
AcDbEntity
  8
Visible
100
AcDbLine
 10
813.231471
 20
415.651944
 30
0.0
 11
813.311471
 21
415.776944
 31
0.0
  0
LINE
  5
16AD
330
70
100
AcDbEntity
  8
Visible
100
AcDbLine
 10
813.155471
 20
415.520944
 30
0.0
 11
813.231471
 21
415.651944
 31
0.0
  0
LINE
  5
16AE
330
70
100
AcDbEntity
  8
Visible
100
AcDbLine
 10
813.085471
 20
415.383944
 30
0.0
 11
813.155471
 21
415.520944
 31
0.0
  0
LINE
  5
16AF
330
70
100
AcDbEntity
  8
Visible
100
AcDbLine
 10
813.023471
 20
415.240944
 30
0.0
 11
813.085471
 21
415.383944
 31
0.0
  0
LINE
  5
16B0
330
70
100
AcDbEntity
  8
Visible
100
AcDbLine
 10
812.968471
 20
415.092944
 30
0.0
 11
813.023471
 21
415.240944
 31
0.0
  0
LINE
  5
16B1
330
70
100
AcDbEntity
  8
Visible
100
AcDbLine
 10
812.921471
 20
414.938944
 30
0.0
 11
812.968471
 21
415.092944
 31
0.0
  0
LINE
  5
16B2
330
70
100
AcDbEntity
  8
Visible
100
AcDbLine
 10
812.881471
 20
414.779944
 30
0.0
 11
812.921471
 21
414.938944
 31
0.0
  0
LINE
  5
16B3
330
70
100
AcDbEntity
  8
Visible
100
AcDbLine
 10
812.848471
 20
414.614944
 30
0.0
 11
812.881471
 21
414.779944
 31
0.0
  0
LINE
  5
16B4
330
70
100
AcDbEntity
  8
Visible
100
AcDbLine
 10
812.822471
 20
414.444944
 30
0.0
 11
812.848471
 21
414.614944
 31
0.0
  0
LINE
  5
16B5
330
70
100
AcDbEntity
  8
Visible
100
AcDbLine
 10
812.804471
 20
414.268944
 30
0.0
 11
812.822471
 21
414.444944
 31
0.0
  0
LINE
  5
16B6
330
70
100
AcDbEntity
  8
Visible
100
AcDbLine
 10
812.793471
 20
414.087944
 30
0.0
 11
812.804471
 21
414.268944
 31
0.0
  0
LINE
  5
16B7
330
70
100
AcDbEntity
  8
Visible
100
AcDbLine
 10
812.789471
 20
413.900944
 30
0.0
 11
812.793471
 21
414.087944
 31
0.0
  0
LINE
  5
16B8
330
70
100
AcDbEntity
  8
Visible
100
AcDbLine
 10
812.793471
 20
413.718944
 30
0.0
 11
812.789471
 21
413.900944
 31
0.0
  0
LINE
  5
16B9
330
70
100
AcDbEntity
  8
Visible
100
AcDbLine
 10
812.804471
 20
413.540944
 30
0.0
 11
812.793471
 21
413.718944
 31
0.0
  0
LINE
  5
16BA
330
70
100
AcDbEntity
  8
Visible
100
AcDbLine
 10
812.822471
 20
413.368944
 30
0.0
 11
812.804471
 21
413.540944
 31
0.0
  0
LINE
  5
16BB
330
70
100
AcDbEntity
  8
Visible
100
AcDbLine
 10
812.848471
 20
413.200944
 30
0.0
 11
812.822471
 21
413.368944
 31
0.0
  0
LINE
  5
16BC
330
70
100
AcDbEntity
  8
Visible
100
AcDbLine
 10
812.881471
 20
413.037944
 30
0.0
 11
812.848471
 21
413.200944
 31
0.0
  0
LINE
  5
16BD
330
70
100
AcDbEntity
  8
Visible
100
AcDbLine
 10
812.921471
 20
412.880944
 30
0.0
 11
812.881471
 21
413.037944
 31
0.0
  0
LINE
  5
16BE
330
70
100
AcDbEntity
  8
Visible
100
AcDbLine
 10
812.968471
 20
412.727944
 30
0.0
 11
812.921471
 21
412.880944
 31
0.0
  0
LINE
  5
16BF
330
70
100
AcDbEntity
  8
Visible
100
AcDbLine
 10
813.023471
 20
412.579944
 30
0.0
 11
812.968471
 21
412.727944
 31
0.0
  0
LINE
  5
16C0
330
70
100
AcDbEntity
  8
Visible
100
AcDbLine
 10
813.085471
 20
412.436944
 30
0.0
 11
813.023471
 21
412.579944
 31
0.0
  0
LINE
  5
16C1
330
70
100
AcDbEntity
  8
Visible
100
AcDbLine
 10
813.155471
 20
412.298944
 30
0.0
 11
813.085471
 21
412.436944
 31
0.0
  0
LINE
  5
16C2
330
70
100
AcDbEntity
  8
Visible
100
AcDbLine
 10
813.231471
 20
412.165944
 30
0.0
 11
813.155471
 21
412.298944
 31
0.0
  0
LINE
  5
16C3
330
70
100
AcDbEntity
  8
Visible
100
AcDbLine
 10
813.311471
 20
412.039944
 30
0.0
 11
813.231471
 21
412.165944
 31
0.0
  0
LINE
  5
16C4
330
70
100
AcDbEntity
  8
Visible
100
AcDbLine
 10
813.395471
 20
411.919944
 30
0.0
 11
813.311471
 21
412.039944
 31
0.0
  0
LINE
  5
16C5
330
70
100
AcDbEntity
  8
Visible
100
AcDbLine
 10
813.485471
 20
411.805944
 30
0.0
 11
813.395471
 21
411.919944
 31
0.0
  0
LINE
  5
16C6
330
70
100
AcDbEntity
  8
Visible
100
AcDbLine
 10
813.579471
 20
411.696944
 30
0.0
 11
813.485471
 21
411.805944
 31
0.0
  0
LINE
  5
16C7
330
70
100
AcDbEntity
  8
Visible
100
AcDbLine
 10
813.677471
 20
411.595944
 30
0.0
 11
813.579471
 21
411.696944
 31
0.0
  0
LINE
  5
16C8
330
70
100
AcDbEntity
  8
Visible
100
AcDbLine
 10
813.781471
 20
411.499944
 30
0.0
 11
813.677471
 21
411.595944
 31
0.0
  0
LINE
  5
16C9
330
70
100
AcDbEntity
  8
Visible
100
AcDbLine
 10
813.888471
 20
411.409944
 30
0.0
 11
813.781471
 21
411.499944
 31
0.0
  0
LINE
  5
16CA
330
70
100
AcDbEntity
  8
Visible
100
AcDbLine
 10
814.001471
 20
411.325944
 30
0.0
 11
813.888471
 21
411.409944
 31
0.0
  0
LINE
  5
16CB
330
70
100
AcDbEntity
  8
Visible
100
AcDbLine
 10
814.118471
 20
411.248944
 30
0.0
 11
814.001471
 21
411.325944
 31
0.0
  0
LINE
  5
16CC
330
70
100
AcDbEntity
  8
Visible
100
AcDbLine
 10
814.238471
 20
411.177944
 30
0.0
 11
814.118471
 21
411.248944
 31
0.0
  0
LINE
  5
16CD
330
70
100
AcDbEntity
  8
Visible
100
AcDbLine
 10
814.361471
 20
411.114944
 30
0.0
 11
814.238471
 21
411.177944
 31
0.0
  0
LINE
  5
16CE
330
70
100
AcDbEntity
  8
Visible
100
AcDbLine
 10
814.485471
 20
411.058944
 30
0.0
 11
814.361471
 21
411.114944
 31
0.0
  0
LINE
  5
16CF
330
70
100
AcDbEntity
  8
Visible
100
AcDbLine
 10
814.610471
 20
411.010944
 30
0.0
 11
814.485471
 21
411.058944
 31
0.0
  0
LINE
  5
16D0
330
70
100
AcDbEntity
  8
Visible
100
AcDbLine
 10
814.738471
 20
410.969944
 30
0.0
 11
814.610471
 21
411.010944
 31
0.0
  0
LINE
  5
16D1
330
70
100
AcDbEntity
  8
Visible
100
AcDbLine
 10
814.868471
 20
410.936944
 30
0.0
 11
814.738471
 21
410.969944
 31
0.0
  0
LINE
  5
16D2
330
70
100
AcDbEntity
  8
Visible
100
AcDbLine
 10
814.999471
 20
410.909944
 30
0.0
 11
814.868471
 21
410.936944
 31
0.0
  0
LINE
  5
16D3
330
70
100
AcDbEntity
  8
Visible
100
AcDbLine
 10
815.133471
 20
410.891944
 30
0.0
 11
814.999471
 21
410.909944
 31
0.0
  0
LINE
  5
16D4
330
70
100
AcDbEntity
  8
Visible
100
AcDbLine
 10
815.268471
 20
410.880944
 30
0.0
 11
815.133471
 21
410.891944
 31
0.0
  0
LINE
  5
16D5
330
70
100
AcDbEntity
  8
Visible
100
AcDbLine
 10
815.405471
 20
410.876944
 30
0.0
 11
815.268471
 21
410.880944
 31
0.0
  0
LINE
  5
16D6
330
70
100
AcDbEntity
  8
Visible
100
AcDbLine
 10
815.544471
 20
410.879944
 30
0.0
 11
815.405471
 21
410.876944
 31
0.0
  0
LINE
  5
16D7
330
70
100
AcDbEntity
  8
Visible
100
AcDbLine
 10
820.517471
 20
413.430021
 30
0.0
 11
820.517471
 21
411.020944
 31
0.0
  0
LINE
  5
16D8
330
70
100
AcDbEntity
  8
Visible
100
AcDbLine
 10
821.300283
 20
414.066472
 30
0.0
 11
820.517471
 21
413.430021
 31
0.0
  0
LINE
  5
16D9
330
70
100
AcDbEntity
  8
Visible
100
AcDbLine
 10
823.589471
 20
411.020944
 30
0.0
 11
821.300283
 21
414.066472
 31
0.0
  0
LINE
  5
16DA
330
70
100
AcDbEntity
  8
Visible
100
AcDbLine
 10
824.741471
 20
411.020944
 30
0.0
 11
823.589471
 21
411.020944
 31
0.0
  0
LINE
  5
16DB
330
70
100
AcDbEntity
  8
Visible
100
AcDbLine
 10
821.969646
 20
414.610685
 30
0.0
 11
824.741471
 21
411.020944
 31
0.0
  0
LINE
  5
16DC
330
70
100
AcDbEntity
  8
Visible
100
AcDbLine
 10
824.609471
 20
416.756944
 30
0.0
 11
821.969646
 21
414.610685
 31
0.0
  0
LINE
  5
16DD
330
70
100
AcDbEntity
  8
Visible
100
AcDbLine
 10
823.301471
 20
416.756944
 30
0.0
 11
824.609471
 21
416.756944
 31
0.0
  0
LINE
  5
16DE
330
70
100
AcDbEntity
  8
Visible
100
AcDbLine
 10
820.517471
 20
414.429338
 30
0.0
 11
823.301471
 21
416.756944
 31
0.0
  0
LINE
  5
16DF
330
70
100
AcDbEntity
  8
Visible
100
AcDbLine
 10
820.517471
 20
419.204944
 30
0.0
 11
820.517471
 21
414.429338
 31
0.0
  0
LINE
  5
16E0
330
70
100
AcDbEntity
  8
Visible
100
AcDbLine
 10
819.581471
 20
419.204944
 30
0.0
 11
820.517471
 21
419.204944
 31
0.0
  0
LINE
  5
16E1
330
70
100
AcDbEntity
  8
Visible
100
AcDbLine
 10
819.581471
 20
411.020944
 30
0.0
 11
819.581471
 21
419.204944
 31
0.0
  0
LINE
  5
16E2
330
70
100
AcDbEntity
  8
Visible
100
AcDbLine
 10
820.517471
 20
411.020944
 30
0.0
 11
819.581471
 21
411.020944
 31
0.0
  0
LINE
  5
16E3
330
70
100
AcDbEntity
  8
Visible
100
AcDbLine
 10
1011.622471
 20
690.612944
 30
0.0
 11
1005.622471
 21
690.612944
 31
0.0
  0
LINE
  5
16E4
330
70
100
AcDbEntity
  8
Visible
100
AcDbLine
 10
1011.622471
 20
661.612944
 30
0.0
 11
1011.622471
 21
690.612944
 31
0.0
  0
LINE
  5
16E5
330
70
100
AcDbEntity
  8
Visible
100
AcDbLine
 10
1005.622471
 20
661.612944
 30
0.0
 11
1011.622471
 21
661.612944
 31
0.0
  0
LINE
  5
16E6
330
70
100
AcDbEntity
  8
Visible
100
AcDbLine
 10
1005.622471
 20
632.612944
 30
0.0
 11
1005.622471
 21
661.612944
 31
0.0
  0
LINE
  5
16E7
330
70
100
AcDbEntity
  8
Visible
100
AcDbLine
 10
1011.622471
 20
632.612944
 30
0.0
 11
1005.622471
 21
632.612944
 31
0.0
  0
LINE
  5
16E8
330
70
100
AcDbEntity
  8
Visible
100
AcDbLine
 10
1011.622471
 20
603.612944
 30
0.0
 11
1011.622471
 21
632.612944
 31
0.0
  0
LINE
  5
16E9
330
70
100
AcDbEntity
  8
Visible
100
AcDbLine
 10
1005.622471
 20
603.612944
 30
0.0
 11
1011.622471
 21
603.612944
 31
0.0
  0
LINE
  5
16EA
330
70
100
AcDbEntity
  8
Visible
100
AcDbLine
 10
1005.622471
 20
574.612944
 30
0.0
 11
1005.622471
 21
603.612944
 31
0.0
  0
LINE
  5
16EB
330
70
100
AcDbEntity
  8
Visible
100
AcDbLine
 10
1011.622471
 20
574.612944
 30
0.0
 11
1005.622471
 21
574.612944
 31
0.0
  0
LINE
  5
16EC
330
70
100
AcDbEntity
  8
Visible
100
AcDbLine
 10
1011.622471
 20
545.612944
 30
0.0
 11
1011.622471
 21
574.612944
 31
0.0
  0
LINE
  5
16ED
330
70
100
AcDbEntity
  8
Visible
100
AcDbLine
 10
1005.622471
 20
545.612944
 30
0.0
 11
1011.622471
 21
545.612944
 31
0.0
  0
LINE
  5
16EE
330
70
100
AcDbEntity
  8
Visible
100
AcDbLine
 10
1005.622471
 20
516.612944
 30
0.0
 11
1005.622471
 21
545.612944
 31
0.0
  0
LINE
  5
16EF
330
70
100
AcDbEntity
  8
Visible
100
AcDbLine
 10
1011.622471
 20
516.612944
 30
0.0
 11
1005.622471
 21
516.612944
 31
0.0
  0
LINE
  5
16F0
330
70
100
AcDbEntity
  8
Visible
100
AcDbLine
 10
1011.622471
 20
487.612944
 30
0.0
 11
1011.622471
 21
516.612944
 31
0.0
  0
LINE
  5
16F1
330
70
100
AcDbEntity
  8
Visible
100
AcDbLine
 10
1005.622471
 20
487.612944
 30
0.0
 11
1011.622471
 21
487.612944
 31
0.0
  0
LINE
  5
16F2
330
70
100
AcDbEntity
  8
Visible
100
AcDbLine
 10
1005.622471
 20
458.612944
 30
0.0
 11
1005.622471
 21
487.612944
 31
0.0
  0
LINE
  5
16F3
330
70
100
AcDbEntity
  8
Visible
100
AcDbLine
 10
1011.622471
 20
458.612944
 30
0.0
 11
1005.622471
 21
458.612944
 31
0.0
  0
LINE
  5
16F4
330
70
100
AcDbEntity
  8
Visible
100
AcDbLine
 10
1011.622471
 20
429.612944
 30
0.0
 11
1011.622471
 21
458.612944
 31
0.0
  0
LINE
  5
16F5
330
70
100
AcDbEntity
  8
Visible
100
AcDbLine
 10
1005.622471
 20
429.612944
 30
0.0
 11
1011.622471
 21
429.612944
 31
0.0
  0
LINE
  5
16F6
330
70
100
AcDbEntity
  8
Visible
100
AcDbLine
 10
1005.622471
 20
400.612944
 30
0.0
 11
1005.622471
 21
429.612944
 31
0.0
  0
LINE
  5
16F7
330
70
100
AcDbEntity
  8
Visible
100
AcDbLine
 10
1011.622471
 20
400.612944
 30
0.0
 11
1005.622471
 21
400.612944
 31
0.0
  0
LINE
  5
16F8
330
70
100
AcDbEntity
  8
Visible
100
AcDbLine
 10
1011.622471
 20
371.612944
 30
0.0
 11
1011.622471
 21
400.612944
 31
0.0
  0
LINE
  5
16F9
330
70
100
AcDbEntity
  8
Visible
100
AcDbLine
 10
1005.622471
 20
371.612944
 30
0.0
 11
1011.622471
 21
371.612944
 31
0.0
  0
LINE
  5
16FA
330
70
100
AcDbEntity
  8
Visible
100
AcDbLine
 10
1005.622471
 20
342.612944
 30
0.0
 11
1005.622471
 21
371.612944
 31
0.0
  0
LINE
  5
16FB
330
70
100
AcDbEntity
  8
Visible
100
AcDbLine
 10
1011.622471
 20
342.612944
 30
0.0
 11
1005.622471
 21
342.612944
 31
0.0
  0
LINE
  5
16FC
330
70
100
AcDbEntity
  8
Visible
100
AcDbLine
 10
1011.622471
 20
313.612944
 30
0.0
 11
1011.622471
 21
342.612944
 31
0.0
  0
LINE
  5
16FD
330
70
100
AcDbEntity
  8
Visible
100
AcDbLine
 10
1005.622471
 20
313.612944
 30
0.0
 11
1011.622471
 21
313.612944
 31
0.0
  0
LINE
  5
16FE
330
70
100
AcDbEntity
  8
Visible
100
AcDbLine
 10
1005.622471
 20
284.612944
 30
0.0
 11
1005.622471
 21
313.612944
 31
0.0
  0
LINE
  5
16FF
330
70
100
AcDbEntity
  8
Visible
100
AcDbLine
 10
1011.622471
 20
284.612944
 30
0.0
 11
1005.622471
 21
284.612944
 31
0.0
  0
LINE
  5
1700
330
70
100
AcDbEntity
  8
Visible
100
AcDbLine
 10
1011.622471
 20
255.612944
 30
0.0
 11
1011.622471
 21
284.612944
 31
0.0
  0
LINE
  5
1701
330
70
100
AcDbEntity
  8
Visible
100
AcDbLine
 10
1005.622471
 20
255.612944
 30
0.0
 11
1011.622471
 21
255.612944
 31
0.0
  0
LINE
  5
1702
330
70
100
AcDbEntity
  8
Visible
100
AcDbLine
 10
1005.622471
 20
226.612944
 30
0.0
 11
1005.622471
 21
255.612944
 31
0.0
  0
LINE
  5
1703
330
70
100
AcDbEntity
  8
Visible
100
AcDbLine
 10
1011.622471
 20
226.612944
 30
0.0
 11
1005.622471
 21
226.612944
 31
0.0
  0
LINE
  5
1704
330
70
100
AcDbEntity
  8
Visible
100
AcDbLine
 10
1011.622471
 20
197.612944
 30
0.0
 11
1011.622471
 21
226.612944
 31
0.0
  0
LINE
  5
1705
330
70
100
AcDbEntity
  8
Visible
100
AcDbLine
 10
1005.622471
 20
197.612944
 30
0.0
 11
1011.622471
 21
197.612944
 31
0.0
  0
LINE
  5
1706
330
70
100
AcDbEntity
  8
Visible
100
AcDbLine
 10
1005.622471
 20
168.612944
 30
0.0
 11
1005.622471
 21
197.612944
 31
0.0
  0
LINE
  5
1707
330
70
100
AcDbEntity
  8
Visible
100
AcDbLine
 10
1011.622471
 20
168.612944
 30
0.0
 11
1005.622471
 21
168.612944
 31
0.0
  0
LINE
  5
1708
330
70
100
AcDbEntity
  8
Visible
100
AcDbLine
 10
1011.622471
 20
139.612944
 30
0.0
 11
1011.622471
 21
168.612944
 31
0.0
  0
LINE
  5
1709
330
70
100
AcDbEntity
  8
Visible
100
AcDbLine
 10
1005.622471
 20
139.612944
 30
0.0
 11
1011.622471
 21
139.612944
 31
0.0
  0
LINE
  5
170A
330
70
100
AcDbEntity
  8
Visible
100
AcDbLine
 10
1005.622471
 20
115.112944
 30
0.0
 11
1005.622471
 21
139.612944
 31
0.0
  0
LINE
  5
170B
330
70
100
AcDbEntity
  8
Visible
100
AcDbLine
 10
971.122471
 20
115.112944
 30
0.0
 11
1005.622471
 21
115.112944
 31
0.0
  0
LINE
  5
170C
330
70
100
AcDbEntity
  8
Visible
100
AcDbLine
 10
971.122471
 20
121.112944
 30
0.0
 11
971.122471
 21
115.112944
 31
0.0
  0
LINE
  5
170D
330
70
100
AcDbEntity
  8
Visible
100
AcDbLine
 10
942.122471
 20
121.112944
 30
0.0
 11
971.122471
 21
121.112944
 31
0.0
  0
LINE
  5
170E
330
70
100
AcDbEntity
  8
Visible
100
AcDbLine
 10
942.122471
 20
115.112944
 30
0.0
 11
942.122471
 21
121.112944
 31
0.0
  0
LINE
  5
170F
330
70
100
AcDbEntity
  8
Visible
100
AcDbLine
 10
913.122471
 20
115.112944
 30
0.0
 11
942.122471
 21
115.112944
 31
0.0
  0
LINE
  5
1710
330
70
100
AcDbEntity
  8
Visible
100
AcDbLine
 10
913.122471
 20
121.112944
 30
0.0
 11
913.122471
 21
115.112944
 31
0.0
  0
LINE
  5
1711
330
70
100
AcDbEntity
  8
Visible
100
AcDbLine
 10
884.122471
 20
121.112944
 30
0.0
 11
913.122471
 21
121.112944
 31
0.0
  0
LINE
  5
1712
330
70
100
AcDbEntity
  8
Visible
100
AcDbLine
 10
884.122471
 20
115.112944
 30
0.0
 11
884.122471
 21
121.112944
 31
0.0
  0
LINE
  5
1713
330
70
100
AcDbEntity
  8
Visible
100
AcDbLine
 10
855.122471
 20
115.112944
 30
0.0
 11
884.122471
 21
115.112944
 31
0.0
  0
LINE
  5
1714
330
70
100
AcDbEntity
  8
Visible
100
AcDbLine
 10
855.122471
 20
121.112944
 30
0.0
 11
855.122471
 21
115.112944
 31
0.0
  0
LINE
  5
1715
330
70
100
AcDbEntity
  8
Visible
100
AcDbLine
 10
826.122471
 20
121.112944
 30
0.0
 11
855.122471
 21
121.112944
 31
0.0
  0
LINE
  5
1716
330
70
100
AcDbEntity
  8
Visible
100
AcDbLine
 10
826.122471
 20
115.112944
 30
0.0
 11
826.122471
 21
121.112944
 31
0.0
  0
LINE
  5
1717
330
70
100
AcDbEntity
  8
Visible
100
AcDbLine
 10
797.122471
 20
115.112944
 30
0.0
 11
826.122471
 21
115.112944
 31
0.0
  0
LINE
  5
1718
330
70
100
AcDbEntity
  8
Visible
100
AcDbLine
 10
797.122471
 20
121.112944
 30
0.0
 11
797.122471
 21
115.112944
 31
0.0
  0
LINE
  5
1719
330
70
100
AcDbEntity
  8
Visible
100
AcDbLine
 10
768.122471
 20
121.112944
 30
0.0
 11
797.122471
 21
121.112944
 31
0.0
  0
LINE
  5
171A
330
70
100
AcDbEntity
  8
Visible
100
AcDbLine
 10
768.122471
 20
115.112944
 30
0.0
 11
768.122471
 21
121.112944
 31
0.0
  0
LINE
  5
171B
330
70
100
AcDbEntity
  8
Visible
100
AcDbLine
 10
739.122471
 20
115.112944
 30
0.0
 11
768.122471
 21
115.112944
 31
0.0
  0
LINE
  5
171C
330
70
100
AcDbEntity
  8
Visible
100
AcDbLine
 10
739.122471
 20
121.112944
 30
0.0
 11
739.122471
 21
115.112944
 31
0.0
  0
LINE
  5
171D
330
70
100
AcDbEntity
  8
Visible
100
AcDbLine
 10
710.122471
 20
121.112944
 30
0.0
 11
739.122471
 21
121.112944
 31
0.0
  0
LINE
  5
171E
330
70
100
AcDbEntity
  8
Visible
100
AcDbLine
 10
710.122471
 20
115.112944
 30
0.0
 11
710.122471
 21
121.112944
 31
0.0
  0
LINE
  5
171F
330
70
100
AcDbEntity
  8
Visible
100
AcDbLine
 10
681.122471
 20
115.112944
 30
0.0
 11
710.122471
 21
115.112944
 31
0.0
  0
LINE
  5
1720
330
70
100
AcDbEntity
  8
Visible
100
AcDbLine
 10
681.122471
 20
121.112944
 30
0.0
 11
681.122471
 21
115.112944
 31
0.0
  0
LINE
  5
1721
330
70
100
AcDbEntity
  8
Visible
100
AcDbLine
 10
652.122471
 20
121.112944
 30
0.0
 11
681.122471
 21
121.112944
 31
0.0
  0
LINE
  5
1722
330
70
100
AcDbEntity
  8
Visible
100
AcDbLine
 10
652.122471
 20
115.112944
 30
0.0
 11
652.122471
 21
121.112944
 31
0.0
  0
LINE
  5
1723
330
70
100
AcDbEntity
  8
Visible
100
AcDbLine
 10
617.622471
 20
115.112944
 30
0.0
 11
652.122471
 21
115.112944
 31
0.0
  0
LINE
  5
1724
330
70
100
AcDbEntity
  8
Visible
100
AcDbLine
 10
617.622471
 20
139.612944
 30
0.0
 11
617.622471
 21
115.112944
 31
0.0
  0
LINE
  5
1725
330
70
100
AcDbEntity
  8
Visible
100
AcDbLine
 10
611.622471
 20
139.612944
 30
0.0
 11
617.622471
 21
139.612944
 31
0.0
  0
LINE
  5
1726
330
70
100
AcDbEntity
  8
Visible
100
AcDbLine
 10
611.622471
 20
168.612944
 30
0.0
 11
611.622471
 21
139.612944
 31
0.0
  0
LINE
  5
1727
330
70
100
AcDbEntity
  8
Visible
100
AcDbLine
 10
617.622471
 20
168.612944
 30
0.0
 11
611.622471
 21
168.612944
 31
0.0
  0
LINE
  5
1728
330
70
100
AcDbEntity
  8
Visible
100
AcDbLine
 10
617.622471
 20
197.612944
 30
0.0
 11
617.622471
 21
168.612944
 31
0.0
  0
LINE
  5
1729
330
70
100
AcDbEntity
  8
Visible
100
AcDbLine
 10
611.622471
 20
197.612944
 30
0.0
 11
617.622471
 21
197.612944
 31
0.0
  0
LINE
  5
172A
330
70
100
AcDbEntity
  8
Visible
100
AcDbLine
 10
611.622471
 20
226.612944
 30
0.0
 11
611.622471
 21
197.612944
 31
0.0
  0
LINE
  5
172B
330
70
100
AcDbEntity
  8
Visible
100
AcDbLine
 10
617.622471
 20
226.612944
 30
0.0
 11
611.622471
 21
226.612944
 31
0.0
  0
LINE
  5
172C
330
70
100
AcDbEntity
  8
Visible
100
AcDbLine
 10
617.622471
 20
255.612944
 30
0.0
 11
617.622471
 21
226.612944
 31
0.0
  0
LINE
  5
172D
330
70
100
AcDbEntity
  8
Visible
100
AcDbLine
 10
611.622471
 20
255.612944
 30
0.0
 11
617.622471
 21
255.612944
 31
0.0
  0
LINE
  5
172E
330
70
100
AcDbEntity
  8
Visible
100
AcDbLine
 10
611.622471
 20
284.612944
 30
0.0
 11
611.622471
 21
255.612944
 31
0.0
  0
LINE
  5
172F
330
70
100
AcDbEntity
  8
Visible
100
AcDbLine
 10
617.622471
 20
284.612944
 30
0.0
 11
611.622471
 21
284.612944
 31
0.0
  0
LINE
  5
1730
330
70
100
AcDbEntity
  8
Visible
100
AcDbLine
 10
617.622471
 20
313.612944
 30
0.0
 11
617.622471
 21
284.612944
 31
0.0
  0
LINE
  5
1731
330
70
100
AcDbEntity
  8
Visible
100
AcDbLine
 10
611.622471
 20
313.612944
 30
0.0
 11
617.622471
 21
313.612944
 31
0.0
  0
LINE
  5
1732
330
70
100
AcDbEntity
  8
Visible
100
AcDbLine
 10
611.622471
 20
342.612944
 30
0.0
 11
611.622471
 21
313.612944
 31
0.0
  0
LINE
  5
1733
330
70
100
AcDbEntity
  8
Visible
100
AcDbLine
 10
617.622471
 20
342.612944
 30
0.0
 11
611.622471
 21
342.612944
 31
0.0
  0
LINE
  5
1734
330
70
100
AcDbEntity
  8
Visible
100
AcDbLine
 10
617.622471
 20
371.612944
 30
0.0
 11
617.622471
 21
342.612944
 31
0.0
  0
LINE
  5
1735
330
70
100
AcDbEntity
  8
Visible
100
AcDbLine
 10
611.622471
 20
371.612944
 30
0.0
 11
617.622471
 21
371.612944
 31
0.0
  0
LINE
  5
1736
330
70
100
AcDbEntity
  8
Visible
100
AcDbLine
 10
611.622471
 20
400.612944
 30
0.0
 11
611.622471
 21
371.612944
 31
0.0
  0
LINE
  5
1737
330
70
100
AcDbEntity
  8
Visible
100
AcDbLine
 10
617.622471
 20
400.612944
 30
0.0
 11
611.622471
 21
400.612944
 31
0.0
  0
LINE
  5
1738
330
70
100
AcDbEntity
  8
Visible
100
AcDbLine
 10
617.622471
 20
429.612944
 30
0.0
 11
617.622471
 21
400.612944
 31
0.0
  0
LINE
  5
1739
330
70
100
AcDbEntity
  8
Visible
100
AcDbLine
 10
611.622471
 20
429.612944
 30
0.0
 11
617.622471
 21
429.612944
 31
0.0
  0
LINE
  5
173A
330
70
100
AcDbEntity
  8
Visible
100
AcDbLine
 10
611.622471
 20
458.612944
 30
0.0
 11
611.622471
 21
429.612944
 31
0.0
  0
LINE
  5
173B
330
70
100
AcDbEntity
  8
Visible
100
AcDbLine
 10
617.622471
 20
458.612944
 30
0.0
 11
611.622471
 21
458.612944
 31
0.0
  0
LINE
  5
173C
330
70
100
AcDbEntity
  8
Visible
100
AcDbLine
 10
617.622471
 20
487.612944
 30
0.0
 11
617.622471
 21
458.612944
 31
0.0
  0
LINE
  5
173D
330
70
100
AcDbEntity
  8
Visible
100
AcDbLine
 10
611.622471
 20
487.612944
 30
0.0
 11
617.622471
 21
487.612944
 31
0.0
  0
LINE
  5
173E
330
70
100
AcDbEntity
  8
Visible
100
AcDbLine
 10
611.622471
 20
516.612944
 30
0.0
 11
611.622471
 21
487.612944
 31
0.0
  0
LINE
  5
173F
330
70
100
AcDbEntity
  8
Visible
100
AcDbLine
 10
617.622471
 20
516.612944
 30
0.0
 11
611.622471
 21
516.612944
 31
0.0
  0
LINE
  5
1740
330
70
100
AcDbEntity
  8
Visible
100
AcDbLine
 10
617.622471
 20
545.612944
 30
0.0
 11
617.622471
 21
516.612944
 31
0.0
  0
LINE
  5
1741
330
70
100
AcDbEntity
  8
Visible
100
AcDbLine
 10
611.622471
 20
545.612944
 30
0.0
 11
617.622471
 21
545.612944
 31
0.0
  0
LINE
  5
1742
330
70
100
AcDbEntity
  8
Visible
100
AcDbLine
 10
611.622471
 20
574.612944
 30
0.0
 11
611.622471
 21
545.612944
 31
0.0
  0
LINE
  5
1743
330
70
100
AcDbEntity
  8
Visible
100
AcDbLine
 10
617.622471
 20
574.612944
 30
0.0
 11
611.622471
 21
574.612944
 31
0.0
  0
LINE
  5
1744
330
70
100
AcDbEntity
  8
Visible
100
AcDbLine
 10
617.622471
 20
603.612944
 30
0.0
 11
617.622471
 21
574.612944
 31
0.0
  0
LINE
  5
1745
330
70
100
AcDbEntity
  8
Visible
100
AcDbLine
 10
611.622471
 20
603.612944
 30
0.0
 11
617.622471
 21
603.612944
 31
0.0
  0
LINE
  5
1746
330
70
100
AcDbEntity
  8
Visible
100
AcDbLine
 10
611.622471
 20
632.612944
 30
0.0
 11
611.622471
 21
603.612944
 31
0.0
  0
LINE
  5
1747
330
70
100
AcDbEntity
  8
Visible
100
AcDbLine
 10
617.622471
 20
632.612944
 30
0.0
 11
611.622471
 21
632.612944
 31
0.0
  0
LINE
  5
1748
330
70
100
AcDbEntity
  8
Visible
100
AcDbLine
 10
617.622471
 20
661.612944
 30
0.0
 11
617.622471
 21
632.612944
 31
0.0
  0
LINE
  5
1749
330
70
100
AcDbEntity
  8
Visible
100
AcDbLine
 10
611.622471
 20
661.612944
 30
0.0
 11
617.622471
 21
661.612944
 31
0.0
  0
LINE
  5
174A
330
70
100
AcDbEntity
  8
Visible
100
AcDbLine
 10
611.622471
 20
690.612944
 30
0.0
 11
611.622471
 21
661.612944
 31
0.0
  0
LINE
  5
174B
330
70
100
AcDbEntity
  8
Visible
100
AcDbLine
 10
617.622471
 20
690.612944
 30
0.0
 11
611.622471
 21
690.612944
 31
0.0
  0
LINE
  5
174C
330
70
100
AcDbEntity
  8
Visible
100
AcDbLine
 10
617.622471
 20
715.112944
 30
0.0
 11
617.622471
 21
690.612944
 31
0.0
  0
LINE
  5
174D
330
70
100
AcDbEntity
  8
Visible
100
AcDbLine
 10
652.122471
 20
715.112944
 30
0.0
 11
617.622471
 21
715.112944
 31
0.0
  0
LINE
  5
174E
330
70
100
AcDbEntity
  8
Visible
100
AcDbLine
 10
652.122471
 20
709.112944
 30
0.0
 11
652.122471
 21
715.112944
 31
0.0
  0
LINE
  5
174F
330
70
100
AcDbEntity
  8
Visible
100
AcDbLine
 10
681.122471
 20
709.112944
 30
0.0
 11
652.122471
 21
709.112944
 31
0.0
  0
LINE
  5
1750
330
70
100
AcDbEntity
  8
Visible
100
AcDbLine
 10
681.122471
 20
715.112944
 30
0.0
 11
681.122471
 21
709.112944
 31
0.0
  0
LINE
  5
1751
330
70
100
AcDbEntity
  8
Visible
100
AcDbLine
 10
710.122471
 20
715.112944
 30
0.0
 11
681.122471
 21
715.112944
 31
0.0
  0
LINE
  5
1752
330
70
100
AcDbEntity
  8
Visible
100
AcDbLine
 10
710.122471
 20
709.112944
 30
0.0
 11
710.122471
 21
715.112944
 31
0.0
  0
LINE
  5
1753
330
70
100
AcDbEntity
  8
Visible
100
AcDbLine
 10
739.122471
 20
709.112944
 30
0.0
 11
710.122471
 21
709.112944
 31
0.0
  0
LINE
  5
1754
330
70
100
AcDbEntity
  8
Visible
100
AcDbLine
 10
739.122471
 20
715.112944
 30
0.0
 11
739.122471
 21
709.112944
 31
0.0
  0
LINE
  5
1755
330
70
100
AcDbEntity
  8
Visible
100
AcDbLine
 10
768.122471
 20
715.112944
 30
0.0
 11
739.122471
 21
715.112944
 31
0.0
  0
LINE
  5
1756
330
70
100
AcDbEntity
  8
Visible
100
AcDbLine
 10
768.122471
 20
709.112944
 30
0.0
 11
768.122471
 21
715.112944
 31
0.0
  0
LINE
  5
1757
330
70
100
AcDbEntity
  8
Visible
100
AcDbLine
 10
797.122471
 20
709.112944
 30
0.0
 11
768.122471
 21
709.112944
 31
0.0
  0
LINE
  5
1758
330
70
100
AcDbEntity
  8
Visible
100
AcDbLine
 10
797.122471
 20
715.112944
 30
0.0
 11
797.122471
 21
709.112944
 31
0.0
  0
LINE
  5
1759
330
70
100
AcDbEntity
  8
Visible
100
AcDbLine
 10
826.122471
 20
715.112944
 30
0.0
 11
797.122471
 21
715.112944
 31
0.0
  0
LINE
  5
175A
330
70
100
AcDbEntity
  8
Visible
100
AcDbLine
 10
826.122471
 20
709.112944
 30
0.0
 11
826.122471
 21
715.112944
 31
0.0
  0
LINE
  5
175B
330
70
100
AcDbEntity
  8
Visible
100
AcDbLine
 10
855.122471
 20
709.112944
 30
0.0
 11
826.122471
 21
709.112944
 31
0.0
  0
LINE
  5
175C
330
70
100
AcDbEntity
  8
Visible
100
AcDbLine
 10
855.122471
 20
715.112944
 30
0.0
 11
855.122471
 21
709.112944
 31
0.0
  0
LINE
  5
175D
330
70
100
AcDbEntity
  8
Visible
100
AcDbLine
 10
884.122471
 20
715.112944
 30
0.0
 11
855.122471
 21
715.112944
 31
0.0
  0
LINE
  5
175E
330
70
100
AcDbEntity
  8
Visible
100
AcDbLine
 10
884.122471
 20
709.112944
 30
0.0
 11
884.122471
 21
715.112944
 31
0.0
  0
LINE
  5
175F
330
70
100
AcDbEntity
  8
Visible
100
AcDbLine
 10
913.122471
 20
709.112944
 30
0.0
 11
884.122471
 21
709.112944
 31
0.0
  0
LINE
  5
1760
330
70
100
AcDbEntity
  8
Visible
100
AcDbLine
 10
913.122471
 20
715.112944
 30
0.0
 11
913.122471
 21
709.112944
 31
0.0
  0
LINE
  5
1761
330
70
100
AcDbEntity
  8
Visible
100
AcDbLine
 10
942.122471
 20
715.112944
 30
0.0
 11
913.122471
 21
715.112944
 31
0.0
  0
LINE
  5
1762
330
70
100
AcDbEntity
  8
Visible
100
AcDbLine
 10
942.122471
 20
709.112944
 30
0.0
 11
942.122471
 21
715.112944
 31
0.0
  0
LINE
  5
1763
330
70
100
AcDbEntity
  8
Visible
100
AcDbLine
 10
971.122471
 20
709.112944
 30
0.0
 11
942.122471
 21
709.112944
 31
0.0
  0
LINE
  5
1764
330
70
100
AcDbEntity
  8
Visible
100
AcDbLine
 10
971.122471
 20
715.112944
 30
0.0
 11
971.122471
 21
709.112944
 31
0.0
  0
LINE
  5
1765
330
70
100
AcDbEntity
  8
Visible
100
AcDbLine
 10
1005.622471
 20
715.112944
 30
0.0
 11
971.122471
 21
715.112944
 31
0.0
  0
LINE
  5
1766
330
70
100
AcDbEntity
  8
Visible
100
AcDbLine
 10
1005.622471
 20
690.612944
 30
0.0
 11
1005.622471
 21
715.112944
 31
0.0
  0
CIRCLE
  5
1767
330
70
100
AcDbEntity
  8
Visible
100
AcDbCircle
 10
-811.622483
 20
1321.112913
 30
0.0
 40
11.50000000000005
210
0.0
220
0.0
230
-1.0
  0
LINE
  5
1768
330
70
100
AcDbEntity
  8
Visible
100
AcDbLine
 10
1005.622471
 20
1515.112944
 30
0.0
 11
971.122471
 21
1515.112944
 31
0.0
  0
LINE
  5
1769
330
70
100
AcDbEntity
  8
Visible
100
AcDbLine
 10
1005.622471
 20
1480.612944
 30
0.0
 11
1005.622471
 21
1515.112944
 31
0.0
  0
LINE
  5
176A
330
70
100
AcDbEntity
  8
Visible
100
AcDbLine
 10
1011.622471
 20
1480.612944
 30
0.0
 11
1005.622471
 21
1480.612944
 31
0.0
  0
LINE
  5
176B
330
70
100
AcDbEntity
  8
Visible
100
AcDbLine
 10
1011.622471
 20
1451.612944
 30
0.0
 11
1011.622471
 21
1480.612944
 31
0.0
  0
LINE
  5
176C
330
70
100
AcDbEntity
  8
Visible
100
AcDbLine
 10
1005.622471
 20
1451.612944
 30
0.0
 11
1011.622471
 21
1451.612944
 31
0.0
  0
LINE
  5
176D
330
70
100
AcDbEntity
  8
Visible
100
AcDbLine
 10
1005.622471
 20
1422.612944
 30
0.0
 11
1005.622471
 21
1451.612944
 31
0.0
  0
LINE
  5
176E
330
70
100
AcDbEntity
  8
Visible
100
AcDbLine
 10
1011.622471
 20
1422.612944
 30
0.0
 11
1005.622471
 21
1422.612944
 31
0.0
  0
LINE
  5
176F
330
70
100
AcDbEntity
  8
Visible
100
AcDbLine
 10
1011.622471
 20
1393.612944
 30
0.0
 11
1011.622471
 21
1422.612944
 31
0.0
  0
LINE
  5
1770
330
70
100
AcDbEntity
  8
Visible
100
AcDbLine
 10
1005.622471
 20
1393.612944
 30
0.0
 11
1011.622471
 21
1393.612944
 31
0.0
  0
LINE
  5
1771
330
70
100
AcDbEntity
  8
Visible
100
AcDbLine
 10
1005.622471
 20
1364.612944
 30
0.0
 11
1005.622471
 21
1393.612944
 31
0.0
  0
LINE
  5
1772
330
70
100
AcDbEntity
  8
Visible
100
AcDbLine
 10
1011.622471
 20
1364.612944
 30
0.0
 11
1005.622471
 21
1364.612944
 31
0.0
  0
LINE
  5
1773
330
70
100
AcDbEntity
  8
Visible
100
AcDbLine
 10
1011.622471
 20
1335.612944
 30
0.0
 11
1011.622471
 21
1364.612944
 31
0.0
  0
LINE
  5
1774
330
70
100
AcDbEntity
  8
Visible
100
AcDbLine
 10
1005.622471
 20
1335.612944
 30
0.0
 11
1011.622471
 21
1335.612944
 31
0.0
  0
LINE
  5
1775
330
70
100
AcDbEntity
  8
Visible
100
AcDbLine
 10
1005.622471
 20
1306.612944
 30
0.0
 11
1005.622471
 21
1335.612944
 31
0.0
  0
LINE
  5
1776
330
70
100
AcDbEntity
  8
Visible
100
AcDbLine
 10
1011.622471
 20
1306.612944
 30
0.0
 11
1005.622471
 21
1306.612944
 31
0.0
  0
LINE
  5
1777
330
70
100
AcDbEntity
  8
Visible
100
AcDbLine
 10
1011.622471
 20
1277.612944
 30
0.0
 11
1011.622471
 21
1306.612944
 31
0.0
  0
LINE
  5
1778
330
70
100
AcDbEntity
  8
Visible
100
AcDbLine
 10
1005.622471
 20
1277.612944
 30
0.0
 11
1011.622471
 21
1277.612944
 31
0.0
  0
LINE
  5
1779
330
70
100
AcDbEntity
  8
Visible
100
AcDbLine
 10
1005.622471
 20
1248.612944
 30
0.0
 11
1005.622471
 21
1277.612944
 31
0.0
  0
LINE
  5
177A
330
70
100
AcDbEntity
  8
Visible
100
AcDbLine
 10
1011.622471
 20
1248.612944
 30
0.0
 11
1005.622471
 21
1248.612944
 31
0.0
  0
LINE
  5
177B
330
70
100
AcDbEntity
  8
Visible
100
AcDbLine
 10
1011.622471
 20
1219.612944
 30
0.0
 11
1011.622471
 21
1248.612944
 31
0.0
  0
LINE
  5
177C
330
70
100
AcDbEntity
  8
Visible
100
AcDbLine
 10
1005.622471
 20
1219.612944
 30
0.0
 11
1011.622471
 21
1219.612944
 31
0.0
  0
LINE
  5
177D
330
70
100
AcDbEntity
  8
Visible
100
AcDbLine
 10
1005.622471
 20
1190.612944
 30
0.0
 11
1005.622471
 21
1219.612944
 31
0.0
  0
LINE
  5
177E
330
70
100
AcDbEntity
  8
Visible
100
AcDbLine
 10
1011.622471
 20
1190.612944
 30
0.0
 11
1005.622471
 21
1190.612944
 31
0.0
  0
LINE
  5
177F
330
70
100
AcDbEntity
  8
Visible
100
AcDbLine
 10
1011.622471
 20
1161.612944
 30
0.0
 11
1011.622471
 21
1190.612944
 31
0.0
  0
LINE
  5
1780
330
70
100
AcDbEntity
  8
Visible
100
AcDbLine
 10
1005.622471
 20
1161.612944
 30
0.0
 11
1011.622471
 21
1161.612944
 31
0.0
  0
LINE
  5
1781
330
70
100
AcDbEntity
  8
Visible
100
AcDbLine
 10
1005.622471
 20
1127.112944
 30
0.0
 11
1005.622471
 21
1161.612944
 31
0.0
  0
LINE
  5
1782
330
70
100
AcDbEntity
  8
Visible
100
AcDbLine
 10
971.122471
 20
1127.112944
 30
0.0
 11
1005.622471
 21
1127.112944
 31
0.0
  0
LINE
  5
1783
330
70
100
AcDbEntity
  8
Visible
100
AcDbLine
 10
971.122471
 20
1121.112944
 30
0.0
 11
971.122471
 21
1127.112944
 31
0.0
  0
LINE
  5
1784
330
70
100
AcDbEntity
  8
Visible
100
AcDbLine
 10
942.122471
 20
1121.112944
 30
0.0
 11
971.122471
 21
1121.112944
 31
0.0
  0
LINE
  5
1785
330
70
100
AcDbEntity
  8
Visible
100
AcDbLine
 10
942.122471
 20
1127.112944
 30
0.0
 11
942.122471
 21
1121.112944
 31
0.0
  0
LINE
  5
1786
330
70
100
AcDbEntity
  8
Visible
100
AcDbLine
 10
913.122471
 20
1127.112944
 30
0.0
 11
942.122471
 21
1127.112944
 31
0.0
  0
LINE
  5
1787
330
70
100
AcDbEntity
  8
Visible
100
AcDbLine
 10
913.122471
 20
1121.112944
 30
0.0
 11
913.122471
 21
1127.112944
 31
0.0
  0
LINE
  5
1788
330
70
100
AcDbEntity
  8
Visible
100
AcDbLine
 10
884.122471
 20
1121.112944
 30
0.0
 11
913.122471
 21
1121.112944
 31
0.0
  0
LINE
  5
1789
330
70
100
AcDbEntity
  8
Visible
100
AcDbLine
 10
884.122471
 20
1127.112944
 30
0.0
 11
884.122471
 21
1121.112944
 31
0.0
  0
LINE
  5
178A
330
70
100
AcDbEntity
  8
Visible
100
AcDbLine
 10
855.122471
 20
1127.112944
 30
0.0
 11
884.122471
 21
1127.112944
 31
0.0
  0
LINE
  5
178B
330
70
100
AcDbEntity
  8
Visible
100
AcDbLine
 10
855.122471
 20
1121.112944
 30
0.0
 11
855.122471
 21
1127.112944
 31
0.0
  0
LINE
  5
178C
330
70
100
AcDbEntity
  8
Visible
100
AcDbLine
 10
826.122471
 20
1121.112944
 30
0.0
 11
855.122471
 21
1121.112944
 31
0.0
  0
LINE
  5
178D
330
70
100
AcDbEntity
  8
Visible
100
AcDbLine
 10
826.122471
 20
1127.112944
 30
0.0
 11
826.122471
 21
1121.112944
 31
0.0
  0
LINE
  5
178E
330
70
100
AcDbEntity
  8
Visible
100
AcDbLine
 10
797.122471
 20
1127.112944
 30
0.0
 11
826.122471
 21
1127.112944
 31
0.0
  0
LINE
  5
178F
330
70
100
AcDbEntity
  8
Visible
100
AcDbLine
 10
797.122471
 20
1121.112944
 30
0.0
 11
797.122471
 21
1127.112944
 31
0.0
  0
LINE
  5
1790
330
70
100
AcDbEntity
  8
Visible
100
AcDbLine
 10
768.122471
 20
1121.112944
 30
0.0
 11
797.122471
 21
1121.112944
 31
0.0
  0
LINE
  5
1791
330
70
100
AcDbEntity
  8
Visible
100
AcDbLine
 10
768.122471
 20
1127.112944
 30
0.0
 11
768.122471
 21
1121.112944
 31
0.0
  0
LINE
  5
1792
330
70
100
AcDbEntity
  8
Visible
100
AcDbLine
 10
739.122471
 20
1127.112944
 30
0.0
 11
768.122471
 21
1127.112944
 31
0.0
  0
LINE
  5
1793
330
70
100
AcDbEntity
  8
Visible
100
AcDbLine
 10
739.122471
 20
1121.112944
 30
0.0
 11
739.122471
 21
1127.112944
 31
0.0
  0
LINE
  5
1794
330
70
100
AcDbEntity
  8
Visible
100
AcDbLine
 10
710.122471
 20
1121.112944
 30
0.0
 11
739.122471
 21
1121.112944
 31
0.0
  0
LINE
  5
1795
330
70
100
AcDbEntity
  8
Visible
100
AcDbLine
 10
710.122471
 20
1127.112944
 30
0.0
 11
710.122471
 21
1121.112944
 31
0.0
  0
LINE
  5
1796
330
70
100
AcDbEntity
  8
Visible
100
AcDbLine
 10
681.122471
 20
1127.112944
 30
0.0
 11
710.122471
 21
1127.112944
 31
0.0
  0
LINE
  5
1797
330
70
100
AcDbEntity
  8
Visible
100
AcDbLine
 10
681.122471
 20
1121.112944
 30
0.0
 11
681.122471
 21
1127.112944
 31
0.0
  0
LINE
  5
1798
330
70
100
AcDbEntity
  8
Visible
100
AcDbLine
 10
652.122471
 20
1121.112944
 30
0.0
 11
681.122471
 21
1121.112944
 31
0.0
  0
LINE
  5
1799
330
70
100
AcDbEntity
  8
Visible
100
AcDbLine
 10
652.122471
 20
1127.112944
 30
0.0
 11
652.122471
 21
1121.112944
 31
0.0
  0
LINE
  5
179A
330
70
100
AcDbEntity
  8
Visible
100
AcDbLine
 10
617.622471
 20
1127.112944
 30
0.0
 11
652.122471
 21
1127.112944
 31
0.0
  0
LINE
  5
179B
330
70
100
AcDbEntity
  8
Visible
100
AcDbLine
 10
617.622471
 20
1161.612944
 30
0.0
 11
617.622471
 21
1127.112944
 31
0.0
  0
LINE
  5
179C
330
70
100
AcDbEntity
  8
Visible
100
AcDbLine
 10
611.622471
 20
1161.612944
 30
0.0
 11
617.622471
 21
1161.612944
 31
0.0
  0
LINE
  5
179D
330
70
100
AcDbEntity
  8
Visible
100
AcDbLine
 10
611.622471
 20
1190.612944
 30
0.0
 11
611.622471
 21
1161.612944
 31
0.0
  0
LINE
  5
179E
330
70
100
AcDbEntity
  8
Visible
100
AcDbLine
 10
617.622471
 20
1190.612944
 30
0.0
 11
611.622471
 21
1190.612944
 31
0.0
  0
LINE
  5
179F
330
70
100
AcDbEntity
  8
Visible
100
AcDbLine
 10
617.622471
 20
1219.612944
 30
0.0
 11
617.622471
 21
1190.612944
 31
0.0
  0
LINE
  5
17A0
330
70
100
AcDbEntity
  8
Visible
100
AcDbLine
 10
611.622471
 20
1219.612944
 30
0.0
 11
617.622471
 21
1219.612944
 31
0.0
  0
LINE
  5
17A1
330
70
100
AcDbEntity
  8
Visible
100
AcDbLine
 10
611.622471
 20
1248.612944
 30
0.0
 11
611.622471
 21
1219.612944
 31
0.0
  0
LINE
  5
17A2
330
70
100
AcDbEntity
  8
Visible
100
AcDbLine
 10
617.622471
 20
1248.612944
 30
0.0
 11
611.622471
 21
1248.612944
 31
0.0
  0
LINE
  5
17A3
330
70
100
AcDbEntity
  8
Visible
100
AcDbLine
 10
617.622471
 20
1277.612944
 30
0.0
 11
617.622471
 21
1248.612944
 31
0.0
  0
LINE
  5
17A4
330
70
100
AcDbEntity
  8
Visible
100
AcDbLine
 10
611.622471
 20
1277.612944
 30
0.0
 11
617.622471
 21
1277.612944
 31
0.0
  0
LINE
  5
17A5
330
70
100
AcDbEntity
  8
Visible
100
AcDbLine
 10
611.622471
 20
1306.612944
 30
0.0
 11
611.622471
 21
1277.612944
 31
0.0
  0
LINE
  5
17A6
330
70
100
AcDbEntity
  8
Visible
100
AcDbLine
 10
617.622471
 20
1306.612944
 30
0.0
 11
611.622471
 21
1306.612944
 31
0.0
  0
LINE
  5
17A7
330
70
100
AcDbEntity
  8
Visible
100
AcDbLine
 10
617.622471
 20
1335.612944
 30
0.0
 11
617.622471
 21
1306.612944
 31
0.0
  0
LINE
  5
17A8
330
70
100
AcDbEntity
  8
Visible
100
AcDbLine
 10
611.622471
 20
1335.612944
 30
0.0
 11
617.622471
 21
1335.612944
 31
0.0
  0
LINE
  5
17A9
330
70
100
AcDbEntity
  8
Visible
100
AcDbLine
 10
611.622471
 20
1364.612944
 30
0.0
 11
611.622471
 21
1335.612944
 31
0.0
  0
LINE
  5
17AA
330
70
100
AcDbEntity
  8
Visible
100
AcDbLine
 10
617.622471
 20
1364.612944
 30
0.0
 11
611.622471
 21
1364.612944
 31
0.0
  0
LINE
  5
17AB
330
70
100
AcDbEntity
  8
Visible
100
AcDbLine
 10
617.622471
 20
1393.612944
 30
0.0
 11
617.622471
 21
1364.612944
 31
0.0
  0
LINE
  5
17AC
330
70
100
AcDbEntity
  8
Visible
100
AcDbLine
 10
611.622471
 20
1393.612944
 30
0.0
 11
617.622471
 21
1393.612944
 31
0.0
  0
LINE
  5
17AD
330
70
100
AcDbEntity
  8
Visible
100
AcDbLine
 10
611.622471
 20
1422.612944
 30
0.0
 11
611.622471
 21
1393.612944
 31
0.0
  0
LINE
  5
17AE
330
70
100
AcDbEntity
  8
Visible
100
AcDbLine
 10
617.622471
 20
1422.612944
 30
0.0
 11
611.622471
 21
1422.612944
 31
0.0
  0
LINE
  5
17AF
330
70
100
AcDbEntity
  8
Visible
100
AcDbLine
 10
617.622471
 20
1451.612944
 30
0.0
 11
617.622471
 21
1422.612944
 31
0.0
  0
LINE
  5
17B0
330
70
100
AcDbEntity
  8
Visible
100
AcDbLine
 10
611.622471
 20
1451.612944
 30
0.0
 11
617.622471
 21
1451.612944
 31
0.0
  0
LINE
  5
17B1
330
70
100
AcDbEntity
  8
Visible
100
AcDbLine
 10
611.622471
 20
1480.612944
 30
0.0
 11
611.622471
 21
1451.612944
 31
0.0
  0
LINE
  5
17B2
330
70
100
AcDbEntity
  8
Visible
100
AcDbLine
 10
617.622471
 20
1480.612944
 30
0.0
 11
611.622471
 21
1480.612944
 31
0.0
  0
LINE
  5
17B3
330
70
100
AcDbEntity
  8
Visible
100
AcDbLine
 10
617.622471
 20
1515.112944
 30
0.0
 11
617.622471
 21
1480.612944
 31
0.0
  0
LINE
  5
17B4
330
70
100
AcDbEntity
  8
Visible
100
AcDbLine
 10
652.122471
 20
1515.112944
 30
0.0
 11
617.622471
 21
1515.112944
 31
0.0
  0
LINE
  5
17B5
330
70
100
AcDbEntity
  8
Visible
100
AcDbLine
 10
652.122471
 20
1521.112944
 30
0.0
 11
652.122471
 21
1515.112944
 31
0.0
  0
LINE
  5
17B6
330
70
100
AcDbEntity
  8
Visible
100
AcDbLine
 10
681.122471
 20
1521.112944
 30
0.0
 11
652.122471
 21
1521.112944
 31
0.0
  0
LINE
  5
17B7
330
70
100
AcDbEntity
  8
Visible
100
AcDbLine
 10
681.122471
 20
1515.112944
 30
0.0
 11
681.122471
 21
1521.112944
 31
0.0
  0
LINE
  5
17B8
330
70
100
AcDbEntity
  8
Visible
100
AcDbLine
 10
710.122471
 20
1515.112944
 30
0.0
 11
681.122471
 21
1515.112944
 31
0.0
  0
LINE
  5
17B9
330
70
100
AcDbEntity
  8
Visible
100
AcDbLine
 10
710.122471
 20
1521.112944
 30
0.0
 11
710.122471
 21
1515.112944
 31
0.0
  0
LINE
  5
17BA
330
70
100
AcDbEntity
  8
Visible
100
AcDbLine
 10
739.122471
 20
1521.112944
 30
0.0
 11
710.122471
 21
1521.112944
 31
0.0
  0
LINE
  5
17BB
330
70
100
AcDbEntity
  8
Visible
100
AcDbLine
 10
739.122471
 20
1515.112944
 30
0.0
 11
739.122471
 21
1521.112944
 31
0.0
  0
LINE
  5
17BC
330
70
100
AcDbEntity
  8
Visible
100
AcDbLine
 10
768.122471
 20
1515.112944
 30
0.0
 11
739.122471
 21
1515.112944
 31
0.0
  0
LINE
  5
17BD
330
70
100
AcDbEntity
  8
Visible
100
AcDbLine
 10
768.122471
 20
1521.112944
 30
0.0
 11
768.122471
 21
1515.112944
 31
0.0
  0
LINE
  5
17BE
330
70
100
AcDbEntity
  8
Visible
100
AcDbLine
 10
797.122471
 20
1521.112944
 30
0.0
 11
768.122471
 21
1521.112944
 31
0.0
  0
LINE
  5
17BF
330
70
100
AcDbEntity
  8
Visible
100
AcDbLine
 10
797.122471
 20
1515.112944
 30
0.0
 11
797.122471
 21
1521.112944
 31
0.0
  0
LINE
  5
17C0
330
70
100
AcDbEntity
  8
Visible
100
AcDbLine
 10
826.122471
 20
1515.112944
 30
0.0
 11
797.122471
 21
1515.112944
 31
0.0
  0
LINE
  5
17C1
330
70
100
AcDbEntity
  8
Visible
100
AcDbLine
 10
826.122471
 20
1521.112944
 30
0.0
 11
826.122471
 21
1515.112944
 31
0.0
  0
LINE
  5
17C2
330
70
100
AcDbEntity
  8
Visible
100
AcDbLine
 10
855.122471
 20
1521.112944
 30
0.0
 11
826.122471
 21
1521.112944
 31
0.0
  0
LINE
  5
17C3
330
70
100
AcDbEntity
  8
Visible
100
AcDbLine
 10
855.122471
 20
1515.112944
 30
0.0
 11
855.122471
 21
1521.112944
 31
0.0
  0
LINE
  5
17C4
330
70
100
AcDbEntity
  8
Visible
100
AcDbLine
 10
884.122471
 20
1515.112944
 30
0.0
 11
855.122471
 21
1515.112944
 31
0.0
  0
LINE
  5
17C5
330
70
100
AcDbEntity
  8
Visible
100
AcDbLine
 10
884.122471
 20
1521.112944
 30
0.0
 11
884.122471
 21
1515.112944
 31
0.0
  0
LINE
  5
17C6
330
70
100
AcDbEntity
  8
Visible
100
AcDbLine
 10
913.122471
 20
1521.112944
 30
0.0
 11
884.122471
 21
1521.112944
 31
0.0
  0
LINE
  5
17C7
330
70
100
AcDbEntity
  8
Visible
100
AcDbLine
 10
913.122471
 20
1515.112944
 30
0.0
 11
913.122471
 21
1521.112944
 31
0.0
  0
LINE
  5
17C8
330
70
100
AcDbEntity
  8
Visible
100
AcDbLine
 10
942.122471
 20
1515.112944
 30
0.0
 11
913.122471
 21
1515.112944
 31
0.0
  0
LINE
  5
17C9
330
70
100
AcDbEntity
  8
Visible
100
AcDbLine
 10
942.122471
 20
1521.112944
 30
0.0
 11
942.122471
 21
1515.112944
 31
0.0
  0
LINE
  5
17CA
330
70
100
AcDbEntity
  8
Visible
100
AcDbLine
 10
971.122471
 20
1521.112944
 30
0.0
 11
942.122471
 21
1521.112944
 31
0.0
  0
LINE
  5
17CB
330
70
100
AcDbEntity
  8
Visible
100
AcDbLine
 10
971.122471
 20
1515.112944
 30
0.0
 11
971.122471
 21
1521.112944
 31
0.0
  0
LINE
  5
17CC
330
70
100
AcDbEntity
  8
Visible
100
AcDbLine
 10
795.528471
 20
914.351944
 30
0.0
 11
795.387471
 21
914.346944
 31
0.0
  0
LINE
  5
17CD
330
70
100
AcDbEntity
  8
Visible
100
AcDbLine
 10
795.663471
 20
914.360944
 30
0.0
 11
795.528471
 21
914.351944
 31
0.0
  0
LINE
  5
17CE
330
70
100
AcDbEntity
  8
Visible
100
AcDbLine
 10
795.794471
 20
914.372944
 30
0.0
 11
795.663471
 21
914.360944
 31
0.0
  0
LINE
  5
17CF
330
70
100
AcDbEntity
  8
Visible
100
AcDbLine
 10
795.920471
 20
914.387944
 30
0.0
 11
795.794471
 21
914.372944
 31
0.0
  0
LINE
  5
17D0
330
70
100
AcDbEntity
  8
Visible
100
AcDbLine
 10
796.041471
 20
914.407944
 30
0.0
 11
795.920471
 21
914.387944
 31
0.0
  0
LINE
  5
17D1
330
70
100
AcDbEntity
  8
Visible
100
AcDbLine
 10
796.158471
 20
914.429944
 30
0.0
 11
796.041471
 21
914.407944
 31
0.0
  0
LINE
  5
17D2
330
70
100
AcDbEntity
  8
Visible
100
AcDbLine
 10
796.269471
 20
914.455944
 30
0.0
 11
796.158471
 21
914.429944
 31
0.0
  0
LINE
  5
17D3
330
70
100
AcDbEntity
  8
Visible
100
AcDbLine
 10
796.376471
 20
914.485944
 30
0.0
 11
796.269471
 21
914.455944
 31
0.0
  0
LINE
  5
17D4
330
70
100
AcDbEntity
  8
Visible
100
AcDbLine
 10
796.478471
 20
914.518944
 30
0.0
 11
796.376471
 21
914.485944
 31
0.0
  0
LINE
  5
17D5
330
70
100
AcDbEntity
  8
Visible
100
AcDbLine
 10
796.576471
 20
914.554944
 30
0.0
 11
796.478471
 21
914.518944
 31
0.0
  0
LINE
  5
17D6
330
70
100
AcDbEntity
  8
Visible
100
AcDbLine
 10
796.669471
 20
914.592944
 30
0.0
 11
796.576471
 21
914.554944
 31
0.0
  0
LINE
  5
17D7
330
70
100
AcDbEntity
  8
Visible
100
AcDbLine
 10
796.759471
 20
914.633944
 30
0.0
 11
796.669471
 21
914.592944
 31
0.0
  0
LINE
  5
17D8
330
70
100
AcDbEntity
  8
Visible
100
AcDbLine
 10
796.845471
 20
914.676944
 30
0.0
 11
796.759471
 21
914.633944
 31
0.0
  0
LINE
  5
17D9
330
70
100
AcDbEntity
  8
Visible
100
AcDbLine
 10
796.926471
 20
914.722944
 30
0.0
 11
796.845471
 21
914.676944
 31
0.0
  0
LINE
  5
17DA
330
70
100
AcDbEntity
  8
Visible
100
AcDbLine
 10
797.004471
 20
914.770944
 30
0.0
 11
796.926471
 21
914.722944
 31
0.0
  0
LINE
  5
17DB
330
70
100
AcDbEntity
  8
Visible
100
AcDbLine
 10
797.078471
 20
914.820944
 30
0.0
 11
797.004471
 21
914.770944
 31
0.0
  0
LINE
  5
17DC
330
70
100
AcDbEntity
  8
Visible
100
AcDbLine
 10
797.148471
 20
914.873944
 30
0.0
 11
797.078471
 21
914.820944
 31
0.0
  0
LINE
  5
17DD
330
70
100
AcDbEntity
  8
Visible
100
AcDbLine
 10
797.214471
 20
914.928944
 30
0.0
 11
797.148471
 21
914.873944
 31
0.0
  0
LINE
  5
17DE
330
70
100
AcDbEntity
  8
Visible
100
AcDbLine
 10
797.276471
 20
914.986944
 30
0.0
 11
797.214471
 21
914.928944
 31
0.0
  0
LINE
  5
17DF
330
70
100
AcDbEntity
  8
Visible
100
AcDbLine
 10
797.334471
 20
915.046944
 30
0.0
 11
797.276471
 21
914.986944
 31
0.0
  0
LINE
  5
17E0
330
70
100
AcDbEntity
  8
Visible
100
AcDbLine
 10
797.389471
 20
915.106944
 30
0.0
 11
797.334471
 21
915.046944
 31
0.0
  0
LINE
  5
17E1
330
70
100
AcDbEntity
  8
Visible
100
AcDbLine
 10
797.441471
 20
915.169944
 30
0.0
 11
797.389471
 21
915.106944
 31
0.0
  0
LINE
  5
17E2
330
70
100
AcDbEntity
  8
Visible
100
AcDbLine
 10
797.489471
 20
915.233944
 30
0.0
 11
797.441471
 21
915.169944
 31
0.0
  0
LINE
  5
17E3
330
70
100
AcDbEntity
  8
Visible
100
AcDbLine
 10
797.533471
 20
915.298944
 30
0.0
 11
797.489471
 21
915.233944
 31
0.0
  0
LINE
  5
17E4
330
70
100
AcDbEntity
  8
Visible
100
AcDbLine
 10
797.574471
 20
915.365944
 30
0.0
 11
797.533471
 21
915.298944
 31
0.0
  0
LINE
  5
17E5
330
70
100
AcDbEntity
  8
Visible
100
AcDbLine
 10
797.612471
 20
915.433944
 30
0.0
 11
797.574471
 21
915.365944
 31
0.0
  0
LINE
  5
17E6
330
70
100
AcDbEntity
  8
Visible
100
AcDbLine
 10
797.647471
 20
915.502944
 30
0.0
 11
797.612471
 21
915.433944
 31
0.0
  0
LINE
  5
17E7
330
70
100
AcDbEntity
  8
Visible
100
AcDbLine
 10
797.677471
 20
915.574944
 30
0.0
 11
797.647471
 21
915.502944
 31
0.0
  0
LINE
  5
17E8
330
70
100
AcDbEntity
  8
Visible
100
AcDbLine
 10
797.705471
 20
915.646944
 30
0.0
 11
797.677471
 21
915.574944
 31
0.0
  0
LINE
  5
17E9
330
70
100
AcDbEntity
  8
Visible
100
AcDbLine
 10
797.730471
 20
915.719944
 30
0.0
 11
797.705471
 21
915.646944
 31
0.0
  0
LINE
  5
17EA
330
70
100
AcDbEntity
  8
Visible
100
AcDbLine
 10
797.751471
 20
915.793944
 30
0.0
 11
797.730471
 21
915.719944
 31
0.0
  0
LINE
  5
17EB
330
70
100
AcDbEntity
  8
Visible
100
AcDbLine
 10
797.771471
 20
915.867944
 30
0.0
 11
797.751471
 21
915.793944
 31
0.0
  0
LINE
  5
17EC
330
70
100
AcDbEntity
  8
Visible
100
AcDbLine
 10
797.788471
 20
915.942944
 30
0.0
 11
797.771471
 21
915.867944
 31
0.0
  0
LINE
  5
17ED
330
70
100
AcDbEntity
  8
Visible
100
AcDbLine
 10
797.802471
 20
916.016944
 30
0.0
 11
797.788471
 21
915.942944
 31
0.0
  0
LINE
  5
17EE
330
70
100
AcDbEntity
  8
Visible
100
AcDbLine
 10
797.813471
 20
916.092944
 30
0.0
 11
797.802471
 21
916.016944
 31
0.0
  0
LINE
  5
17EF
330
70
100
AcDbEntity
  8
Visible
100
AcDbLine
 10
797.822471
 20
916.167944
 30
0.0
 11
797.813471
 21
916.092944
 31
0.0
  0
LINE
  5
17F0
330
70
100
AcDbEntity
  8
Visible
100
AcDbLine
 10
797.829471
 20
916.243944
 30
0.0
 11
797.822471
 21
916.167944
 31
0.0
  0
LINE
  5
17F1
330
70
100
AcDbEntity
  8
Visible
100
AcDbLine
 10
797.833471
 20
916.319944
 30
0.0
 11
797.829471
 21
916.243944
 31
0.0
  0
LINE
  5
17F2
330
70
100
AcDbEntity
  8
Visible
100
AcDbLine
 10
797.834471
 20
916.396944
 30
0.0
 11
797.833471
 21
916.319944
 31
0.0
  0
LINE
  5
17F3
330
70
100
AcDbEntity
  8
Visible
100
AcDbLine
 10
797.832471
 20
916.479944
 30
0.0
 11
797.834471
 21
916.396944
 31
0.0
  0
LINE
  5
17F4
330
70
100
AcDbEntity
  8
Visible
100
AcDbLine
 10
797.826471
 20
916.562944
 30
0.0
 11
797.832471
 21
916.479944
 31
0.0
  0
LINE
  5
17F5
330
70
100
AcDbEntity
  8
Visible
100
AcDbLine
 10
797.816471
 20
916.643944
 30
0.0
 11
797.826471
 21
916.562944
 31
0.0
  0
LINE
  5
17F6
330
70
100
AcDbEntity
  8
Visible
100
AcDbLine
 10
797.802471
 20
916.724944
 30
0.0
 11
797.816471
 21
916.643944
 31
0.0
  0
LINE
  5
17F7
330
70
100
AcDbEntity
  8
Visible
100
AcDbLine
 10
797.785471
 20
916.803944
 30
0.0
 11
797.802471
 21
916.724944
 31
0.0
  0
LINE
  5
17F8
330
70
100
AcDbEntity
  8
Visible
100
AcDbLine
 10
797.763471
 20
916.882944
 30
0.0
 11
797.785471
 21
916.803944
 31
0.0
  0
LINE
  5
17F9
330
70
100
AcDbEntity
  8
Visible
100
AcDbLine
 10
797.737471
 20
916.959944
 30
0.0
 11
797.763471
 21
916.882944
 31
0.0
  0
LINE
  5
17FA
330
70
100
AcDbEntity
  8
Visible
100
AcDbLine
 10
797.707471
 20
917.035944
 30
0.0
 11
797.737471
 21
916.959944
 31
0.0
  0
LINE
  5
17FB
330
70
100
AcDbEntity
  8
Visible
100
AcDbLine
 10
797.674471
 20
917.111944
 30
0.0
 11
797.707471
 21
917.035944
 31
0.0
  0
LINE
  5
17FC
330
70
100
AcDbEntity
  8
Visible
100
AcDbLine
 10
797.636471
 20
917.185944
 30
0.0
 11
797.674471
 21
917.111944
 31
0.0
  0
LINE
  5
17FD
330
70
100
AcDbEntity
  8
Visible
100
AcDbLine
 10
797.595471
 20
917.258944
 30
0.0
 11
797.636471
 21
917.185944
 31
0.0
  0
LINE
  5
17FE
330
70
100
AcDbEntity
  8
Visible
100
AcDbLine
 10
797.551471
 20
917.328944
 30
0.0
 11
797.595471
 21
917.258944
 31
0.0
  0
LINE
  5
17FF
330
70
100
AcDbEntity
  8
Visible
100
AcDbLine
 10
797.503471
 20
917.396944
 30
0.0
 11
797.551471
 21
917.328944
 31
0.0
  0
LINE
  5
1800
330
70
100
AcDbEntity
  8
Visible
100
AcDbLine
 10
797.453471
 20
917.462944
 30
0.0
 11
797.503471
 21
917.396944
 31
0.0
  0
LINE
  5
1801
330
70
100
AcDbEntity
  8
Visible
100
AcDbLine
 10
797.400471
 20
917.525944
 30
0.0
 11
797.453471
 21
917.462944
 31
0.0
  0
LINE
  5
1802
330
70
100
AcDbEntity
  8
Visible
100
AcDbLine
 10
797.343471
 20
917.587944
 30
0.0
 11
797.400471
 21
917.525944
 31
0.0
  0
LINE
  5
1803
330
70
100
AcDbEntity
  8
Visible
100
AcDbLine
 10
797.284471
 20
917.646944
 30
0.0
 11
797.343471
 21
917.587944
 31
0.0
  0
LINE
  5
1804
330
70
100
AcDbEntity
  8
Visible
100
AcDbLine
 10
797.221471
 20
917.702944
 30
0.0
 11
797.284471
 21
917.646944
 31
0.0
  0
LINE
  5
1805
330
70
100
AcDbEntity
  8
Visible
100
AcDbLine
 10
797.156471
 20
917.757944
 30
0.0
 11
797.221471
 21
917.702944
 31
0.0
  0
LINE
  5
1806
330
70
100
AcDbEntity
  8
Visible
100
AcDbLine
 10
797.087471
 20
917.809944
 30
0.0
 11
797.156471
 21
917.757944
 31
0.0
  0
LINE
  5
1807
330
70
100
AcDbEntity
  8
Visible
100
AcDbLine
 10
797.016471
 20
917.858944
 30
0.0
 11
797.087471
 21
917.809944
 31
0.0
  0
LINE
  5
1808
330
70
100
AcDbEntity
  8
Visible
100
AcDbLine
 10
796.942471
 20
917.904944
 30
0.0
 11
797.016471
 21
917.858944
 31
0.0
  0
LINE
  5
1809
330
70
100
AcDbEntity
  8
Visible
100
AcDbLine
 10
796.866471
 20
917.946944
 30
0.0
 11
796.942471
 21
917.904944
 31
0.0
  0
LINE
  5
180A
330
70
100
AcDbEntity
  8
Visible
100
AcDbLine
 10
796.788471
 20
917.984944
 30
0.0
 11
796.866471
 21
917.946944
 31
0.0
  0
LINE
  5
180B
330
70
100
AcDbEntity
  8
Visible
100
AcDbLine
 10
796.708471
 20
918.018944
 30
0.0
 11
796.788471
 21
917.984944
 31
0.0
  0
LINE
  5
180C
330
70
100
AcDbEntity
  8
Visible
100
AcDbLine
 10
796.626471
 20
918.049944
 30
0.0
 11
796.708471
 21
918.018944
 31
0.0
  0
LINE
  5
180D
330
70
100
AcDbEntity
  8
Visible
100
AcDbLine
 10
796.541471
 20
918.076944
 30
0.0
 11
796.626471
 21
918.049944
 31
0.0
  0
LINE
  5
180E
330
70
100
AcDbEntity
  8
Visible
100
AcDbLine
 10
796.454471
 20
918.100944
 30
0.0
 11
796.541471
 21
918.076944
 31
0.0
  0
LINE
  5
180F
330
70
100
AcDbEntity
  8
Visible
100
AcDbLine
 10
796.365471
 20
918.120944
 30
0.0
 11
796.454471
 21
918.100944
 31
0.0
  0
LINE
  5
1810
330
70
100
AcDbEntity
  8
Visible
100
AcDbLine
 10
796.274471
 20
918.136944
 30
0.0
 11
796.365471
 21
918.120944
 31
0.0
  0
LINE
  5
1811
330
70
100
AcDbEntity
  8
Visible
100
AcDbLine
 10
796.413471
 20
918.174944
 30
0.0
 11
796.274471
 21
918.136944
 31
0.0
  0
LINE
  5
1812
330
70
100
AcDbEntity
  8
Visible
100
AcDbLine
 10
796.545471
 20
918.218944
 30
0.0
 11
796.413471
 21
918.174944
 31
0.0
  0
LINE
  5
1813
330
70
100
AcDbEntity
  8
Visible
100
AcDbLine
 10
796.670471
 20
918.268944
 30
0.0
 11
796.545471
 21
918.218944
 31
0.0
  0
LINE
  5
1814
330
70
100
AcDbEntity
  8
Visible
100
AcDbLine
 10
796.788471
 20
918.324944
 30
0.0
 11
796.670471
 21
918.268944
 31
0.0
  0
LINE
  5
1815
330
70
100
AcDbEntity
  8
Visible
100
AcDbLine
 10
796.899471
 20
918.386944
 30
0.0
 11
796.788471
 21
918.324944
 31
0.0
  0
LINE
  5
1816
330
70
100
AcDbEntity
  8
Visible
100
AcDbLine
 10
797.002471
 20
918.454944
 30
0.0
 11
796.899471
 21
918.386944
 31
0.0
  0
LINE
  5
1817
330
70
100
AcDbEntity
  8
Visible
100
AcDbLine
 10
797.099471
 20
918.528944
 30
0.0
 11
797.002471
 21
918.454944
 31
0.0
  0
LINE
  5
1818
330
70
100
AcDbEntity
  8
Visible
100
AcDbLine
 10
797.188471
 20
918.608944
 30
0.0
 11
797.099471
 21
918.528944
 31
0.0
  0
LINE
  5
1819
330
70
100
AcDbEntity
  8
Visible
100
AcDbLine
 10
797.270471
 20
918.695944
 30
0.0
 11
797.188471
 21
918.608944
 31
0.0
  0
LINE
  5
181A
330
70
100
AcDbEntity
  8
Visible
100
AcDbLine
 10
797.345471
 20
918.787944
 30
0.0
 11
797.270471
 21
918.695944
 31
0.0
  0
LINE
  5
181B
330
70
100
AcDbEntity
  8
Visible
100
AcDbLine
 10
797.413471
 20
918.884944
 30
0.0
 11
797.345471
 21
918.787944
 31
0.0
  0
LINE
  5
181C
330
70
100
AcDbEntity
  8
Visible
100
AcDbLine
 10
797.474471
 20
918.985944
 30
0.0
 11
797.413471
 21
918.884944
 31
0.0
  0
LINE
  5
181D
330
70
100
AcDbEntity
  8
Visible
100
AcDbLine
 10
797.527471
 20
919.089944
 30
0.0
 11
797.474471
 21
918.985944
 31
0.0
  0
LINE
  5
181E
330
70
100
AcDbEntity
  8
Visible
100
AcDbLine
 10
797.573471
 20
919.196944
 30
0.0
 11
797.527471
 21
919.089944
 31
0.0
  0
LINE
  5
181F
330
70
100
AcDbEntity
  8
Visible
100
AcDbLine
 10
797.613471
 20
919.307944
 30
0.0
 11
797.573471
 21
919.196944
 31
0.0
  0
LINE
  5
1820
330
70
100
AcDbEntity
  8
Visible
100
AcDbLine
 10
797.645471
 20
919.421944
 30
0.0
 11
797.613471
 21
919.307944
 31
0.0
  0
LINE
  5
1821
330
70
100
AcDbEntity
  8
Visible
100
AcDbLine
 10
797.670471
 20
919.539944
 30
0.0
 11
797.645471
 21
919.421944
 31
0.0
  0
LINE
  5
1822
330
70
100
AcDbEntity
  8
Visible
100
AcDbLine
 10
797.688471
 20
919.660944
 30
0.0
 11
797.670471
 21
919.539944
 31
0.0
  0
LINE
  5
1823
330
70
100
AcDbEntity
  8
Visible
100
AcDbLine
 10
797.698471
 20
919.784944
 30
0.0
 11
797.688471
 21
919.660944
 31
0.0
  0
LINE
  5
1824
330
70
100
AcDbEntity
  8
Visible
100
AcDbLine
 10
797.702471
 20
919.912944
 30
0.0
 11
797.698471
 21
919.784944
 31
0.0
  0
LINE
  5
1825
330
70
100
AcDbEntity
  8
Visible
100
AcDbLine
 10
797.699471
 20
920.017944
 30
0.0
 11
797.702471
 21
919.912944
 31
0.0
  0
LINE
  5
1826
330
70
100
AcDbEntity
  8
Visible
100
AcDbLine
 10
797.691471
 20
920.120944
 30
0.0
 11
797.699471
 21
920.017944
 31
0.0
  0
LINE
  5
1827
330
70
100
AcDbEntity
  8
Visible
100
AcDbLine
 10
797.678471
 20
920.222944
 30
0.0
 11
797.691471
 21
920.120944
 31
0.0
  0
LINE
  5
1828
330
70
100
AcDbEntity
  8
Visible
100
AcDbLine
 10
797.659471
 20
920.321944
 30
0.0
 11
797.678471
 21
920.222944
 31
0.0
  0
LINE
  5
1829
330
70
100
AcDbEntity
  8
Visible
100
AcDbLine
 10
797.635471
 20
920.420944
 30
0.0
 11
797.659471
 21
920.321944
 31
0.0
  0
LINE
  5
182A
330
70
100
AcDbEntity
  8
Visible
100
AcDbLine
 10
797.605471
 20
920.516944
 30
0.0
 11
797.635471
 21
920.420944
 31
0.0
  0
LINE
  5
182B
330
70
100
AcDbEntity
  8
Visible
100
AcDbLine
 10
797.570471
 20
920.612944
 30
0.0
 11
797.605471
 21
920.516944
 31
0.0
  0
LINE
  5
182C
330
70
100
AcDbEntity
  8
Visible
100
AcDbLine
 10
797.529471
 20
920.705944
 30
0.0
 11
797.570471
 21
920.612944
 31
0.0
  0
LINE
  5
182D
330
70
100
AcDbEntity
  8
Visible
100
AcDbLine
 10
797.483471
 20
920.797944
 30
0.0
 11
797.529471
 21
920.705944
 31
0.0
  0
LINE
  5
182E
330
70
100
AcDbEntity
  8
Visible
100
AcDbLine
 10
797.432471
 20
920.887944
 30
0.0
 11
797.483471
 21
920.797944
 31
0.0
  0
LINE
  5
182F
330
70
100
AcDbEntity
  8
Visible
100
AcDbLine
 10
797.375471
 20
920.975944
 30
0.0
 11
797.432471
 21
920.887944
 31
0.0
  0
LINE
  5
1830
330
70
100
AcDbEntity
  8
Visible
100
AcDbLine
 10
797.313471
 20
921.059944
 30
0.0
 11
797.375471
 21
920.975944
 31
0.0
  0
LINE
  5
1831
330
70
100
AcDbEntity
  8
Visible
100
AcDbLine
 10
797.245471
 20
921.140944
 30
0.0
 11
797.313471
 21
921.059944
 31
0.0
  0
LINE
  5
1832
330
70
100
AcDbEntity
  8
Visible
100
AcDbLine
 10
797.172471
 20
921.217944
 30
0.0
 11
797.245471
 21
921.140944
 31
0.0
  0
LINE
  5
1833
330
70
100
AcDbEntity
  8
Visible
100
AcDbLine
 10
797.093471
 20
921.290944
 30
0.0
 11
797.172471
 21
921.217944
 31
0.0
  0
LINE
  5
1834
330
70
100
AcDbEntity
  8
Visible
100
AcDbLine
 10
797.009471
 20
921.361944
 30
0.0
 11
797.093471
 21
921.290944
 31
0.0
  0
LINE
  5
1835
330
70
100
AcDbEntity
  8
Visible
100
AcDbLine
 10
796.919471
 20
921.428944
 30
0.0
 11
797.009471
 21
921.361944
 31
0.0
  0
LINE
  5
1836
330
70
100
AcDbEntity
  8
Visible
100
AcDbLine
 10
796.823471
 20
921.491944
 30
0.0
 11
796.919471
 21
921.428944
 31
0.0
  0
LINE
  5
1837
330
70
100
AcDbEntity
  8
Visible
100
AcDbLine
 10
796.722471
 20
921.551944
 30
0.0
 11
796.823471
 21
921.491944
 31
0.0
  0
LINE
  5
1838
330
70
100
AcDbEntity
  8
Visible
100
AcDbLine
 10
796.616471
 20
921.607944
 30
0.0
 11
796.722471
 21
921.551944
 31
0.0
  0
LINE
  5
1839
330
70
100
AcDbEntity
  8
Visible
100
AcDbLine
 10
796.504471
 20
921.659944
 30
0.0
 11
796.616471
 21
921.607944
 31
0.0
  0
LINE
  5
183A
330
70
100
AcDbEntity
  8
Visible
100
AcDbLine
 10
796.386471
 20
921.705944
 30
0.0
 11
796.504471
 21
921.659944
 31
0.0
  0
LINE
  5
183B
330
70
100
AcDbEntity
  8
Visible
100
AcDbLine
 10
796.263471
 20
921.746944
 30
0.0
 11
796.386471
 21
921.705944
 31
0.0
  0
LINE
  5
183C
330
70
100
AcDbEntity
  8
Visible
100
AcDbLine
 10
796.134471
 20
921.782944
 30
0.0
 11
796.263471
 21
921.746944
 31
0.0
  0
LINE
  5
183D
330
70
100
AcDbEntity
  8
Visible
100
AcDbLine
 10
796.000471
 20
921.812944
 30
0.0
 11
796.134471
 21
921.782944
 31
0.0
  0
LINE
  5
183E
330
70
100
AcDbEntity
  8
Visible
100
AcDbLine
 10
795.859471
 20
921.836944
 30
0.0
 11
796.000471
 21
921.812944
 31
0.0
  0
LINE
  5
183F
330
70
100
AcDbEntity
  8
Visible
100
AcDbLine
 10
795.713471
 20
921.855944
 30
0.0
 11
795.859471
 21
921.836944
 31
0.0
  0
LINE
  5
1840
330
70
100
AcDbEntity
  8
Visible
100
AcDbLine
 10
795.562471
 20
921.869944
 30
0.0
 11
795.713471
 21
921.855944
 31
0.0
  0
LINE
  5
1841
330
70
100
AcDbEntity
  8
Visible
100
AcDbLine
 10
795.405471
 20
921.877944
 30
0.0
 11
795.562471
 21
921.869944
 31
0.0
  0
LINE
  5
1842
330
70
100
AcDbEntity
  8
Visible
100
AcDbLine
 10
795.242471
 20
921.880944
 30
0.0
 11
795.405471
 21
921.877944
 31
0.0
  0
LINE
  5
1843
330
70
100
AcDbEntity
  8
Visible
100
AcDbLine
 10
792.422471
 20
921.880944
 30
0.0
 11
795.242471
 21
921.880944
 31
0.0
  0
LINE
  5
1844
330
70
100
AcDbEntity
  8
Visible
100
AcDbLine
 10
792.422471
 20
914.344944
 30
0.0
 11
792.422471
 21
921.880944
 31
0.0
  0
LINE
  5
1845
330
70
100
AcDbEntity
  8
Visible
100
AcDbLine
 10
795.242471
 20
914.344944
 30
0.0
 11
792.422471
 21
914.344944
 31
0.0
  0
LINE
  5
1846
330
70
100
AcDbEntity
  8
Visible
100
AcDbLine
 10
795.387471
 20
914.346944
 30
0.0
 11
795.242471
 21
914.344944
 31
0.0
  0
LINE
  5
1847
330
70
100
AcDbEntity
  8
Visible
100
AcDbLine
 10
802.257471
 20
914.214944
 30
0.0
 11
802.108471
 21
914.203944
 31
0.0
  0
LINE
  5
1848
330
70
100
AcDbEntity
  8
Visible
100
AcDbLine
 10
802.402471
 20
914.231944
 30
0.0
 11
802.257471
 21
914.214944
 31
0.0
  0
LINE
  5
1849
330
70
100
AcDbEntity
  8
Visible
100
AcDbLine
 10
802.544471
 20
914.255944
 30
0.0
 11
802.402471
 21
914.231944
 31
0.0
  0
LINE
  5
184A
330
70
100
AcDbEntity
  8
Visible
100
AcDbLine
 10
802.683471
 20
914.285944
 30
0.0
 11
802.544471
 21
914.255944
 31
0.0
  0
LINE
  5
184B
330
70
100
AcDbEntity
  8
Visible
100
AcDbLine
 10
802.818471
 20
914.323944
 30
0.0
 11
802.683471
 21
914.285944
 31
0.0
  0
LINE
  5
184C
330
70
100
AcDbEntity
  8
Visible
100
AcDbLine
 10
802.950471
 20
914.368944
 30
0.0
 11
802.818471
 21
914.323944
 31
0.0
  0
LINE
  5
184D
330
70
100
AcDbEntity
  8
Visible
100
AcDbLine
 10
803.079471
 20
914.419944
 30
0.0
 11
802.950471
 21
914.368944
 31
0.0
  0
LINE
  5
184E
330
70
100
AcDbEntity
  8
Visible
100
AcDbLine
 10
803.205471
 20
914.477944
 30
0.0
 11
803.079471
 21
914.419944
 31
0.0
  0
LINE
  5
184F
330
70
100
AcDbEntity
  8
Visible
100
AcDbLine
 10
803.327471
 20
914.542944
 30
0.0
 11
803.205471
 21
914.477944
 31
0.0
  0
LINE
  5
1850
330
70
100
AcDbEntity
  8
Visible
100
AcDbLine
 10
803.445471
 20
914.614944
 30
0.0
 11
803.327471
 21
914.542944
 31
0.0
  0
LINE
  5
1851
330
70
100
AcDbEntity
  8
Visible
100
AcDbLine
 10
803.558471
 20
914.692944
 30
0.0
 11
803.445471
 21
914.614944
 31
0.0
  0
LINE
  5
1852
330
70
100
AcDbEntity
  8
Visible
100
AcDbLine
 10
803.666471
 20
914.777944
 30
0.0
 11
803.558471
 21
914.692944
 31
0.0
  0
LINE
  5
1853
330
70
100
AcDbEntity
  8
Visible
100
AcDbLine
 10
803.768471
 20
914.868944
 30
0.0
 11
803.666471
 21
914.777944
 31
0.0
  0
LINE
  5
1854
330
70
100
AcDbEntity
  8
Visible
100
AcDbLine
 10
803.866471
 20
914.967944
 30
0.0
 11
803.768471
 21
914.868944
 31
0.0
  0
LINE
  5
1855
330
70
100
AcDbEntity
  8
Visible
100
AcDbLine
 10
803.958471
 20
915.071944
 30
0.0
 11
803.866471
 21
914.967944
 31
0.0
  0
LINE
  5
1856
330
70
100
AcDbEntity
  8
Visible
100
AcDbLine
 10
804.045471
 20
915.183944
 30
0.0
 11
803.958471
 21
915.071944
 31
0.0
  0
LINE
  5
1857
330
70
100
AcDbEntity
  8
Visible
100
AcDbLine
 10
804.127471
 20
915.300944
 30
0.0
 11
804.045471
 21
915.183944
 31
0.0
  0
LINE
  5
1858
330
70
100
AcDbEntity
  8
Visible
100
AcDbLine
 10
804.203471
 20
915.425944
 30
0.0
 11
804.127471
 21
915.300944
 31
0.0
  0
LINE
  5
1859
330
70
100
AcDbEntity
  8
Visible
100
AcDbLine
 10
804.275471
 20
915.556944
 30
0.0
 11
804.203471
 21
915.425944
 31
0.0
  0
LINE
  5
185A
330
70
100
AcDbEntity
  8
Visible
100
AcDbLine
 10
804.341471
 20
915.694944
 30
0.0
 11
804.275471
 21
915.556944
 31
0.0
  0
LINE
  5
185B
330
70
100
AcDbEntity
  8
Visible
100
AcDbLine
 10
804.399471
 20
915.837944
 30
0.0
 11
804.341471
 21
915.694944
 31
0.0
  0
LINE
  5
185C
330
70
100
AcDbEntity
  8
Visible
100
AcDbLine
 10
804.451471
 20
915.987944
 30
0.0
 11
804.399471
 21
915.837944
 31
0.0
  0
LINE
  5
185D
330
70
100
AcDbEntity
  8
Visible
100
AcDbLine
 10
804.496471
 20
916.144944
 30
0.0
 11
804.451471
 21
915.987944
 31
0.0
  0
LINE
  5
185E
330
70
100
AcDbEntity
  8
Visible
100
AcDbLine
 10
804.534471
 20
916.306944
 30
0.0
 11
804.496471
 21
916.144944
 31
0.0
  0
LINE
  5
185F
330
70
100
AcDbEntity
  8
Visible
100
AcDbLine
 10
804.565471
 20
916.475944
 30
0.0
 11
804.534471
 21
916.306944
 31
0.0
  0
LINE
  5
1860
330
70
100
AcDbEntity
  8
Visible
100
AcDbLine
 10
804.589471
 20
916.650944
 30
0.0
 11
804.565471
 21
916.475944
 31
0.0
  0
LINE
  5
1861
330
70
100
AcDbEntity
  8
Visible
100
AcDbLine
 10
804.606471
 20
916.831944
 30
0.0
 11
804.589471
 21
916.650944
 31
0.0
  0
LINE
  5
1862
330
70
100
AcDbEntity
  8
Visible
100
AcDbLine
 10
804.617471
 20
917.018944
 30
0.0
 11
804.606471
 21
916.831944
 31
0.0
  0
LINE
  5
1863
330
70
100
AcDbEntity
  8
Visible
100
AcDbLine
 10
804.620471
 20
917.212944
 30
0.0
 11
804.617471
 21
917.018944
 31
0.0
  0
LINE
  5
1864
330
70
100
AcDbEntity
  8
Visible
100
AcDbLine
 10
804.617471
 20
917.407944
 30
0.0
 11
804.620471
 21
917.212944
 31
0.0
  0
LINE
  5
1865
330
70
100
AcDbEntity
  8
Visible
100
AcDbLine
 10
804.606471
 20
917.595944
 30
0.0
 11
804.617471
 21
917.407944
 31
0.0
  0
LINE
  5
1866
330
70
100
AcDbEntity
  8
Visible
100
AcDbLine
 10
804.589471
 20
917.777944
 30
0.0
 11
804.606471
 21
917.595944
 31
0.0
  0
LINE
  5
1867
330
70
100
AcDbEntity
  8
Visible
100
AcDbLine
 10
804.565471
 20
917.953944
 30
0.0
 11
804.589471
 21
917.777944
 31
0.0
  0
LINE
  5
1868
330
70
100
AcDbEntity
  8
Visible
100
AcDbLine
 10
804.534471
 20
918.122944
 30
0.0
 11
804.565471
 21
917.953944
 31
0.0
  0
LINE
  5
1869
330
70
100
AcDbEntity
  8
Visible
100
AcDbLine
 10
804.496471
 20
918.284944
 30
0.0
 11
804.534471
 21
918.122944
 31
0.0
  0
LINE
  5
186A
330
70
100
AcDbEntity
  8
Visible
100
AcDbLine
 10
804.451471
 20
918.441944
 30
0.0
 11
804.496471
 21
918.284944
 31
0.0
  0
LINE
  5
186B
330
70
100
AcDbEntity
  8
Visible
100
AcDbLine
 10
804.399471
 20
918.591944
 30
0.0
 11
804.451471
 21
918.441944
 31
0.0
  0
LINE
  5
186C
330
70
100
AcDbEntity
  8
Visible
100
AcDbLine
 10
804.341471
 20
918.734944
 30
0.0
 11
804.399471
 21
918.591944
 31
0.0
  0
LINE
  5
186D
330
70
100
AcDbEntity
  8
Visible
100
AcDbLine
 10
804.275471
 20
918.871944
 30
0.0
 11
804.341471
 21
918.734944
 31
0.0
  0
LINE
  5
186E
330
70
100
AcDbEntity
  8
Visible
100
AcDbLine
 10
804.203471
 20
919.002944
 30
0.0
 11
804.275471
 21
918.871944
 31
0.0
  0
LINE
  5
186F
330
70
100
AcDbEntity
  8
Visible
100
AcDbLine
 10
804.127471
 20
919.126944
 30
0.0
 11
804.203471
 21
919.002944
 31
0.0
  0
LINE
  5
1870
330
70
100
AcDbEntity
  8
Visible
100
AcDbLine
 10
804.045471
 20
919.243944
 30
0.0
 11
804.127471
 21
919.126944
 31
0.0
  0
LINE
  5
1871
330
70
100
AcDbEntity
  8
Visible
100
AcDbLine
 10
803.958471
 20
919.354944
 30
0.0
 11
804.045471
 21
919.243944
 31
0.0
  0
LINE
  5
1872
330
70
100
AcDbEntity
  8
Visible
100
AcDbLine
 10
803.866471
 20
919.458944
 30
0.0
 11
803.958471
 21
919.354944
 31
0.0
  0
LINE
  5
1873
330
70
100
AcDbEntity
  8
Visible
100
AcDbLine
 10
803.768471
 20
919.556944
 30
0.0
 11
803.866471
 21
919.458944
 31
0.0
  0
LINE
  5
1874
330
70
100
AcDbEntity
  8
Visible
100
AcDbLine
 10
803.666471
 20
919.647944
 30
0.0
 11
803.768471
 21
919.556944
 31
0.0
  0
LINE
  5
1875
330
70
100
AcDbEntity
  8
Visible
100
AcDbLine
 10
803.558471
 20
919.732944
 30
0.0
 11
803.666471
 21
919.647944
 31
0.0
  0
LINE
  5
1876
330
70
100
AcDbEntity
  8
Visible
100
AcDbLine
 10
803.445471
 20
919.810944
 30
0.0
 11
803.558471
 21
919.732944
 31
0.0
  0
LINE
  5
1877
330
70
100
AcDbEntity
  8
Visible
100
AcDbLine
 10
803.327471
 20
919.882944
 30
0.0
 11
803.445471
 21
919.810944
 31
0.0
  0
LINE
  5
1878
330
70
100
AcDbEntity
  8
Visible
100
AcDbLine
 10
803.205471
 20
919.947944
 30
0.0
 11
803.327471
 21
919.882944
 31
0.0
  0
LINE
  5
1879
330
70
100
AcDbEntity
  8
Visible
100
AcDbLine
 10
803.079471
 20
920.005944
 30
0.0
 11
803.205471
 21
919.947944
 31
0.0
  0
LINE
  5
187A
330
70
100
AcDbEntity
  8
Visible
100
AcDbLine
 10
802.950471
 20
920.056944
 30
0.0
 11
803.079471
 21
920.005944
 31
0.0
  0
LINE
  5
187B
330
70
100
AcDbEntity
  8
Visible
100
AcDbLine
 10
802.818471
 20
920.101944
 30
0.0
 11
802.950471
 21
920.056944
 31
0.0
  0
LINE
  5
187C
330
70
100
AcDbEntity
  8
Visible
100
AcDbLine
 10
802.683471
 20
920.139944
 30
0.0
 11
802.818471
 21
920.101944
 31
0.0
  0
LINE
  5
187D
330
70
100
AcDbEntity
  8
Visible
100
AcDbLine
 10
802.544471
 20
920.169944
 30
0.0
 11
802.683471
 21
920.139944
 31
0.0
  0
LINE
  5
187E
330
70
100
AcDbEntity
  8
Visible
100
AcDbLine
 10
802.402471
 20
920.193944
 30
0.0
 11
802.544471
 21
920.169944
 31
0.0
  0
LINE
  5
187F
330
70
100
AcDbEntity
  8
Visible
100
AcDbLine
 10
802.257471
 20
920.210944
 30
0.0
 11
802.402471
 21
920.193944
 31
0.0
  0
LINE
  5
1880
330
70
100
AcDbEntity
  8
Visible
100
AcDbLine
 10
802.108471
 20
920.221944
 30
0.0
 11
802.257471
 21
920.210944
 31
0.0
  0
LINE
  5
1881
330
70
100
AcDbEntity
  8
Visible
100
AcDbLine
 10
801.956471
 20
920.224944
 30
0.0
 11
802.108471
 21
920.221944
 31
0.0
  0
LINE
  5
1882
330
70
100
AcDbEntity
  8
Visible
100
AcDbLine
 10
801.803471
 20
920.221944
 30
0.0
 11
801.956471
 21
920.224944
 31
0.0
  0
LINE
  5
1883
330
70
100
AcDbEntity
  8
Visible
100
AcDbLine
 10
801.653471
 20
920.210944
 30
0.0
 11
801.803471
 21
920.221944
 31
0.0
  0
LINE
  5
1884
330
70
100
AcDbEntity
  8
Visible
100
AcDbLine
 10
801.507471
 20
920.193944
 30
0.0
 11
801.653471
 21
920.210944
 31
0.0
  0
LINE
  5
1885
330
70
100
AcDbEntity
  8
Visible
100
AcDbLine
 10
801.364471
 20
920.169944
 30
0.0
 11
801.507471
 21
920.193944
 31
0.0
  0
LINE
  5
1886
330
70
100
AcDbEntity
  8
Visible
100
AcDbLine
 10
801.225471
 20
920.139944
 30
0.0
 11
801.364471
 21
920.169944
 31
0.0
  0
LINE
  5
1887
330
70
100
AcDbEntity
  8
Visible
100
AcDbLine
 10
801.089471
 20
920.101944
 30
0.0
 11
801.225471
 21
920.139944
 31
0.0
  0
LINE
  5
1888
330
70
100
AcDbEntity
  8
Visible
100
AcDbLine
 10
800.956471
 20
920.056944
 30
0.0
 11
801.089471
 21
920.101944
 31
0.0
  0
LINE
  5
1889
330
70
100
AcDbEntity
  8
Visible
100
AcDbLine
 10
800.827471
 20
920.005944
 30
0.0
 11
800.956471
 21
920.056944
 31
0.0
  0
LINE
  5
188A
330
70
100
AcDbEntity
  8
Visible
100
AcDbLine
 10
800.701471
 20
919.947944
 30
0.0
 11
800.827471
 21
920.005944
 31
0.0
  0
LINE
  5
188B
330
70
100
AcDbEntity
  8
Visible
100
AcDbLine
 10
800.579471
 20
919.882944
 30
0.0
 11
800.701471
 21
919.947944
 31
0.0
  0
LINE
  5
188C
330
70
100
AcDbEntity
  8
Visible
100
AcDbLine
 10
800.461471
 20
919.810944
 30
0.0
 11
800.579471
 21
919.882944
 31
0.0
  0
LINE
  5
188D
330
70
100
AcDbEntity
  8
Visible
100
AcDbLine
 10
800.348471
 20
919.732944
 30
0.0
 11
800.461471
 21
919.810944
 31
0.0
  0
LINE
  5
188E
330
70
100
AcDbEntity
  8
Visible
100
AcDbLine
 10
800.240471
 20
919.647944
 30
0.0
 11
800.348471
 21
919.732944
 31
0.0
  0
LINE
  5
188F
330
70
100
AcDbEntity
  8
Visible
100
AcDbLine
 10
800.137471
 20
919.556944
 30
0.0
 11
800.240471
 21
919.647944
 31
0.0
  0
LINE
  5
1890
330
70
100
AcDbEntity
  8
Visible
100
AcDbLine
 10
800.040471
 20
919.458944
 30
0.0
 11
800.137471
 21
919.556944
 31
0.0
  0
LINE
  5
1891
330
70
100
AcDbEntity
  8
Visible
100
AcDbLine
 10
799.947471
 20
919.354944
 30
0.0
 11
800.040471
 21
919.458944
 31
0.0
  0
LINE
  5
1892
330
70
100
AcDbEntity
  8
Visible
100
AcDbLine
 10
799.860471
 20
919.243944
 30
0.0
 11
799.947471
 21
919.354944
 31
0.0
  0
LINE
  5
1893
330
70
100
AcDbEntity
  8
Visible
100
AcDbLine
 10
799.777471
 20
919.126944
 30
0.0
 11
799.860471
 21
919.243944
 31
0.0
  0
LINE
  5
1894
330
70
100
AcDbEntity
  8
Visible
100
AcDbLine
 10
799.700471
 20
919.002944
 30
0.0
 11
799.777471
 21
919.126944
 31
0.0
  0
LINE
  5
1895
330
70
100
AcDbEntity
  8
Visible
100
AcDbLine
 10
799.628471
 20
918.871944
 30
0.0
 11
799.700471
 21
919.002944
 31
0.0
  0
LINE
  5
1896
330
70
100
AcDbEntity
  8
Visible
100
AcDbLine
 10
799.562471
 20
918.734944
 30
0.0
 11
799.628471
 21
918.871944
 31
0.0
  0
LINE
  5
1897
330
70
100
AcDbEntity
  8
Visible
100
AcDbLine
 10
799.503471
 20
918.591944
 30
0.0
 11
799.562471
 21
918.734944
 31
0.0
  0
LINE
  5
1898
330
70
100
AcDbEntity
  8
Visible
100
AcDbLine
 10
799.451471
 20
918.441944
 30
0.0
 11
799.503471
 21
918.591944
 31
0.0
  0
LINE
  5
1899
330
70
100
AcDbEntity
  8
Visible
100
AcDbLine
 10
799.405471
 20
918.284944
 30
0.0
 11
799.451471
 21
918.441944
 31
0.0
  0
LINE
  5
189A
330
70
100
AcDbEntity
  8
Visible
100
AcDbLine
 10
799.367471
 20
918.122944
 30
0.0
 11
799.405471
 21
918.284944
 31
0.0
  0
LINE
  5
189B
330
70
100
AcDbEntity
  8
Visible
100
AcDbLine
 10
799.336471
 20
917.953944
 30
0.0
 11
799.367471
 21
918.122944
 31
0.0
  0
LINE
  5
189C
330
70
100
AcDbEntity
  8
Visible
100
AcDbLine
 10
799.311471
 20
917.777944
 30
0.0
 11
799.336471
 21
917.953944
 31
0.0
  0
LINE
  5
189D
330
70
100
AcDbEntity
  8
Visible
100
AcDbLine
 10
799.294471
 20
917.595944
 30
0.0
 11
799.311471
 21
917.777944
 31
0.0
  0
LINE
  5
189E
330
70
100
AcDbEntity
  8
Visible
100
AcDbLine
 10
799.283471
 20
917.407944
 30
0.0
 11
799.294471
 21
917.595944
 31
0.0
  0
LINE
  5
189F
330
70
100
AcDbEntity
  8
Visible
100
AcDbLine
 10
799.280471
 20
917.212944
 30
0.0
 11
799.283471
 21
917.407944
 31
0.0
  0
LINE
  5
18A0
330
70
100
AcDbEntity
  8
Visible
100
AcDbLine
 10
799.283471
 20
917.018944
 30
0.0
 11
799.280471
 21
917.212944
 31
0.0
  0
LINE
  5
18A1
330
70
100
AcDbEntity
  8
Visible
100
AcDbLine
 10
799.294471
 20
916.831944
 30
0.0
 11
799.283471
 21
917.018944
 31
0.0
  0
LINE
  5
18A2
330
70
100
AcDbEntity
  8
Visible
100
AcDbLine
 10
799.311471
 20
916.650944
 30
0.0
 11
799.294471
 21
916.831944
 31
0.0
  0
LINE
  5
18A3
330
70
100
AcDbEntity
  8
Visible
100
AcDbLine
 10
799.336471
 20
916.475944
 30
0.0
 11
799.311471
 21
916.650944
 31
0.0
  0
LINE
  5
18A4
330
70
100
AcDbEntity
  8
Visible
100
AcDbLine
 10
799.367471
 20
916.306944
 30
0.0
 11
799.336471
 21
916.475944
 31
0.0
  0
LINE
  5
18A5
330
70
100
AcDbEntity
  8
Visible
100
AcDbLine
 10
799.405471
 20
916.144944
 30
0.0
 11
799.367471
 21
916.306944
 31
0.0
  0
LINE
  5
18A6
330
70
100
AcDbEntity
  8
Visible
100
AcDbLine
 10
799.451471
 20
915.987944
 30
0.0
 11
799.405471
 21
916.144944
 31
0.0
  0
LINE
  5
18A7
330
70
100
AcDbEntity
  8
Visible
100
AcDbLine
 10
799.503471
 20
915.837944
 30
0.0
 11
799.451471
 21
915.987944
 31
0.0
  0
LINE
  5
18A8
330
70
100
AcDbEntity
  8
Visible
100
AcDbLine
 10
799.562471
 20
915.694944
 30
0.0
 11
799.503471
 21
915.837944
 31
0.0
  0
LINE
  5
18A9
330
70
100
AcDbEntity
  8
Visible
100
AcDbLine
 10
799.628471
 20
915.556944
 30
0.0
 11
799.562471
 21
915.694944
 31
0.0
  0
LINE
  5
18AA
330
70
100
AcDbEntity
  8
Visible
100
AcDbLine
 10
799.700471
 20
915.425944
 30
0.0
 11
799.628471
 21
915.556944
 31
0.0
  0
LINE
  5
18AB
330
70
100
AcDbEntity
  8
Visible
100
AcDbLine
 10
799.777471
 20
915.300944
 30
0.0
 11
799.700471
 21
915.425944
 31
0.0
  0
LINE
  5
18AC
330
70
100
AcDbEntity
  8
Visible
100
AcDbLine
 10
799.860471
 20
915.183944
 30
0.0
 11
799.777471
 21
915.300944
 31
0.0
  0
LINE
  5
18AD
330
70
100
AcDbEntity
  8
Visible
100
AcDbLine
 10
799.947471
 20
915.071944
 30
0.0
 11
799.860471
 21
915.183944
 31
0.0
  0
LINE
  5
18AE
330
70
100
AcDbEntity
  8
Visible
100
AcDbLine
 10
800.040471
 20
914.967944
 30
0.0
 11
799.947471
 21
915.071944
 31
0.0
  0
LINE
  5
18AF
330
70
100
AcDbEntity
  8
Visible
100
AcDbLine
 10
800.137471
 20
914.868944
 30
0.0
 11
800.040471
 21
914.967944
 31
0.0
  0
LINE
  5
18B0
330
70
100
AcDbEntity
  8
Visible
100
AcDbLine
 10
800.240471
 20
914.777944
 30
0.0
 11
800.137471
 21
914.868944
 31
0.0
  0
LINE
  5
18B1
330
70
100
AcDbEntity
  8
Visible
100
AcDbLine
 10
800.348471
 20
914.692944
 30
0.0
 11
800.240471
 21
914.777944
 31
0.0
  0
LINE
  5
18B2
330
70
100
AcDbEntity
  8
Visible
100
AcDbLine
 10
800.461471
 20
914.614944
 30
0.0
 11
800.348471
 21
914.692944
 31
0.0
  0
LINE
  5
18B3
330
70
100
AcDbEntity
  8
Visible
100
AcDbLine
 10
800.579471
 20
914.542944
 30
0.0
 11
800.461471
 21
914.614944
 31
0.0
  0
LINE
  5
18B4
330
70
100
AcDbEntity
  8
Visible
100
AcDbLine
 10
800.701471
 20
914.477944
 30
0.0
 11
800.579471
 21
914.542944
 31
0.0
  0
LINE
  5
18B5
330
70
100
AcDbEntity
  8
Visible
100
AcDbLine
 10
800.827471
 20
914.419944
 30
0.0
 11
800.701471
 21
914.477944
 31
0.0
  0
LINE
  5
18B6
330
70
100
AcDbEntity
  8
Visible
100
AcDbLine
 10
800.956471
 20
914.368944
 30
0.0
 11
800.827471
 21
914.419944
 31
0.0
  0
LINE
  5
18B7
330
70
100
AcDbEntity
  8
Visible
100
AcDbLine
 10
801.089471
 20
914.323944
 30
0.0
 11
800.956471
 21
914.368944
 31
0.0
  0
LINE
  5
18B8
330
70
100
AcDbEntity
  8
Visible
100
AcDbLine
 10
801.225471
 20
914.285944
 30
0.0
 11
801.089471
 21
914.323944
 31
0.0
  0
LINE
  5
18B9
330
70
100
AcDbEntity
  8
Visible
100
AcDbLine
 10
801.364471
 20
914.255944
 30
0.0
 11
801.225471
 21
914.285944
 31
0.0
  0
LINE
  5
18BA
330
70
100
AcDbEntity
  8
Visible
100
AcDbLine
 10
801.507471
 20
914.231944
 30
0.0
 11
801.364471
 21
914.255944
 31
0.0
  0
LINE
  5
18BB
330
70
100
AcDbEntity
  8
Visible
100
AcDbLine
 10
801.653471
 20
914.214944
 30
0.0
 11
801.507471
 21
914.231944
 31
0.0
  0
LINE
  5
18BC
330
70
100
AcDbEntity
  8
Visible
100
AcDbLine
 10
801.803471
 20
914.203944
 30
0.0
 11
801.653471
 21
914.214944
 31
0.0
  0
LINE
  5
18BD
330
70
100
AcDbEntity
  8
Visible
100
AcDbLine
 10
801.956471
 20
914.200944
 30
0.0
 11
801.803471
 21
914.203944
 31
0.0
  0
LINE
  5
18BE
330
70
100
AcDbEntity
  8
Visible
100
AcDbLine
 10
802.108471
 20
914.203944
 30
0.0
 11
801.956471
 21
914.200944
 31
0.0
  0
LINE
  5
18BF
330
70
100
AcDbEntity
  8
Visible
100
AcDbLine
 10
806.558471
 20
920.080944
 30
0.0
 11
806.558471
 21
921.676944
 31
0.0
  0
LINE
  5
18C0
330
70
100
AcDbEntity
  8
Visible
100
AcDbLine
 10
805.634471
 20
920.080944
 30
0.0
 11
806.558471
 21
920.080944
 31
0.0
  0
LINE
  5
18C1
330
70
100
AcDbEntity
  8
Visible
100
AcDbLine
 10
805.634471
 20
919.432944
 30
0.0
 11
805.634471
 21
920.080944
 31
0.0
  0
LINE
  5
18C2
330
70
100
AcDbEntity
  8
Visible
100
AcDbLine
 10
806.558471
 20
919.432944
 30
0.0
 11
805.634471
 21
919.432944
 31
0.0
  0
LINE
  5
18C3
330
70
100
AcDbEntity
  8
Visible
100
AcDbLine
 10
806.558471
 20
915.820944
 30
0.0
 11
806.558471
 21
919.432944
 31
0.0
  0
LINE
  5
18C4
330
70
100
AcDbEntity
  8
Visible
100
AcDbLine
 10
806.560471
 20
915.714944
 30
0.0
 11
806.558471
 21
915.820944
 31
0.0
  0
LINE
  5
18C5
330
70
100
AcDbEntity
  8
Visible
100
AcDbLine
 10
806.567471
 20
915.611944
 30
0.0
 11
806.560471
 21
915.714944
 31
0.0
  0
LINE
  5
18C6
330
70
100
AcDbEntity
  8
Visible
100
AcDbLine
 10
806.577471
 20
915.512944
 30
0.0
 11
806.567471
 21
915.611944
 31
0.0
  0
LINE
  5
18C7
330
70
100
AcDbEntity
  8
Visible
100
AcDbLine
 10
806.593471
 20
915.417944
 30
0.0
 11
806.577471
 21
915.512944
 31
0.0
  0
LINE
  5
18C8
330
70
100
AcDbEntity
  8
Visible
100
AcDbLine
 10
806.612471
 20
915.325944
 30
0.0
 11
806.593471
 21
915.417944
 31
0.0
  0
LINE
  5
18C9
330
70
100
AcDbEntity
  8
Visible
100
AcDbLine
 10
806.636471
 20
915.237944
 30
0.0
 11
806.612471
 21
915.325944
 31
0.0
  0
LINE
  5
18CA
330
70
100
AcDbEntity
  8
Visible
100
AcDbLine
 10
806.664471
 20
915.152944
 30
0.0
 11
806.636471
 21
915.237944
 31
0.0
  0
LINE
  5
18CB
330
70
100
AcDbEntity
  8
Visible
100
AcDbLine
 10
806.696471
 20
915.071944
 30
0.0
 11
806.664471
 21
915.152944
 31
0.0
  0
LINE
  5
18CC
330
70
100
AcDbEntity
  8
Visible
100
AcDbLine
 10
806.733471
 20
914.994944
 30
0.0
 11
806.696471
 21
915.071944
 31
0.0
  0
LINE
  5
18CD
330
70
100
AcDbEntity
  8
Visible
100
AcDbLine
 10
806.774471
 20
914.920944
 30
0.0
 11
806.733471
 21
914.994944
 31
0.0
  0
LINE
  5
18CE
330
70
100
AcDbEntity
  8
Visible
100
AcDbLine
 10
806.819471
 20
914.850944
 30
0.0
 11
806.774471
 21
914.920944
 31
0.0
  0
LINE
  5
18CF
330
70
100
AcDbEntity
  8
Visible
100
AcDbLine
 10
806.867471
 20
914.783944
 30
0.0
 11
806.819471
 21
914.850944
 31
0.0
  0
LINE
  5
18D0
330
70
100
AcDbEntity
  8
Visible
100
AcDbLine
 10
806.918471
 20
914.720944
 30
0.0
 11
806.867471
 21
914.783944
 31
0.0
  0
LINE
  5
18D1
330
70
100
AcDbEntity
  8
Visible
100
AcDbLine
 10
806.972471
 20
914.661944
 30
0.0
 11
806.918471
 21
914.720944
 31
0.0
  0
LINE
  5
18D2
330
70
100
AcDbEntity
  8
Visible
100
AcDbLine
 10
807.029471
 20
914.605944
 30
0.0
 11
806.972471
 21
914.661944
 31
0.0
  0
LINE
  5
18D3
330
70
100
AcDbEntity
  8
Visible
100
AcDbLine
 10
807.089471
 20
914.553944
 30
0.0
 11
807.029471
 21
914.605944
 31
0.0
  0
LINE
  5
18D4
330
70
100
AcDbEntity
  8
Visible
100
AcDbLine
 10
807.153471
 20
914.504944
 30
0.0
 11
807.089471
 21
914.553944
 31
0.0
  0
LINE
  5
18D5
330
70
100
AcDbEntity
  8
Visible
100
AcDbLine
 10
807.219471
 20
914.459944
 30
0.0
 11
807.153471
 21
914.504944
 31
0.0
  0
LINE
  5
18D6
330
70
100
AcDbEntity
  8
Visible
100
AcDbLine
 10
807.289471
 20
914.418944
 30
0.0
 11
807.219471
 21
914.459944
 31
0.0
  0
LINE
  5
18D7
330
70
100
AcDbEntity
  8
Visible
100
AcDbLine
 10
807.362471
 20
914.380944
 30
0.0
 11
807.289471
 21
914.418944
 31
0.0
  0
LINE
  5
18D8
330
70
100
AcDbEntity
  8
Visible
100
AcDbLine
 10
807.437471
 20
914.346944
 30
0.0
 11
807.362471
 21
914.380944
 31
0.0
  0
LINE
  5
18D9
330
70
100
AcDbEntity
  8
Visible
100
AcDbLine
 10
807.515471
 20
914.315944
 30
0.0
 11
807.437471
 21
914.346944
 31
0.0
  0
LINE
  5
18DA
330
70
100
AcDbEntity
  8
Visible
100
AcDbLine
 10
807.594471
 20
914.288944
 30
0.0
 11
807.515471
 21
914.315944
 31
0.0
  0
LINE
  5
18DB
330
70
100
AcDbEntity
  8
Visible
100
AcDbLine
 10
807.675471
 20
914.265944
 30
0.0
 11
807.594471
 21
914.288944
 31
0.0
  0
LINE
  5
18DC
330
70
100
AcDbEntity
  8
Visible
100
AcDbLine
 10
807.758471
 20
914.245944
 30
0.0
 11
807.675471
 21
914.265944
 31
0.0
  0
LINE
  5
18DD
330
70
100
AcDbEntity
  8
Visible
100
AcDbLine
 10
807.843471
 20
914.229944
 30
0.0
 11
807.758471
 21
914.245944
 31
0.0
  0
LINE
  5
18DE
330
70
100
AcDbEntity
  8
Visible
100
AcDbLine
 10
807.930471
 20
914.216944
 30
0.0
 11
807.843471
 21
914.229944
 31
0.0
  0
LINE
  5
18DF
330
70
100
AcDbEntity
  8
Visible
100
AcDbLine
 10
808.019471
 20
914.207944
 30
0.0
 11
807.930471
 21
914.216944
 31
0.0
  0
LINE
  5
18E0
330
70
100
AcDbEntity
  8
Visible
100
AcDbLine
 10
808.109471
 20
914.202944
 30
0.0
 11
808.019471
 21
914.207944
 31
0.0
  0
LINE
  5
18E1
330
70
100
AcDbEntity
  8
Visible
100
AcDbLine
 10
808.202471
 20
914.200944
 30
0.0
 11
808.109471
 21
914.202944
 31
0.0
  0
LINE
  5
18E2
330
70
100
AcDbEntity
  8
Visible
100
AcDbLine
 10
808.267471
 20
914.201944
 30
0.0
 11
808.202471
 21
914.200944
 31
0.0
  0
LINE
  5
18E3
330
70
100
AcDbEntity
  8
Visible
100
AcDbLine
 10
808.331471
 20
914.203944
 30
0.0
 11
808.267471
 21
914.201944
 31
0.0
  0
LINE
  5
18E4
330
70
100
AcDbEntity
  8
Visible
100
AcDbLine
 10
808.395471
 20
914.208944
 30
0.0
 11
808.331471
 21
914.203944
 31
0.0
  0
LINE
  5
18E5
330
70
100
AcDbEntity
  8
Visible
100
AcDbLine
 10
808.458471
 20
914.213944
 30
0.0
 11
808.395471
 21
914.208944
 31
0.0
  0
LINE
  5
18E6
330
70
100
AcDbEntity
  8
Visible
100
AcDbLine
 10
808.521471
 20
914.221944
 30
0.0
 11
808.458471
 21
914.213944
 31
0.0
  0
LINE
  5
18E7
330
70
100
AcDbEntity
  8
Visible
100
AcDbLine
 10
808.583471
 20
914.230944
 30
0.0
 11
808.521471
 21
914.221944
 31
0.0
  0
LINE
  5
18E8
330
70
100
AcDbEntity
  8
Visible
100
AcDbLine
 10
808.645471
 20
914.241944
 30
0.0
 11
808.583471
 21
914.230944
 31
0.0
  0
LINE
  5
18E9
330
70
100
AcDbEntity
  8
Visible
100
AcDbLine
 10
808.707471
 20
914.254944
 30
0.0
 11
808.645471
 21
914.241944
 31
0.0
  0
LINE
  5
18EA
330
70
100
AcDbEntity
  8
Visible
100
AcDbLine
 10
808.768471
 20
914.268944
 30
0.0
 11
808.707471
 21
914.254944
 31
0.0
  0
LINE
  5
18EB
330
70
100
AcDbEntity
  8
Visible
100
AcDbLine
 10
808.829471
 20
914.284944
 30
0.0
 11
808.768471
 21
914.268944
 31
0.0
  0
LINE
  5
18EC
330
70
100
AcDbEntity
  8
Visible
100
AcDbLine
 10
808.890471
 20
914.301944
 30
0.0
 11
808.829471
 21
914.284944
 31
0.0
  0
LINE
  5
18ED
330
70
100
AcDbEntity
  8
Visible
100
AcDbLine
 10
808.950471
 20
914.320944
 30
0.0
 11
808.890471
 21
914.301944
 31
0.0
  0
LINE
  5
18EE
330
70
100
AcDbEntity
  8
Visible
100
AcDbLine
 10
809.011471
 20
914.339944
 30
0.0
 11
808.950471
 21
914.320944
 31
0.0
  0
LINE
  5
18EF
330
70
100
AcDbEntity
  8
Visible
100
AcDbLine
 10
809.072471
 20
914.359944
 30
0.0
 11
809.011471
 21
914.339944
 31
0.0
  0
LINE
  5
18F0
330
70
100
AcDbEntity
  8
Visible
100
AcDbLine
 10
809.133471
 20
914.380944
 30
0.0
 11
809.072471
 21
914.359944
 31
0.0
  0
LINE
  5
18F1
330
70
100
AcDbEntity
  8
Visible
100
AcDbLine
 10
809.194471
 20
914.402944
 30
0.0
 11
809.133471
 21
914.380944
 31
0.0
  0
LINE
  5
18F2
330
70
100
AcDbEntity
  8
Visible
100
AcDbLine
 10
809.255471
 20
914.425944
 30
0.0
 11
809.194471
 21
914.402944
 31
0.0
  0
LINE
  5
18F3
330
70
100
AcDbEntity
  8
Visible
100
AcDbLine
 10
809.316471
 20
914.449944
 30
0.0
 11
809.255471
 21
914.425944
 31
0.0
  0
LINE
  5
18F4
330
70
100
AcDbEntity
  8
Visible
100
AcDbLine
 10
809.377471
 20
914.474944
 30
0.0
 11
809.316471
 21
914.449944
 31
0.0
  0
LINE
  5
18F5
330
70
100
AcDbEntity
  8
Visible
100
AcDbLine
 10
809.438471
 20
914.500944
 30
0.0
 11
809.377471
 21
914.474944
 31
0.0
  0
LINE
  5
18F6
330
70
100
AcDbEntity
  8
Visible
100
AcDbLine
 10
809.306471
 20
915.172944
 30
0.0
 11
809.438471
 21
914.500944
 31
0.0
  0
LINE
  5
18F7
330
70
100
AcDbEntity
  8
Visible
100
AcDbLine
 10
809.249471
 20
915.151944
 30
0.0
 11
809.306471
 21
915.172944
 31
0.0
  0
LINE
  5
18F8
330
70
100
AcDbEntity
  8
Visible
100
AcDbLine
 10
809.193471
 20
915.131944
 30
0.0
 11
809.249471
 21
915.151944
 31
0.0
  0
LINE
  5
18F9
330
70
100
AcDbEntity
  8
Visible
100
AcDbLine
 10
809.138471
 20
915.112944
 30
0.0
 11
809.193471
 21
915.131944
 31
0.0
  0
LINE
  5
18FA
330
70
100
AcDbEntity
  8
Visible
100
AcDbLine
 10
809.085471
 20
915.094944
 30
0.0
 11
809.138471
 21
915.112944
 31
0.0
  0
LINE
  5
18FB
330
70
100
AcDbEntity
  8
Visible
100
AcDbLine
 10
809.032471
 20
915.078944
 30
0.0
 11
809.085471
 21
915.094944
 31
0.0
  0
LINE
  5
18FC
330
70
100
AcDbEntity
  8
Visible
100
AcDbLine
 10
808.981471
 20
915.062944
 30
0.0
 11
809.032471
 21
915.078944
 31
0.0
  0
LINE
  5
18FD
330
70
100
AcDbEntity
  8
Visible
100
AcDbLine
 10
808.931471
 20
915.047944
 30
0.0
 11
808.981471
 21
915.062944
 31
0.0
  0
LINE
  5
18FE
330
70
100
AcDbEntity
  8
Visible
100
AcDbLine
 10
808.882471
 20
915.034944
 30
0.0
 11
808.931471
 21
915.047944
 31
0.0
  0
LINE
  5
18FF
330
70
100
AcDbEntity
  8
Visible
100
AcDbLine
 10
808.834471
 20
915.021944
 30
0.0
 11
808.882471
 21
915.034944
 31
0.0
  0
LINE
  5
1900
330
70
100
AcDbEntity
  8
Visible
100
AcDbLine
 10
808.787471
 20
915.010944
 30
0.0
 11
808.834471
 21
915.021944
 31
0.0
  0
LINE
  5
1901
330
70
100
AcDbEntity
  8
Visible
100
AcDbLine
 10
808.741471
 20
915.000944
 30
0.0
 11
808.787471
 21
915.010944
 31
0.0
  0
LINE
  5
1902
330
70
100
AcDbEntity
  8
Visible
100
AcDbLine
 10
808.647471
 20
914.982944
 30
0.0
 11
808.741471
 21
915.000944
 31
0.0
  0
LINE
  5
1903
330
70
100
AcDbEntity
  8
Visible
100
AcDbLine
 10
808.600471
 20
914.975944
 30
0.0
 11
808.647471
 21
914.982944
 31
0.0
  0
LINE
  5
1904
330
70
100
AcDbEntity
  8
Visible
100
AcDbLine
 10
808.552471
 20
914.969944
 30
0.0
 11
808.600471
 21
914.975944
 31
0.0
  0
LINE
  5
1905
330
70
100
AcDbEntity
  8
Visible
100
AcDbLine
 10
808.456471
 20
914.961944
 30
0.0
 11
808.552471
 21
914.969944
 31
0.0
  0
LINE
  5
1906
330
70
100
AcDbEntity
  8
Visible
100
AcDbLine
 10
808.408471
 20
914.958944
 30
0.0
 11
808.456471
 21
914.961944
 31
0.0
  0
LINE
  5
1907
330
70
100
AcDbEntity
  8
Visible
100
AcDbLine
 10
808.310471
 20
914.956944
 30
0.0
 11
808.408471
 21
914.958944
 31
0.0
  0
LINE
  5
1908
330
70
100
AcDbEntity
  8
Visible
100
AcDbLine
 10
808.153471
 20
914.965944
 30
0.0
 11
808.310471
 21
914.956944
 31
0.0
  0
LINE
  5
1909
330
70
100
AcDbEntity
  8
Visible
100
AcDbLine
 10
808.012471
 20
914.992944
 30
0.0
 11
808.153471
 21
914.965944
 31
0.0
  0
LINE
  5
190A
330
70
100
AcDbEntity
  8
Visible
100
AcDbLine
 10
807.888471
 20
915.036944
 30
0.0
 11
808.012471
 21
914.992944
 31
0.0
  0
LINE
  5
190B
330
70
100
AcDbEntity
  8
Visible
100
AcDbLine
 10
807.780471
 20
915.098944
 30
0.0
 11
807.888471
 21
915.036944
 31
0.0
  0
LINE
  5
190C
330
70
100
AcDbEntity
  8
Visible
100
AcDbLine
 10
807.689471
 20
915.178944
 30
0.0
 11
807.780471
 21
915.098944
 31
0.0
  0
LINE
  5
190D
330
70
100
AcDbEntity
  8
Visible
100
AcDbLine
 10
807.614471
 20
915.276944
 30
0.0
 11
807.689471
 21
915.178944
 31
0.0
  0
LINE
  5
190E
330
70
100
AcDbEntity
  8
Visible
100
AcDbLine
 10
807.557471
 20
915.391944
 30
0.0
 11
807.614471
 21
915.276944
 31
0.0
  0
LINE
  5
190F
330
70
100
AcDbEntity
  8
Visible
100
AcDbLine
 10
807.515471
 20
915.524944
 30
0.0
 11
807.557471
 21
915.391944
 31
0.0
  0
LINE
  5
1910
330
70
100
AcDbEntity
  8
Visible
100
AcDbLine
 10
807.490471
 20
915.675944
 30
0.0
 11
807.515471
 21
915.524944
 31
0.0
  0
LINE
  5
1911
330
70
100
AcDbEntity
  8
Visible
100
AcDbLine
 10
807.482471
 20
915.844944
 30
0.0
 11
807.490471
 21
915.675944
 31
0.0
  0
LINE
  5
1912
330
70
100
AcDbEntity
  8
Visible
100
AcDbLine
 10
807.482471
 20
919.432944
 30
0.0
 11
807.482471
 21
915.844944
 31
0.0
  0
LINE
  5
1913
330
70
100
AcDbEntity
  8
Visible
100
AcDbLine
 10
809.294471
 20
919.432944
 30
0.0
 11
807.482471
 21
919.432944
 31
0.0
  0
LINE
  5
1914
330
70
100
AcDbEntity
  8
Visible
100
AcDbLine
 10
809.294471
 20
920.080944
 30
0.0
 11
809.294471
 21
919.432944
 31
0.0
  0
LINE
  5
1915
330
70
100
AcDbEntity
  8
Visible
100
AcDbLine
 10
807.482471
 20
920.080944
 30
0.0
 11
809.294471
 21
920.080944
 31
0.0
  0
LINE
  5
1916
330
70
100
AcDbEntity
  8
Visible
100
AcDbLine
 10
807.482471
 20
921.676944
 30
0.0
 11
807.482471
 21
920.080944
 31
0.0
  0
LINE
  5
1917
330
70
100
AcDbEntity
  8
Visible
100
AcDbLine
 10
806.558471
 20
921.676944
 30
0.0
 11
807.482471
 21
921.676944
 31
0.0
  0
LINE
  5
1918
330
70
100
AcDbEntity
  8
Visible
100
AcDbLine
 10
811.070471
 20
920.080944
 30
0.0
 11
811.070471
 21
921.676944
 31
0.0
  0
LINE
  5
1919
330
70
100
AcDbEntity
  8
Visible
100
AcDbLine
 10
810.146471
 20
920.080944
 30
0.0
 11
811.070471
 21
920.080944
 31
0.0
  0
LINE
  5
191A
330
70
100
AcDbEntity
  8
Visible
100
AcDbLine
 10
810.146471
 20
919.432944
 30
0.0
 11
810.146471
 21
920.080944
 31
0.0
  0
LINE
  5
191B
330
70
100
AcDbEntity
  8
Visible
100
AcDbLine
 10
811.070471
 20
919.432944
 30
0.0
 11
810.146471
 21
919.432944
 31
0.0
  0
LINE
  5
191C
330
70
100
AcDbEntity
  8
Visible
100
AcDbLine
 10
811.070471
 20
915.820944
 30
0.0
 11
811.070471
 21
919.432944
 31
0.0
  0
LINE
  5
191D
330
70
100
AcDbEntity
  8
Visible
100
AcDbLine
 10
811.072471
 20
915.714944
 30
0.0
 11
811.070471
 21
915.820944
 31
0.0
  0
LINE
  5
191E
330
70
100
AcDbEntity
  8
Visible
100
AcDbLine
 10
811.079471
 20
915.611944
 30
0.0
 11
811.072471
 21
915.714944
 31
0.0
  0
LINE
  5
191F
330
70
100
AcDbEntity
  8
Visible
100
AcDbLine
 10
811.089471
 20
915.512944
 30
0.0
 11
811.079471
 21
915.611944
 31
0.0
  0
LINE
  5
1920
330
70
100
AcDbEntity
  8
Visible
100
AcDbLine
 10
811.105471
 20
915.417944
 30
0.0
 11
811.089471
 21
915.512944
 31
0.0
  0
LINE
  5
1921
330
70
100
AcDbEntity
  8
Visible
100
AcDbLine
 10
811.124471
 20
915.325944
 30
0.0
 11
811.105471
 21
915.417944
 31
0.0
  0
LINE
  5
1922
330
70
100
AcDbEntity
  8
Visible
100
AcDbLine
 10
811.148471
 20
915.237944
 30
0.0
 11
811.124471
 21
915.325944
 31
0.0
  0
LINE
  5
1923
330
70
100
AcDbEntity
  8
Visible
100
AcDbLine
 10
811.176471
 20
915.152944
 30
0.0
 11
811.148471
 21
915.237944
 31
0.0
  0
LINE
  5
1924
330
70
100
AcDbEntity
  8
Visible
100
AcDbLine
 10
811.208471
 20
915.071944
 30
0.0
 11
811.176471
 21
915.152944
 31
0.0
  0
LINE
  5
1925
330
70
100
AcDbEntity
  8
Visible
100
AcDbLine
 10
811.245471
 20
914.994944
 30
0.0
 11
811.208471
 21
915.071944
 31
0.0
  0
LINE
  5
1926
330
70
100
AcDbEntity
  8
Visible
100
AcDbLine
 10
811.286471
 20
914.920944
 30
0.0
 11
811.245471
 21
914.994944
 31
0.0
  0
LINE
  5
1927
330
70
100
AcDbEntity
  8
Visible
100
AcDbLine
 10
811.331471
 20
914.850944
 30
0.0
 11
811.286471
 21
914.920944
 31
0.0
  0
LINE
  5
1928
330
70
100
AcDbEntity
  8
Visible
100
AcDbLine
 10
811.379471
 20
914.783944
 30
0.0
 11
811.331471
 21
914.850944
 31
0.0
  0
LINE
  5
1929
330
70
100
AcDbEntity
  8
Visible
100
AcDbLine
 10
811.430471
 20
914.720944
 30
0.0
 11
811.379471
 21
914.783944
 31
0.0
  0
LINE
  5
192A
330
70
100
AcDbEntity
  8
Visible
100
AcDbLine
 10
811.484471
 20
914.661944
 30
0.0
 11
811.430471
 21
914.720944
 31
0.0
  0
LINE
  5
192B
330
70
100
AcDbEntity
  8
Visible
100
AcDbLine
 10
811.541471
 20
914.605944
 30
0.0
 11
811.484471
 21
914.661944
 31
0.0
  0
LINE
  5
192C
330
70
100
AcDbEntity
  8
Visible
100
AcDbLine
 10
811.601471
 20
914.553944
 30
0.0
 11
811.541471
 21
914.605944
 31
0.0
  0
LINE
  5
192D
330
70
100
AcDbEntity
  8
Visible
100
AcDbLine
 10
811.665471
 20
914.504944
 30
0.0
 11
811.601471
 21
914.553944
 31
0.0
  0
LINE
  5
192E
330
70
100
AcDbEntity
  8
Visible
100
AcDbLine
 10
811.731471
 20
914.459944
 30
0.0
 11
811.665471
 21
914.504944
 31
0.0
  0
LINE
  5
192F
330
70
100
AcDbEntity
  8
Visible
100
AcDbLine
 10
811.801471
 20
914.418944
 30
0.0
 11
811.731471
 21
914.459944
 31
0.0
  0
LINE
  5
1930
330
70
100
AcDbEntity
  8
Visible
100
AcDbLine
 10
811.874471
 20
914.380944
 30
0.0
 11
811.801471
 21
914.418944
 31
0.0
  0
LINE
  5
1931
330
70
100
AcDbEntity
  8
Visible
100
AcDbLine
 10
811.949471
 20
914.346944
 30
0.0
 11
811.874471
 21
914.380944
 31
0.0
  0
LINE
  5
1932
330
70
100
AcDbEntity
  8
Visible
100
AcDbLine
 10
812.027471
 20
914.315944
 30
0.0
 11
811.949471
 21
914.346944
 31
0.0
  0
LINE
  5
1933
330
70
100
AcDbEntity
  8
Visible
100
AcDbLine
 10
812.106471
 20
914.288944
 30
0.0
 11
812.027471
 21
914.315944
 31
0.0
  0
LINE
  5
1934
330
70
100
AcDbEntity
  8
Visible
100
AcDbLine
 10
812.187471
 20
914.265944
 30
0.0
 11
812.106471
 21
914.288944
 31
0.0
  0
LINE
  5
1935
330
70
100
AcDbEntity
  8
Visible
100
AcDbLine
 10
812.270471
 20
914.245944
 30
0.0
 11
812.187471
 21
914.265944
 31
0.0
  0
LINE
  5
1936
330
70
100
AcDbEntity
  8
Visible
100
AcDbLine
 10
812.355471
 20
914.229944
 30
0.0
 11
812.270471
 21
914.245944
 31
0.0
  0
LINE
  5
1937
330
70
100
AcDbEntity
  8
Visible
100
AcDbLine
 10
812.442471
 20
914.216944
 30
0.0
 11
812.355471
 21
914.229944
 31
0.0
  0
LINE
  5
1938
330
70
100
AcDbEntity
  8
Visible
100
AcDbLine
 10
812.531471
 20
914.207944
 30
0.0
 11
812.442471
 21
914.216944
 31
0.0
  0
LINE
  5
1939
330
70
100
AcDbEntity
  8
Visible
100
AcDbLine
 10
812.621471
 20
914.202944
 30
0.0
 11
812.531471
 21
914.207944
 31
0.0
  0
LINE
  5
193A
330
70
100
AcDbEntity
  8
Visible
100
AcDbLine
 10
812.714471
 20
914.200944
 30
0.0
 11
812.621471
 21
914.202944
 31
0.0
  0
LINE
  5
193B
330
70
100
AcDbEntity
  8
Visible
100
AcDbLine
 10
812.779471
 20
914.201944
 30
0.0
 11
812.714471
 21
914.200944
 31
0.0
  0
LINE
  5
193C
330
70
100
AcDbEntity
  8
Visible
100
AcDbLine
 10
812.843471
 20
914.203944
 30
0.0
 11
812.779471
 21
914.201944
 31
0.0
  0
LINE
  5
193D
330
70
100
AcDbEntity
  8
Visible
100
AcDbLine
 10
812.907471
 20
914.208944
 30
0.0
 11
812.843471
 21
914.203944
 31
0.0
  0
LINE
  5
193E
330
70
100
AcDbEntity
  8
Visible
100
AcDbLine
 10
812.970471
 20
914.213944
 30
0.0
 11
812.907471
 21
914.208944
 31
0.0
  0
LINE
  5
193F
330
70
100
AcDbEntity
  8
Visible
100
AcDbLine
 10
813.033471
 20
914.221944
 30
0.0
 11
812.970471
 21
914.213944
 31
0.0
  0
LINE
  5
1940
330
70
100
AcDbEntity
  8
Visible
100
AcDbLine
 10
813.095471
 20
914.230944
 30
0.0
 11
813.033471
 21
914.221944
 31
0.0
  0
LINE
  5
1941
330
70
100
AcDbEntity
  8
Visible
100
AcDbLine
 10
813.157471
 20
914.241944
 30
0.0
 11
813.095471
 21
914.230944
 31
0.0
  0
LINE
  5
1942
330
70
100
AcDbEntity
  8
Visible
100
AcDbLine
 10
813.219471
 20
914.254944
 30
0.0
 11
813.157471
 21
914.241944
 31
0.0
  0
LINE
  5
1943
330
70
100
AcDbEntity
  8
Visible
100
AcDbLine
 10
813.280471
 20
914.268944
 30
0.0
 11
813.219471
 21
914.254944
 31
0.0
  0
LINE
  5
1944
330
70
100
AcDbEntity
  8
Visible
100
AcDbLine
 10
813.341471
 20
914.284944
 30
0.0
 11
813.280471
 21
914.268944
 31
0.0
  0
LINE
  5
1945
330
70
100
AcDbEntity
  8
Visible
100
AcDbLine
 10
813.402471
 20
914.301944
 30
0.0
 11
813.341471
 21
914.284944
 31
0.0
  0
LINE
  5
1946
330
70
100
AcDbEntity
  8
Visible
100
AcDbLine
 10
813.462471
 20
914.320944
 30
0.0
 11
813.402471
 21
914.301944
 31
0.0
  0
LINE
  5
1947
330
70
100
AcDbEntity
  8
Visible
100
AcDbLine
 10
813.523471
 20
914.339944
 30
0.0
 11
813.462471
 21
914.320944
 31
0.0
  0
LINE
  5
1948
330
70
100
AcDbEntity
  8
Visible
100
AcDbLine
 10
813.584471
 20
914.359944
 30
0.0
 11
813.523471
 21
914.339944
 31
0.0
  0
LINE
  5
1949
330
70
100
AcDbEntity
  8
Visible
100
AcDbLine
 10
813.645471
 20
914.380944
 30
0.0
 11
813.584471
 21
914.359944
 31
0.0
  0
LINE
  5
194A
330
70
100
AcDbEntity
  8
Visible
100
AcDbLine
 10
813.706471
 20
914.402944
 30
0.0
 11
813.645471
 21
914.380944
 31
0.0
  0
LINE
  5
194B
330
70
100
AcDbEntity
  8
Visible
100
AcDbLine
 10
813.767471
 20
914.425944
 30
0.0
 11
813.706471
 21
914.402944
 31
0.0
  0
LINE
  5
194C
330
70
100
AcDbEntity
  8
Visible
100
AcDbLine
 10
813.828471
 20
914.449944
 30
0.0
 11
813.767471
 21
914.425944
 31
0.0
  0
LINE
  5
194D
330
70
100
AcDbEntity
  8
Visible
100
AcDbLine
 10
813.889471
 20
914.474944
 30
0.0
 11
813.828471
 21
914.449944
 31
0.0
  0
LINE
  5
194E
330
70
100
AcDbEntity
  8
Visible
100
AcDbLine
 10
813.950471
 20
914.500944
 30
0.0
 11
813.889471
 21
914.474944
 31
0.0
  0
LINE
  5
194F
330
70
100
AcDbEntity
  8
Visible
100
AcDbLine
 10
813.818471
 20
915.172944
 30
0.0
 11
813.950471
 21
914.500944
 31
0.0
  0
LINE
  5
1950
330
70
100
AcDbEntity
  8
Visible
100
AcDbLine
 10
813.761471
 20
915.151944
 30
0.0
 11
813.818471
 21
915.172944
 31
0.0
  0
LINE
  5
1951
330
70
100
AcDbEntity
  8
Visible
100
AcDbLine
 10
813.705471
 20
915.131944
 30
0.0
 11
813.761471
 21
915.151944
 31
0.0
  0
LINE
  5
1952
330
70
100
AcDbEntity
  8
Visible
100
AcDbLine
 10
813.650471
 20
915.112944
 30
0.0
 11
813.705471
 21
915.131944
 31
0.0
  0
LINE
  5
1953
330
70
100
AcDbEntity
  8
Visible
100
AcDbLine
 10
813.597471
 20
915.094944
 30
0.0
 11
813.650471
 21
915.112944
 31
0.0
  0
LINE
  5
1954
330
70
100
AcDbEntity
  8
Visible
100
AcDbLine
 10
813.544471
 20
915.078944
 30
0.0
 11
813.597471
 21
915.094944
 31
0.0
  0
LINE
  5
1955
330
70
100
AcDbEntity
  8
Visible
100
AcDbLine
 10
813.493471
 20
915.062944
 30
0.0
 11
813.544471
 21
915.078944
 31
0.0
  0
LINE
  5
1956
330
70
100
AcDbEntity
  8
Visible
100
AcDbLine
 10
813.443471
 20
915.047944
 30
0.0
 11
813.493471
 21
915.062944
 31
0.0
  0
LINE
  5
1957
330
70
100
AcDbEntity
  8
Visible
100
AcDbLine
 10
813.394471
 20
915.034944
 30
0.0
 11
813.443471
 21
915.047944
 31
0.0
  0
LINE
  5
1958
330
70
100
AcDbEntity
  8
Visible
100
AcDbLine
 10
813.346471
 20
915.021944
 30
0.0
 11
813.394471
 21
915.034944
 31
0.0
  0
LINE
  5
1959
330
70
100
AcDbEntity
  8
Visible
100
AcDbLine
 10
813.299471
 20
915.010944
 30
0.0
 11
813.346471
 21
915.021944
 31
0.0
  0
LINE
  5
195A
330
70
100
AcDbEntity
  8
Visible
100
AcDbLine
 10
813.253471
 20
915.000944
 30
0.0
 11
813.299471
 21
915.010944
 31
0.0
  0
LINE
  5
195B
330
70
100
AcDbEntity
  8
Visible
100
AcDbLine
 10
813.159471
 20
914.982944
 30
0.0
 11
813.253471
 21
915.000944
 31
0.0
  0
LINE
  5
195C
330
70
100
AcDbEntity
  8
Visible
100
AcDbLine
 10
813.112471
 20
914.975944
 30
0.0
 11
813.159471
 21
914.982944
 31
0.0
  0
LINE
  5
195D
330
70
100
AcDbEntity
  8
Visible
100
AcDbLine
 10
813.064471
 20
914.969944
 30
0.0
 11
813.112471
 21
914.975944
 31
0.0
  0
LINE
  5
195E
330
70
100
AcDbEntity
  8
Visible
100
AcDbLine
 10
812.968471
 20
914.961944
 30
0.0
 11
813.064471
 21
914.969944
 31
0.0
  0
LINE
  5
195F
330
70
100
AcDbEntity
  8
Visible
100
AcDbLine
 10
812.920471
 20
914.958944
 30
0.0
 11
812.968471
 21
914.961944
 31
0.0
  0
LINE
  5
1960
330
70
100
AcDbEntity
  8
Visible
100
AcDbLine
 10
812.822471
 20
914.956944
 30
0.0
 11
812.920471
 21
914.958944
 31
0.0
  0
LINE
  5
1961
330
70
100
AcDbEntity
  8
Visible
100
AcDbLine
 10
812.665471
 20
914.965944
 30
0.0
 11
812.822471
 21
914.956944
 31
0.0
  0
LINE
  5
1962
330
70
100
AcDbEntity
  8
Visible
100
AcDbLine
 10
812.524471
 20
914.992944
 30
0.0
 11
812.665471
 21
914.965944
 31
0.0
  0
LINE
  5
1963
330
70
100
AcDbEntity
  8
Visible
100
AcDbLine
 10
812.400471
 20
915.036944
 30
0.0
 11
812.524471
 21
914.992944
 31
0.0
  0
LINE
  5
1964
330
70
100
AcDbEntity
  8
Visible
100
AcDbLine
 10
812.292471
 20
915.098944
 30
0.0
 11
812.400471
 21
915.036944
 31
0.0
  0
LINE
  5
1965
330
70
100
AcDbEntity
  8
Visible
100
AcDbLine
 10
812.201471
 20
915.178944
 30
0.0
 11
812.292471
 21
915.098944
 31
0.0
  0
LINE
  5
1966
330
70
100
AcDbEntity
  8
Visible
100
AcDbLine
 10
812.126471
 20
915.276944
 30
0.0
 11
812.201471
 21
915.178944
 31
0.0
  0
LINE
  5
1967
330
70
100
AcDbEntity
  8
Visible
100
AcDbLine
 10
812.069471
 20
915.391944
 30
0.0
 11
812.126471
 21
915.276944
 31
0.0
  0
LINE
  5
1968
330
70
100
AcDbEntity
  8
Visible
100
AcDbLine
 10
812.027471
 20
915.524944
 30
0.0
 11
812.069471
 21
915.391944
 31
0.0
  0
LINE
  5
1969
330
70
100
AcDbEntity
  8
Visible
100
AcDbLine
 10
812.002471
 20
915.675944
 30
0.0
 11
812.027471
 21
915.524944
 31
0.0
  0
LINE
  5
196A
330
70
100
AcDbEntity
  8
Visible
100
AcDbLine
 10
811.994471
 20
915.844944
 30
0.0
 11
812.002471
 21
915.675944
 31
0.0
  0
LINE
  5
196B
330
70
100
AcDbEntity
  8
Visible
100
AcDbLine
 10
811.994471
 20
919.432944
 30
0.0
 11
811.994471
 21
915.844944
 31
0.0
  0
LINE
  5
196C
330
70
100
AcDbEntity
  8
Visible
100
AcDbLine
 10
813.806471
 20
919.432944
 30
0.0
 11
811.994471
 21
919.432944
 31
0.0
  0
LINE
  5
196D
330
70
100
AcDbEntity
  8
Visible
100
AcDbLine
 10
813.806471
 20
920.080944
 30
0.0
 11
813.806471
 21
919.432944
 31
0.0
  0
LINE
  5
196E
330
70
100
AcDbEntity
  8
Visible
100
AcDbLine
 10
811.994471
 20
920.080944
 30
0.0
 11
813.806471
 21
920.080944
 31
0.0
  0
LINE
  5
196F
330
70
100
AcDbEntity
  8
Visible
100
AcDbLine
 10
811.994471
 20
921.676944
 30
0.0
 11
811.994471
 21
920.080944
 31
0.0
  0
LINE
  5
1970
330
70
100
AcDbEntity
  8
Visible
100
AcDbLine
 10
811.070471
 20
921.676944
 30
0.0
 11
811.994471
 21
921.676944
 31
0.0
  0
LINE
  5
1971
330
70
100
AcDbEntity
  8
Visible
100
AcDbLine
 10
817.839471
 20
914.214944
 30
0.0
 11
817.690471
 21
914.203944
 31
0.0
  0
LINE
  5
1972
330
70
100
AcDbEntity
  8
Visible
100
AcDbLine
 10
817.984471
 20
914.231944
 30
0.0
 11
817.839471
 21
914.214944
 31
0.0
  0
LINE
  5
1973
330
70
100
AcDbEntity
  8
Visible
100
AcDbLine
 10
818.126471
 20
914.255944
 30
0.0
 11
817.984471
 21
914.231944
 31
0.0
  0
LINE
  5
1974
330
70
100
AcDbEntity
  8
Visible
100
AcDbLine
 10
818.265471
 20
914.285944
 30
0.0
 11
818.126471
 21
914.255944
 31
0.0
  0
LINE
  5
1975
330
70
100
AcDbEntity
  8
Visible
100
AcDbLine
 10
818.400471
 20
914.323944
 30
0.0
 11
818.265471
 21
914.285944
 31
0.0
  0
LINE
  5
1976
330
70
100
AcDbEntity
  8
Visible
100
AcDbLine
 10
818.532471
 20
914.368944
 30
0.0
 11
818.400471
 21
914.323944
 31
0.0
  0
LINE
  5
1977
330
70
100
AcDbEntity
  8
Visible
100
AcDbLine
 10
818.661471
 20
914.419944
 30
0.0
 11
818.532471
 21
914.368944
 31
0.0
  0
LINE
  5
1978
330
70
100
AcDbEntity
  8
Visible
100
AcDbLine
 10
818.787471
 20
914.477944
 30
0.0
 11
818.661471
 21
914.419944
 31
0.0
  0
LINE
  5
1979
330
70
100
AcDbEntity
  8
Visible
100
AcDbLine
 10
818.909471
 20
914.542944
 30
0.0
 11
818.787471
 21
914.477944
 31
0.0
  0
LINE
  5
197A
330
70
100
AcDbEntity
  8
Visible
100
AcDbLine
 10
819.027471
 20
914.614944
 30
0.0
 11
818.909471
 21
914.542944
 31
0.0
  0
LINE
  5
197B
330
70
100
AcDbEntity
  8
Visible
100
AcDbLine
 10
819.140471
 20
914.692944
 30
0.0
 11
819.027471
 21
914.614944
 31
0.0
  0
LINE
  5
197C
330
70
100
AcDbEntity
  8
Visible
100
AcDbLine
 10
819.248471
 20
914.777944
 30
0.0
 11
819.140471
 21
914.692944
 31
0.0
  0
LINE
  5
197D
330
70
100
AcDbEntity
  8
Visible
100
AcDbLine
 10
819.350471
 20
914.868944
 30
0.0
 11
819.248471
 21
914.777944
 31
0.0
  0
LINE
  5
197E
330
70
100
AcDbEntity
  8
Visible
100
AcDbLine
 10
819.448471
 20
914.967944
 30
0.0
 11
819.350471
 21
914.868944
 31
0.0
  0
LINE
  5
197F
330
70
100
AcDbEntity
  8
Visible
100
AcDbLine
 10
819.540471
 20
915.071944
 30
0.0
 11
819.448471
 21
914.967944
 31
0.0
  0
LINE
  5
1980
330
70
100
AcDbEntity
  8
Visible
100
AcDbLine
 10
819.627471
 20
915.183944
 30
0.0
 11
819.540471
 21
915.071944
 31
0.0
  0
LINE
  5
1981
330
70
100
AcDbEntity
  8
Visible
100
AcDbLine
 10
819.709471
 20
915.300944
 30
0.0
 11
819.627471
 21
915.183944
 31
0.0
  0
LINE
  5
1982
330
70
100
AcDbEntity
  8
Visible
100
AcDbLine
 10
819.785471
 20
915.425944
 30
0.0
 11
819.709471
 21
915.300944
 31
0.0
  0
LINE
  5
1983
330
70
100
AcDbEntity
  8
Visible
100
AcDbLine
 10
819.857471
 20
915.556944
 30
0.0
 11
819.785471
 21
915.425944
 31
0.0
  0
LINE
  5
1984
330
70
100
AcDbEntity
  8
Visible
100
AcDbLine
 10
819.923471
 20
915.694944
 30
0.0
 11
819.857471
 21
915.556944
 31
0.0
  0
LINE
  5
1985
330
70
100
AcDbEntity
  8
Visible
100
AcDbLine
 10
819.981471
 20
915.837944
 30
0.0
 11
819.923471
 21
915.694944
 31
0.0
  0
LINE
  5
1986
330
70
100
AcDbEntity
  8
Visible
100
AcDbLine
 10
820.033471
 20
915.987944
 30
0.0
 11
819.981471
 21
915.837944
 31
0.0
  0
LINE
  5
1987
330
70
100
AcDbEntity
  8
Visible
100
AcDbLine
 10
820.078471
 20
916.144944
 30
0.0
 11
820.033471
 21
915.987944
 31
0.0
  0
LINE
  5
1988
330
70
100
AcDbEntity
  8
Visible
100
AcDbLine
 10
820.116471
 20
916.306944
 30
0.0
 11
820.078471
 21
916.144944
 31
0.0
  0
LINE
  5
1989
330
70
100
AcDbEntity
  8
Visible
100
AcDbLine
 10
820.147471
 20
916.475944
 30
0.0
 11
820.116471
 21
916.306944
 31
0.0
  0
LINE
  5
198A
330
70
100
AcDbEntity
  8
Visible
100
AcDbLine
 10
820.171471
 20
916.650944
 30
0.0
 11
820.147471
 21
916.475944
 31
0.0
  0
LINE
  5
198B
330
70
100
AcDbEntity
  8
Visible
100
AcDbLine
 10
820.188471
 20
916.831944
 30
0.0
 11
820.171471
 21
916.650944
 31
0.0
  0
LINE
  5
198C
330
70
100
AcDbEntity
  8
Visible
100
AcDbLine
 10
820.199471
 20
917.018944
 30
0.0
 11
820.188471
 21
916.831944
 31
0.0
  0
LINE
  5
198D
330
70
100
AcDbEntity
  8
Visible
100
AcDbLine
 10
820.202471
 20
917.212944
 30
0.0
 11
820.199471
 21
917.018944
 31
0.0
  0
LINE
  5
198E
330
70
100
AcDbEntity
  8
Visible
100
AcDbLine
 10
820.199471
 20
917.407944
 30
0.0
 11
820.202471
 21
917.212944
 31
0.0
  0
LINE
  5
198F
330
70
100
AcDbEntity
  8
Visible
100
AcDbLine
 10
820.188471
 20
917.595944
 30
0.0
 11
820.199471
 21
917.407944
 31
0.0
  0
LINE
  5
1990
330
70
100
AcDbEntity
  8
Visible
100
AcDbLine
 10
820.171471
 20
917.777944
 30
0.0
 11
820.188471
 21
917.595944
 31
0.0
  0
LINE
  5
1991
330
70
100
AcDbEntity
  8
Visible
100
AcDbLine
 10
820.147471
 20
917.953944
 30
0.0
 11
820.171471
 21
917.777944
 31
0.0
  0
LINE
  5
1992
330
70
100
AcDbEntity
  8
Visible
100
AcDbLine
 10
820.116471
 20
918.122944
 30
0.0
 11
820.147471
 21
917.953944
 31
0.0
  0
LINE
  5
1993
330
70
100
AcDbEntity
  8
Visible
100
AcDbLine
 10
820.078471
 20
918.284944
 30
0.0
 11
820.116471
 21
918.122944
 31
0.0
  0
LINE
  5
1994
330
70
100
AcDbEntity
  8
Visible
100
AcDbLine
 10
820.033471
 20
918.441944
 30
0.0
 11
820.078471
 21
918.284944
 31
0.0
  0
LINE
  5
1995
330
70
100
AcDbEntity
  8
Visible
100
AcDbLine
 10
819.981471
 20
918.591944
 30
0.0
 11
820.033471
 21
918.441944
 31
0.0
  0
LINE
  5
1996
330
70
100
AcDbEntity
  8
Visible
100
AcDbLine
 10
819.923471
 20
918.734944
 30
0.0
 11
819.981471
 21
918.591944
 31
0.0
  0
LINE
  5
1997
330
70
100
AcDbEntity
  8
Visible
100
AcDbLine
 10
819.857471
 20
918.871944
 30
0.0
 11
819.923471
 21
918.734944
 31
0.0
  0
LINE
  5
1998
330
70
100
AcDbEntity
  8
Visible
100
AcDbLine
 10
819.785471
 20
919.002944
 30
0.0
 11
819.857471
 21
918.871944
 31
0.0
  0
LINE
  5
1999
330
70
100
AcDbEntity
  8
Visible
100
AcDbLine
 10
819.709471
 20
919.126944
 30
0.0
 11
819.785471
 21
919.002944
 31
0.0
  0
LINE
  5
199A
330
70
100
AcDbEntity
  8
Visible
100
AcDbLine
 10
819.627471
 20
919.243944
 30
0.0
 11
819.709471
 21
919.126944
 31
0.0
  0
LINE
  5
199B
330
70
100
AcDbEntity
  8
Visible
100
AcDbLine
 10
819.540471
 20
919.354944
 30
0.0
 11
819.627471
 21
919.243944
 31
0.0
  0
LINE
  5
199C
330
70
100
AcDbEntity
  8
Visible
100
AcDbLine
 10
819.448471
 20
919.458944
 30
0.0
 11
819.540471
 21
919.354944
 31
0.0
  0
LINE
  5
199D
330
70
100
AcDbEntity
  8
Visible
100
AcDbLine
 10
819.350471
 20
919.556944
 30
0.0
 11
819.448471
 21
919.458944
 31
0.0
  0
LINE
  5
199E
330
70
100
AcDbEntity
  8
Visible
100
AcDbLine
 10
819.248471
 20
919.647944
 30
0.0
 11
819.350471
 21
919.556944
 31
0.0
  0
LINE
  5
199F
330
70
100
AcDbEntity
  8
Visible
100
AcDbLine
 10
819.140471
 20
919.732944
 30
0.0
 11
819.248471
 21
919.647944
 31
0.0
  0
LINE
  5
19A0
330
70
100
AcDbEntity
  8
Visible
100
AcDbLine
 10
819.027471
 20
919.810944
 30
0.0
 11
819.140471
 21
919.732944
 31
0.0
  0
LINE
  5
19A1
330
70
100
AcDbEntity
  8
Visible
100
AcDbLine
 10
818.909471
 20
919.882944
 30
0.0
 11
819.027471
 21
919.810944
 31
0.0
  0
LINE
  5
19A2
330
70
100
AcDbEntity
  8
Visible
100
AcDbLine
 10
818.787471
 20
919.947944
 30
0.0
 11
818.909471
 21
919.882944
 31
0.0
  0
LINE
  5
19A3
330
70
100
AcDbEntity
  8
Visible
100
AcDbLine
 10
818.661471
 20
920.005944
 30
0.0
 11
818.787471
 21
919.947944
 31
0.0
  0
LINE
  5
19A4
330
70
100
AcDbEntity
  8
Visible
100
AcDbLine
 10
818.532471
 20
920.056944
 30
0.0
 11
818.661471
 21
920.005944
 31
0.0
  0
LINE
  5
19A5
330
70
100
AcDbEntity
  8
Visible
100
AcDbLine
 10
818.400471
 20
920.101944
 30
0.0
 11
818.532471
 21
920.056944
 31
0.0
  0
LINE
  5
19A6
330
70
100
AcDbEntity
  8
Visible
100
AcDbLine
 10
818.265471
 20
920.139944
 30
0.0
 11
818.400471
 21
920.101944
 31
0.0
  0
LINE
  5
19A7
330
70
100
AcDbEntity
  8
Visible
100
AcDbLine
 10
818.126471
 20
920.169944
 30
0.0
 11
818.265471
 21
920.139944
 31
0.0
  0
LINE
  5
19A8
330
70
100
AcDbEntity
  8
Visible
100
AcDbLine
 10
817.984471
 20
920.193944
 30
0.0
 11
818.126471
 21
920.169944
 31
0.0
  0
LINE
  5
19A9
330
70
100
AcDbEntity
  8
Visible
100
AcDbLine
 10
817.839471
 20
920.210944
 30
0.0
 11
817.984471
 21
920.193944
 31
0.0
  0
LINE
  5
19AA
330
70
100
AcDbEntity
  8
Visible
100
AcDbLine
 10
817.690471
 20
920.221944
 30
0.0
 11
817.839471
 21
920.210944
 31
0.0
  0
LINE
  5
19AB
330
70
100
AcDbEntity
  8
Visible
100
AcDbLine
 10
817.538471
 20
920.224944
 30
0.0
 11
817.690471
 21
920.221944
 31
0.0
  0
LINE
  5
19AC
330
70
100
AcDbEntity
  8
Visible
100
AcDbLine
 10
817.385471
 20
920.221944
 30
0.0
 11
817.538471
 21
920.224944
 31
0.0
  0
LINE
  5
19AD
330
70
100
AcDbEntity
  8
Visible
100
AcDbLine
 10
817.235471
 20
920.210944
 30
0.0
 11
817.385471
 21
920.221944
 31
0.0
  0
LINE
  5
19AE
330
70
100
AcDbEntity
  8
Visible
100
AcDbLine
 10
817.089471
 20
920.193944
 30
0.0
 11
817.235471
 21
920.210944
 31
0.0
  0
LINE
  5
19AF
330
70
100
AcDbEntity
  8
Visible
100
AcDbLine
 10
816.946471
 20
920.169944
 30
0.0
 11
817.089471
 21
920.193944
 31
0.0
  0
LINE
  5
19B0
330
70
100
AcDbEntity
  8
Visible
100
AcDbLine
 10
816.807471
 20
920.139944
 30
0.0
 11
816.946471
 21
920.169944
 31
0.0
  0
LINE
  5
19B1
330
70
100
AcDbEntity
  8
Visible
100
AcDbLine
 10
816.671471
 20
920.101944
 30
0.0
 11
816.807471
 21
920.139944
 31
0.0
  0
LINE
  5
19B2
330
70
100
AcDbEntity
  8
Visible
100
AcDbLine
 10
816.538471
 20
920.056944
 30
0.0
 11
816.671471
 21
920.101944
 31
0.0
  0
LINE
  5
19B3
330
70
100
AcDbEntity
  8
Visible
100
AcDbLine
 10
816.409471
 20
920.005944
 30
0.0
 11
816.538471
 21
920.056944
 31
0.0
  0
LINE
  5
19B4
330
70
100
AcDbEntity
  8
Visible
100
AcDbLine
 10
816.283471
 20
919.947944
 30
0.0
 11
816.409471
 21
920.005944
 31
0.0
  0
LINE
  5
19B5
330
70
100
AcDbEntity
  8
Visible
100
AcDbLine
 10
816.161471
 20
919.882944
 30
0.0
 11
816.283471
 21
919.947944
 31
0.0
  0
LINE
  5
19B6
330
70
100
AcDbEntity
  8
Visible
100
AcDbLine
 10
816.043471
 20
919.810944
 30
0.0
 11
816.161471
 21
919.882944
 31
0.0
  0
LINE
  5
19B7
330
70
100
AcDbEntity
  8
Visible
100
AcDbLine
 10
815.930471
 20
919.732944
 30
0.0
 11
816.043471
 21
919.810944
 31
0.0
  0
LINE
  5
19B8
330
70
100
AcDbEntity
  8
Visible
100
AcDbLine
 10
815.822471
 20
919.647944
 30
0.0
 11
815.930471
 21
919.732944
 31
0.0
  0
LINE
  5
19B9
330
70
100
AcDbEntity
  8
Visible
100
AcDbLine
 10
815.719471
 20
919.556944
 30
0.0
 11
815.822471
 21
919.647944
 31
0.0
  0
LINE
  5
19BA
330
70
100
AcDbEntity
  8
Visible
100
AcDbLine
 10
815.622471
 20
919.458944
 30
0.0
 11
815.719471
 21
919.556944
 31
0.0
  0
LINE
  5
19BB
330
70
100
AcDbEntity
  8
Visible
100
AcDbLine
 10
815.529471
 20
919.354944
 30
0.0
 11
815.622471
 21
919.458944
 31
0.0
  0
LINE
  5
19BC
330
70
100
AcDbEntity
  8
Visible
100
AcDbLine
 10
815.442471
 20
919.243944
 30
0.0
 11
815.529471
 21
919.354944
 31
0.0
  0
LINE
  5
19BD
330
70
100
AcDbEntity
  8
Visible
100
AcDbLine
 10
815.359471
 20
919.126944
 30
0.0
 11
815.442471
 21
919.243944
 31
0.0
  0
LINE
  5
19BE
330
70
100
AcDbEntity
  8
Visible
100
AcDbLine
 10
815.282471
 20
919.002944
 30
0.0
 11
815.359471
 21
919.126944
 31
0.0
  0
LINE
  5
19BF
330
70
100
AcDbEntity
  8
Visible
100
AcDbLine
 10
815.210471
 20
918.871944
 30
0.0
 11
815.282471
 21
919.002944
 31
0.0
  0
LINE
  5
19C0
330
70
100
AcDbEntity
  8
Visible
100
AcDbLine
 10
815.144471
 20
918.734944
 30
0.0
 11
815.210471
 21
918.871944
 31
0.0
  0
LINE
  5
19C1
330
70
100
AcDbEntity
  8
Visible
100
AcDbLine
 10
815.085471
 20
918.591944
 30
0.0
 11
815.144471
 21
918.734944
 31
0.0
  0
LINE
  5
19C2
330
70
100
AcDbEntity
  8
Visible
100
AcDbLine
 10
815.033471
 20
918.441944
 30
0.0
 11
815.085471
 21
918.591944
 31
0.0
  0
LINE
  5
19C3
330
70
100
AcDbEntity
  8
Visible
100
AcDbLine
 10
814.987471
 20
918.284944
 30
0.0
 11
815.033471
 21
918.441944
 31
0.0
  0
LINE
  5
19C4
330
70
100
AcDbEntity
  8
Visible
100
AcDbLine
 10
814.949471
 20
918.122944
 30
0.0
 11
814.987471
 21
918.284944
 31
0.0
  0
LINE
  5
19C5
330
70
100
AcDbEntity
  8
Visible
100
AcDbLine
 10
814.918471
 20
917.953944
 30
0.0
 11
814.949471
 21
918.122944
 31
0.0
  0
LINE
  5
19C6
330
70
100
AcDbEntity
  8
Visible
100
AcDbLine
 10
814.893471
 20
917.777944
 30
0.0
 11
814.918471
 21
917.953944
 31
0.0
  0
LINE
  5
19C7
330
70
100
AcDbEntity
  8
Visible
100
AcDbLine
 10
814.876471
 20
917.595944
 30
0.0
 11
814.893471
 21
917.777944
 31
0.0
  0
LINE
  5
19C8
330
70
100
AcDbEntity
  8
Visible
100
AcDbLine
 10
814.865471
 20
917.407944
 30
0.0
 11
814.876471
 21
917.595944
 31
0.0
  0
LINE
  5
19C9
330
70
100
AcDbEntity
  8
Visible
100
AcDbLine
 10
814.862471
 20
917.212944
 30
0.0
 11
814.865471
 21
917.407944
 31
0.0
  0
LINE
  5
19CA
330
70
100
AcDbEntity
  8
Visible
100
AcDbLine
 10
814.865471
 20
917.018944
 30
0.0
 11
814.862471
 21
917.212944
 31
0.0
  0
LINE
  5
19CB
330
70
100
AcDbEntity
  8
Visible
100
AcDbLine
 10
814.876471
 20
916.831944
 30
0.0
 11
814.865471
 21
917.018944
 31
0.0
  0
LINE
  5
19CC
330
70
100
AcDbEntity
  8
Visible
100
AcDbLine
 10
814.893471
 20
916.650944
 30
0.0
 11
814.876471
 21
916.831944
 31
0.0
  0
LINE
  5
19CD
330
70
100
AcDbEntity
  8
Visible
100
AcDbLine
 10
814.918471
 20
916.475944
 30
0.0
 11
814.893471
 21
916.650944
 31
0.0
  0
LINE
  5
19CE
330
70
100
AcDbEntity
  8
Visible
100
AcDbLine
 10
814.949471
 20
916.306944
 30
0.0
 11
814.918471
 21
916.475944
 31
0.0
  0
LINE
  5
19CF
330
70
100
AcDbEntity
  8
Visible
100
AcDbLine
 10
814.987471
 20
916.144944
 30
0.0
 11
814.949471
 21
916.306944
 31
0.0
  0
LINE
  5
19D0
330
70
100
AcDbEntity
  8
Visible
100
AcDbLine
 10
815.033471
 20
915.987944
 30
0.0
 11
814.987471
 21
916.144944
 31
0.0
  0
LINE
  5
19D1
330
70
100
AcDbEntity
  8
Visible
100
AcDbLine
 10
815.085471
 20
915.837944
 30
0.0
 11
815.033471
 21
915.987944
 31
0.0
  0
LINE
  5
19D2
330
70
100
AcDbEntity
  8
Visible
100
AcDbLine
 10
815.144471
 20
915.694944
 30
0.0
 11
815.085471
 21
915.837944
 31
0.0
  0
LINE
  5
19D3
330
70
100
AcDbEntity
  8
Visible
100
AcDbLine
 10
815.210471
 20
915.556944
 30
0.0
 11
815.144471
 21
915.694944
 31
0.0
  0
LINE
  5
19D4
330
70
100
AcDbEntity
  8
Visible
100
AcDbLine
 10
815.282471
 20
915.425944
 30
0.0
 11
815.210471
 21
915.556944
 31
0.0
  0
LINE
  5
19D5
330
70
100
AcDbEntity
  8
Visible
100
AcDbLine
 10
815.359471
 20
915.300944
 30
0.0
 11
815.282471
 21
915.425944
 31
0.0
  0
LINE
  5
19D6
330
70
100
AcDbEntity
  8
Visible
100
AcDbLine
 10
815.442471
 20
915.183944
 30
0.0
 11
815.359471
 21
915.300944
 31
0.0
  0
LINE
  5
19D7
330
70
100
AcDbEntity
  8
Visible
100
AcDbLine
 10
815.529471
 20
915.071944
 30
0.0
 11
815.442471
 21
915.183944
 31
0.0
  0
LINE
  5
19D8
330
70
100
AcDbEntity
  8
Visible
100
AcDbLine
 10
815.622471
 20
914.967944
 30
0.0
 11
815.529471
 21
915.071944
 31
0.0
  0
LINE
  5
19D9
330
70
100
AcDbEntity
  8
Visible
100
AcDbLine
 10
815.719471
 20
914.868944
 30
0.0
 11
815.622471
 21
914.967944
 31
0.0
  0
LINE
  5
19DA
330
70
100
AcDbEntity
  8
Visible
100
AcDbLine
 10
815.822471
 20
914.777944
 30
0.0
 11
815.719471
 21
914.868944
 31
0.0
  0
LINE
  5
19DB
330
70
100
AcDbEntity
  8
Visible
100
AcDbLine
 10
815.930471
 20
914.692944
 30
0.0
 11
815.822471
 21
914.777944
 31
0.0
  0
LINE
  5
19DC
330
70
100
AcDbEntity
  8
Visible
100
AcDbLine
 10
816.043471
 20
914.614944
 30
0.0
 11
815.930471
 21
914.692944
 31
0.0
  0
LINE
  5
19DD
330
70
100
AcDbEntity
  8
Visible
100
AcDbLine
 10
816.161471
 20
914.542944
 30
0.0
 11
816.043471
 21
914.614944
 31
0.0
  0
LINE
  5
19DE
330
70
100
AcDbEntity
  8
Visible
100
AcDbLine
 10
816.283471
 20
914.477944
 30
0.0
 11
816.161471
 21
914.542944
 31
0.0
  0
LINE
  5
19DF
330
70
100
AcDbEntity
  8
Visible
100
AcDbLine
 10
816.409471
 20
914.419944
 30
0.0
 11
816.283471
 21
914.477944
 31
0.0
  0
LINE
  5
19E0
330
70
100
AcDbEntity
  8
Visible
100
AcDbLine
 10
816.538471
 20
914.368944
 30
0.0
 11
816.409471
 21
914.419944
 31
0.0
  0
LINE
  5
19E1
330
70
100
AcDbEntity
  8
Visible
100
AcDbLine
 10
816.671471
 20
914.323944
 30
0.0
 11
816.538471
 21
914.368944
 31
0.0
  0
LINE
  5
19E2
330
70
100
AcDbEntity
  8
Visible
100
AcDbLine
 10
816.807471
 20
914.285944
 30
0.0
 11
816.671471
 21
914.323944
 31
0.0
  0
LINE
  5
19E3
330
70
100
AcDbEntity
  8
Visible
100
AcDbLine
 10
816.946471
 20
914.255944
 30
0.0
 11
816.807471
 21
914.285944
 31
0.0
  0
LINE
  5
19E4
330
70
100
AcDbEntity
  8
Visible
100
AcDbLine
 10
817.089471
 20
914.231944
 30
0.0
 11
816.946471
 21
914.255944
 31
0.0
  0
LINE
  5
19E5
330
70
100
AcDbEntity
  8
Visible
100
AcDbLine
 10
817.235471
 20
914.214944
 30
0.0
 11
817.089471
 21
914.231944
 31
0.0
  0
LINE
  5
19E6
330
70
100
AcDbEntity
  8
Visible
100
AcDbLine
 10
817.385471
 20
914.203944
 30
0.0
 11
817.235471
 21
914.214944
 31
0.0
  0
LINE
  5
19E7
330
70
100
AcDbEntity
  8
Visible
100
AcDbLine
 10
817.538471
 20
914.200944
 30
0.0
 11
817.385471
 21
914.203944
 31
0.0
  0
LINE
  5
19E8
330
70
100
AcDbEntity
  8
Visible
100
AcDbLine
 10
817.690471
 20
914.203944
 30
0.0
 11
817.538471
 21
914.200944
 31
0.0
  0
LINE
  5
19E9
330
70
100
AcDbEntity
  8
Visible
100
AcDbLine
 10
826.815471
 20
918.939944
 30
0.0
 11
826.85545
 21
918.831819
 31
0.0
  0
LINE
  5
19EA
330
70
100
AcDbEntity
  8
Visible
100
AcDbLine
 10
826.766471
 20
919.054944
 30
0.0
 11
826.815471
 21
918.939944
 31
0.0
  0
LINE
  5
19EB
330
70
100
AcDbEntity
  8
Visible
100
AcDbLine
 10
826.712471
 20
919.164944
 30
0.0
 11
826.766471
 21
919.054944
 31
0.0
  0
LINE
  5
19EC
330
70
100
AcDbEntity
  8
Visible
100
AcDbLine
 10
826.654471
 20
919.269944
 30
0.0
 11
826.712471
 21
919.164944
 31
0.0
  0
LINE
  5
19ED
330
70
100
AcDbEntity
  8
Visible
100
AcDbLine
 10
826.591471
 20
919.369944
 30
0.0
 11
826.654471
 21
919.269944
 31
0.0
  0
LINE
  5
19EE
330
70
100
AcDbEntity
  8
Visible
100
AcDbLine
 10
826.524471
 20
919.463944
 30
0.0
 11
826.591471
 21
919.369944
 31
0.0
  0
LINE
  5
19EF
330
70
100
AcDbEntity
  8
Visible
100
AcDbLine
 10
826.452471
 20
919.553944
 30
0.0
 11
826.524471
 21
919.463944
 31
0.0
  0
LINE
  5
19F0
330
70
100
AcDbEntity
  8
Visible
100
AcDbLine
 10
826.375471
 20
919.637944
 30
0.0
 11
826.452471
 21
919.553944
 31
0.0
  0
LINE
  5
19F1
330
70
100
AcDbEntity
  8
Visible
100
AcDbLine
 10
826.295471
 20
919.716944
 30
0.0
 11
826.375471
 21
919.637944
 31
0.0
  0
LINE
  5
19F2
330
70
100
AcDbEntity
  8
Visible
100
AcDbLine
 10
826.209471
 20
919.789944
 30
0.0
 11
826.295471
 21
919.716944
 31
0.0
  0
LINE
  5
19F3
330
70
100
AcDbEntity
  8
Visible
100
AcDbLine
 10
826.119471
 20
919.858944
 30
0.0
 11
826.209471
 21
919.789944
 31
0.0
  0
LINE
  5
19F4
330
70
100
AcDbEntity
  8
Visible
100
AcDbLine
 10
826.025471
 20
919.921944
 30
0.0
 11
826.119471
 21
919.858944
 31
0.0
  0
LINE
  5
19F5
330
70
100
AcDbEntity
  8
Visible
100
AcDbLine
 10
825.926471
 20
919.979944
 30
0.0
 11
826.025471
 21
919.921944
 31
0.0
  0
LINE
  5
19F6
330
70
100
AcDbEntity
  8
Visible
100
AcDbLine
 10
825.824471
 20
920.030944
 30
0.0
 11
825.926471
 21
919.979944
 31
0.0
  0
LINE
  5
19F7
330
70
100
AcDbEntity
  8
Visible
100
AcDbLine
 10
825.718471
 20
920.076944
 30
0.0
 11
825.824471
 21
920.030944
 31
0.0
  0
LINE
  5
19F8
330
70
100
AcDbEntity
  8
Visible
100
AcDbLine
 10
825.607471
 20
920.115944
 30
0.0
 11
825.718471
 21
920.076944
 31
0.0
  0
LINE
  5
19F9
330
70
100
AcDbEntity
  8
Visible
100
AcDbLine
 10
825.493471
 20
920.148944
 30
0.0
 11
825.607471
 21
920.115944
 31
0.0
  0
LINE
  5
19FA
330
70
100
AcDbEntity
  8
Visible
100
AcDbLine
 10
825.375471
 20
920.176944
 30
0.0
 11
825.493471
 21
920.148944
 31
0.0
  0
LINE
  5
19FB
330
70
100
AcDbEntity
  8
Visible
100
AcDbLine
 10
825.253471
 20
920.197944
 30
0.0
 11
825.375471
 21
920.176944
 31
0.0
  0
LINE
  5
19FC
330
70
100
AcDbEntity
  8
Visible
100
AcDbLine
 10
825.127471
 20
920.212944
 30
0.0
 11
825.253471
 21
920.197944
 31
0.0
  0
LINE
  5
19FD
330
70
100
AcDbEntity
  8
Visible
100
AcDbLine
 10
824.998471
 20
920.221944
 30
0.0
 11
825.127471
 21
920.212944
 31
0.0
  0
LINE
  5
19FE
330
70
100
AcDbEntity
  8
Visible
100
AcDbLine
 10
824.864471
 20
920.224944
 30
0.0
 11
824.998471
 21
920.221944
 31
0.0
  0
LINE
  5
19FF
330
70
100
AcDbEntity
  8
Visible
100
AcDbLine
 10
824.729471
 20
920.221944
 30
0.0
 11
824.864471
 21
920.224944
 31
0.0
  0
LINE
  5
1A00
330
70
100
AcDbEntity
  8
Visible
100
AcDbLine
 10
824.598471
 20
920.211944
 30
0.0
 11
824.729471
 21
920.221944
 31
0.0
  0
LINE
  5
1A01
330
70
100
AcDbEntity
  8
Visible
100
AcDbLine
 10
824.471471
 20
920.194944
 30
0.0
 11
824.598471
 21
920.211944
 31
0.0
  0
LINE
  5
1A02
330
70
100
AcDbEntity
  8
Visible
100
AcDbLine
 10
824.348471
 20
920.170944
 30
0.0
 11
824.471471
 21
920.194944
 31
0.0
  0
LINE
  5
1A03
330
70
100
AcDbEntity
  8
Visible
100
AcDbLine
 10
824.229471
 20
920.140944
 30
0.0
 11
824.348471
 21
920.170944
 31
0.0
  0
LINE
  5
1A04
330
70
100
AcDbEntity
  8
Visible
100
AcDbLine
 10
824.113471
 20
920.103944
 30
0.0
 11
824.229471
 21
920.140944
 31
0.0
  0
LINE
  5
1A05
330
70
100
AcDbEntity
  8
Visible
100
AcDbLine
 10
824.002471
 20
920.059944
 30
0.0
 11
824.113471
 21
920.103944
 31
0.0
  0
LINE
  5
1A06
330
70
100
AcDbEntity
  8
Visible
100
AcDbLine
 10
823.894471
 20
920.009944
 30
0.0
 11
824.002471
 21
920.059944
 31
0.0
  0
LINE
  5
1A07
330
70
100
AcDbEntity
  8
Visible
100
AcDbLine
 10
823.791471
 20
919.952944
 30
0.0
 11
823.894471
 21
920.009944
 31
0.0
  0
LINE
  5
1A08
330
70
100
AcDbEntity
  8
Visible
100
AcDbLine
 10
823.691471
 20
919.888944
 30
0.0
 11
823.791471
 21
919.952944
 31
0.0
  0
LINE
  5
1A09
330
70
100
AcDbEntity
  8
Visible
100
AcDbLine
 10
823.595471
 20
919.818944
 30
0.0
 11
823.691471
 21
919.888944
 31
0.0
  0
LINE
  5
1A0A
330
70
100
AcDbEntity
  8
Visible
100
AcDbLine
 10
823.504471
 20
919.742944
 30
0.0
 11
823.595471
 21
919.818944
 31
0.0
  0
LINE
  5
1A0B
330
70
100
AcDbEntity
  8
Visible
100
AcDbLine
 10
823.417471
 20
919.660944
 30
0.0
 11
823.504471
 21
919.742944
 31
0.0
  0
LINE
  5
1A0C
330
70
100
AcDbEntity
  8
Visible
100
AcDbLine
 10
823.335471
 20
919.573944
 30
0.0
 11
823.417471
 21
919.660944
 31
0.0
  0
LINE
  5
1A0D
330
70
100
AcDbEntity
  8
Visible
100
AcDbLine
 10
823.257471
 20
919.480944
 30
0.0
 11
823.335471
 21
919.573944
 31
0.0
  0
LINE
  5
1A0E
330
70
100
AcDbEntity
  8
Visible
100
AcDbLine
 10
823.183471
 20
919.381944
 30
0.0
 11
823.257471
 21
919.480944
 31
0.0
  0
LINE
  5
1A0F
330
70
100
AcDbEntity
  8
Visible
100
AcDbLine
 10
823.114471
 20
919.276944
 30
0.0
 11
823.183471
 21
919.381944
 31
0.0
  0
LINE
  5
1A10
330
70
100
AcDbEntity
  8
Visible
100
AcDbLine
 10
823.049471
 20
919.166944
 30
0.0
 11
823.114471
 21
919.276944
 31
0.0
  0
LINE
  5
1A11
330
70
100
AcDbEntity
  8
Visible
100
AcDbLine
 10
822.988471
 20
919.050944
 30
0.0
 11
823.049471
 21
919.166944
 31
0.0
  0
LINE
  5
1A12
330
70
100
AcDbEntity
  8
Visible
100
AcDbLine
 10
822.932471
 20
918.928944
 30
0.0
 11
822.988471
 21
919.050944
 31
0.0
  0
LINE
  5
1A13
330
70
100
AcDbEntity
  8
Visible
100
AcDbLine
 10
822.824471
 20
920.080944
 30
0.0
 11
822.932471
 21
918.928944
 31
0.0
  0
LINE
  5
1A14
330
70
100
AcDbEntity
  8
Visible
100
AcDbLine
 10
822.020471
 20
920.080944
 30
0.0
 11
822.824471
 21
920.080944
 31
0.0
  0
LINE
  5
1A15
330
70
100
AcDbEntity
  8
Visible
100
AcDbLine
 10
822.020471
 20
914.344944
 30
0.0
 11
822.020471
 21
920.080944
 31
0.0
  0
LINE
  5
1A16
330
70
100
AcDbEntity
  8
Visible
100
AcDbLine
 10
822.956471
 20
914.344944
 30
0.0
 11
822.020471
 21
914.344944
 31
0.0
  0
LINE
  5
1A17
330
70
100
AcDbEntity
  8
Visible
100
AcDbLine
 10
822.956471
 20
917.056944
 30
0.0
 11
822.956471
 21
914.344944
 31
0.0
  0
LINE
  5
1A18
330
70
100
AcDbEntity
  8
Visible
100
AcDbLine
 10
822.958471
 20
917.199944
 30
0.0
 11
822.956471
 21
917.056944
 31
0.0
  0
LINE
  5
1A19
330
70
100
AcDbEntity
  8
Visible
100
AcDbLine
 10
822.964471
 20
917.338944
 30
0.0
 11
822.958471
 21
917.199944
 31
0.0
  0
LINE
  5
1A1A
330
70
100
AcDbEntity
  8
Visible
100
AcDbLine
 10
822.974471
 20
917.474944
 30
0.0
 11
822.964471
 21
917.338944
 31
0.0
  0
LINE
  5
1A1B
330
70
100
AcDbEntity
  8
Visible
100
AcDbLine
 10
822.989471
 20
917.605944
 30
0.0
 11
822.974471
 21
917.474944
 31
0.0
  0
LINE
  5
1A1C
330
70
100
AcDbEntity
  8
Visible
100
AcDbLine
 10
823.007471
 20
917.732944
 30
0.0
 11
822.989471
 21
917.605944
 31
0.0
  0
LINE
  5
1A1D
330
70
100
AcDbEntity
  8
Visible
100
AcDbLine
 10
823.029471
 20
917.855944
 30
0.0
 11
823.007471
 21
917.732944
 31
0.0
  0
LINE
  5
1A1E
330
70
100
AcDbEntity
  8
Visible
100
AcDbLine
 10
823.056471
 20
917.974944
 30
0.0
 11
823.029471
 21
917.855944
 31
0.0
  0
LINE
  5
1A1F
330
70
100
AcDbEntity
  8
Visible
100
AcDbLine
 10
823.087471
 20
918.089944
 30
0.0
 11
823.056471
 21
917.974944
 31
0.0
  0
LINE
  5
1A20
330
70
100
AcDbEntity
  8
Visible
100
AcDbLine
 10
823.121471
 20
918.200944
 30
0.0
 11
823.087471
 21
918.089944
 31
0.0
  0
LINE
  5
1A21
330
70
100
AcDbEntity
  8
Visible
100
AcDbLine
 10
823.160471
 20
918.307944
 30
0.0
 11
823.121471
 21
918.200944
 31
0.0
  0
LINE
  5
1A22
330
70
100
AcDbEntity
  8
Visible
100
AcDbLine
 10
823.203471
 20
918.410944
 30
0.0
 11
823.160471
 21
918.307944
 31
0.0
  0
LINE
  5
1A23
330
70
100
AcDbEntity
  8
Visible
100
AcDbLine
 10
823.249471
 20
918.507944
 30
0.0
 11
823.203471
 21
918.410944
 31
0.0
  0
LINE
  5
1A24
330
70
100
AcDbEntity
  8
Visible
100
AcDbLine
 10
823.298471
 20
918.600944
 30
0.0
 11
823.249471
 21
918.507944
 31
0.0
  0
LINE
  5
1A25
330
70
100
AcDbEntity
  8
Visible
100
AcDbLine
 10
823.351471
 20
918.688944
 30
0.0
 11
823.298471
 21
918.600944
 31
0.0
  0
LINE
  5
1A26
330
70
100
AcDbEntity
  8
Visible
100
AcDbLine
 10
823.407471
 20
918.771944
 30
0.0
 11
823.351471
 21
918.688944
 31
0.0
  0
LINE
  5
1A27
330
70
100
AcDbEntity
  8
Visible
100
AcDbLine
 10
823.467471
 20
918.850944
 30
0.0
 11
823.407471
 21
918.771944
 31
0.0
  0
LINE
  5
1A28
330
70
100
AcDbEntity
  8
Visible
100
AcDbLine
 10
823.531471
 20
918.923944
 30
0.0
 11
823.467471
 21
918.850944
 31
0.0
  0
LINE
  5
1A29
330
70
100
AcDbEntity
  8
Visible
100
AcDbLine
 10
823.598471
 20
918.991944
 30
0.0
 11
823.531471
 21
918.923944
 31
0.0
  0
LINE
  5
1A2A
330
70
100
AcDbEntity
  8
Visible
100
AcDbLine
 10
823.668471
 20
919.055944
 30
0.0
 11
823.598471
 21
918.991944
 31
0.0
  0
LINE
  5
1A2B
330
70
100
AcDbEntity
  8
Visible
100
AcDbLine
 10
823.742471
 20
919.114944
 30
0.0
 11
823.668471
 21
919.055944
 31
0.0
  0
LINE
  5
1A2C
330
70
100
AcDbEntity
  8
Visible
100
AcDbLine
 10
823.819471
 20
919.168944
 30
0.0
 11
823.742471
 21
919.114944
 31
0.0
  0
LINE
  5
1A2D
330
70
100
AcDbEntity
  8
Visible
100
AcDbLine
 10
823.899471
 20
919.216944
 30
0.0
 11
823.819471
 21
919.168944
 31
0.0
  0
LINE
  5
1A2E
330
70
100
AcDbEntity
  8
Visible
100
AcDbLine
 10
823.981471
 20
919.258944
 30
0.0
 11
823.899471
 21
919.216944
 31
0.0
  0
LINE
  5
1A2F
330
70
100
AcDbEntity
  8
Visible
100
AcDbLine
 10
824.066471
 20
919.294944
 30
0.0
 11
823.981471
 21
919.258944
 31
0.0
  0
LINE
  5
1A30
330
70
100
AcDbEntity
  8
Visible
100
AcDbLine
 10
824.155471
 20
919.325944
 30
0.0
 11
824.066471
 21
919.294944
 31
0.0
  0
LINE
  5
1A31
330
70
100
AcDbEntity
  8
Visible
100
AcDbLine
 10
824.245471
 20
919.351944
 30
0.0
 11
824.155471
 21
919.325944
 31
0.0
  0
LINE
  5
1A32
330
70
100
AcDbEntity
  8
Visible
100
AcDbLine
 10
824.339471
 20
919.371944
 30
0.0
 11
824.245471
 21
919.351944
 31
0.0
  0
LINE
  5
1A33
330
70
100
AcDbEntity
  8
Visible
100
AcDbLine
 10
824.435471
 20
919.385944
 30
0.0
 11
824.339471
 21
919.371944
 31
0.0
  0
LINE
  5
1A34
330
70
100
AcDbEntity
  8
Visible
100
AcDbLine
 10
824.534471
 20
919.393944
 30
0.0
 11
824.435471
 21
919.385944
 31
0.0
  0
LINE
  5
1A35
330
70
100
AcDbEntity
  8
Visible
100
AcDbLine
 10
824.636471
 20
919.396944
 30
0.0
 11
824.534471
 21
919.393944
 31
0.0
  0
LINE
  5
1A36
330
70
100
AcDbEntity
  8
Visible
100
AcDbLine
 10
824.769471
 20
919.392944
 30
0.0
 11
824.636471
 21
919.396944
 31
0.0
  0
LINE
  5
1A37
330
70
100
AcDbEntity
  8
Visible
100
AcDbLine
 10
824.896471
 20
919.379944
 30
0.0
 11
824.769471
 21
919.392944
 31
0.0
  0
LINE
  5
1A38
330
70
100
AcDbEntity
  8
Visible
100
AcDbLine
 10
825.017471
 20
919.357944
 30
0.0
 11
824.896471
 21
919.379944
 31
0.0
  0
LINE
  5
1A39
330
70
100
AcDbEntity
  8
Visible
100
AcDbLine
 10
825.133471
 20
919.327944
 30
0.0
 11
825.017471
 21
919.357944
 31
0.0
  0
LINE
  5
1A3A
330
70
100
AcDbEntity
  8
Visible
100
AcDbLine
 10
825.243471
 20
919.289944
 30
0.0
 11
825.133471
 21
919.327944
 31
0.0
  0
LINE
  5
1A3B
330
70
100
AcDbEntity
  8
Visible
100
AcDbLine
 10
825.347471
 20
919.242944
 30
0.0
 11
825.243471
 21
919.289944
 31
0.0
  0
LINE
  5
1A3C
330
70
100
AcDbEntity
  8
Visible
100
AcDbLine
 10
825.446471
 20
919.186944
 30
0.0
 11
825.347471
 21
919.242944
 31
0.0
  0
LINE
  5
1A3D
330
70
100
AcDbEntity
  8
Visible
100
AcDbLine
 10
825.538471
 20
919.121944
 30
0.0
 11
825.446471
 21
919.186944
 31
0.0
  0
LINE
  5
1A3E
330
70
100
AcDbEntity
  8
Visible
100
AcDbLine
 10
825.626471
 20
919.049944
 30
0.0
 11
825.538471
 21
919.121944
 31
0.0
  0
LINE
  5
1A3F
330
70
100
AcDbEntity
  8
Visible
100
AcDbLine
 10
825.707471
 20
918.967944
 30
0.0
 11
825.626471
 21
919.049944
 31
0.0
  0
LINE
  5
1A40
330
70
100
AcDbEntity
  8
Visible
100
AcDbLine
 10
825.782471
 20
918.877944
 30
0.0
 11
825.707471
 21
918.967944
 31
0.0
  0
LINE
  5
1A41
330
70
100
AcDbEntity
  8
Visible
100
AcDbLine
 10
825.848471
 20
918.780944
 30
0.0
 11
825.782471
 21
918.877944
 31
0.0
  0
LINE
  5
1A42
330
70
100
AcDbEntity
  8
Visible
100
AcDbLine
 10
825.907471
 20
918.674944
 30
0.0
 11
825.848471
 21
918.780944
 31
0.0
  0
LINE
  5
1A43
330
70
100
AcDbEntity
  8
Visible
100
AcDbLine
 10
825.959471
 20
918.561944
 30
0.0
 11
825.907471
 21
918.674944
 31
0.0
  0
LINE
  5
1A44
330
70
100
AcDbEntity
  8
Visible
100
AcDbLine
 10
826.002471
 20
918.440944
 30
0.0
 11
825.959471
 21
918.561944
 31
0.0
  0
LINE
  5
1A45
330
70
100
AcDbEntity
  8
Visible
100
AcDbLine
 10
826.037471
 20
918.311944
 30
0.0
 11
826.002471
 21
918.440944
 31
0.0
  0
LINE
  5
1A46
330
70
100
AcDbEntity
  8
Visible
100
AcDbLine
 10
826.065471
 20
918.174944
 30
0.0
 11
826.037471
 21
918.311944
 31
0.0
  0
LINE
  5
1A47
330
70
100
AcDbEntity
  8
Visible
100
AcDbLine
 10
826.084471
 20
918.029944
 30
0.0
 11
826.065471
 21
918.174944
 31
0.0
  0
LINE
  5
1A48
330
70
100
AcDbEntity
  8
Visible
100
AcDbLine
 10
826.096471
 20
917.876944
 30
0.0
 11
826.084471
 21
918.029944
 31
0.0
  0
LINE
  5
1A49
330
70
100
AcDbEntity
  8
Visible
100
AcDbLine
 10
826.100471
 20
917.716944
 30
0.0
 11
826.096471
 21
917.876944
 31
0.0
  0
LINE
  5
1A4A
330
70
100
AcDbEntity
  8
Visible
100
AcDbLine
 10
826.100471
 20
914.344944
 30
0.0
 11
826.100471
 21
917.716944
 31
0.0
  0
LINE
  5
1A4B
330
70
100
AcDbEntity
  8
Visible
100
AcDbLine
 10
827.024471
 20
914.344944
 30
0.0
 11
826.100471
 21
914.344944
 31
0.0
  0
LINE
  5
1A4C
330
70
100
AcDbEntity
  8
Visible
100
AcDbLine
 10
827.024471
 20
917.128944
 30
0.0
 11
827.024471
 21
914.344944
 31
0.0
  0
LINE
  5
1A4D
330
70
100
AcDbEntity
  8
Visible
100
AcDbLine
 10
827.028471
 20
917.336944
 30
0.0
 11
827.024471
 21
917.128944
 31
0.0
  0
LINE
  5
1A4E
330
70
100
AcDbEntity
  8
Visible
100
AcDbLine
 10
827.041471
 20
917.534944
 30
0.0
 11
827.028471
 21
917.336944
 31
0.0
  0
LINE
  5
1A4F
330
70
100
AcDbEntity
  8
Visible
100
AcDbLine
 10
827.061471
 20
917.724944
 30
0.0
 11
827.041471
 21
917.534944
 31
0.0
  0
LINE
  5
1A50
330
70
100
AcDbEntity
  8
Visible
100
AcDbLine
 10
827.090471
 20
917.904944
 30
0.0
 11
827.061471
 21
917.724944
 31
0.0
  0
LINE
  5
1A51
330
70
100
AcDbEntity
  8
Visible
100
AcDbLine
 10
827.127471
 20
918.075944
 30
0.0
 11
827.090471
 21
917.904944
 31
0.0
  0
LINE
  5
1A52
330
70
100
AcDbEntity
  8
Visible
100
AcDbLine
 10
827.173471
 20
918.237944
 30
0.0
 11
827.127471
 21
918.075944
 31
0.0
  0
LINE
  5
1A53
330
70
100
AcDbEntity
  8
Visible
100
AcDbLine
 10
827.227471
 20
918.390944
 30
0.0
 11
827.173471
 21
918.237944
 31
0.0
  0
LINE
  5
1A54
330
70
100
AcDbEntity
  8
Visible
100
AcDbLine
 10
827.289471
 20
918.533944
 30
0.0
 11
827.227471
 21
918.390944
 31
0.0
  0
LINE
  5
1A55
330
70
100
AcDbEntity
  8
Visible
100
AcDbLine
 10
827.359471
 20
918.668944
 30
0.0
 11
827.289471
 21
918.533944
 31
0.0
  0
LINE
  5
1A56
330
70
100
AcDbEntity
  8
Visible
100
AcDbLine
 10
827.438471
 20
918.793944
 30
0.0
 11
827.359471
 21
918.668944
 31
0.0
  0
LINE
  5
1A57
330
70
100
AcDbEntity
  8
Visible
100
AcDbLine
 10
827.524471
 20
918.908944
 30
0.0
 11
827.438471
 21
918.793944
 31
0.0
  0
LINE
  5
1A58
330
70
100
AcDbEntity
  8
Visible
100
AcDbLine
 10
827.618471
 20
919.010944
 30
0.0
 11
827.524471
 21
918.908944
 31
0.0
  0
LINE
  5
1A59
330
70
100
AcDbEntity
  8
Visible
100
AcDbLine
 10
827.719471
 20
919.101944
 30
0.0
 11
827.618471
 21
919.010944
 31
0.0
  0
LINE
  5
1A5A
330
70
100
AcDbEntity
  8
Visible
100
AcDbLine
 10
827.828471
 20
919.179944
 30
0.0
 11
827.719471
 21
919.101944
 31
0.0
  0
LINE
  5
1A5B
330
70
100
AcDbEntity
  8
Visible
100
AcDbLine
 10
827.944471
 20
919.245944
 30
0.0
 11
827.828471
 21
919.179944
 31
0.0
  0
LINE
  5
1A5C
330
70
100
AcDbEntity
  8
Visible
100
AcDbLine
 10
828.067471
 20
919.300944
 30
0.0
 11
827.944471
 21
919.245944
 31
0.0
  0
LINE
  5
1A5D
330
70
100
AcDbEntity
  8
Visible
100
AcDbLine
 10
828.197471
 20
919.342944
 30
0.0
 11
828.067471
 21
919.300944
 31
0.0
  0
LINE
  5
1A5E
330
70
100
AcDbEntity
  8
Visible
100
AcDbLine
 10
828.335471
 20
919.372944
 30
0.0
 11
828.197471
 21
919.342944
 31
0.0
  0
LINE
  5
1A5F
330
70
100
AcDbEntity
  8
Visible
100
AcDbLine
 10
828.480471
 20
919.390944
 30
0.0
 11
828.335471
 21
919.372944
 31
0.0
  0
LINE
  5
1A60
330
70
100
AcDbEntity
  8
Visible
100
AcDbLine
 10
828.632471
 20
919.396944
 30
0.0
 11
828.480471
 21
919.390944
 31
0.0
  0
LINE
  5
1A61
330
70
100
AcDbEntity
  8
Visible
100
AcDbLine
 10
828.762471
 20
919.392944
 30
0.0
 11
828.632471
 21
919.396944
 31
0.0
  0
LINE
  5
1A62
330
70
100
AcDbEntity
  8
Visible
100
AcDbLine
 10
828.887471
 20
919.379944
 30
0.0
 11
828.762471
 21
919.392944
 31
0.0
  0
LINE
  5
1A63
330
70
100
AcDbEntity
  8
Visible
100
AcDbLine
 10
829.007471
 20
919.357944
 30
0.0
 11
828.887471
 21
919.379944
 31
0.0
  0
LINE
  5
1A64
330
70
100
AcDbEntity
  8
Visible
100
AcDbLine
 10
829.121471
 20
919.327944
 30
0.0
 11
829.007471
 21
919.357944
 31
0.0
  0
LINE
  5
1A65
330
70
100
AcDbEntity
  8
Visible
100
AcDbLine
 10
829.230471
 20
919.289944
 30
0.0
 11
829.121471
 21
919.327944
 31
0.0
  0
LINE
  5
1A66
330
70
100
AcDbEntity
  8
Visible
100
AcDbLine
 10
829.333471
 20
919.242944
 30
0.0
 11
829.230471
 21
919.289944
 31
0.0
  0
LINE
  5
1A67
330
70
100
AcDbEntity
  8
Visible
100
AcDbLine
 10
829.431471
 20
919.186944
 30
0.0
 11
829.333471
 21
919.242944
 31
0.0
  0
LINE
  5
1A68
330
70
100
AcDbEntity
  8
Visible
100
AcDbLine
 10
829.523471
 20
919.121944
 30
0.0
 11
829.431471
 21
919.186944
 31
0.0
  0
LINE
  5
1A69
330
70
100
AcDbEntity
  8
Visible
100
AcDbLine
 10
829.610471
 20
919.049944
 30
0.0
 11
829.523471
 21
919.121944
 31
0.0
  0
LINE
  5
1A6A
330
70
100
AcDbEntity
  8
Visible
100
AcDbLine
 10
829.691471
 20
918.967944
 30
0.0
 11
829.610471
 21
919.049944
 31
0.0
  0
LINE
  5
1A6B
330
70
100
AcDbEntity
  8
Visible
100
AcDbLine
 10
829.766471
 20
918.877944
 30
0.0
 11
829.691471
 21
918.967944
 31
0.0
  0
LINE
  5
1A6C
330
70
100
AcDbEntity
  8
Visible
100
AcDbLine
 10
829.832471
 20
918.780944
 30
0.0
 11
829.766471
 21
918.877944
 31
0.0
  0
LINE
  5
1A6D
330
70
100
AcDbEntity
  8
Visible
100
AcDbLine
 10
829.891471
 20
918.674944
 30
0.0
 11
829.832471
 21
918.780944
 31
0.0
  0
LINE
  5
1A6E
330
70
100
AcDbEntity
  8
Visible
100
AcDbLine
 10
829.943471
 20
918.561944
 30
0.0
 11
829.891471
 21
918.674944
 31
0.0
  0
LINE
  5
1A6F
330
70
100
AcDbEntity
  8
Visible
100
AcDbLine
 10
829.986471
 20
918.440944
 30
0.0
 11
829.943471
 21
918.561944
 31
0.0
  0
LINE
  5
1A70
330
70
100
AcDbEntity
  8
Visible
100
AcDbLine
 10
830.021471
 20
918.311944
 30
0.0
 11
829.986471
 21
918.440944
 31
0.0
  0
LINE
  5
1A71
330
70
100
AcDbEntity
  8
Visible
100
AcDbLine
 10
830.049471
 20
918.174944
 30
0.0
 11
830.021471
 21
918.311944
 31
0.0
  0
LINE
  5
1A72
330
70
100
AcDbEntity
  8
Visible
100
AcDbLine
 10
830.068471
 20
918.029944
 30
0.0
 11
830.049471
 21
918.174944
 31
0.0
  0
LINE
  5
1A73
330
70
100
AcDbEntity
  8
Visible
100
AcDbLine
 10
830.080471
 20
917.876944
 30
0.0
 11
830.068471
 21
918.029944
 31
0.0
  0
LINE
  5
1A74
330
70
100
AcDbEntity
  8
Visible
100
AcDbLine
 10
830.084471
 20
917.716944
 30
0.0
 11
830.080471
 21
917.876944
 31
0.0
  0
LINE
  5
1A75
330
70
100
AcDbEntity
  8
Visible
100
AcDbLine
 10
830.084471
 20
914.344944
 30
0.0
 11
830.084471
 21
917.716944
 31
0.0
  0
LINE
  5
1A76
330
70
100
AcDbEntity
  8
Visible
100
AcDbLine
 10
831.020471
 20
914.344944
 30
0.0
 11
830.084471
 21
914.344944
 31
0.0
  0
LINE
  5
1A77
330
70
100
AcDbEntity
  8
Visible
100
AcDbLine
 10
831.020471
 20
917.716944
 30
0.0
 11
831.020471
 21
914.344944
 31
0.0
  0
LINE
  5
1A78
330
70
100
AcDbEntity
  8
Visible
100
AcDbLine
 10
831.017471
 20
917.869944
 30
0.0
 11
831.020471
 21
917.716944
 31
0.0
  0
LINE
  5
1A79
330
70
100
AcDbEntity
  8
Visible
100
AcDbLine
 10
831.010471
 20
918.017944
 30
0.0
 11
831.017471
 21
917.869944
 31
0.0
  0
LINE
  5
1A7A
330
70
100
AcDbEntity
  8
Visible
100
AcDbLine
 10
830.997471
 20
918.161944
 30
0.0
 11
831.010471
 21
918.017944
 31
0.0
  0
LINE
  5
1A7B
330
70
100
AcDbEntity
  8
Visible
100
AcDbLine
 10
830.979471
 20
918.302944
 30
0.0
 11
830.997471
 21
918.161944
 31
0.0
  0
LINE
  5
1A7C
330
70
100
AcDbEntity
  8
Visible
100
AcDbLine
 10
830.955471
 20
918.438944
 30
0.0
 11
830.979471
 21
918.302944
 31
0.0
  0
LINE
  5
1A7D
330
70
100
AcDbEntity
  8
Visible
100
AcDbLine
 10
830.927471
 20
918.569944
 30
0.0
 11
830.955471
 21
918.438944
 31
0.0
  0
LINE
  5
1A7E
330
70
100
AcDbEntity
  8
Visible
100
AcDbLine
 10
830.894471
 20
918.697944
 30
0.0
 11
830.927471
 21
918.569944
 31
0.0
  0
LINE
  5
1A7F
330
70
100
AcDbEntity
  8
Visible
100
AcDbLine
 10
830.855471
 20
918.820944
 30
0.0
 11
830.894471
 21
918.697944
 31
0.0
  0
LINE
  5
1A80
330
70
100
AcDbEntity
  8
Visible
100
AcDbLine
 10
830.811471
 20
918.939944
 30
0.0
 11
830.855471
 21
918.820944
 31
0.0
  0
LINE
  5
1A81
330
70
100
AcDbEntity
  8
Visible
100
AcDbLine
 10
830.762471
 20
919.054944
 30
0.0
 11
830.811471
 21
918.939944
 31
0.0
  0
LINE
  5
1A82
330
70
100
AcDbEntity
  8
Visible
100
AcDbLine
 10
830.708471
 20
919.164944
 30
0.0
 11
830.762471
 21
919.054944
 31
0.0
  0
LINE
  5
1A83
330
70
100
AcDbEntity
  8
Visible
100
AcDbLine
 10
830.650471
 20
919.269944
 30
0.0
 11
830.708471
 21
919.164944
 31
0.0
  0
LINE
  5
1A84
330
70
100
AcDbEntity
  8
Visible
100
AcDbLine
 10
830.587471
 20
919.369944
 30
0.0
 11
830.650471
 21
919.269944
 31
0.0
  0
LINE
  5
1A85
330
70
100
AcDbEntity
  8
Visible
100
AcDbLine
 10
830.520471
 20
919.463944
 30
0.0
 11
830.587471
 21
919.369944
 31
0.0
  0
LINE
  5
1A86
330
70
100
AcDbEntity
  8
Visible
100
AcDbLine
 10
830.448471
 20
919.553944
 30
0.0
 11
830.520471
 21
919.463944
 31
0.0
  0
LINE
  5
1A87
330
70
100
AcDbEntity
  8
Visible
100
AcDbLine
 10
830.371471
 20
919.637944
 30
0.0
 11
830.448471
 21
919.553944
 31
0.0
  0
LINE
  5
1A88
330
70
100
AcDbEntity
  8
Visible
100
AcDbLine
 10
830.291471
 20
919.716944
 30
0.0
 11
830.371471
 21
919.637944
 31
0.0
  0
LINE
  5
1A89
330
70
100
AcDbEntity
  8
Visible
100
AcDbLine
 10
830.205471
 20
919.789944
 30
0.0
 11
830.291471
 21
919.716944
 31
0.0
  0
LINE
  5
1A8A
330
70
100
AcDbEntity
  8
Visible
100
AcDbLine
 10
830.115471
 20
919.858944
 30
0.0
 11
830.205471
 21
919.789944
 31
0.0
  0
LINE
  5
1A8B
330
70
100
AcDbEntity
  8
Visible
100
AcDbLine
 10
830.021471
 20
919.921944
 30
0.0
 11
830.115471
 21
919.858944
 31
0.0
  0
LINE
  5
1A8C
330
70
100
AcDbEntity
  8
Visible
100
AcDbLine
 10
829.922471
 20
919.979944
 30
0.0
 11
830.021471
 21
919.921944
 31
0.0
  0
LINE
  5
1A8D
330
70
100
AcDbEntity
  8
Visible
100
AcDbLine
 10
829.820471
 20
920.030944
 30
0.0
 11
829.922471
 21
919.979944
 31
0.0
  0
LINE
  5
1A8E
330
70
100
AcDbEntity
  8
Visible
100
AcDbLine
 10
829.714471
 20
920.076944
 30
0.0
 11
829.820471
 21
920.030944
 31
0.0
  0
LINE
  5
1A8F
330
70
100
AcDbEntity
  8
Visible
100
AcDbLine
 10
829.603471
 20
920.115944
 30
0.0
 11
829.714471
 21
920.076944
 31
0.0
  0
LINE
  5
1A90
330
70
100
AcDbEntity
  8
Visible
100
AcDbLine
 10
829.489471
 20
920.148944
 30
0.0
 11
829.603471
 21
920.115944
 31
0.0
  0
LINE
  5
1A91
330
70
100
AcDbEntity
  8
Visible
100
AcDbLine
 10
829.371471
 20
920.176944
 30
0.0
 11
829.489471
 21
920.148944
 31
0.0
  0
LINE
  5
1A92
330
70
100
AcDbEntity
  8
Visible
100
AcDbLine
 10
829.249471
 20
920.197944
 30
0.0
 11
829.371471
 21
920.176944
 31
0.0
  0
LINE
  5
1A93
330
70
100
AcDbEntity
  8
Visible
100
AcDbLine
 10
829.123471
 20
920.212944
 30
0.0
 11
829.249471
 21
920.197944
 31
0.0
  0
LINE
  5
1A94
330
70
100
AcDbEntity
  8
Visible
100
AcDbLine
 10
828.994471
 20
920.221944
 30
0.0
 11
829.123471
 21
920.212944
 31
0.0
  0
LINE
  5
1A95
330
70
100
AcDbEntity
  8
Visible
100
AcDbLine
 10
828.860471
 20
920.224944
 30
0.0
 11
828.994471
 21
920.221944
 31
0.0
  0
LINE
  5
1A96
330
70
100
AcDbEntity
  8
Visible
100
AcDbLine
 10
828.754471
 20
920.222944
 30
0.0
 11
828.860471
 21
920.224944
 31
0.0
  0
LINE
  5
1A97
330
70
100
AcDbEntity
  8
Visible
100
AcDbLine
 10
828.651471
 20
920.216944
 30
0.0
 11
828.754471
 21
920.222944
 31
0.0
  0
LINE
  5
1A98
330
70
100
AcDbEntity
  8
Visible
100
AcDbLine
 10
828.550471
 20
920.207944
 30
0.0
 11
828.651471
 21
920.216944
 31
0.0
  0
LINE
  5
1A99
330
70
100
AcDbEntity
  8
Visible
100
AcDbLine
 10
828.451471
 20
920.193944
 30
0.0
 11
828.550471
 21
920.207944
 31
0.0
  0
LINE
  5
1A9A
330
70
100
AcDbEntity
  8
Visible
100
AcDbLine
 10
828.354471
 20
920.176944
 30
0.0
 11
828.451471
 21
920.193944
 31
0.0
  0
LINE
  5
1A9B
330
70
100
AcDbEntity
  8
Visible
100
AcDbLine
 10
828.260471
 20
920.155944
 30
0.0
 11
828.354471
 21
920.176944
 31
0.0
  0
LINE
  5
1A9C
330
70
100
AcDbEntity
  8
Visible
100
AcDbLine
 10
828.168471
 20
920.130944
 30
0.0
 11
828.260471
 21
920.155944
 31
0.0
  0
LINE
  5
1A9D
330
70
100
AcDbEntity
  8
Visible
100
AcDbLine
 10
828.079471
 20
920.101944
 30
0.0
 11
828.168471
 21
920.130944
 31
0.0
  0
LINE
  5
1A9E
330
70
100
AcDbEntity
  8
Visible
100
AcDbLine
 10
827.991471
 20
920.068944
 30
0.0
 11
828.079471
 21
920.101944
 31
0.0
  0
LINE
  5
1A9F
330
70
100
AcDbEntity
  8
Visible
100
AcDbLine
 10
827.906471
 20
920.032944
 30
0.0
 11
827.991471
 21
920.068944
 31
0.0
  0
LINE
  5
1AA0
330
70
100
AcDbEntity
  8
Visible
100
AcDbLine
 10
827.823471
 20
919.992944
 30
0.0
 11
827.906471
 21
920.032944
 31
0.0
  0
LINE
  5
1AA1
330
70
100
AcDbEntity
  8
Visible
100
AcDbLine
 10
827.743471
 20
919.947944
 30
0.0
 11
827.823471
 21
919.992944
 31
0.0
  0
LINE
  5
1AA2
330
70
100
AcDbEntity
  8
Visible
100
AcDbLine
 10
827.665471
 20
919.899944
 30
0.0
 11
827.743471
 21
919.947944
 31
0.0
  0
LINE
  5
1AA3
330
70
100
AcDbEntity
  8
Visible
100
AcDbLine
 10
827.590471
 20
919.847944
 30
0.0
 11
827.665471
 21
919.899944
 31
0.0
  0
LINE
  5
1AA4
330
70
100
AcDbEntity
  8
Visible
100
AcDbLine
 10
827.517471
 20
919.791944
 30
0.0
 11
827.590471
 21
919.847944
 31
0.0
  0
LINE
  5
1AA5
330
70
100
AcDbEntity
  8
Visible
100
AcDbLine
 10
827.447471
 20
919.731944
 30
0.0
 11
827.517471
 21
919.791944
 31
0.0
  0
LINE
  5
1AA6
330
70
100
AcDbEntity
  8
Visible
100
AcDbLine
 10
827.380471
 20
919.668944
 30
0.0
 11
827.447471
 21
919.731944
 31
0.0
  0
LINE
  5
1AA7
330
70
100
AcDbEntity
  8
Visible
100
AcDbLine
 10
827.315471
 20
919.600944
 30
0.0
 11
827.380471
 21
919.668944
 31
0.0
  0
LINE
  5
1AA8
330
70
100
AcDbEntity
  8
Visible
100
AcDbLine
 10
827.252471
 20
919.528944
 30
0.0
 11
827.315471
 21
919.600944
 31
0.0
  0
LINE
  5
1AA9
330
70
100
AcDbEntity
  8
Visible
100
AcDbLine
 10
827.192471
 20
919.453944
 30
0.0
 11
827.252471
 21
919.528944
 31
0.0
  0
LINE
  5
1AAA
330
70
100
AcDbEntity
  8
Visible
100
AcDbLine
 10
827.135471
 20
919.374944
 30
0.0
 11
827.192471
 21
919.453944
 31
0.0
  0
LINE
  5
1AAB
330
70
100
AcDbEntity
  8
Visible
100
AcDbLine
 10
827.080471
 20
919.290944
 30
0.0
 11
827.135471
 21
919.374944
 31
0.0
  0
LINE
  5
1AAC
330
70
100
AcDbEntity
  8
Visible
100
AcDbLine
 10
827.028471
 20
919.203944
 30
0.0
 11
827.080471
 21
919.290944
 31
0.0
  0
LINE
  5
1AAD
330
70
100
AcDbEntity
  8
Visible
100
AcDbLine
 10
826.979471
 20
919.112944
 30
0.0
 11
827.028471
 21
919.203944
 31
0.0
  0
LINE
  5
1AAE
330
70
100
AcDbEntity
  8
Visible
100
AcDbLine
 10
826.933471
 20
919.017944
 30
0.0
 11
826.979471
 21
919.112944
 31
0.0
  0
LINE
  5
1AAF
330
70
100
AcDbEntity
  8
Visible
100
AcDbLine
 10
826.890471
 20
918.918944
 30
0.0
 11
826.933471
 21
919.017944
 31
0.0
  0
LINE
  5
1AB0
330
70
100
AcDbEntity
  8
Visible
100
AcDbLine
 10
826.85545
 20
918.831819
 30
0.0
 11
826.890471
 21
918.918944
 31
0.0
  0
CIRCLE
  5
1AB1
330
70
100
AcDbEntity
  8
Visible
100
AcDbCircle
 10
-969.122462
 20
1076.612922
 30
0.0
 40
2.999999999999971
210
0.0
220
0.0
230
-1.0
  0
CIRCLE
  5
1AB2
330
70
100
AcDbEntity
  8
Visible
100
AcDbCircle
 10
-969.122462
 20
759.612922
 30
0.0
 40
2.999999999999971
210
0.0
220
0.0
230
-1.0
  0
CIRCLE
  5
1AB3
330
70
100
AcDbEntity
  8
Visible
100
AcDbCircle
 10
-654.122462
 20
1076.612922
 30
0.0
 40
2.999999999999971
210
0.0
220
0.0
230
-1.0
  0
CIRCLE
  5
1AB4
330
70
100
AcDbEntity
  8
Visible
100
AcDbCircle
 10
-654.122462
 20
759.612922
 30
0.0
 40
2.999999999999971
210
0.0
220
0.0
230
-1.0
  0
LINE
  5
1AB5
330
70
100
AcDbEntity
  8
Visible
100
AcDbLine
 10
1005.622471
 20
1112.112944
 30
0.0
 11
971.122471
 21
1112.112944
 31
0.0
  0
LINE
  5
1AB6
330
70
100
AcDbEntity
  8
Visible
100
AcDbLine
 10
1005.622471
 20
1077.612944
 30
0.0
 11
1005.622471
 21
1112.112944
 31
0.0
  0
LINE
  5
1AB7
330
70
100
AcDbEntity
  8
Visible
100
AcDbLine
 10
1011.622471
 20
1077.612944
 30
0.0
 11
1005.622471
 21
1077.612944
 31
0.0
  0
LINE
  5
1AB8
330
70
100
AcDbEntity
  8
Visible
100
AcDbLine
 10
1011.622471
 20
1048.612944
 30
0.0
 11
1011.622471
 21
1077.612944
 31
0.0
  0
LINE
  5
1AB9
330
70
100
AcDbEntity
  8
Visible
100
AcDbLine
 10
1005.622471
 20
1048.612944
 30
0.0
 11
1011.622471
 21
1048.612944
 31
0.0
  0
LINE
  5
1ABA
330
70
100
AcDbEntity
  8
Visible
100
AcDbLine
 10
1005.622471
 20
1019.612944
 30
0.0
 11
1005.622471
 21
1048.612944
 31
0.0
  0
LINE
  5
1ABB
330
70
100
AcDbEntity
  8
Visible
100
AcDbLine
 10
1011.622471
 20
1019.612944
 30
0.0
 11
1005.622471
 21
1019.612944
 31
0.0
  0
LINE
  5
1ABC
330
70
100
AcDbEntity
  8
Visible
100
AcDbLine
 10
1011.622471
 20
990.612944
 30
0.0
 11
1011.622471
 21
1019.612944
 31
0.0
  0
LINE
  5
1ABD
330
70
100
AcDbEntity
  8
Visible
100
AcDbLine
 10
1005.622471
 20
990.612944
 30
0.0
 11
1011.622471
 21
990.612944
 31
0.0
  0
LINE
  5
1ABE
330
70
100
AcDbEntity
  8
Visible
100
AcDbLine
 10
1005.622471
 20
961.612944
 30
0.0
 11
1005.622471
 21
990.612944
 31
0.0
  0
LINE
  5
1ABF
330
70
100
AcDbEntity
  8
Visible
100
AcDbLine
 10
1011.622471
 20
961.612944
 30
0.0
 11
1005.622471
 21
961.612944
 31
0.0
  0
LINE
  5
1AC0
330
70
100
AcDbEntity
  8
Visible
100
AcDbLine
 10
1011.622471
 20
932.612944
 30
0.0
 11
1011.622471
 21
961.612944
 31
0.0
  0
LINE
  5
1AC1
330
70
100
AcDbEntity
  8
Visible
100
AcDbLine
 10
1005.622471
 20
932.612944
 30
0.0
 11
1011.622471
 21
932.612944
 31
0.0
  0
LINE
  5
1AC2
330
70
100
AcDbEntity
  8
Visible
100
AcDbLine
 10
1005.622471
 20
903.612944
 30
0.0
 11
1005.622471
 21
932.612944
 31
0.0
  0
LINE
  5
1AC3
330
70
100
AcDbEntity
  8
Visible
100
AcDbLine
 10
1011.622471
 20
903.612944
 30
0.0
 11
1005.622471
 21
903.612944
 31
0.0
  0
LINE
  5
1AC4
330
70
100
AcDbEntity
  8
Visible
100
AcDbLine
 10
1011.622471
 20
874.612944
 30
0.0
 11
1011.622471
 21
903.612944
 31
0.0
  0
LINE
  5
1AC5
330
70
100
AcDbEntity
  8
Visible
100
AcDbLine
 10
1005.622471
 20
874.612944
 30
0.0
 11
1011.622471
 21
874.612944
 31
0.0
  0
LINE
  5
1AC6
330
70
100
AcDbEntity
  8
Visible
100
AcDbLine
 10
1005.622471
 20
845.612944
 30
0.0
 11
1005.622471
 21
874.612944
 31
0.0
  0
LINE
  5
1AC7
330
70
100
AcDbEntity
  8
Visible
100
AcDbLine
 10
1011.622471
 20
845.612944
 30
0.0
 11
1005.622471
 21
845.612944
 31
0.0
  0
LINE
  5
1AC8
330
70
100
AcDbEntity
  8
Visible
100
AcDbLine
 10
1011.622471
 20
816.612944
 30
0.0
 11
1011.622471
 21
845.612944
 31
0.0
  0
LINE
  5
1AC9
330
70
100
AcDbEntity
  8
Visible
100
AcDbLine
 10
1005.622471
 20
816.612944
 30
0.0
 11
1011.622471
 21
816.612944
 31
0.0
  0
LINE
  5
1ACA
330
70
100
AcDbEntity
  8
Visible
100
AcDbLine
 10
1005.622471
 20
787.612944
 30
0.0
 11
1005.622471
 21
816.612944
 31
0.0
  0
LINE
  5
1ACB
330
70
100
AcDbEntity
  8
Visible
100
AcDbLine
 10
1011.622471
 20
787.612944
 30
0.0
 11
1005.622471
 21
787.612944
 31
0.0
  0
LINE
  5
1ACC
330
70
100
AcDbEntity
  8
Visible
100
AcDbLine
 10
1011.622471
 20
758.612944
 30
0.0
 11
1011.622471
 21
787.612944
 31
0.0
  0
LINE
  5
1ACD
330
70
100
AcDbEntity
  8
Visible
100
AcDbLine
 10
1005.622471
 20
758.612944
 30
0.0
 11
1011.622471
 21
758.612944
 31
0.0
  0
LINE
  5
1ACE
330
70
100
AcDbEntity
  8
Visible
100
AcDbLine
 10
1005.622471
 20
724.112944
 30
0.0
 11
1005.622471
 21
758.612944
 31
0.0
  0
LINE
  5
1ACF
330
70
100
AcDbEntity
  8
Visible
100
AcDbLine
 10
971.122471
 20
724.112944
 30
0.0
 11
1005.622471
 21
724.112944
 31
0.0
  0
LINE
  5
1AD0
330
70
100
AcDbEntity
  8
Visible
100
AcDbLine
 10
971.122471
 20
718.112944
 30
0.0
 11
971.122471
 21
724.112944
 31
0.0
  0
LINE
  5
1AD1
330
70
100
AcDbEntity
  8
Visible
100
AcDbLine
 10
942.122471
 20
718.112944
 30
0.0
 11
971.122471
 21
718.112944
 31
0.0
  0
LINE
  5
1AD2
330
70
100
AcDbEntity
  8
Visible
100
AcDbLine
 10
942.122471
 20
724.112944
 30
0.0
 11
942.122471
 21
718.112944
 31
0.0
  0
LINE
  5
1AD3
330
70
100
AcDbEntity
  8
Visible
100
AcDbLine
 10
913.122471
 20
724.112944
 30
0.0
 11
942.122471
 21
724.112944
 31
0.0
  0
LINE
  5
1AD4
330
70
100
AcDbEntity
  8
Visible
100
AcDbLine
 10
913.122471
 20
718.112944
 30
0.0
 11
913.122471
 21
724.112944
 31
0.0
  0
LINE
  5
1AD5
330
70
100
AcDbEntity
  8
Visible
100
AcDbLine
 10
884.122471
 20
718.112944
 30
0.0
 11
913.122471
 21
718.112944
 31
0.0
  0
LINE
  5
1AD6
330
70
100
AcDbEntity
  8
Visible
100
AcDbLine
 10
884.122471
 20
724.112944
 30
0.0
 11
884.122471
 21
718.112944
 31
0.0
  0
LINE
  5
1AD7
330
70
100
AcDbEntity
  8
Visible
100
AcDbLine
 10
855.122471
 20
724.112944
 30
0.0
 11
884.122471
 21
724.112944
 31
0.0
  0
LINE
  5
1AD8
330
70
100
AcDbEntity
  8
Visible
100
AcDbLine
 10
855.122471
 20
718.112944
 30
0.0
 11
855.122471
 21
724.112944
 31
0.0
  0
LINE
  5
1AD9
330
70
100
AcDbEntity
  8
Visible
100
AcDbLine
 10
826.122471
 20
718.112944
 30
0.0
 11
855.122471
 21
718.112944
 31
0.0
  0
LINE
  5
1ADA
330
70
100
AcDbEntity
  8
Visible
100
AcDbLine
 10
826.122471
 20
724.112944
 30
0.0
 11
826.122471
 21
718.112944
 31
0.0
  0
LINE
  5
1ADB
330
70
100
AcDbEntity
  8
Visible
100
AcDbLine
 10
797.122471
 20
724.112944
 30
0.0
 11
826.122471
 21
724.112944
 31
0.0
  0
LINE
  5
1ADC
330
70
100
AcDbEntity
  8
Visible
100
AcDbLine
 10
797.122471
 20
718.112944
 30
0.0
 11
797.122471
 21
724.112944
 31
0.0
  0
LINE
  5
1ADD
330
70
100
AcDbEntity
  8
Visible
100
AcDbLine
 10
768.122471
 20
718.112944
 30
0.0
 11
797.122471
 21
718.112944
 31
0.0
  0
LINE
  5
1ADE
330
70
100
AcDbEntity
  8
Visible
100
AcDbLine
 10
768.122471
 20
724.112944
 30
0.0
 11
768.122471
 21
718.112944
 31
0.0
  0
LINE
  5
1ADF
330
70
100
AcDbEntity
  8
Visible
100
AcDbLine
 10
739.122471
 20
724.112944
 30
0.0
 11
768.122471
 21
724.112944
 31
0.0
  0
LINE
  5
1AE0
330
70
100
AcDbEntity
  8
Visible
100
AcDbLine
 10
739.122471
 20
718.112944
 30
0.0
 11
739.122471
 21
724.112944
 31
0.0
  0
LINE
  5
1AE1
330
70
100
AcDbEntity
  8
Visible
100
AcDbLine
 10
710.122471
 20
718.112944
 30
0.0
 11
739.122471
 21
718.112944
 31
0.0
  0
LINE
  5
1AE2
330
70
100
AcDbEntity
  8
Visible
100
AcDbLine
 10
710.122471
 20
724.112944
 30
0.0
 11
710.122471
 21
718.112944
 31
0.0
  0
LINE
  5
1AE3
330
70
100
AcDbEntity
  8
Visible
100
AcDbLine
 10
681.122471
 20
724.112944
 30
0.0
 11
710.122471
 21
724.112944
 31
0.0
  0
LINE
  5
1AE4
330
70
100
AcDbEntity
  8
Visible
100
AcDbLine
 10
681.122471
 20
718.112944
 30
0.0
 11
681.122471
 21
724.112944
 31
0.0
  0
LINE
  5
1AE5
330
70
100
AcDbEntity
  8
Visible
100
AcDbLine
 10
652.122471
 20
718.112944
 30
0.0
 11
681.122471
 21
718.112944
 31
0.0
  0
LINE
  5
1AE6
330
70
100
AcDbEntity
  8
Visible
100
AcDbLine
 10
652.122471
 20
724.112944
 30
0.0
 11
652.122471
 21
718.112944
 31
0.0
  0
LINE
  5
1AE7
330
70
100
AcDbEntity
  8
Visible
100
AcDbLine
 10
617.622471
 20
724.112944
 30
0.0
 11
652.122471
 21
724.112944
 31
0.0
  0
LINE
  5
1AE8
330
70
100
AcDbEntity
  8
Visible
100
AcDbLine
 10
617.622471
 20
758.612944
 30
0.0
 11
617.622471
 21
724.112944
 31
0.0
  0
LINE
  5
1AE9
330
70
100
AcDbEntity
  8
Visible
100
AcDbLine
 10
611.622471
 20
758.612944
 30
0.0
 11
617.622471
 21
758.612944
 31
0.0
  0
LINE
  5
1AEA
330
70
100
AcDbEntity
  8
Visible
100
AcDbLine
 10
611.622471
 20
787.612944
 30
0.0
 11
611.622471
 21
758.612944
 31
0.0
  0
LINE
  5
1AEB
330
70
100
AcDbEntity
  8
Visible
100
AcDbLine
 10
617.622471
 20
787.612944
 30
0.0
 11
611.622471
 21
787.612944
 31
0.0
  0
LINE
  5
1AEC
330
70
100
AcDbEntity
  8
Visible
100
AcDbLine
 10
617.622471
 20
816.612944
 30
0.0
 11
617.622471
 21
787.612944
 31
0.0
  0
LINE
  5
1AED
330
70
100
AcDbEntity
  8
Visible
100
AcDbLine
 10
611.622471
 20
816.612944
 30
0.0
 11
617.622471
 21
816.612944
 31
0.0
  0
LINE
  5
1AEE
330
70
100
AcDbEntity
  8
Visible
100
AcDbLine
 10
611.622471
 20
845.612944
 30
0.0
 11
611.622471
 21
816.612944
 31
0.0
  0
LINE
  5
1AEF
330
70
100
AcDbEntity
  8
Visible
100
AcDbLine
 10
617.622471
 20
845.612944
 30
0.0
 11
611.622471
 21
845.612944
 31
0.0
  0
LINE
  5
1AF0
330
70
100
AcDbEntity
  8
Visible
100
AcDbLine
 10
617.622471
 20
874.612944
 30
0.0
 11
617.622471
 21
845.612944
 31
0.0
  0
LINE
  5
1AF1
330
70
100
AcDbEntity
  8
Visible
100
AcDbLine
 10
611.622471
 20
874.612944
 30
0.0
 11
617.622471
 21
874.612944
 31
0.0
  0
LINE
  5
1AF2
330
70
100
AcDbEntity
  8
Visible
100
AcDbLine
 10
611.622471
 20
903.612944
 30
0.0
 11
611.622471
 21
874.612944
 31
0.0
  0
LINE
  5
1AF3
330
70
100
AcDbEntity
  8
Visible
100
AcDbLine
 10
617.622471
 20
903.612944
 30
0.0
 11
611.622471
 21
903.612944
 31
0.0
  0
LINE
  5
1AF4
330
70
100
AcDbEntity
  8
Visible
100
AcDbLine
 10
617.622471
 20
932.612944
 30
0.0
 11
617.622471
 21
903.612944
 31
0.0
  0
LINE
  5
1AF5
330
70
100
AcDbEntity
  8
Visible
100
AcDbLine
 10
611.622471
 20
932.612944
 30
0.0
 11
617.622471
 21
932.612944
 31
0.0
  0
LINE
  5
1AF6
330
70
100
AcDbEntity
  8
Visible
100
AcDbLine
 10
611.622471
 20
961.612944
 30
0.0
 11
611.622471
 21
932.612944
 31
0.0
  0
LINE
  5
1AF7
330
70
100
AcDbEntity
  8
Visible
100
AcDbLine
 10
617.622471
 20
961.612944
 30
0.0
 11
611.622471
 21
961.612944
 31
0.0
  0
LINE
  5
1AF8
330
70
100
AcDbEntity
  8
Visible
100
AcDbLine
 10
617.622471
 20
990.612944
 30
0.0
 11
617.622471
 21
961.612944
 31
0.0
  0
LINE
  5
1AF9
330
70
100
AcDbEntity
  8
Visible
100
AcDbLine
 10
611.622471
 20
990.612944
 30
0.0
 11
617.622471
 21
990.612944
 31
0.0
  0
LINE
  5
1AFA
330
70
100
AcDbEntity
  8
Visible
100
AcDbLine
 10
611.622471
 20
1019.612944
 30
0.0
 11
611.622471
 21
990.612944
 31
0.0
  0
LINE
  5
1AFB
330
70
100
AcDbEntity
  8
Visible
100
AcDbLine
 10
617.622471
 20
1019.612944
 30
0.0
 11
611.622471
 21
1019.612944
 31
0.0
  0
LINE
  5
1AFC
330
70
100
AcDbEntity
  8
Visible
100
AcDbLine
 10
617.622471
 20
1048.612944
 30
0.0
 11
617.622471
 21
1019.612944
 31
0.0
  0
LINE
  5
1AFD
330
70
100
AcDbEntity
  8
Visible
100
AcDbLine
 10
611.622471
 20
1048.612944
 30
0.0
 11
617.622471
 21
1048.612944
 31
0.0
  0
LINE
  5
1AFE
330
70
100
AcDbEntity
  8
Visible
100
AcDbLine
 10
611.622471
 20
1077.612944
 30
0.0
 11
611.622471
 21
1048.612944
 31
0.0
  0
LINE
  5
1AFF
330
70
100
AcDbEntity
  8
Visible
100
AcDbLine
 10
617.622471
 20
1077.612944
 30
0.0
 11
611.622471
 21
1077.612944
 31
0.0
  0
LINE
  5
1B00
330
70
100
AcDbEntity
  8
Visible
100
AcDbLine
 10
617.622471
 20
1112.112944
 30
0.0
 11
617.622471
 21
1077.612944
 31
0.0
  0
LINE
  5
1B01
330
70
100
AcDbEntity
  8
Visible
100
AcDbLine
 10
652.122471
 20
1112.112944
 30
0.0
 11
617.622471
 21
1112.112944
 31
0.0
  0
LINE
  5
1B02
330
70
100
AcDbEntity
  8
Visible
100
AcDbLine
 10
652.122471
 20
1118.112944
 30
0.0
 11
652.122471
 21
1112.112944
 31
0.0
  0
LINE
  5
1B03
330
70
100
AcDbEntity
  8
Visible
100
AcDbLine
 10
681.122471
 20
1118.112944
 30
0.0
 11
652.122471
 21
1118.112944
 31
0.0
  0
LINE
  5
1B04
330
70
100
AcDbEntity
  8
Visible
100
AcDbLine
 10
681.122471
 20
1112.112944
 30
0.0
 11
681.122471
 21
1118.112944
 31
0.0
  0
LINE
  5
1B05
330
70
100
AcDbEntity
  8
Visible
100
AcDbLine
 10
710.122471
 20
1112.112944
 30
0.0
 11
681.122471
 21
1112.112944
 31
0.0
  0
LINE
  5
1B06
330
70
100
AcDbEntity
  8
Visible
100
AcDbLine
 10
710.122471
 20
1118.112944
 30
0.0
 11
710.122471
 21
1112.112944
 31
0.0
  0
LINE
  5
1B07
330
70
100
AcDbEntity
  8
Visible
100
AcDbLine
 10
739.122471
 20
1118.112944
 30
0.0
 11
710.122471
 21
1118.112944
 31
0.0
  0
LINE
  5
1B08
330
70
100
AcDbEntity
  8
Visible
100
AcDbLine
 10
739.122471
 20
1112.112944
 30
0.0
 11
739.122471
 21
1118.112944
 31
0.0
  0
LINE
  5
1B09
330
70
100
AcDbEntity
  8
Visible
100
AcDbLine
 10
768.122471
 20
1112.112944
 30
0.0
 11
739.122471
 21
1112.112944
 31
0.0
  0
LINE
  5
1B0A
330
70
100
AcDbEntity
  8
Visible
100
AcDbLine
 10
768.122471
 20
1118.112944
 30
0.0
 11
768.122471
 21
1112.112944
 31
0.0
  0
LINE
  5
1B0B
330
70
100
AcDbEntity
  8
Visible
100
AcDbLine
 10
797.122471
 20
1118.112944
 30
0.0
 11
768.122471
 21
1118.112944
 31
0.0
  0
LINE
  5
1B0C
330
70
100
AcDbEntity
  8
Visible
100
AcDbLine
 10
797.122471
 20
1112.112944
 30
0.0
 11
797.122471
 21
1118.112944
 31
0.0
  0
LINE
  5
1B0D
330
70
100
AcDbEntity
  8
Visible
100
AcDbLine
 10
826.122471
 20
1112.112944
 30
0.0
 11
797.122471
 21
1112.112944
 31
0.0
  0
LINE
  5
1B0E
330
70
100
AcDbEntity
  8
Visible
100
AcDbLine
 10
826.122471
 20
1118.112944
 30
0.0
 11
826.122471
 21
1112.112944
 31
0.0
  0
LINE
  5
1B0F
330
70
100
AcDbEntity
  8
Visible
100
AcDbLine
 10
855.122471
 20
1118.112944
 30
0.0
 11
826.122471
 21
1118.112944
 31
0.0
  0
LINE
  5
1B10
330
70
100
AcDbEntity
  8
Visible
100
AcDbLine
 10
855.122471
 20
1112.112944
 30
0.0
 11
855.122471
 21
1118.112944
 31
0.0
  0
LINE
  5
1B11
330
70
100
AcDbEntity
  8
Visible
100
AcDbLine
 10
884.122471
 20
1112.112944
 30
0.0
 11
855.122471
 21
1112.112944
 31
0.0
  0
LINE
  5
1B12
330
70
100
AcDbEntity
  8
Visible
100
AcDbLine
 10
884.122471
 20
1118.112944
 30
0.0
 11
884.122471
 21
1112.112944
 31
0.0
  0
LINE
  5
1B13
330
70
100
AcDbEntity
  8
Visible
100
AcDbLine
 10
913.122471
 20
1118.112944
 30
0.0
 11
884.122471
 21
1118.112944
 31
0.0
  0
LINE
  5
1B14
330
70
100
AcDbEntity
  8
Visible
100
AcDbLine
 10
913.122471
 20
1112.112944
 30
0.0
 11
913.122471
 21
1118.112944
 31
0.0
  0
LINE
  5
1B15
330
70
100
AcDbEntity
  8
Visible
100
AcDbLine
 10
942.122471
 20
1112.112944
 30
0.0
 11
913.122471
 21
1112.112944
 31
0.0
  0
LINE
  5
1B16
330
70
100
AcDbEntity
  8
Visible
100
AcDbLine
 10
942.122471
 20
1118.112944
 30
0.0
 11
942.122471
 21
1112.112944
 31
0.0
  0
LINE
  5
1B17
330
70
100
AcDbEntity
  8
Visible
100
AcDbLine
 10
971.122471
 20
1118.112944
 30
0.0
 11
942.122471
 21
1118.112944
 31
0.0
  0
LINE
  5
1B18
330
70
100
AcDbEntity
  8
Visible
100
AcDbLine
 10
971.122471
 20
1112.112944
 30
0.0
 11
971.122471
 21
1118.112944
 31
0.0
  0
LINE
  5
1B19
330
70
100
AcDbEntity
  8
Visible
100
AcDbLine
 10
1209.933471
 20
410.978944
 30
0.0
 11
1205.637471
 21
410.978944
 31
0.0
  0
LINE
  5
1B1A
330
70
100
AcDbEntity
  8
Visible
100
AcDbLine
 10
1209.933471
 20
411.794944
 30
0.0
 11
1209.933471
 21
410.978944
 31
0.0
  0
LINE
  5
1B1B
330
70
100
AcDbEntity
  8
Visible
100
AcDbLine
 10
1206.573471
 20
411.794944
 30
0.0
 11
1209.933471
 21
411.794944
 31
0.0
  0
LINE
  5
1B1C
330
70
100
AcDbEntity
  8
Visible
100
AcDbLine
 10
1206.573471
 20
418.514944
 30
0.0
 11
1206.573471
 21
411.794944
 31
0.0
  0
LINE
  5
1B1D
330
70
100
AcDbEntity
  8
Visible
100
AcDbLine
 10
1205.637471
 20
418.514944
 30
0.0
 11
1206.573471
 21
418.514944
 31
0.0
  0
LINE
  5
1B1E
330
70
100
AcDbEntity
  8
Visible
100
AcDbLine
 10
1205.637471
 20
410.978944
 30
0.0
 11
1205.637471
 21
418.514944
 31
0.0
  0
LINE
  5
1B1F
330
70
100
AcDbEntity
  8
Visible
100
AcDbLine
 10
1215.555471
 20
413.690944
 30
0.0
 11
1211.583673
 21
413.690944
 31
0.0
  0
LINE
  5
1B20
330
70
100
AcDbEntity
  8
Visible
100
AcDbLine
 10
1215.563471
 20
413.811944
 30
0.0
 11
1215.555471
 21
413.690944
 31
0.0
  0
LINE
  5
1B21
330
70
100
AcDbEntity
  8
Visible
100
AcDbLine
 10
1215.568471
 20
413.931944
 30
0.0
 11
1215.563471
 21
413.811944
 31
0.0
  0
LINE
  5
1B22
330
70
100
AcDbEntity
  8
Visible
100
AcDbLine
 10
1215.569471
 20
414.050944
 30
0.0
 11
1215.568471
 21
413.931944
 31
0.0
  0
LINE
  5
1B23
330
70
100
AcDbEntity
  8
Visible
100
AcDbLine
 10
1215.568471
 20
414.169944
 30
0.0
 11
1215.569471
 21
414.050944
 31
0.0
  0
LINE
  5
1B24
330
70
100
AcDbEntity
  8
Visible
100
AcDbLine
 10
1215.563471
 20
414.286944
 30
0.0
 11
1215.568471
 21
414.169944
 31
0.0
  0
LINE
  5
1B25
330
70
100
AcDbEntity
  8
Visible
100
AcDbLine
 10
1215.555471
 20
414.403944
 30
0.0
 11
1215.563471
 21
414.286944
 31
0.0
  0
LINE
  5
1B26
330
70
100
AcDbEntity
  8
Visible
100
AcDbLine
 10
1215.544471
 20
414.519944
 30
0.0
 11
1215.555471
 21
414.403944
 31
0.0
  0
LINE
  5
1B27
330
70
100
AcDbEntity
  8
Visible
100
AcDbLine
 10
1215.530471
 20
414.635944
 30
0.0
 11
1215.544471
 21
414.519944
 31
0.0
  0
LINE
  5
1B28
330
70
100
AcDbEntity
  8
Visible
100
AcDbLine
 10
1215.513471
 20
414.749944
 30
0.0
 11
1215.530471
 21
414.635944
 31
0.0
  0
LINE
  5
1B29
330
70
100
AcDbEntity
  8
Visible
100
AcDbLine
 10
1215.492471
 20
414.863944
 30
0.0
 11
1215.513471
 21
414.749944
 31
0.0
  0
LINE
  5
1B2A
330
70
100
AcDbEntity
  8
Visible
100
AcDbLine
 10
1215.468471
 20
414.975944
 30
0.0
 11
1215.492471
 21
414.863944
 31
0.0
  0
LINE
  5
1B2B
330
70
100
AcDbEntity
  8
Visible
100
AcDbLine
 10
1215.441471
 20
415.085944
 30
0.0
 11
1215.468471
 21
414.975944
 31
0.0
  0
LINE
  5
1B2C
330
70
100
AcDbEntity
  8
Visible
100
AcDbLine
 10
1215.410471
 20
415.193944
 30
0.0
 11
1215.441471
 21
415.085944
 31
0.0
  0
LINE
  5
1B2D
330
70
100
AcDbEntity
  8
Visible
100
AcDbLine
 10
1215.376471
 20
415.298944
 30
0.0
 11
1215.410471
 21
415.193944
 31
0.0
  0
LINE
  5
1B2E
330
70
100
AcDbEntity
  8
Visible
100
AcDbLine
 10
1215.338471
 20
415.401944
 30
0.0
 11
1215.376471
 21
415.298944
 31
0.0
  0
LINE
  5
1B2F
330
70
100
AcDbEntity
  8
Visible
100
AcDbLine
 10
1215.297471
 20
415.501944
 30
0.0
 11
1215.338471
 21
415.401944
 31
0.0
  0
LINE
  5
1B30
330
70
100
AcDbEntity
  8
Visible
100
AcDbLine
 10
1215.253471
 20
415.599944
 30
0.0
 11
1215.297471
 21
415.501944
 31
0.0
  0
LINE
  5
1B31
330
70
100
AcDbEntity
  8
Visible
100
AcDbLine
 10
1215.205471
 20
415.695944
 30
0.0
 11
1215.253471
 21
415.599944
 31
0.0
  0
LINE
  5
1B32
330
70
100
AcDbEntity
  8
Visible
100
AcDbLine
 10
1215.154471
 20
415.789944
 30
0.0
 11
1215.205471
 21
415.695944
 31
0.0
  0
LINE
  5
1B33
330
70
100
AcDbEntity
  8
Visible
100
AcDbLine
 10
1215.099471
 20
415.880944
 30
0.0
 11
1215.154471
 21
415.789944
 31
0.0
  0
LINE
  5
1B34
330
70
100
AcDbEntity
  8
Visible
100
AcDbLine
 10
1215.041471
 20
415.968944
 30
0.0
 11
1215.099471
 21
415.880944
 31
0.0
  0
LINE
  5
1B35
330
70
100
AcDbEntity
  8
Visible
100
AcDbLine
 10
1214.979471
 20
416.053944
 30
0.0
 11
1215.041471
 21
415.968944
 31
0.0
  0
LINE
  5
1B36
330
70
100
AcDbEntity
  8
Visible
100
AcDbLine
 10
1214.914471
 20
416.133944
 30
0.0
 11
1214.979471
 21
416.053944
 31
0.0
  0
LINE
  5
1B37
330
70
100
AcDbEntity
  8
Visible
100
AcDbLine
 10
1214.845471
 20
416.210944
 30
0.0
 11
1214.914471
 21
416.133944
 31
0.0
  0
LINE
  5
1B38
330
70
100
AcDbEntity
  8
Visible
100
AcDbLine
 10
1214.772471
 20
416.283944
 30
0.0
 11
1214.845471
 21
416.210944
 31
0.0
  0
LINE
  5
1B39
330
70
100
AcDbEntity
  8
Visible
100
AcDbLine
 10
1214.696471
 20
416.353944
 30
0.0
 11
1214.772471
 21
416.283944
 31
0.0
  0
LINE
  5
1B3A
330
70
100
AcDbEntity
  8
Visible
100
AcDbLine
 10
1214.616471
 20
416.419944
 30
0.0
 11
1214.696471
 21
416.353944
 31
0.0
  0
LINE
  5
1B3B
330
70
100
AcDbEntity
  8
Visible
100
AcDbLine
 10
1214.533471
 20
416.481944
 30
0.0
 11
1214.616471
 21
416.419944
 31
0.0
  0
LINE
  5
1B3C
330
70
100
AcDbEntity
  8
Visible
100
AcDbLine
 10
1214.446471
 20
416.539944
 30
0.0
 11
1214.533471
 21
416.481944
 31
0.0
  0
LINE
  5
1B3D
330
70
100
AcDbEntity
  8
Visible
100
AcDbLine
 10
1214.355471
 20
416.594944
 30
0.0
 11
1214.446471
 21
416.539944
 31
0.0
  0
LINE
  5
1B3E
330
70
100
AcDbEntity
  8
Visible
100
AcDbLine
 10
1214.261471
 20
416.644944
 30
0.0
 11
1214.355471
 21
416.594944
 31
0.0
  0
LINE
  5
1B3F
330
70
100
AcDbEntity
  8
Visible
100
AcDbLine
 10
1214.163471
 20
416.689944
 30
0.0
 11
1214.261471
 21
416.644944
 31
0.0
  0
LINE
  5
1B40
330
70
100
AcDbEntity
  8
Visible
100
AcDbLine
 10
1214.061471
 20
416.729944
 30
0.0
 11
1214.163471
 21
416.689944
 31
0.0
  0
LINE
  5
1B41
330
70
100
AcDbEntity
  8
Visible
100
AcDbLine
 10
1213.955471
 20
416.763944
 30
0.0
 11
1214.061471
 21
416.729944
 31
0.0
  0
LINE
  5
1B42
330
70
100
AcDbEntity
  8
Visible
100
AcDbLine
 10
1213.845471
 20
416.792944
 30
0.0
 11
1213.955471
 21
416.763944
 31
0.0
  0
LINE
  5
1B43
330
70
100
AcDbEntity
  8
Visible
100
AcDbLine
 10
1213.731471
 20
416.816944
 30
0.0
 11
1213.845471
 21
416.792944
 31
0.0
  0
LINE
  5
1B44
330
70
100
AcDbEntity
  8
Visible
100
AcDbLine
 10
1213.614471
 20
416.834944
 30
0.0
 11
1213.731471
 21
416.816944
 31
0.0
  0
LINE
  5
1B45
330
70
100
AcDbEntity
  8
Visible
100
AcDbLine
 10
1213.493471
 20
416.847944
 30
0.0
 11
1213.614471
 21
416.834944
 31
0.0
  0
LINE
  5
1B46
330
70
100
AcDbEntity
  8
Visible
100
AcDbLine
 10
1213.368471
 20
416.855944
 30
0.0
 11
1213.493471
 21
416.847944
 31
0.0
  0
LINE
  5
1B47
330
70
100
AcDbEntity
  8
Visible
100
AcDbLine
 10
1213.239471
 20
416.858944
 30
0.0
 11
1213.368471
 21
416.855944
 31
0.0
  0
LINE
  5
1B48
330
70
100
AcDbEntity
  8
Visible
100
AcDbLine
 10
1213.091471
 20
416.854944
 30
0.0
 11
1213.239471
 21
416.858944
 31
0.0
  0
LINE
  5
1B49
330
70
100
AcDbEntity
  8
Visible
100
AcDbLine
 10
1212.946471
 20
416.843944
 30
0.0
 11
1213.091471
 21
416.854944
 31
0.0
  0
LINE
  5
1B4A
330
70
100
AcDbEntity
  8
Visible
100
AcDbLine
 10
1212.804471
 20
416.825944
 30
0.0
 11
1212.946471
 21
416.843944
 31
0.0
  0
LINE
  5
1B4B
330
70
100
AcDbEntity
  8
Visible
100
AcDbLine
 10
1212.665471
 20
416.800944
 30
0.0
 11
1212.804471
 21
416.825944
 31
0.0
  0
LINE
  5
1B4C
330
70
100
AcDbEntity
  8
Visible
100
AcDbLine
 10
1212.530471
 20
416.767944
 30
0.0
 11
1212.665471
 21
416.800944
 31
0.0
  0
LINE
  5
1B4D
330
70
100
AcDbEntity
  8
Visible
100
AcDbLine
 10
1212.398471
 20
416.727944
 30
0.0
 11
1212.530471
 21
416.767944
 31
0.0
  0
LINE
  5
1B4E
330
70
100
AcDbEntity
  8
Visible
100
AcDbLine
 10
1212.270471
 20
416.680944
 30
0.0
 11
1212.398471
 21
416.727944
 31
0.0
  0
LINE
  5
1B4F
330
70
100
AcDbEntity
  8
Visible
100
AcDbLine
 10
1212.145471
 20
416.626944
 30
0.0
 11
1212.270471
 21
416.680944
 31
0.0
  0
LINE
  5
1B50
330
70
100
AcDbEntity
  8
Visible
100
AcDbLine
 10
1212.023471
 20
416.564944
 30
0.0
 11
1212.145471
 21
416.626944
 31
0.0
  0
LINE
  5
1B51
330
70
100
AcDbEntity
  8
Visible
100
AcDbLine
 10
1211.904471
 20
416.495944
 30
0.0
 11
1212.023471
 21
416.564944
 31
0.0
  0
LINE
  5
1B52
330
70
100
AcDbEntity
  8
Visible
100
AcDbLine
 10
1211.789471
 20
416.419944
 30
0.0
 11
1211.904471
 21
416.495944
 31
0.0
  0
LINE
  5
1B53
330
70
100
AcDbEntity
  8
Visible
100
AcDbLine
 10
1211.680471
 20
416.337944
 30
0.0
 11
1211.789471
 21
416.419944
 31
0.0
  0
LINE
  5
1B54
330
70
100
AcDbEntity
  8
Visible
100
AcDbLine
 10
1211.575471
 20
416.249944
 30
0.0
 11
1211.680471
 21
416.337944
 31
0.0
  0
LINE
  5
1B55
330
70
100
AcDbEntity
  8
Visible
100
AcDbLine
 10
1211.476471
 20
416.154944
 30
0.0
 11
1211.575471
 21
416.249944
 31
0.0
  0
LINE
  5
1B56
330
70
100
AcDbEntity
  8
Visible
100
AcDbLine
 10
1211.381471
 20
416.053944
 30
0.0
 11
1211.476471
 21
416.154944
 31
0.0
  0
LINE
  5
1B57
330
70
100
AcDbEntity
  8
Visible
100
AcDbLine
 10
1211.292471
 20
415.946944
 30
0.0
 11
1211.381471
 21
416.053944
 31
0.0
  0
LINE
  5
1B58
330
70
100
AcDbEntity
  8
Visible
100
AcDbLine
 10
1211.207471
 20
415.832944
 30
0.0
 11
1211.292471
 21
415.946944
 31
0.0
  0
LINE
  5
1B59
330
70
100
AcDbEntity
  8
Visible
100
AcDbLine
 10
1211.127471
 20
415.713944
 30
0.0
 11
1211.207471
 21
415.832944
 31
0.0
  0
LINE
  5
1B5A
330
70
100
AcDbEntity
  8
Visible
100
AcDbLine
 10
1211.053471
 20
415.586944
 30
0.0
 11
1211.127471
 21
415.713944
 31
0.0
  0
LINE
  5
1B5B
330
70
100
AcDbEntity
  8
Visible
100
AcDbLine
 10
1210.983471
 20
415.454944
 30
0.0
 11
1211.053471
 21
415.586944
 31
0.0
  0
LINE
  5
1B5C
330
70
100
AcDbEntity
  8
Visible
100
AcDbLine
 10
1210.919471
 20
415.316944
 30
0.0
 11
1210.983471
 21
415.454944
 31
0.0
  0
LINE
  5
1B5D
330
70
100
AcDbEntity
  8
Visible
100
AcDbLine
 10
1210.862471
 20
415.172944
 30
0.0
 11
1210.919471
 21
415.316944
 31
0.0
  0
LINE
  5
1B5E
330
70
100
AcDbEntity
  8
Visible
100
AcDbLine
 10
1210.812471
 20
415.023944
 30
0.0
 11
1210.862471
 21
415.172944
 31
0.0
  0
LINE
  5
1B5F
330
70
100
AcDbEntity
  8
Visible
100
AcDbLine
 10
1210.768471
 20
414.869944
 30
0.0
 11
1210.812471
 21
415.023944
 31
0.0
  0
LINE
  5
1B60
330
70
100
AcDbEntity
  8
Visible
100
AcDbLine
 10
1210.731471
 20
414.710944
 30
0.0
 11
1210.768471
 21
414.869944
 31
0.0
  0
LINE
  5
1B61
330
70
100
AcDbEntity
  8
Visible
100
AcDbLine
 10
1210.701471
 20
414.545944
 30
0.0
 11
1210.731471
 21
414.710944
 31
0.0
  0
LINE
  5
1B62
330
70
100
AcDbEntity
  8
Visible
100
AcDbLine
 10
1210.677471
 20
414.375944
 30
0.0
 11
1210.701471
 21
414.545944
 31
0.0
  0
LINE
  5
1B63
330
70
100
AcDbEntity
  8
Visible
100
AcDbLine
 10
1210.660471
 20
414.200944
 30
0.0
 11
1210.677471
 21
414.375944
 31
0.0
  0
LINE
  5
1B64
330
70
100
AcDbEntity
  8
Visible
100
AcDbLine
 10
1210.650471
 20
414.020944
 30
0.0
 11
1210.660471
 21
414.200944
 31
0.0
  0
LINE
  5
1B65
330
70
100
AcDbEntity
  8
Visible
100
AcDbLine
 10
1210.647471
 20
413.834944
 30
0.0
 11
1210.650471
 21
414.020944
 31
0.0
  0
LINE
  5
1B66
330
70
100
AcDbEntity
  8
Visible
100
AcDbLine
 10
1210.650471
 20
413.660944
 30
0.0
 11
1210.647471
 21
413.834944
 31
0.0
  0
LINE
  5
1B67
330
70
100
AcDbEntity
  8
Visible
100
AcDbLine
 10
1210.661471
 20
413.489944
 30
0.0
 11
1210.650471
 21
413.660944
 31
0.0
  0
LINE
  5
1B68
330
70
100
AcDbEntity
  8
Visible
100
AcDbLine
 10
1210.678471
 20
413.323944
 30
0.0
 11
1210.661471
 21
413.489944
 31
0.0
  0
LINE
  5
1B69
330
70
100
AcDbEntity
  8
Visible
100
AcDbLine
 10
1210.701471
 20
413.161944
 30
0.0
 11
1210.678471
 21
413.323944
 31
0.0
  0
LINE
  5
1B6A
330
70
100
AcDbEntity
  8
Visible
100
AcDbLine
 10
1210.732471
 20
413.003944
 30
0.0
 11
1210.701471
 21
413.161944
 31
0.0
  0
LINE
  5
1B6B
330
70
100
AcDbEntity
  8
Visible
100
AcDbLine
 10
1210.769471
 20
412.849944
 30
0.0
 11
1210.732471
 21
413.003944
 31
0.0
  0
LINE
  5
1B6C
330
70
100
AcDbEntity
  8
Visible
100
AcDbLine
 10
1210.813471
 20
412.699944
 30
0.0
 11
1210.769471
 21
412.849944
 31
0.0
  0
LINE
  5
1B6D
330
70
100
AcDbEntity
  8
Visible
100
AcDbLine
 10
1210.864471
 20
412.553944
 30
0.0
 11
1210.813471
 21
412.699944
 31
0.0
  0
LINE
  5
1B6E
330
70
100
AcDbEntity
  8
Visible
100
AcDbLine
 10
1210.922471
 20
412.412944
 30
0.0
 11
1210.864471
 21
412.553944
 31
0.0
  0
LINE
  5
1B6F
330
70
100
AcDbEntity
  8
Visible
100
AcDbLine
 10
1210.986471
 20
412.274944
 30
0.0
 11
1210.922471
 21
412.412944
 31
0.0
  0
LINE
  5
1B70
330
70
100
AcDbEntity
  8
Visible
100
AcDbLine
 10
1211.056471
 20
412.141944
 30
0.0
 11
1210.986471
 21
412.274944
 31
0.0
  0
LINE
  5
1B71
330
70
100
AcDbEntity
  8
Visible
100
AcDbLine
 10
1211.131471
 20
412.015944
 30
0.0
 11
1211.056471
 21
412.141944
 31
0.0
  0
LINE
  5
1B72
330
70
100
AcDbEntity
  8
Visible
100
AcDbLine
 10
1211.212471
 20
411.894944
 30
0.0
 11
1211.131471
 21
412.015944
 31
0.0
  0
LINE
  5
1B73
330
70
100
AcDbEntity
  8
Visible
100
AcDbLine
 10
1211.297471
 20
411.779944
 30
0.0
 11
1211.212471
 21
411.894944
 31
0.0
  0
LINE
  5
1B74
330
70
100
AcDbEntity
  8
Visible
100
AcDbLine
 10
1211.386471
 20
411.670944
 30
0.0
 11
1211.297471
 21
411.779944
 31
0.0
  0
LINE
  5
1B75
330
70
100
AcDbEntity
  8
Visible
100
AcDbLine
 10
1211.481471
 20
411.567944
 30
0.0
 11
1211.386471
 21
411.670944
 31
0.0
  0
LINE
  5
1B76
330
70
100
AcDbEntity
  8
Visible
100
AcDbLine
 10
1211.581471
 20
411.470944
 30
0.0
 11
1211.481471
 21
411.567944
 31
0.0
  0
LINE
  5
1B77
330
70
100
AcDbEntity
  8
Visible
100
AcDbLine
 10
1211.686471
 20
411.379944
 30
0.0
 11
1211.581471
 21
411.470944
 31
0.0
  0
LINE
  5
1B78
330
70
100
AcDbEntity
  8
Visible
100
AcDbLine
 10
1211.795471
 20
411.294944
 30
0.0
 11
1211.686471
 21
411.379944
 31
0.0
  0
LINE
  5
1B79
330
70
100
AcDbEntity
  8
Visible
100
AcDbLine
 10
1211.910471
 20
411.215944
 30
0.0
 11
1211.795471
 21
411.294944
 31
0.0
  0
LINE
  5
1B7A
330
70
100
AcDbEntity
  8
Visible
100
AcDbLine
 10
1212.029471
 20
411.143944
 30
0.0
 11
1211.910471
 21
411.215944
 31
0.0
  0
LINE
  5
1B7B
330
70
100
AcDbEntity
  8
Visible
100
AcDbLine
 10
1212.150471
 20
411.078944
 30
0.0
 11
1212.029471
 21
411.143944
 31
0.0
  0
LINE
  5
1B7C
330
70
100
AcDbEntity
  8
Visible
100
AcDbLine
 10
1212.275471
 20
411.021944
 30
0.0
 11
1212.150471
 21
411.078944
 31
0.0
  0
LINE
  5
1B7D
330
70
100
AcDbEntity
  8
Visible
100
AcDbLine
 10
1212.403471
 20
410.971944
 30
0.0
 11
1212.275471
 21
411.021944
 31
0.0
  0
LINE
  5
1B7E
330
70
100
AcDbEntity
  8
Visible
100
AcDbLine
 10
1212.535471
 20
410.929944
 30
0.0
 11
1212.403471
 21
410.971944
 31
0.0
  0
LINE
  5
1B7F
330
70
100
AcDbEntity
  8
Visible
100
AcDbLine
 10
1212.669471
 20
410.895944
 30
0.0
 11
1212.535471
 21
410.929944
 31
0.0
  0
LINE
  5
1B80
330
70
100
AcDbEntity
  8
Visible
100
AcDbLine
 10
1212.807471
 20
410.868944
 30
0.0
 11
1212.669471
 21
410.895944
 31
0.0
  0
LINE
  5
1B81
330
70
100
AcDbEntity
  8
Visible
100
AcDbLine
 10
1212.948471
 20
410.849944
 30
0.0
 11
1212.807471
 21
410.868944
 31
0.0
  0
LINE
  5
1B82
330
70
100
AcDbEntity
  8
Visible
100
AcDbLine
 10
1213.092471
 20
410.838944
 30
0.0
 11
1212.948471
 21
410.849944
 31
0.0
  0
LINE
  5
1B83
330
70
100
AcDbEntity
  8
Visible
100
AcDbLine
 10
1213.239471
 20
410.834944
 30
0.0
 11
1213.092471
 21
410.838944
 31
0.0
  0
LINE
  5
1B84
330
70
100
AcDbEntity
  8
Visible
100
AcDbLine
 10
1213.361471
 20
410.836944
 30
0.0
 11
1213.239471
 21
410.834944
 31
0.0
  0
LINE
  5
1B85
330
70
100
AcDbEntity
  8
Visible
100
AcDbLine
 10
1213.481471
 20
410.843944
 30
0.0
 11
1213.361471
 21
410.836944
 31
0.0
  0
LINE
  5
1B86
330
70
100
AcDbEntity
  8
Visible
100
AcDbLine
 10
1213.598471
 20
410.854944
 30
0.0
 11
1213.481471
 21
410.843944
 31
0.0
  0
LINE
  5
1B87
330
70
100
AcDbEntity
  8
Visible
100
AcDbLine
 10
1213.713471
 20
410.870944
 30
0.0
 11
1213.598471
 21
410.854944
 31
0.0
  0
LINE
  5
1B88
330
70
100
AcDbEntity
  8
Visible
100
AcDbLine
 10
1213.825471
 20
410.889944
 30
0.0
 11
1213.713471
 21
410.870944
 31
0.0
  0
LINE
  5
1B89
330
70
100
AcDbEntity
  8
Visible
100
AcDbLine
 10
1213.935471
 20
410.914944
 30
0.0
 11
1213.825471
 21
410.889944
 31
0.0
  0
LINE
  5
1B8A
330
70
100
AcDbEntity
  8
Visible
100
AcDbLine
 10
1214.042471
 20
410.943944
 30
0.0
 11
1213.935471
 21
410.914944
 31
0.0
  0
LINE
  5
1B8B
330
70
100
AcDbEntity
  8
Visible
100
AcDbLine
 10
1214.147471
 20
410.976944
 30
0.0
 11
1214.042471
 21
410.943944
 31
0.0
  0
LINE
  5
1B8C
330
70
100
AcDbEntity
  8
Visible
100
AcDbLine
 10
1214.249471
 20
411.014944
 30
0.0
 11
1214.147471
 21
410.976944
 31
0.0
  0
LINE
  5
1B8D
330
70
100
AcDbEntity
  8
Visible
100
AcDbLine
 10
1214.349471
 20
411.056944
 30
0.0
 11
1214.249471
 21
411.014944
 31
0.0
  0
LINE
  5
1B8E
330
70
100
AcDbEntity
  8
Visible
100
AcDbLine
 10
1214.446471
 20
411.102944
 30
0.0
 11
1214.349471
 21
411.056944
 31
0.0
  0
LINE
  5
1B8F
330
70
100
AcDbEntity
  8
Visible
100
AcDbLine
 10
1214.539471
 20
411.152944
 30
0.0
 11
1214.446471
 21
411.102944
 31
0.0
  0
LINE
  5
1B90
330
70
100
AcDbEntity
  8
Visible
100
AcDbLine
 10
1214.629471
 20
411.206944
 30
0.0
 11
1214.539471
 21
411.152944
 31
0.0
  0
LINE
  5
1B91
330
70
100
AcDbEntity
  8
Visible
100
AcDbLine
 10
1214.715471
 20
411.264944
 30
0.0
 11
1214.629471
 21
411.206944
 31
0.0
  0
LINE
  5
1B92
330
70
100
AcDbEntity
  8
Visible
100
AcDbLine
 10
1214.797471
 20
411.325944
 30
0.0
 11
1214.715471
 21
411.264944
 31
0.0
  0
LINE
  5
1B93
330
70
100
AcDbEntity
  8
Visible
100
AcDbLine
 10
1214.877471
 20
411.390944
 30
0.0
 11
1214.797471
 21
411.325944
 31
0.0
  0
LINE
  5
1B94
330
70
100
AcDbEntity
  8
Visible
100
AcDbLine
 10
1214.953471
 20
411.459944
 30
0.0
 11
1214.877471
 21
411.390944
 31
0.0
  0
LINE
  5
1B95
330
70
100
AcDbEntity
  8
Visible
100
AcDbLine
 10
1215.025471
 20
411.532944
 30
0.0
 11
1214.953471
 21
411.459944
 31
0.0
  0
LINE
  5
1B96
330
70
100
AcDbEntity
  8
Visible
100
AcDbLine
 10
1215.094471
 20
411.609944
 30
0.0
 11
1215.025471
 21
411.532944
 31
0.0
  0
LINE
  5
1B97
330
70
100
AcDbEntity
  8
Visible
100
AcDbLine
 10
1215.159471
 20
411.689944
 30
0.0
 11
1215.094471
 21
411.609944
 31
0.0
  0
LINE
  5
1B98
330
70
100
AcDbEntity
  8
Visible
100
AcDbLine
 10
1215.220471
 20
411.773944
 30
0.0
 11
1215.159471
 21
411.689944
 31
0.0
  0
LINE
  5
1B99
330
70
100
AcDbEntity
  8
Visible
100
AcDbLine
 10
1215.277471
 20
411.860944
 30
0.0
 11
1215.220471
 21
411.773944
 31
0.0
  0
LINE
  5
1B9A
330
70
100
AcDbEntity
  8
Visible
100
AcDbLine
 10
1215.329471
 20
411.950944
 30
0.0
 11
1215.277471
 21
411.860944
 31
0.0
  0
LINE
  5
1B9B
330
70
100
AcDbEntity
  8
Visible
100
AcDbLine
 10
1215.377471
 20
412.043944
 30
0.0
 11
1215.329471
 21
411.950944
 31
0.0
  0
LINE
  5
1B9C
330
70
100
AcDbEntity
  8
Visible
100
AcDbLine
 10
1215.420471
 20
412.140944
 30
0.0
 11
1215.377471
 21
412.043944
 31
0.0
  0
LINE
  5
1B9D
330
70
100
AcDbEntity
  8
Visible
100
AcDbLine
 10
1215.459471
 20
412.239944
 30
0.0
 11
1215.420471
 21
412.140944
 31
0.0
  0
LINE
  5
1B9E
330
70
100
AcDbEntity
  8
Visible
100
AcDbLine
 10
1215.492471
 20
412.342944
 30
0.0
 11
1215.459471
 21
412.239944
 31
0.0
  0
LINE
  5
1B9F
330
70
100
AcDbEntity
  8
Visible
100
AcDbLine
 10
1215.522471
 20
412.448944
 30
0.0
 11
1215.492471
 21
412.342944
 31
0.0
  0
LINE
  5
1BA0
330
70
100
AcDbEntity
  8
Visible
100
AcDbLine
 10
1215.547471
 20
412.558944
 30
0.0
 11
1215.522471
 21
412.448944
 31
0.0
  0
LINE
  5
1BA1
330
70
100
AcDbEntity
  8
Visible
100
AcDbLine
 10
1215.567471
 20
412.670944
 30
0.0
 11
1215.547471
 21
412.558944
 31
0.0
  0
LINE
  5
1BA2
330
70
100
AcDbEntity
  8
Visible
100
AcDbLine
 10
1214.595471
 20
412.670944
 30
0.0
 11
1215.567471
 21
412.670944
 31
0.0
  0
LINE
  5
1BA3
330
70
100
AcDbEntity
  8
Visible
100
AcDbLine
 10
1214.577471
 20
412.567944
 30
0.0
 11
1214.595471
 21
412.670944
 31
0.0
  0
LINE
  5
1BA4
330
70
100
AcDbEntity
  8
Visible
100
AcDbLine
 10
1214.553471
 20
412.469944
 30
0.0
 11
1214.577471
 21
412.567944
 31
0.0
  0
LINE
  5
1BA5
330
70
100
AcDbEntity
  8
Visible
100
AcDbLine
 10
1214.523471
 20
412.376944
 30
0.0
 11
1214.553471
 21
412.469944
 31
0.0
  0
LINE
  5
1BA6
330
70
100
AcDbEntity
  8
Visible
100
AcDbLine
 10
1214.487471
 20
412.289944
 30
0.0
 11
1214.523471
 21
412.376944
 31
0.0
  0
LINE
  5
1BA7
330
70
100
AcDbEntity
  8
Visible
100
AcDbLine
 10
1214.446471
 20
412.206944
 30
0.0
 11
1214.487471
 21
412.289944
 31
0.0
  0
LINE
  5
1BA8
330
70
100
AcDbEntity
  8
Visible
100
AcDbLine
 10
1214.400471
 20
412.129944
 30
0.0
 11
1214.446471
 21
412.206944
 31
0.0
  0
LINE
  5
1BA9
330
70
100
AcDbEntity
  8
Visible
100
AcDbLine
 10
1214.348471
 20
412.057944
 30
0.0
 11
1214.400471
 21
412.129944
 31
0.0
  0
LINE
  5
1BAA
330
70
100
AcDbEntity
  8
Visible
100
AcDbLine
 10
1214.290471
 20
411.990944
 30
0.0
 11
1214.348471
 21
412.057944
 31
0.0
  0
LINE
  5
1BAB
330
70
100
AcDbEntity
  8
Visible
100
AcDbLine
 10
1214.226471
 20
411.929944
 30
0.0
 11
1214.290471
 21
411.990944
 31
0.0
  0
LINE
  5
1BAC
330
70
100
AcDbEntity
  8
Visible
100
AcDbLine
 10
1214.157471
 20
411.872944
 30
0.0
 11
1214.226471
 21
411.929944
 31
0.0
  0
LINE
  5
1BAD
330
70
100
AcDbEntity
  8
Visible
100
AcDbLine
 10
1214.083471
 20
411.821944
 30
0.0
 11
1214.157471
 21
411.872944
 31
0.0
  0
LINE
  5
1BAE
330
70
100
AcDbEntity
  8
Visible
100
AcDbLine
 10
1214.005471
 20
411.775944
 30
0.0
 11
1214.083471
 21
411.821944
 31
0.0
  0
LINE
  5
1BAF
330
70
100
AcDbEntity
  8
Visible
100
AcDbLine
 10
1213.923471
 20
411.734944
 30
0.0
 11
1214.005471
 21
411.775944
 31
0.0
  0
LINE
  5
1BB0
330
70
100
AcDbEntity
  8
Visible
100
AcDbLine
 10
1213.837471
 20
411.699944
 30
0.0
 11
1213.923471
 21
411.734944
 31
0.0
  0
LINE
  5
1BB1
330
70
100
AcDbEntity
  8
Visible
100
AcDbLine
 10
1213.747471
 20
411.670944
 30
0.0
 11
1213.837471
 21
411.699944
 31
0.0
  0
LINE
  5
1BB2
330
70
100
AcDbEntity
  8
Visible
100
AcDbLine
 10
1213.654471
 20
411.645944
 30
0.0
 11
1213.747471
 21
411.670944
 31
0.0
  0
LINE
  5
1BB3
330
70
100
AcDbEntity
  8
Visible
100
AcDbLine
 10
1213.556471
 20
411.626944
 30
0.0
 11
1213.654471
 21
411.645944
 31
0.0
  0
LINE
  5
1BB4
330
70
100
AcDbEntity
  8
Visible
100
AcDbLine
 10
1213.454471
 20
411.613944
 30
0.0
 11
1213.556471
 21
411.626944
 31
0.0
  0
LINE
  5
1BB5
330
70
100
AcDbEntity
  8
Visible
100
AcDbLine
 10
1213.349471
 20
411.605944
 30
0.0
 11
1213.454471
 21
411.613944
 31
0.0
  0
LINE
  5
1BB6
330
70
100
AcDbEntity
  8
Visible
100
AcDbLine
 10
1213.239471
 20
411.602944
 30
0.0
 11
1213.349471
 21
411.605944
 31
0.0
  0
LINE
  5
1BB7
330
70
100
AcDbEntity
  8
Visible
100
AcDbLine
 10
1213.129471
 20
411.605944
 30
0.0
 11
1213.239471
 21
411.602944
 31
0.0
  0
LINE
  5
1BB8
330
70
100
AcDbEntity
  8
Visible
100
AcDbLine
 10
1213.023471
 20
411.613944
 30
0.0
 11
1213.129471
 21
411.605944
 31
0.0
  0
LINE
  5
1BB9
330
70
100
AcDbEntity
  8
Visible
100
AcDbLine
 10
1212.921471
 20
411.627944
 30
0.0
 11
1213.023471
 21
411.613944
 31
0.0
  0
LINE
  5
1BBA
330
70
100
AcDbEntity
  8
Visible
100
AcDbLine
 10
1212.823471
 20
411.646944
 30
0.0
 11
1212.921471
 21
411.627944
 31
0.0
  0
LINE
  5
1BBB
330
70
100
AcDbEntity
  8
Visible
100
AcDbLine
 10
1212.729471
 20
411.671944
 30
0.0
 11
1212.823471
 21
411.646944
 31
0.0
  0
LINE
  5
1BBC
330
70
100
AcDbEntity
  8
Visible
100
AcDbLine
 10
1212.639471
 20
411.701944
 30
0.0
 11
1212.729471
 21
411.671944
 31
0.0
  0
LINE
  5
1BBD
330
70
100
AcDbEntity
  8
Visible
100
AcDbLine
 10
1212.552471
 20
411.737944
 30
0.0
 11
1212.639471
 21
411.701944
 31
0.0
  0
LINE
  5
1BBE
330
70
100
AcDbEntity
  8
Visible
100
AcDbLine
 10
1212.469471
 20
411.779944
 30
0.0
 11
1212.552471
 21
411.737944
 31
0.0
  0
LINE
  5
1BBF
330
70
100
AcDbEntity
  8
Visible
100
AcDbLine
 10
1212.390471
 20
411.826944
 30
0.0
 11
1212.469471
 21
411.779944
 31
0.0
  0
LINE
  5
1BC0
330
70
100
AcDbEntity
  8
Visible
100
AcDbLine
 10
1212.315471
 20
411.878944
 30
0.0
 11
1212.390471
 21
411.826944
 31
0.0
  0
LINE
  5
1BC1
330
70
100
AcDbEntity
  8
Visible
100
AcDbLine
 10
1212.244471
 20
411.935944
 30
0.0
 11
1212.315471
 21
411.878944
 31
0.0
  0
LINE
  5
1BC2
330
70
100
AcDbEntity
  8
Visible
100
AcDbLine
 10
1212.176471
 20
411.996944
 30
0.0
 11
1212.244471
 21
411.935944
 31
0.0
  0
LINE
  5
1BC3
330
70
100
AcDbEntity
  8
Visible
100
AcDbLine
 10
1212.112471
 20
412.061944
 30
0.0
 11
1212.176471
 21
411.996944
 31
0.0
  0
LINE
  5
1BC4
330
70
100
AcDbEntity
  8
Visible
100
AcDbLine
 10
1212.051471
 20
412.130944
 30
0.0
 11
1212.112471
 21
412.061944
 31
0.0
  0
LINE
  5
1BC5
330
70
100
AcDbEntity
  8
Visible
100
AcDbLine
 10
1211.995471
 20
412.203944
 30
0.0
 11
1212.051471
 21
412.130944
 31
0.0
  0
LINE
  5
1BC6
330
70
100
AcDbEntity
  8
Visible
100
AcDbLine
 10
1211.942471
 20
412.280944
 30
0.0
 11
1211.995471
 21
412.203944
 31
0.0
  0
LINE
  5
1BC7
330
70
100
AcDbEntity
  8
Visible
100
AcDbLine
 10
1211.892471
 20
412.361944
 30
0.0
 11
1211.942471
 21
412.280944
 31
0.0
  0
LINE
  5
1BC8
330
70
100
AcDbEntity
  8
Visible
100
AcDbLine
 10
1211.847471
 20
412.446944
 30
0.0
 11
1211.892471
 21
412.361944
 31
0.0
  0
LINE
  5
1BC9
330
70
100
AcDbEntity
  8
Visible
100
AcDbLine
 10
1211.804471
 20
412.535944
 30
0.0
 11
1211.847471
 21
412.446944
 31
0.0
  0
LINE
  5
1BCA
330
70
100
AcDbEntity
  8
Visible
100
AcDbLine
 10
1211.766471
 20
412.628944
 30
0.0
 11
1211.804471
 21
412.535944
 31
0.0
  0
LINE
  5
1BCB
330
70
100
AcDbEntity
  8
Visible
100
AcDbLine
 10
1211.731471
 20
412.724944
 30
0.0
 11
1211.766471
 21
412.628944
 31
0.0
  0
LINE
  5
1BCC
330
70
100
AcDbEntity
  8
Visible
100
AcDbLine
 10
1211.700471
 20
412.823944
 30
0.0
 11
1211.731471
 21
412.724944
 31
0.0
  0
LINE
  5
1BCD
330
70
100
AcDbEntity
  8
Visible
100
AcDbLine
 10
1211.673471
 20
412.924944
 30
0.0
 11
1211.700471
 21
412.823944
 31
0.0
  0
LINE
  5
1BCE
330
70
100
AcDbEntity
  8
Visible
100
AcDbLine
 10
1211.649471
 20
413.027944
 30
0.0
 11
1211.673471
 21
412.924944
 31
0.0
  0
LINE
  5
1BCF
330
70
100
AcDbEntity
  8
Visible
100
AcDbLine
 10
1211.629471
 20
413.134944
 30
0.0
 11
1211.649471
 21
413.027944
 31
0.0
  0
LINE
  5
1BD0
330
70
100
AcDbEntity
  8
Visible
100
AcDbLine
 10
1211.612471
 20
413.242944
 30
0.0
 11
1211.629471
 21
413.134944
 31
0.0
  0
LINE
  5
1BD1
330
70
100
AcDbEntity
  8
Visible
100
AcDbLine
 10
1211.599471
 20
413.353944
 30
0.0
 11
1211.612471
 21
413.242944
 31
0.0
  0
LINE
  5
1BD2
330
70
100
AcDbEntity
  8
Visible
100
AcDbLine
 10
1211.590471
 20
413.467944
 30
0.0
 11
1211.599471
 21
413.353944
 31
0.0
  0
LINE
  5
1BD3
330
70
100
AcDbEntity
  8
Visible
100
AcDbLine
 10
1211.585471
 20
413.583944
 30
0.0
 11
1211.590471
 21
413.467944
 31
0.0
  0
LINE
  5
1BD4
330
70
100
AcDbEntity
  8
Visible
100
AcDbLine
 10
1211.583673
 20
413.690944
 30
0.0
 11
1211.585471
 21
413.583944
 31
0.0
  0
LINE
  5
1BD5
330
70
100
AcDbEntity
  8
Visible
100
AcDbLine
 10
1217.721471
 20
416.066944
 30
0.0
 11
1216.785471
 21
416.066944
 31
0.0
  0
LINE
  5
1BD6
330
70
100
AcDbEntity
  8
Visible
100
AcDbLine
 10
1217.721471
 20
410.978944
 30
0.0
 11
1217.721471
 21
416.066944
 31
0.0
  0
LINE
  5
1BD7
330
70
100
AcDbEntity
  8
Visible
100
AcDbLine
 10
1218.657471
 20
410.978944
 30
0.0
 11
1217.721471
 21
410.978944
 31
0.0
  0
LINE
  5
1BD8
330
70
100
AcDbEntity
  8
Visible
100
AcDbLine
 10
1218.657471
 20
416.066944
 30
0.0
 11
1218.657471
 21
410.978944
 31
0.0
  0
LINE
  5
1BD9
330
70
100
AcDbEntity
  8
Visible
100
AcDbLine
 10
1219.845471
 20
416.066944
 30
0.0
 11
1218.657471
 21
416.066944
 31
0.0
  0
LINE
  5
1BDA
330
70
100
AcDbEntity
  8
Visible
100
AcDbLine
 10
1219.845471
 20
416.714944
 30
0.0
 11
1219.845471
 21
416.066944
 31
0.0
  0
LINE
  5
1BDB
330
70
100
AcDbEntity
  8
Visible
100
AcDbLine
 10
1218.657471
 20
416.714944
 30
0.0
 11
1219.845471
 21
416.714944
 31
0.0
  0
LINE
  5
1BDC
330
70
100
AcDbEntity
  8
Visible
100
AcDbLine
 10
1218.657471
 20
417.590944
 30
0.0
 11
1218.657471
 21
416.714944
 31
0.0
  0
LINE
  5
1BDD
330
70
100
AcDbEntity
  8
Visible
100
AcDbLine
 10
1218.658471
 20
417.663944
 30
0.0
 11
1218.657471
 21
417.590944
 31
0.0
  0
LINE
  5
1BDE
330
70
100
AcDbEntity
  8
Visible
100
AcDbLine
 10
1218.662471
 20
417.732944
 30
0.0
 11
1218.658471
 21
417.663944
 31
0.0
  0
LINE
  5
1BDF
330
70
100
AcDbEntity
  8
Visible
100
AcDbLine
 10
1218.668471
 20
417.798944
 30
0.0
 11
1218.662471
 21
417.732944
 31
0.0
  0
LINE
  5
1BE0
330
70
100
AcDbEntity
  8
Visible
100
AcDbLine
 10
1218.677471
 20
417.860944
 30
0.0
 11
1218.668471
 21
417.798944
 31
0.0
  0
LINE
  5
1BE1
330
70
100
AcDbEntity
  8
Visible
100
AcDbLine
 10
1218.689471
 20
417.919944
 30
0.0
 11
1218.677471
 21
417.860944
 31
0.0
  0
LINE
  5
1BE2
330
70
100
AcDbEntity
  8
Visible
100
AcDbLine
 10
1218.702471
 20
417.974944
 30
0.0
 11
1218.689471
 21
417.919944
 31
0.0
  0
LINE
  5
1BE3
330
70
100
AcDbEntity
  8
Visible
100
AcDbLine
 10
1218.719471
 20
418.026944
 30
0.0
 11
1218.702471
 21
417.974944
 31
0.0
  0
LINE
  5
1BE4
330
70
100
AcDbEntity
  8
Visible
100
AcDbLine
 10
1218.738471
 20
418.074944
 30
0.0
 11
1218.719471
 21
418.026944
 31
0.0
  0
LINE
  5
1BE5
330
70
100
AcDbEntity
  8
Visible
100
AcDbLine
 10
1218.759471
 20
418.119944
 30
0.0
 11
1218.738471
 21
418.074944
 31
0.0
  0
LINE
  5
1BE6
330
70
100
AcDbEntity
  8
Visible
100
AcDbLine
 10
1218.783471
 20
418.160944
 30
0.0
 11
1218.759471
 21
418.119944
 31
0.0
  0
LINE
  5
1BE7
330
70
100
AcDbEntity
  8
Visible
100
AcDbLine
 10
1218.809471
 20
418.198944
 30
0.0
 11
1218.783471
 21
418.160944
 31
0.0
  0
LINE
  5
1BE8
330
70
100
AcDbEntity
  8
Visible
100
AcDbLine
 10
1218.836471
 20
418.234944
 30
0.0
 11
1218.809471
 21
418.198944
 31
0.0
  0
LINE
  5
1BE9
330
70
100
AcDbEntity
  8
Visible
100
AcDbLine
 10
1218.865471
 20
418.267944
 30
0.0
 11
1218.836471
 21
418.234944
 31
0.0
  0
LINE
  5
1BEA
330
70
100
AcDbEntity
  8
Visible
100
AcDbLine
 10
1218.894471
 20
418.298944
 30
0.0
 11
1218.865471
 21
418.267944
 31
0.0
  0
LINE
  5
1BEB
330
70
100
AcDbEntity
  8
Visible
100
AcDbLine
 10
1218.925471
 20
418.326944
 30
0.0
 11
1218.894471
 21
418.298944
 31
0.0
  0
LINE
  5
1BEC
330
70
100
AcDbEntity
  8
Visible
100
AcDbLine
 10
1218.958471
 20
418.352944
 30
0.0
 11
1218.925471
 21
418.326944
 31
0.0
  0
LINE
  5
1BED
330
70
100
AcDbEntity
  8
Visible
100
AcDbLine
 10
1218.992471
 20
418.375944
 30
0.0
 11
1218.958471
 21
418.352944
 31
0.0
  0
LINE
  5
1BEE
330
70
100
AcDbEntity
  8
Visible
100
AcDbLine
 10
1219.027471
 20
418.396944
 30
0.0
 11
1218.992471
 21
418.375944
 31
0.0
  0
LINE
  5
1BEF
330
70
100
AcDbEntity
  8
Visible
100
AcDbLine
 10
1219.063471
 20
418.414944
 30
0.0
 11
1219.027471
 21
418.396944
 31
0.0
  0
LINE
  5
1BF0
330
70
100
AcDbEntity
  8
Visible
100
AcDbLine
 10
1219.101471
 20
418.430944
 30
0.0
 11
1219.063471
 21
418.414944
 31
0.0
  0
LINE
  5
1BF1
330
70
100
AcDbEntity
  8
Visible
100
AcDbLine
 10
1219.139471
 20
418.444944
 30
0.0
 11
1219.101471
 21
418.430944
 31
0.0
  0
LINE
  5
1BF2
330
70
100
AcDbEntity
  8
Visible
100
AcDbLine
 10
1219.178471
 20
418.456944
 30
0.0
 11
1219.139471
 21
418.444944
 31
0.0
  0
LINE
  5
1BF3
330
70
100
AcDbEntity
  8
Visible
100
AcDbLine
 10
1219.216471
 20
418.467944
 30
0.0
 11
1219.178471
 21
418.456944
 31
0.0
  0
LINE
  5
1BF4
330
70
100
AcDbEntity
  8
Visible
100
AcDbLine
 10
1219.255471
 20
418.476944
 30
0.0
 11
1219.216471
 21
418.467944
 31
0.0
  0
LINE
  5
1BF5
330
70
100
AcDbEntity
  8
Visible
100
AcDbLine
 10
1219.293471
 20
418.484944
 30
0.0
 11
1219.255471
 21
418.476944
 31
0.0
  0
LINE
  5
1BF6
330
70
100
AcDbEntity
  8
Visible
100
AcDbLine
 10
1219.331471
 20
418.490944
 30
0.0
 11
1219.293471
 21
418.484944
 31
0.0
  0
LINE
  5
1BF7
330
70
100
AcDbEntity
  8
Visible
100
AcDbLine
 10
1219.370471
 20
418.496944
 30
0.0
 11
1219.331471
 21
418.490944
 31
0.0
  0
LINE
  5
1BF8
330
70
100
AcDbEntity
  8
Visible
100
AcDbLine
 10
1219.408471
 20
418.499944
 30
0.0
 11
1219.370471
 21
418.496944
 31
0.0
  0
LINE
  5
1BF9
330
70
100
AcDbEntity
  8
Visible
100
AcDbLine
 10
1219.447471
 20
418.501944
 30
0.0
 11
1219.408471
 21
418.499944
 31
0.0
  0
LINE
  5
1BFA
330
70
100
AcDbEntity
  8
Visible
100
AcDbLine
 10
1219.485471
 20
418.502944
 30
0.0
 11
1219.447471
 21
418.501944
 31
0.0
  0
LINE
  5
1BFB
330
70
100
AcDbEntity
  8
Visible
100
AcDbLine
 10
1219.518471
 20
418.502944
 30
0.0
 11
1219.485471
 21
418.502944
 31
0.0
  0
LINE
  5
1BFC
330
70
100
AcDbEntity
  8
Visible
100
AcDbLine
 10
1219.550471
 20
418.501944
 30
0.0
 11
1219.518471
 21
418.502944
 31
0.0
  0
LINE
  5
1BFD
330
70
100
AcDbEntity
  8
Visible
100
AcDbLine
 10
1219.584471
 20
418.499944
 30
0.0
 11
1219.550471
 21
418.501944
 31
0.0
  0
LINE
  5
1BFE
330
70
100
AcDbEntity
  8
Visible
100
AcDbLine
 10
1219.617471
 20
418.496944
 30
0.0
 11
1219.584471
 21
418.499944
 31
0.0
  0
LINE
  5
1BFF
330
70
100
AcDbEntity
  8
Visible
100
AcDbLine
 10
1219.651471
 20
418.493944
 30
0.0
 11
1219.617471
 21
418.496944
 31
0.0
  0
LINE
  5
1C00
330
70
100
AcDbEntity
  8
Visible
100
AcDbLine
 10
1219.685471
 20
418.489944
 30
0.0
 11
1219.651471
 21
418.493944
 31
0.0
  0
LINE
  5
1C01
330
70
100
AcDbEntity
  8
Visible
100
AcDbLine
 10
1219.719471
 20
418.484944
 30
0.0
 11
1219.685471
 21
418.489944
 31
0.0
  0
LINE
  5
1C02
330
70
100
AcDbEntity
  8
Visible
100
AcDbLine
 10
1219.754471
 20
418.479944
 30
0.0
 11
1219.719471
 21
418.484944
 31
0.0
  0
LINE
  5
1C03
330
70
100
AcDbEntity
  8
Visible
100
AcDbLine
 10
1219.789471
 20
418.473944
 30
0.0
 11
1219.754471
 21
418.479944
 31
0.0
  0
LINE
  5
1C04
330
70
100
AcDbEntity
  8
Visible
100
AcDbLine
 10
1219.824471
 20
418.466944
 30
0.0
 11
1219.789471
 21
418.473944
 31
0.0
  0
LINE
  5
1C05
330
70
100
AcDbEntity
  8
Visible
100
AcDbLine
 10
1219.859471
 20
418.458944
 30
0.0
 11
1219.824471
 21
418.466944
 31
0.0
  0
LINE
  5
1C06
330
70
100
AcDbEntity
  8
Visible
100
AcDbLine
 10
1219.895471
 20
418.450944
 30
0.0
 11
1219.859471
 21
418.458944
 31
0.0
  0
LINE
  5
1C07
330
70
100
AcDbEntity
  8
Visible
100
AcDbLine
 10
1219.930471
 20
418.441944
 30
0.0
 11
1219.895471
 21
418.450944
 31
0.0
  0
LINE
  5
1C08
330
70
100
AcDbEntity
  8
Visible
100
AcDbLine
 10
1220.002471
 20
418.421944
 30
0.0
 11
1219.930471
 21
418.441944
 31
0.0
  0
LINE
  5
1C09
330
70
100
AcDbEntity
  8
Visible
100
AcDbLine
 10
1220.037471
 20
418.410944
 30
0.0
 11
1220.002471
 21
418.421944
 31
0.0
  0
LINE
  5
1C0A
330
70
100
AcDbEntity
  8
Visible
100
AcDbLine
 10
1220.073471
 20
418.398944
 30
0.0
 11
1220.037471
 21
418.410944
 31
0.0
  0
LINE
  5
1C0B
330
70
100
AcDbEntity
  8
Visible
100
AcDbLine
 10
1220.145471
 20
418.372944
 30
0.0
 11
1220.073471
 21
418.398944
 31
0.0
  0
LINE
  5
1C0C
330
70
100
AcDbEntity
  8
Visible
100
AcDbLine
 10
1220.181471
 20
418.358944
 30
0.0
 11
1220.145471
 21
418.372944
 31
0.0
  0
LINE
  5
1C0D
330
70
100
AcDbEntity
  8
Visible
100
AcDbLine
 10
1220.361471
 20
419.102944
 30
0.0
 11
1220.181471
 21
418.358944
 31
0.0
  0
LINE
  5
1C0E
330
70
100
AcDbEntity
  8
Visible
100
AcDbLine
 10
1220.311471
 20
419.116944
 30
0.0
 11
1220.361471
 21
419.102944
 31
0.0
  0
LINE
  5
1C0F
330
70
100
AcDbEntity
  8
Visible
100
AcDbLine
 10
1220.260471
 20
419.129944
 30
0.0
 11
1220.311471
 21
419.116944
 31
0.0
  0
LINE
  5
1C10
330
70
100
AcDbEntity
  8
Visible
100
AcDbLine
 10
1220.210471
 20
419.142944
 30
0.0
 11
1220.260471
 21
419.129944
 31
0.0
  0
LINE
  5
1C11
330
70
100
AcDbEntity
  8
Visible
100
AcDbLine
 10
1220.159471
 20
419.154944
 30
0.0
 11
1220.210471
 21
419.142944
 31
0.0
  0
LINE
  5
1C12
330
70
100
AcDbEntity
  8
Visible
100
AcDbLine
 10
1220.108471
 20
419.165944
 30
0.0
 11
1220.159471
 21
419.154944
 31
0.0
  0
LINE
  5
1C13
330
70
100
AcDbEntity
  8
Visible
100
AcDbLine
 10
1220.058471
 20
419.175944
 30
0.0
 11
1220.108471
 21
419.165944
 31
0.0
  0
LINE
  5
1C14
330
70
100
AcDbEntity
  8
Visible
100
AcDbLine
 10
1220.007471
 20
419.185944
 30
0.0
 11
1220.058471
 21
419.175944
 31
0.0
  0
LINE
  5
1C15
330
70
100
AcDbEntity
  8
Visible
100
AcDbLine
 10
1219.956471
 20
419.194944
 30
0.0
 11
1220.007471
 21
419.185944
 31
0.0
  0
LINE
  5
1C16
330
70
100
AcDbEntity
  8
Visible
100
AcDbLine
 10
1219.854471
 20
419.210944
 30
0.0
 11
1219.956471
 21
419.194944
 31
0.0
  0
LINE
  5
1C17
330
70
100
AcDbEntity
  8
Visible
100
AcDbLine
 10
1219.803471
 20
419.217944
 30
0.0
 11
1219.854471
 21
419.210944
 31
0.0
  0
LINE
  5
1C18
330
70
100
AcDbEntity
  8
Visible
100
AcDbLine
 10
1219.752471
 20
419.223944
 30
0.0
 11
1219.803471
 21
419.217944
 31
0.0
  0
LINE
  5
1C19
330
70
100
AcDbEntity
  8
Visible
100
AcDbLine
 10
1219.702471
 20
419.228944
 30
0.0
 11
1219.752471
 21
419.223944
 31
0.0
  0
LINE
  5
1C1A
330
70
100
AcDbEntity
  8
Visible
100
AcDbLine
 10
1219.651471
 20
419.233944
 30
0.0
 11
1219.702471
 21
419.228944
 31
0.0
  0
LINE
  5
1C1B
330
70
100
AcDbEntity
  8
Visible
100
AcDbLine
 10
1219.601471
 20
419.237944
 30
0.0
 11
1219.651471
 21
419.233944
 31
0.0
  0
LINE
  5
1C1C
330
70
100
AcDbEntity
  8
Visible
100
AcDbLine
 10
1219.501471
 20
419.243944
 30
0.0
 11
1219.601471
 21
419.237944
 31
0.0
  0
LINE
  5
1C1D
330
70
100
AcDbEntity
  8
Visible
100
AcDbLine
 10
1219.452471
 20
419.245944
 30
0.0
 11
1219.501471
 21
419.243944
 31
0.0
  0
LINE
  5
1C1E
330
70
100
AcDbEntity
  8
Visible
100
AcDbLine
 10
1219.402471
 20
419.246944
 30
0.0
 11
1219.452471
 21
419.245944
 31
0.0
  0
LINE
  5
1C1F
330
70
100
AcDbEntity
  8
Visible
100
AcDbLine
 10
1219.353471
 20
419.246944
 30
0.0
 11
1219.402471
 21
419.246944
 31
0.0
  0
LINE
  5
1C20
330
70
100
AcDbEntity
  8
Visible
100
AcDbLine
 10
1219.263471
 20
419.244944
 30
0.0
 11
1219.353471
 21
419.246944
 31
0.0
  0
LINE
  5
1C21
330
70
100
AcDbEntity
  8
Visible
100
AcDbLine
 10
1219.174471
 20
419.239944
 30
0.0
 11
1219.263471
 21
419.244944
 31
0.0
  0
LINE
  5
1C22
330
70
100
AcDbEntity
  8
Visible
100
AcDbLine
 10
1219.087471
 20
419.230944
 30
0.0
 11
1219.174471
 21
419.239944
 31
0.0
  0
LINE
  5
1C23
330
70
100
AcDbEntity
  8
Visible
100
AcDbLine
 10
1219.002471
 20
419.218944
 30
0.0
 11
1219.087471
 21
419.230944
 31
0.0
  0
LINE
  5
1C24
330
70
100
AcDbEntity
  8
Visible
100
AcDbLine
 10
1218.919471
 20
419.203944
 30
0.0
 11
1219.002471
 21
419.218944
 31
0.0
  0
LINE
  5
1C25
330
70
100
AcDbEntity
  8
Visible
100
AcDbLine
 10
1218.837471
 20
419.183944
 30
0.0
 11
1218.919471
 21
419.203944
 31
0.0
  0
LINE
  5
1C26
330
70
100
AcDbEntity
  8
Visible
100
AcDbLine
 10
1218.757471
 20
419.161944
 30
0.0
 11
1218.837471
 21
419.183944
 31
0.0
  0
LINE
  5
1C27
330
70
100
AcDbEntity
  8
Visible
100
AcDbLine
 10
1218.679471
 20
419.135944
 30
0.0
 11
1218.757471
 21
419.161944
 31
0.0
  0
LINE
  5
1C28
330
70
100
AcDbEntity
  8
Visible
100
AcDbLine
 10
1218.603471
 20
419.105944
 30
0.0
 11
1218.679471
 21
419.135944
 31
0.0
  0
LINE
  5
1C29
330
70
100
AcDbEntity
  8
Visible
100
AcDbLine
 10
1218.528471
 20
419.072944
 30
0.0
 11
1218.603471
 21
419.105944
 31
0.0
  0
LINE
  5
1C2A
330
70
100
AcDbEntity
  8
Visible
100
AcDbLine
 10
1218.456471
 20
419.035944
 30
0.0
 11
1218.528471
 21
419.072944
 31
0.0
  0
LINE
  5
1C2B
330
70
100
AcDbEntity
  8
Visible
100
AcDbLine
 10
1218.386471
 20
418.995944
 30
0.0
 11
1218.456471
 21
419.035944
 31
0.0
  0
LINE
  5
1C2C
330
70
100
AcDbEntity
  8
Visible
100
AcDbLine
 10
1218.320471
 20
418.951944
 30
0.0
 11
1218.386471
 21
418.995944
 31
0.0
  0
LINE
  5
1C2D
330
70
100
AcDbEntity
  8
Visible
100
AcDbLine
 10
1218.257471
 20
418.903944
 30
0.0
 11
1218.320471
 21
418.951944
 31
0.0
  0
LINE
  5
1C2E
330
70
100
AcDbEntity
  8
Visible
100
AcDbLine
 10
1218.196471
 20
418.851944
 30
0.0
 11
1218.257471
 21
418.903944
 31
0.0
  0
LINE
  5
1C2F
330
70
100
AcDbEntity
  8
Visible
100
AcDbLine
 10
1218.139471
 20
418.795944
 30
0.0
 11
1218.196471
 21
418.851944
 31
0.0
  0
LINE
  5
1C30
330
70
100
AcDbEntity
  8
Visible
100
AcDbLine
 10
1218.085471
 20
418.736944
 30
0.0
 11
1218.139471
 21
418.795944
 31
0.0
  0
LINE
  5
1C31
330
70
100
AcDbEntity
  8
Visible
100
AcDbLine
 10
1218.034471
 20
418.673944
 30
0.0
 11
1218.085471
 21
418.736944
 31
0.0
  0
LINE
  5
1C32
330
70
100
AcDbEntity
  8
Visible
100
AcDbLine
 10
1217.985471
 20
418.606944
 30
0.0
 11
1218.034471
 21
418.673944
 31
0.0
  0
LINE
  5
1C33
330
70
100
AcDbEntity
  8
Visible
100
AcDbLine
 10
1217.940471
 20
418.535944
 30
0.0
 11
1217.985471
 21
418.606944
 31
0.0
  0
LINE
  5
1C34
330
70
100
AcDbEntity
  8
Visible
100
AcDbLine
 10
1217.898471
 20
418.460944
 30
0.0
 11
1217.940471
 21
418.535944
 31
0.0
  0
LINE
  5
1C35
330
70
100
AcDbEntity
  8
Visible
100
AcDbLine
 10
1217.861471
 20
418.382944
 30
0.0
 11
1217.898471
 21
418.460944
 31
0.0
  0
LINE
  5
1C36
330
70
100
AcDbEntity
  8
Visible
100
AcDbLine
 10
1217.828471
 20
418.299944
 30
0.0
 11
1217.861471
 21
418.382944
 31
0.0
  0
LINE
  5
1C37
330
70
100
AcDbEntity
  8
Visible
100
AcDbLine
 10
1217.800471
 20
418.211944
 30
0.0
 11
1217.828471
 21
418.299944
 31
0.0
  0
LINE
  5
1C38
330
70
100
AcDbEntity
  8
Visible
100
AcDbLine
 10
1217.776471
 20
418.120944
 30
0.0
 11
1217.800471
 21
418.211944
 31
0.0
  0
LINE
  5
1C39
330
70
100
AcDbEntity
  8
Visible
100
AcDbLine
 10
1217.756471
 20
418.025944
 30
0.0
 11
1217.776471
 21
418.120944
 31
0.0
  0
LINE
  5
1C3A
330
70
100
AcDbEntity
  8
Visible
100
AcDbLine
 10
1217.741471
 20
417.925944
 30
0.0
 11
1217.756471
 21
418.025944
 31
0.0
  0
LINE
  5
1C3B
330
70
100
AcDbEntity
  8
Visible
100
AcDbLine
 10
1217.730471
 20
417.822944
 30
0.0
 11
1217.741471
 21
417.925944
 31
0.0
  0
LINE
  5
1C3C
330
70
100
AcDbEntity
  8
Visible
100
AcDbLine
 10
1217.723471
 20
417.714944
 30
0.0
 11
1217.730471
 21
417.822944
 31
0.0
  0
LINE
  5
1C3D
330
70
100
AcDbEntity
  8
Visible
100
AcDbLine
 10
1217.721471
 20
417.602944
 30
0.0
 11
1217.723471
 21
417.714944
 31
0.0
  0
LINE
  5
1C3E
330
70
100
AcDbEntity
  8
Visible
100
AcDbLine
 10
1217.721471
 20
416.714944
 30
0.0
 11
1217.721471
 21
417.602944
 31
0.0
  0
LINE
  5
1C3F
330
70
100
AcDbEntity
  8
Visible
100
AcDbLine
 10
1216.785471
 20
416.714944
 30
0.0
 11
1217.721471
 21
416.714944
 31
0.0
  0
LINE
  5
1C40
330
70
100
AcDbEntity
  8
Visible
100
AcDbLine
 10
1216.785471
 20
416.066944
 30
0.0
 11
1216.785471
 21
416.714944
 31
0.0
  0
LINE
  5
1C41
330
70
100
AcDbEntity
  8
Visible
100
AcDbLine
 10
1221.639471
 20
416.066944
 30
0.0
 11
1220.715471
 21
416.066944
 31
0.0
  0
LINE
  5
1C42
330
70
100
AcDbEntity
  8
Visible
100
AcDbLine
 10
1221.639471
 20
412.454944
 30
0.0
 11
1221.639471
 21
416.066944
 31
0.0
  0
LINE
  5
1C43
330
70
100
AcDbEntity
  8
Visible
100
AcDbLine
 10
1221.641471
 20
412.348944
 30
0.0
 11
1221.639471
 21
412.454944
 31
0.0
  0
LINE
  5
1C44
330
70
100
AcDbEntity
  8
Visible
100
AcDbLine
 10
1221.648471
 20
412.245944
 30
0.0
 11
1221.641471
 21
412.348944
 31
0.0
  0
LINE
  5
1C45
330
70
100
AcDbEntity
  8
Visible
100
AcDbLine
 10
1221.658471
 20
412.146944
 30
0.0
 11
1221.648471
 21
412.245944
 31
0.0
  0
LINE
  5
1C46
330
70
100
AcDbEntity
  8
Visible
100
AcDbLine
 10
1221.674471
 20
412.051944
 30
0.0
 11
1221.658471
 21
412.146944
 31
0.0
  0
LINE
  5
1C47
330
70
100
AcDbEntity
  8
Visible
100
AcDbLine
 10
1221.693471
 20
411.959944
 30
0.0
 11
1221.674471
 21
412.051944
 31
0.0
  0
LINE
  5
1C48
330
70
100
AcDbEntity
  8
Visible
100
AcDbLine
 10
1221.717471
 20
411.871944
 30
0.0
 11
1221.693471
 21
411.959944
 31
0.0
  0
LINE
  5
1C49
330
70
100
AcDbEntity
  8
Visible
100
AcDbLine
 10
1221.745471
 20
411.786944
 30
0.0
 11
1221.717471
 21
411.871944
 31
0.0
  0
LINE
  5
1C4A
330
70
100
AcDbEntity
  8
Visible
100
AcDbLine
 10
1221.777471
 20
411.705944
 30
0.0
 11
1221.745471
 21
411.786944
 31
0.0
  0
LINE
  5
1C4B
330
70
100
AcDbEntity
  8
Visible
100
AcDbLine
 10
1221.814471
 20
411.628944
 30
0.0
 11
1221.777471
 21
411.705944
 31
0.0
  0
LINE
  5
1C4C
330
70
100
AcDbEntity
  8
Visible
100
AcDbLine
 10
1221.855471
 20
411.554944
 30
0.0
 11
1221.814471
 21
411.628944
 31
0.0
  0
LINE
  5
1C4D
330
70
100
AcDbEntity
  8
Visible
100
AcDbLine
 10
1221.900471
 20
411.484944
 30
0.0
 11
1221.855471
 21
411.554944
 31
0.0
  0
LINE
  5
1C4E
330
70
100
AcDbEntity
  8
Visible
100
AcDbLine
 10
1221.948471
 20
411.417944
 30
0.0
 11
1221.900471
 21
411.484944
 31
0.0
  0
LINE
  5
1C4F
330
70
100
AcDbEntity
  8
Visible
100
AcDbLine
 10
1221.999471
 20
411.354944
 30
0.0
 11
1221.948471
 21
411.417944
 31
0.0
  0
LINE
  5
1C50
330
70
100
AcDbEntity
  8
Visible
100
AcDbLine
 10
1222.053471
 20
411.295944
 30
0.0
 11
1221.999471
 21
411.354944
 31
0.0
  0
LINE
  5
1C51
330
70
100
AcDbEntity
  8
Visible
100
AcDbLine
 10
1222.110471
 20
411.239944
 30
0.0
 11
1222.053471
 21
411.295944
 31
0.0
  0
LINE
  5
1C52
330
70
100
AcDbEntity
  8
Visible
100
AcDbLine
 10
1222.170471
 20
411.187944
 30
0.0
 11
1222.110471
 21
411.239944
 31
0.0
  0
LINE
  5
1C53
330
70
100
AcDbEntity
  8
Visible
100
AcDbLine
 10
1222.234471
 20
411.138944
 30
0.0
 11
1222.170471
 21
411.187944
 31
0.0
  0
LINE
  5
1C54
330
70
100
AcDbEntity
  8
Visible
100
AcDbLine
 10
1222.300471
 20
411.093944
 30
0.0
 11
1222.234471
 21
411.138944
 31
0.0
  0
LINE
  5
1C55
330
70
100
AcDbEntity
  8
Visible
100
AcDbLine
 10
1222.370471
 20
411.052944
 30
0.0
 11
1222.300471
 21
411.093944
 31
0.0
  0
LINE
  5
1C56
330
70
100
AcDbEntity
  8
Visible
100
AcDbLine
 10
1222.443471
 20
411.014944
 30
0.0
 11
1222.370471
 21
411.052944
 31
0.0
  0
LINE
  5
1C57
330
70
100
AcDbEntity
  8
Visible
100
AcDbLine
 10
1222.518471
 20
410.980944
 30
0.0
 11
1222.443471
 21
411.014944
 31
0.0
  0
LINE
  5
1C58
330
70
100
AcDbEntity
  8
Visible
100
AcDbLine
 10
1222.596471
 20
410.949944
 30
0.0
 11
1222.518471
 21
410.980944
 31
0.0
  0
LINE
  5
1C59
330
70
100
AcDbEntity
  8
Visible
100
AcDbLine
 10
1222.675471
 20
410.922944
 30
0.0
 11
1222.596471
 21
410.949944
 31
0.0
  0
LINE
  5
1C5A
330
70
100
AcDbEntity
  8
Visible
100
AcDbLine
 10
1222.756471
 20
410.899944
 30
0.0
 11
1222.675471
 21
410.922944
 31
0.0
  0
LINE
  5
1C5B
330
70
100
AcDbEntity
  8
Visible
100
AcDbLine
 10
1222.839471
 20
410.879944
 30
0.0
 11
1222.756471
 21
410.899944
 31
0.0
  0
LINE
  5
1C5C
330
70
100
AcDbEntity
  8
Visible
100
AcDbLine
 10
1222.924471
 20
410.863944
 30
0.0
 11
1222.839471
 21
410.879944
 31
0.0
  0
LINE
  5
1C5D
330
70
100
AcDbEntity
  8
Visible
100
AcDbLine
 10
1223.011471
 20
410.850944
 30
0.0
 11
1222.924471
 21
410.863944
 31
0.0
  0
LINE
  5
1C5E
330
70
100
AcDbEntity
  8
Visible
100
AcDbLine
 10
1223.100471
 20
410.841944
 30
0.0
 11
1223.011471
 21
410.850944
 31
0.0
  0
LINE
  5
1C5F
330
70
100
AcDbEntity
  8
Visible
100
AcDbLine
 10
1223.190471
 20
410.836944
 30
0.0
 11
1223.100471
 21
410.841944
 31
0.0
  0
LINE
  5
1C60
330
70
100
AcDbEntity
  8
Visible
100
AcDbLine
 10
1223.283471
 20
410.834944
 30
0.0
 11
1223.190471
 21
410.836944
 31
0.0
  0
LINE
  5
1C61
330
70
100
AcDbEntity
  8
Visible
100
AcDbLine
 10
1223.348471
 20
410.835944
 30
0.0
 11
1223.283471
 21
410.834944
 31
0.0
  0
LINE
  5
1C62
330
70
100
AcDbEntity
  8
Visible
100
AcDbLine
 10
1223.412471
 20
410.837944
 30
0.0
 11
1223.348471
 21
410.835944
 31
0.0
  0
LINE
  5
1C63
330
70
100
AcDbEntity
  8
Visible
100
AcDbLine
 10
1223.476471
 20
410.842944
 30
0.0
 11
1223.412471
 21
410.837944
 31
0.0
  0
LINE
  5
1C64
330
70
100
AcDbEntity
  8
Visible
100
AcDbLine
 10
1223.539471
 20
410.847944
 30
0.0
 11
1223.476471
 21
410.842944
 31
0.0
  0
LINE
  5
1C65
330
70
100
AcDbEntity
  8
Visible
100
AcDbLine
 10
1223.602471
 20
410.855944
 30
0.0
 11
1223.539471
 21
410.847944
 31
0.0
  0
LINE
  5
1C66
330
70
100
AcDbEntity
  8
Visible
100
AcDbLine
 10
1223.664471
 20
410.864944
 30
0.0
 11
1223.602471
 21
410.855944
 31
0.0
  0
LINE
  5
1C67
330
70
100
AcDbEntity
  8
Visible
100
AcDbLine
 10
1223.726471
 20
410.875944
 30
0.0
 11
1223.664471
 21
410.864944
 31
0.0
  0
LINE
  5
1C68
330
70
100
AcDbEntity
  8
Visible
100
AcDbLine
 10
1223.788471
 20
410.888944
 30
0.0
 11
1223.726471
 21
410.875944
 31
0.0
  0
LINE
  5
1C69
330
70
100
AcDbEntity
  8
Visible
100
AcDbLine
 10
1223.849471
 20
410.902944
 30
0.0
 11
1223.788471
 21
410.888944
 31
0.0
  0
LINE
  5
1C6A
330
70
100
AcDbEntity
  8
Visible
100
AcDbLine
 10
1223.910471
 20
410.918944
 30
0.0
 11
1223.849471
 21
410.902944
 31
0.0
  0
LINE
  5
1C6B
330
70
100
AcDbEntity
  8
Visible
100
AcDbLine
 10
1223.971471
 20
410.935944
 30
0.0
 11
1223.910471
 21
410.918944
 31
0.0
  0
LINE
  5
1C6C
330
70
100
AcDbEntity
  8
Visible
100
AcDbLine
 10
1224.031471
 20
410.954944
 30
0.0
 11
1223.971471
 21
410.935944
 31
0.0
  0
LINE
  5
1C6D
330
70
100
AcDbEntity
  8
Visible
100
AcDbLine
 10
1224.092471
 20
410.973944
 30
0.0
 11
1224.031471
 21
410.954944
 31
0.0
  0
LINE
  5
1C6E
330
70
100
AcDbEntity
  8
Visible
100
AcDbLine
 10
1224.153471
 20
410.993944
 30
0.0
 11
1224.092471
 21
410.973944
 31
0.0
  0
LINE
  5
1C6F
330
70
100
AcDbEntity
  8
Visible
100
AcDbLine
 10
1224.214471
 20
411.014944
 30
0.0
 11
1224.153471
 21
410.993944
 31
0.0
  0
LINE
  5
1C70
330
70
100
AcDbEntity
  8
Visible
100
AcDbLine
 10
1224.275471
 20
411.036944
 30
0.0
 11
1224.214471
 21
411.014944
 31
0.0
  0
LINE
  5
1C71
330
70
100
AcDbEntity
  8
Visible
100
AcDbLine
 10
1224.336471
 20
411.059944
 30
0.0
 11
1224.275471
 21
411.036944
 31
0.0
  0
LINE
  5
1C72
330
70
100
AcDbEntity
  8
Visible
100
AcDbLine
 10
1224.397471
 20
411.083944
 30
0.0
 11
1224.336471
 21
411.059944
 31
0.0
  0
LINE
  5
1C73
330
70
100
AcDbEntity
  8
Visible
100
AcDbLine
 10
1224.458471
 20
411.108944
 30
0.0
 11
1224.397471
 21
411.083944
 31
0.0
  0
LINE
  5
1C74
330
70
100
AcDbEntity
  8
Visible
100
AcDbLine
 10
1224.519471
 20
411.134944
 30
0.0
 11
1224.458471
 21
411.108944
 31
0.0
  0
LINE
  5
1C75
330
70
100
AcDbEntity
  8
Visible
100
AcDbLine
 10
1224.387471
 20
411.806944
 30
0.0
 11
1224.519471
 21
411.134944
 31
0.0
  0
LINE
  5
1C76
330
70
100
AcDbEntity
  8
Visible
100
AcDbLine
 10
1224.330471
 20
411.785944
 30
0.0
 11
1224.387471
 21
411.806944
 31
0.0
  0
LINE
  5
1C77
330
70
100
AcDbEntity
  8
Visible
100
AcDbLine
 10
1224.274471
 20
411.765944
 30
0.0
 11
1224.330471
 21
411.785944
 31
0.0
  0
LINE
  5
1C78
330
70
100
AcDbEntity
  8
Visible
100
AcDbLine
 10
1224.219471
 20
411.746944
 30
0.0
 11
1224.274471
 21
411.765944
 31
0.0
  0
LINE
  5
1C79
330
70
100
AcDbEntity
  8
Visible
100
AcDbLine
 10
1224.166471
 20
411.728944
 30
0.0
 11
1224.219471
 21
411.746944
 31
0.0
  0
LINE
  5
1C7A
330
70
100
AcDbEntity
  8
Visible
100
AcDbLine
 10
1224.113471
 20
411.711944
 30
0.0
 11
1224.166471
 21
411.728944
 31
0.0
  0
LINE
  5
1C7B
330
70
100
AcDbEntity
  8
Visible
100
AcDbLine
 10
1224.062471
 20
411.696944
 30
0.0
 11
1224.113471
 21
411.711944
 31
0.0
  0
LINE
  5
1C7C
330
70
100
AcDbEntity
  8
Visible
100
AcDbLine
 10
1224.012471
 20
411.681944
 30
0.0
 11
1224.062471
 21
411.696944
 31
0.0
  0
LINE
  5
1C7D
330
70
100
AcDbEntity
  8
Visible
100
AcDbLine
 10
1223.963471
 20
411.668944
 30
0.0
 11
1224.012471
 21
411.681944
 31
0.0
  0
LINE
  5
1C7E
330
70
100
AcDbEntity
  8
Visible
100
AcDbLine
 10
1223.915471
 20
411.655944
 30
0.0
 11
1223.963471
 21
411.668944
 31
0.0
  0
LINE
  5
1C7F
330
70
100
AcDbEntity
  8
Visible
100
AcDbLine
 10
1223.868471
 20
411.644944
 30
0.0
 11
1223.915471
 21
411.655944
 31
0.0
  0
LINE
  5
1C80
330
70
100
AcDbEntity
  8
Visible
100
AcDbLine
 10
1223.822471
 20
411.634944
 30
0.0
 11
1223.868471
 21
411.644944
 31
0.0
  0
LINE
  5
1C81
330
70
100
AcDbEntity
  8
Visible
100
AcDbLine
 10
1223.728471
 20
411.616944
 30
0.0
 11
1223.822471
 21
411.634944
 31
0.0
  0
LINE
  5
1C82
330
70
100
AcDbEntity
  8
Visible
100
AcDbLine
 10
1223.681471
 20
411.609944
 30
0.0
 11
1223.728471
 21
411.616944
 31
0.0
  0
LINE
  5
1C83
330
70
100
AcDbEntity
  8
Visible
100
AcDbLine
 10
1223.633471
 20
411.603944
 30
0.0
 11
1223.681471
 21
411.609944
 31
0.0
  0
LINE
  5
1C84
330
70
100
AcDbEntity
  8
Visible
100
AcDbLine
 10
1223.537471
 20
411.595944
 30
0.0
 11
1223.633471
 21
411.603944
 31
0.0
  0
LINE
  5
1C85
330
70
100
AcDbEntity
  8
Visible
100
AcDbLine
 10
1223.489471
 20
411.592944
 30
0.0
 11
1223.537471
 21
411.595944
 31
0.0
  0
LINE
  5
1C86
330
70
100
AcDbEntity
  8
Visible
100
AcDbLine
 10
1223.391471
 20
411.590944
 30
0.0
 11
1223.489471
 21
411.592944
 31
0.0
  0
LINE
  5
1C87
330
70
100
AcDbEntity
  8
Visible
100
AcDbLine
 10
1223.234471
 20
411.599944
 30
0.0
 11
1223.391471
 21
411.590944
 31
0.0
  0
LINE
  5
1C88
330
70
100
AcDbEntity
  8
Visible
100
AcDbLine
 10
1223.093471
 20
411.626944
 30
0.0
 11
1223.234471
 21
411.599944
 31
0.0
  0
LINE
  5
1C89
330
70
100
AcDbEntity
  8
Visible
100
AcDbLine
 10
1222.969471
 20
411.670944
 30
0.0
 11
1223.093471
 21
411.626944
 31
0.0
  0
LINE
  5
1C8A
330
70
100
AcDbEntity
  8
Visible
100
AcDbLine
 10
1222.861471
 20
411.732944
 30
0.0
 11
1222.969471
 21
411.670944
 31
0.0
  0
LINE
  5
1C8B
330
70
100
AcDbEntity
  8
Visible
100
AcDbLine
 10
1222.770471
 20
411.812944
 30
0.0
 11
1222.861471
 21
411.732944
 31
0.0
  0
LINE
  5
1C8C
330
70
100
AcDbEntity
  8
Visible
100
AcDbLine
 10
1222.695471
 20
411.910944
 30
0.0
 11
1222.770471
 21
411.812944
 31
0.0
  0
LINE
  5
1C8D
330
70
100
AcDbEntity
  8
Visible
100
AcDbLine
 10
1222.638471
 20
412.025944
 30
0.0
 11
1222.695471
 21
411.910944
 31
0.0
  0
LINE
  5
1C8E
330
70
100
AcDbEntity
  8
Visible
100
AcDbLine
 10
1222.596471
 20
412.158944
 30
0.0
 11
1222.638471
 21
412.025944
 31
0.0
  0
LINE
  5
1C8F
330
70
100
AcDbEntity
  8
Visible
100
AcDbLine
 10
1222.571471
 20
412.309944
 30
0.0
 11
1222.596471
 21
412.158944
 31
0.0
  0
LINE
  5
1C90
330
70
100
AcDbEntity
  8
Visible
100
AcDbLine
 10
1222.563471
 20
412.478944
 30
0.0
 11
1222.571471
 21
412.309944
 31
0.0
  0
LINE
  5
1C91
330
70
100
AcDbEntity
  8
Visible
100
AcDbLine
 10
1222.563471
 20
416.066944
 30
0.0
 11
1222.563471
 21
412.478944
 31
0.0
  0
LINE
  5
1C92
330
70
100
AcDbEntity
  8
Visible
100
AcDbLine
 10
1224.375471
 20
416.066944
 30
0.0
 11
1222.563471
 21
416.066944
 31
0.0
  0
LINE
  5
1C93
330
70
100
AcDbEntity
  8
Visible
100
AcDbLine
 10
1224.375471
 20
416.714944
 30
0.0
 11
1224.375471
 21
416.066944
 31
0.0
  0
LINE
  5
1C94
330
70
100
AcDbEntity
  8
Visible
100
AcDbLine
 10
1222.563471
 20
416.714944
 30
0.0
 11
1224.375471
 21
416.714944
 31
0.0
  0
LINE
  5
1C95
330
70
100
AcDbEntity
  8
Visible
100
AcDbLine
 10
1222.563471
 20
418.310944
 30
0.0
 11
1222.563471
 21
416.714944
 31
0.0
  0
LINE
  5
1C96
330
70
100
AcDbEntity
  8
Visible
100
AcDbLine
 10
1221.639471
 20
418.310944
 30
0.0
 11
1222.563471
 21
418.310944
 31
0.0
  0
LINE
  5
1C97
330
70
100
AcDbEntity
  8
Visible
100
AcDbLine
 10
1221.639471
 20
416.714944
 30
0.0
 11
1221.639471
 21
418.310944
 31
0.0
  0
LINE
  5
1C98
330
70
100
AcDbEntity
  8
Visible
100
AcDbLine
 10
1220.715471
 20
416.714944
 30
0.0
 11
1221.639471
 21
416.714944
 31
0.0
  0
LINE
  5
1C99
330
70
100
AcDbEntity
  8
Visible
100
AcDbLine
 10
1220.715471
 20
416.066944
 30
0.0
 11
1220.715471
 21
416.714944
 31
0.0
  0
LINE
  5
1C9A
330
70
100
AcDbEntity
  8
Visible
100
AcDbLine
 10
1408.622471
 20
690.612944
 30
0.0
 11
1414.622471
 21
690.612944
 31
0.0
  0
LINE
  5
1C9B
330
70
100
AcDbEntity
  8
Visible
100
AcDbLine
 10
1408.622471
 20
661.612944
 30
0.0
 11
1408.622471
 21
690.612944
 31
0.0
  0
LINE
  5
1C9C
330
70
100
AcDbEntity
  8
Visible
100
AcDbLine
 10
1414.622471
 20
661.612944
 30
0.0
 11
1408.622471
 21
661.612944
 31
0.0
  0
LINE
  5
1C9D
330
70
100
AcDbEntity
  8
Visible
100
AcDbLine
 10
1414.622471
 20
632.612944
 30
0.0
 11
1414.622471
 21
661.612944
 31
0.0
  0
LINE
  5
1C9E
330
70
100
AcDbEntity
  8
Visible
100
AcDbLine
 10
1408.622471
 20
632.612944
 30
0.0
 11
1414.622471
 21
632.612944
 31
0.0
  0
LINE
  5
1C9F
330
70
100
AcDbEntity
  8
Visible
100
AcDbLine
 10
1408.622471
 20
603.612944
 30
0.0
 11
1408.622471
 21
632.612944
 31
0.0
  0
LINE
  5
1CA0
330
70
100
AcDbEntity
  8
Visible
100
AcDbLine
 10
1414.622471
 20
603.612944
 30
0.0
 11
1408.622471
 21
603.612944
 31
0.0
  0
LINE
  5
1CA1
330
70
100
AcDbEntity
  8
Visible
100
AcDbLine
 10
1414.622471
 20
574.612944
 30
0.0
 11
1414.622471
 21
603.612944
 31
0.0
  0
LINE
  5
1CA2
330
70
100
AcDbEntity
  8
Visible
100
AcDbLine
 10
1408.622471
 20
574.612944
 30
0.0
 11
1414.622471
 21
574.612944
 31
0.0
  0
LINE
  5
1CA3
330
70
100
AcDbEntity
  8
Visible
100
AcDbLine
 10
1408.622471
 20
545.612944
 30
0.0
 11
1408.622471
 21
574.612944
 31
0.0
  0
LINE
  5
1CA4
330
70
100
AcDbEntity
  8
Visible
100
AcDbLine
 10
1414.622471
 20
545.612944
 30
0.0
 11
1408.622471
 21
545.612944
 31
0.0
  0
LINE
  5
1CA5
330
70
100
AcDbEntity
  8
Visible
100
AcDbLine
 10
1414.622471
 20
516.612944
 30
0.0
 11
1414.622471
 21
545.612944
 31
0.0
  0
LINE
  5
1CA6
330
70
100
AcDbEntity
  8
Visible
100
AcDbLine
 10
1408.622471
 20
516.612944
 30
0.0
 11
1414.622471
 21
516.612944
 31
0.0
  0
LINE
  5
1CA7
330
70
100
AcDbEntity
  8
Visible
100
AcDbLine
 10
1408.622471
 20
487.612944
 30
0.0
 11
1408.622471
 21
516.612944
 31
0.0
  0
LINE
  5
1CA8
330
70
100
AcDbEntity
  8
Visible
100
AcDbLine
 10
1414.622471
 20
487.612944
 30
0.0
 11
1408.622471
 21
487.612944
 31
0.0
  0
LINE
  5
1CA9
330
70
100
AcDbEntity
  8
Visible
100
AcDbLine
 10
1414.622471
 20
458.612944
 30
0.0
 11
1414.622471
 21
487.612944
 31
0.0
  0
LINE
  5
1CAA
330
70
100
AcDbEntity
  8
Visible
100
AcDbLine
 10
1408.622471
 20
458.612944
 30
0.0
 11
1414.622471
 21
458.612944
 31
0.0
  0
LINE
  5
1CAB
330
70
100
AcDbEntity
  8
Visible
100
AcDbLine
 10
1408.622471
 20
429.612944
 30
0.0
 11
1408.622471
 21
458.612944
 31
0.0
  0
LINE
  5
1CAC
330
70
100
AcDbEntity
  8
Visible
100
AcDbLine
 10
1414.622471
 20
429.612944
 30
0.0
 11
1408.622471
 21
429.612944
 31
0.0
  0
LINE
  5
1CAD
330
70
100
AcDbEntity
  8
Visible
100
AcDbLine
 10
1414.622471
 20
400.612944
 30
0.0
 11
1414.622471
 21
429.612944
 31
0.0
  0
LINE
  5
1CAE
330
70
100
AcDbEntity
  8
Visible
100
AcDbLine
 10
1408.622471
 20
400.612944
 30
0.0
 11
1414.622471
 21
400.612944
 31
0.0
  0
LINE
  5
1CAF
330
70
100
AcDbEntity
  8
Visible
100
AcDbLine
 10
1408.622471
 20
371.612944
 30
0.0
 11
1408.622471
 21
400.612944
 31
0.0
  0
LINE
  5
1CB0
330
70
100
AcDbEntity
  8
Visible
100
AcDbLine
 10
1414.622471
 20
371.612944
 30
0.0
 11
1408.622471
 21
371.612944
 31
0.0
  0
LINE
  5
1CB1
330
70
100
AcDbEntity
  8
Visible
100
AcDbLine
 10
1414.622471
 20
342.612944
 30
0.0
 11
1414.622471
 21
371.612944
 31
0.0
  0
LINE
  5
1CB2
330
70
100
AcDbEntity
  8
Visible
100
AcDbLine
 10
1408.622471
 20
342.612944
 30
0.0
 11
1414.622471
 21
342.612944
 31
0.0
  0
LINE
  5
1CB3
330
70
100
AcDbEntity
  8
Visible
100
AcDbLine
 10
1408.622471
 20
313.612944
 30
0.0
 11
1408.622471
 21
342.612944
 31
0.0
  0
LINE
  5
1CB4
330
70
100
AcDbEntity
  8
Visible
100
AcDbLine
 10
1414.622471
 20
313.612944
 30
0.0
 11
1408.622471
 21
313.612944
 31
0.0
  0
LINE
  5
1CB5
330
70
100
AcDbEntity
  8
Visible
100
AcDbLine
 10
1414.622471
 20
284.612944
 30
0.0
 11
1414.622471
 21
313.612944
 31
0.0
  0
LINE
  5
1CB6
330
70
100
AcDbEntity
  8
Visible
100
AcDbLine
 10
1408.622471
 20
284.612944
 30
0.0
 11
1414.622471
 21
284.612944
 31
0.0
  0
LINE
  5
1CB7
330
70
100
AcDbEntity
  8
Visible
100
AcDbLine
 10
1408.622471
 20
255.612944
 30
0.0
 11
1408.622471
 21
284.612944
 31
0.0
  0
LINE
  5
1CB8
330
70
100
AcDbEntity
  8
Visible
100
AcDbLine
 10
1414.622471
 20
255.612944
 30
0.0
 11
1408.622471
 21
255.612944
 31
0.0
  0
LINE
  5
1CB9
330
70
100
AcDbEntity
  8
Visible
100
AcDbLine
 10
1414.622471
 20
226.612944
 30
0.0
 11
1414.622471
 21
255.612944
 31
0.0
  0
LINE
  5
1CBA
330
70
100
AcDbEntity
  8
Visible
100
AcDbLine
 10
1408.622471
 20
226.612944
 30
0.0
 11
1414.622471
 21
226.612944
 31
0.0
  0
LINE
  5
1CBB
330
70
100
AcDbEntity
  8
Visible
100
AcDbLine
 10
1408.622471
 20
197.612944
 30
0.0
 11
1408.622471
 21
226.612944
 31
0.0
  0
LINE
  5
1CBC
330
70
100
AcDbEntity
  8
Visible
100
AcDbLine
 10
1414.622471
 20
197.612944
 30
0.0
 11
1408.622471
 21
197.612944
 31
0.0
  0
LINE
  5
1CBD
330
70
100
AcDbEntity
  8
Visible
100
AcDbLine
 10
1414.622471
 20
168.612944
 30
0.0
 11
1414.622471
 21
197.612944
 31
0.0
  0
LINE
  5
1CBE
330
70
100
AcDbEntity
  8
Visible
100
AcDbLine
 10
1408.622471
 20
168.612944
 30
0.0
 11
1414.622471
 21
168.612944
 31
0.0
  0
LINE
  5
1CBF
330
70
100
AcDbEntity
  8
Visible
100
AcDbLine
 10
1408.622471
 20
139.612944
 30
0.0
 11
1408.622471
 21
168.612944
 31
0.0
  0
LINE
  5
1CC0
330
70
100
AcDbEntity
  8
Visible
100
AcDbLine
 10
1414.622471
 20
139.612944
 30
0.0
 11
1408.622471
 21
139.612944
 31
0.0
  0
LINE
  5
1CC1
330
70
100
AcDbEntity
  8
Visible
100
AcDbLine
 10
1414.622471
 20
115.112944
 30
0.0
 11
1414.622471
 21
139.612944
 31
0.0
  0
LINE
  5
1CC2
330
70
100
AcDbEntity
  8
Visible
100
AcDbLine
 10
1374.122471
 20
115.112944
 30
0.0
 11
1414.622471
 21
115.112944
 31
0.0
  0
LINE
  5
1CC3
330
70
100
AcDbEntity
  8
Visible
100
AcDbLine
 10
1374.122471
 20
121.112944
 30
0.0
 11
1374.122471
 21
115.112944
 31
0.0
  0
LINE
  5
1CC4
330
70
100
AcDbEntity
  8
Visible
100
AcDbLine
 10
1345.122471
 20
121.112944
 30
0.0
 11
1374.122471
 21
121.112944
 31
0.0
  0
LINE
  5
1CC5
330
70
100
AcDbEntity
  8
Visible
100
AcDbLine
 10
1345.122471
 20
115.112944
 30
0.0
 11
1345.122471
 21
121.112944
 31
0.0
  0
LINE
  5
1CC6
330
70
100
AcDbEntity
  8
Visible
100
AcDbLine
 10
1316.122471
 20
115.112944
 30
0.0
 11
1345.122471
 21
115.112944
 31
0.0
  0
LINE
  5
1CC7
330
70
100
AcDbEntity
  8
Visible
100
AcDbLine
 10
1316.122471
 20
121.112944
 30
0.0
 11
1316.122471
 21
115.112944
 31
0.0
  0
LINE
  5
1CC8
330
70
100
AcDbEntity
  8
Visible
100
AcDbLine
 10
1287.122471
 20
121.112944
 30
0.0
 11
1316.122471
 21
121.112944
 31
0.0
  0
LINE
  5
1CC9
330
70
100
AcDbEntity
  8
Visible
100
AcDbLine
 10
1287.122471
 20
115.112944
 30
0.0
 11
1287.122471
 21
121.112944
 31
0.0
  0
LINE
  5
1CCA
330
70
100
AcDbEntity
  8
Visible
100
AcDbLine
 10
1258.122471
 20
115.112944
 30
0.0
 11
1287.122471
 21
115.112944
 31
0.0
  0
LINE
  5
1CCB
330
70
100
AcDbEntity
  8
Visible
100
AcDbLine
 10
1258.122471
 20
121.112944
 30
0.0
 11
1258.122471
 21
115.112944
 31
0.0
  0
LINE
  5
1CCC
330
70
100
AcDbEntity
  8
Visible
100
AcDbLine
 10
1229.122471
 20
121.112944
 30
0.0
 11
1258.122471
 21
121.112944
 31
0.0
  0
LINE
  5
1CCD
330
70
100
AcDbEntity
  8
Visible
100
AcDbLine
 10
1229.122471
 20
115.112944
 30
0.0
 11
1229.122471
 21
121.112944
 31
0.0
  0
LINE
  5
1CCE
330
70
100
AcDbEntity
  8
Visible
100
AcDbLine
 10
1200.122471
 20
115.112944
 30
0.0
 11
1229.122471
 21
115.112944
 31
0.0
  0
LINE
  5
1CCF
330
70
100
AcDbEntity
  8
Visible
100
AcDbLine
 10
1200.122471
 20
121.112944
 30
0.0
 11
1200.122471
 21
115.112944
 31
0.0
  0
LINE
  5
1CD0
330
70
100
AcDbEntity
  8
Visible
100
AcDbLine
 10
1171.122471
 20
121.112944
 30
0.0
 11
1200.122471
 21
121.112944
 31
0.0
  0
LINE
  5
1CD1
330
70
100
AcDbEntity
  8
Visible
100
AcDbLine
 10
1171.122471
 20
115.112944
 30
0.0
 11
1171.122471
 21
121.112944
 31
0.0
  0
LINE
  5
1CD2
330
70
100
AcDbEntity
  8
Visible
100
AcDbLine
 10
1142.122471
 20
115.112944
 30
0.0
 11
1171.122471
 21
115.112944
 31
0.0
  0
LINE
  5
1CD3
330
70
100
AcDbEntity
  8
Visible
100
AcDbLine
 10
1142.122471
 20
121.112944
 30
0.0
 11
1142.122471
 21
115.112944
 31
0.0
  0
LINE
  5
1CD4
330
70
100
AcDbEntity
  8
Visible
100
AcDbLine
 10
1113.122471
 20
121.112944
 30
0.0
 11
1142.122471
 21
121.112944
 31
0.0
  0
LINE
  5
1CD5
330
70
100
AcDbEntity
  8
Visible
100
AcDbLine
 10
1113.122471
 20
115.112944
 30
0.0
 11
1113.122471
 21
121.112944
 31
0.0
  0
LINE
  5
1CD6
330
70
100
AcDbEntity
  8
Visible
100
AcDbLine
 10
1084.122471
 20
115.112944
 30
0.0
 11
1113.122471
 21
115.112944
 31
0.0
  0
LINE
  5
1CD7
330
70
100
AcDbEntity
  8
Visible
100
AcDbLine
 10
1084.122471
 20
121.112944
 30
0.0
 11
1084.122471
 21
115.112944
 31
0.0
  0
LINE
  5
1CD8
330
70
100
AcDbEntity
  8
Visible
100
AcDbLine
 10
1055.122471
 20
121.112944
 30
0.0
 11
1084.122471
 21
121.112944
 31
0.0
  0
LINE
  5
1CD9
330
70
100
AcDbEntity
  8
Visible
100
AcDbLine
 10
1055.122471
 20
115.112944
 30
0.0
 11
1055.122471
 21
121.112944
 31
0.0
  0
LINE
  5
1CDA
330
70
100
AcDbEntity
  8
Visible
100
AcDbLine
 10
1014.622471
 20
115.112944
 30
0.0
 11
1055.122471
 21
115.112944
 31
0.0
  0
LINE
  5
1CDB
330
70
100
AcDbEntity
  8
Visible
100
AcDbLine
 10
1014.622471
 20
139.612944
 30
0.0
 11
1014.622471
 21
115.112944
 31
0.0
  0
LINE
  5
1CDC
330
70
100
AcDbEntity
  8
Visible
100
AcDbLine
 10
1020.622471
 20
139.612944
 30
0.0
 11
1014.622471
 21
139.612944
 31
0.0
  0
LINE
  5
1CDD
330
70
100
AcDbEntity
  8
Visible
100
AcDbLine
 10
1020.622471
 20
168.612944
 30
0.0
 11
1020.622471
 21
139.612944
 31
0.0
  0
LINE
  5
1CDE
330
70
100
AcDbEntity
  8
Visible
100
AcDbLine
 10
1014.622471
 20
168.612944
 30
0.0
 11
1020.622471
 21
168.612944
 31
0.0
  0
LINE
  5
1CDF
330
70
100
AcDbEntity
  8
Visible
100
AcDbLine
 10
1014.622471
 20
197.612944
 30
0.0
 11
1014.622471
 21
168.612944
 31
0.0
  0
LINE
  5
1CE0
330
70
100
AcDbEntity
  8
Visible
100
AcDbLine
 10
1020.622471
 20
197.612944
 30
0.0
 11
1014.622471
 21
197.612944
 31
0.0
  0
LINE
  5
1CE1
330
70
100
AcDbEntity
  8
Visible
100
AcDbLine
 10
1020.622471
 20
226.612944
 30
0.0
 11
1020.622471
 21
197.612944
 31
0.0
  0
LINE
  5
1CE2
330
70
100
AcDbEntity
  8
Visible
100
AcDbLine
 10
1014.622471
 20
226.612944
 30
0.0
 11
1020.622471
 21
226.612944
 31
0.0
  0
LINE
  5
1CE3
330
70
100
AcDbEntity
  8
Visible
100
AcDbLine
 10
1014.622471
 20
255.612944
 30
0.0
 11
1014.622471
 21
226.612944
 31
0.0
  0
LINE
  5
1CE4
330
70
100
AcDbEntity
  8
Visible
100
AcDbLine
 10
1020.622471
 20
255.612944
 30
0.0
 11
1014.622471
 21
255.612944
 31
0.0
  0
LINE
  5
1CE5
330
70
100
AcDbEntity
  8
Visible
100
AcDbLine
 10
1020.622471
 20
284.612944
 30
0.0
 11
1020.622471
 21
255.612944
 31
0.0
  0
LINE
  5
1CE6
330
70
100
AcDbEntity
  8
Visible
100
AcDbLine
 10
1014.622471
 20
284.612944
 30
0.0
 11
1020.622471
 21
284.612944
 31
0.0
  0
LINE
  5
1CE7
330
70
100
AcDbEntity
  8
Visible
100
AcDbLine
 10
1014.622471
 20
313.612944
 30
0.0
 11
1014.622471
 21
284.612944
 31
0.0
  0
LINE
  5
1CE8
330
70
100
AcDbEntity
  8
Visible
100
AcDbLine
 10
1020.622471
 20
313.612944
 30
0.0
 11
1014.622471
 21
313.612944
 31
0.0
  0
LINE
  5
1CE9
330
70
100
AcDbEntity
  8
Visible
100
AcDbLine
 10
1020.622471
 20
342.612944
 30
0.0
 11
1020.622471
 21
313.612944
 31
0.0
  0
LINE
  5
1CEA
330
70
100
AcDbEntity
  8
Visible
100
AcDbLine
 10
1014.622471
 20
342.612944
 30
0.0
 11
1020.622471
 21
342.612944
 31
0.0
  0
LINE
  5
1CEB
330
70
100
AcDbEntity
  8
Visible
100
AcDbLine
 10
1014.622471
 20
371.612944
 30
0.0
 11
1014.622471
 21
342.612944
 31
0.0
  0
LINE
  5
1CEC
330
70
100
AcDbEntity
  8
Visible
100
AcDbLine
 10
1020.622471
 20
371.612944
 30
0.0
 11
1014.622471
 21
371.612944
 31
0.0
  0
LINE
  5
1CED
330
70
100
AcDbEntity
  8
Visible
100
AcDbLine
 10
1020.622471
 20
400.612944
 30
0.0
 11
1020.622471
 21
371.612944
 31
0.0
  0
LINE
  5
1CEE
330
70
100
AcDbEntity
  8
Visible
100
AcDbLine
 10
1014.622471
 20
400.612944
 30
0.0
 11
1020.622471
 21
400.612944
 31
0.0
  0
LINE
  5
1CEF
330
70
100
AcDbEntity
  8
Visible
100
AcDbLine
 10
1014.622471
 20
429.612944
 30
0.0
 11
1014.622471
 21
400.612944
 31
0.0
  0
LINE
  5
1CF0
330
70
100
AcDbEntity
  8
Visible
100
AcDbLine
 10
1020.622471
 20
429.612944
 30
0.0
 11
1014.622471
 21
429.612944
 31
0.0
  0
LINE
  5
1CF1
330
70
100
AcDbEntity
  8
Visible
100
AcDbLine
 10
1020.622471
 20
458.612944
 30
0.0
 11
1020.622471
 21
429.612944
 31
0.0
  0
LINE
  5
1CF2
330
70
100
AcDbEntity
  8
Visible
100
AcDbLine
 10
1014.622471
 20
458.612944
 30
0.0
 11
1020.622471
 21
458.612944
 31
0.0
  0
LINE
  5
1CF3
330
70
100
AcDbEntity
  8
Visible
100
AcDbLine
 10
1014.622471
 20
487.612944
 30
0.0
 11
1014.622471
 21
458.612944
 31
0.0
  0
LINE
  5
1CF4
330
70
100
AcDbEntity
  8
Visible
100
AcDbLine
 10
1020.622471
 20
487.612944
 30
0.0
 11
1014.622471
 21
487.612944
 31
0.0
  0
LINE
  5
1CF5
330
70
100
AcDbEntity
  8
Visible
100
AcDbLine
 10
1020.622471
 20
516.612944
 30
0.0
 11
1020.622471
 21
487.612944
 31
0.0
  0
LINE
  5
1CF6
330
70
100
AcDbEntity
  8
Visible
100
AcDbLine
 10
1014.622471
 20
516.612944
 30
0.0
 11
1020.622471
 21
516.612944
 31
0.0
  0
LINE
  5
1CF7
330
70
100
AcDbEntity
  8
Visible
100
AcDbLine
 10
1014.622471
 20
545.612944
 30
0.0
 11
1014.622471
 21
516.612944
 31
0.0
  0
LINE
  5
1CF8
330
70
100
AcDbEntity
  8
Visible
100
AcDbLine
 10
1020.622471
 20
545.612944
 30
0.0
 11
1014.622471
 21
545.612944
 31
0.0
  0
LINE
  5
1CF9
330
70
100
AcDbEntity
  8
Visible
100
AcDbLine
 10
1020.622471
 20
574.612944
 30
0.0
 11
1020.622471
 21
545.612944
 31
0.0
  0
LINE
  5
1CFA
330
70
100
AcDbEntity
  8
Visible
100
AcDbLine
 10
1014.622471
 20
574.612944
 30
0.0
 11
1020.622471
 21
574.612944
 31
0.0
  0
LINE
  5
1CFB
330
70
100
AcDbEntity
  8
Visible
100
AcDbLine
 10
1014.622471
 20
603.612944
 30
0.0
 11
1014.622471
 21
574.612944
 31
0.0
  0
LINE
  5
1CFC
330
70
100
AcDbEntity
  8
Visible
100
AcDbLine
 10
1020.622471
 20
603.612944
 30
0.0
 11
1014.622471
 21
603.612944
 31
0.0
  0
LINE
  5
1CFD
330
70
100
AcDbEntity
  8
Visible
100
AcDbLine
 10
1020.622471
 20
632.612944
 30
0.0
 11
1020.622471
 21
603.612944
 31
0.0
  0
LINE
  5
1CFE
330
70
100
AcDbEntity
  8
Visible
100
AcDbLine
 10
1014.622471
 20
632.612944
 30
0.0
 11
1020.622471
 21
632.612944
 31
0.0
  0
LINE
  5
1CFF
330
70
100
AcDbEntity
  8
Visible
100
AcDbLine
 10
1014.622471
 20
661.612944
 30
0.0
 11
1014.622471
 21
632.612944
 31
0.0
  0
LINE
  5
1D00
330
70
100
AcDbEntity
  8
Visible
100
AcDbLine
 10
1020.622471
 20
661.612944
 30
0.0
 11
1014.622471
 21
661.612944
 31
0.0
  0
LINE
  5
1D01
330
70
100
AcDbEntity
  8
Visible
100
AcDbLine
 10
1020.622471
 20
690.612944
 30
0.0
 11
1020.622471
 21
661.612944
 31
0.0
  0
LINE
  5
1D02
330
70
100
AcDbEntity
  8
Visible
100
AcDbLine
 10
1014.622471
 20
690.612944
 30
0.0
 11
1020.622471
 21
690.612944
 31
0.0
  0
LINE
  5
1D03
330
70
100
AcDbEntity
  8
Visible
100
AcDbLine
 10
1014.622471
 20
715.112944
 30
0.0
 11
1014.622471
 21
690.612944
 31
0.0
  0
LINE
  5
1D04
330
70
100
AcDbEntity
  8
Visible
100
AcDbLine
 10
1055.122471
 20
715.112944
 30
0.0
 11
1014.622471
 21
715.112944
 31
0.0
  0
LINE
  5
1D05
330
70
100
AcDbEntity
  8
Visible
100
AcDbLine
 10
1055.122471
 20
709.112944
 30
0.0
 11
1055.122471
 21
715.112944
 31
0.0
  0
LINE
  5
1D06
330
70
100
AcDbEntity
  8
Visible
100
AcDbLine
 10
1084.122471
 20
709.112944
 30
0.0
 11
1055.122471
 21
709.112944
 31
0.0
  0
LINE
  5
1D07
330
70
100
AcDbEntity
  8
Visible
100
AcDbLine
 10
1084.122471
 20
715.112944
 30
0.0
 11
1084.122471
 21
709.112944
 31
0.0
  0
LINE
  5
1D08
330
70
100
AcDbEntity
  8
Visible
100
AcDbLine
 10
1113.122471
 20
715.112944
 30
0.0
 11
1084.122471
 21
715.112944
 31
0.0
  0
LINE
  5
1D09
330
70
100
AcDbEntity
  8
Visible
100
AcDbLine
 10
1113.122471
 20
709.112944
 30
0.0
 11
1113.122471
 21
715.112944
 31
0.0
  0
LINE
  5
1D0A
330
70
100
AcDbEntity
  8
Visible
100
AcDbLine
 10
1142.122471
 20
709.112944
 30
0.0
 11
1113.122471
 21
709.112944
 31
0.0
  0
LINE
  5
1D0B
330
70
100
AcDbEntity
  8
Visible
100
AcDbLine
 10
1142.122471
 20
715.112944
 30
0.0
 11
1142.122471
 21
709.112944
 31
0.0
  0
LINE
  5
1D0C
330
70
100
AcDbEntity
  8
Visible
100
AcDbLine
 10
1171.122471
 20
715.112944
 30
0.0
 11
1142.122471
 21
715.112944
 31
0.0
  0
LINE
  5
1D0D
330
70
100
AcDbEntity
  8
Visible
100
AcDbLine
 10
1171.122471
 20
709.112944
 30
0.0
 11
1171.122471
 21
715.112944
 31
0.0
  0
LINE
  5
1D0E
330
70
100
AcDbEntity
  8
Visible
100
AcDbLine
 10
1200.122471
 20
709.112944
 30
0.0
 11
1171.122471
 21
709.112944
 31
0.0
  0
LINE
  5
1D0F
330
70
100
AcDbEntity
  8
Visible
100
AcDbLine
 10
1200.122471
 20
715.112944
 30
0.0
 11
1200.122471
 21
709.112944
 31
0.0
  0
LINE
  5
1D10
330
70
100
AcDbEntity
  8
Visible
100
AcDbLine
 10
1229.122471
 20
715.112944
 30
0.0
 11
1200.122471
 21
715.112944
 31
0.0
  0
LINE
  5
1D11
330
70
100
AcDbEntity
  8
Visible
100
AcDbLine
 10
1229.122471
 20
709.112944
 30
0.0
 11
1229.122471
 21
715.112944
 31
0.0
  0
LINE
  5
1D12
330
70
100
AcDbEntity
  8
Visible
100
AcDbLine
 10
1258.122471
 20
709.112944
 30
0.0
 11
1229.122471
 21
709.112944
 31
0.0
  0
LINE
  5
1D13
330
70
100
AcDbEntity
  8
Visible
100
AcDbLine
 10
1258.122471
 20
715.112944
 30
0.0
 11
1258.122471
 21
709.112944
 31
0.0
  0
LINE
  5
1D14
330
70
100
AcDbEntity
  8
Visible
100
AcDbLine
 10
1287.122471
 20
715.112944
 30
0.0
 11
1258.122471
 21
715.112944
 31
0.0
  0
LINE
  5
1D15
330
70
100
AcDbEntity
  8
Visible
100
AcDbLine
 10
1287.122471
 20
709.112944
 30
0.0
 11
1287.122471
 21
715.112944
 31
0.0
  0
LINE
  5
1D16
330
70
100
AcDbEntity
  8
Visible
100
AcDbLine
 10
1316.122471
 20
709.112944
 30
0.0
 11
1287.122471
 21
709.112944
 31
0.0
  0
LINE
  5
1D17
330
70
100
AcDbEntity
  8
Visible
100
AcDbLine
 10
1316.122471
 20
715.112944
 30
0.0
 11
1316.122471
 21
709.112944
 31
0.0
  0
LINE
  5
1D18
330
70
100
AcDbEntity
  8
Visible
100
AcDbLine
 10
1345.122471
 20
715.112944
 30
0.0
 11
1316.122471
 21
715.112944
 31
0.0
  0
LINE
  5
1D19
330
70
100
AcDbEntity
  8
Visible
100
AcDbLine
 10
1345.122471
 20
709.112944
 30
0.0
 11
1345.122471
 21
715.112944
 31
0.0
  0
LINE
  5
1D1A
330
70
100
AcDbEntity
  8
Visible
100
AcDbLine
 10
1374.122471
 20
709.112944
 30
0.0
 11
1345.122471
 21
709.112944
 31
0.0
  0
LINE
  5
1D1B
330
70
100
AcDbEntity
  8
Visible
100
AcDbLine
 10
1374.122471
 20
715.112944
 30
0.0
 11
1374.122471
 21
709.112944
 31
0.0
  0
LINE
  5
1D1C
330
70
100
AcDbEntity
  8
Visible
100
AcDbLine
 10
1414.622471
 20
715.112944
 30
0.0
 11
1374.122471
 21
715.112944
 31
0.0
  0
LINE
  5
1D1D
330
70
100
AcDbEntity
  8
Visible
100
AcDbLine
 10
1414.622471
 20
690.612944
 30
0.0
 11
1414.622471
 21
715.112944
 31
0.0
  0
ENDSEC
  0
SECTION
  2
OBJECTS
  0
DICTIONARY
  5
C
330
0
100
AcDbDictionary
281
     1
  3
ACAD_COLOR
350
63
  3
ACAD_DETAILVIEWSTYLE
350
6A
  3
ACAD_GROUP
350
D
  3
ACAD_LAYOUT
350
62
  3
ACAD_MATERIAL
350
10
  3
ACAD_MLEADERSTYLE
350
66
  3
ACAD_MLINESTYLE
350
5F
  3
ACAD_PLOTSETTINGS
350
61
  3
ACAD_PLOTSTYLENAME
350
E
  3
ACAD_SCALELIST
350
42
  3
ACAD_SECTIONVIEWSTYLE
350
68
  3
ACAD_TABLESTYLE
350
64
  3
ACAD_VISUALSTYLE
350
29
  3
ACDB_RECOMPOSE_DATA
350
1D28
  3
AcDbVariableDictionary
350
1D1E
  0
DICTIONARY
  5
A2
330
70
100
AcDbDictionary
280
     1
281
     1
  3
ACAD_SORTENTS
360
A3
  0
DICTIONARY
  5
63
102
{ACAD_REACTORS
330
C
102
}
330
C
100
AcDbDictionary
281
     1
  0
DICTIONARY
  5
6A
102
{ACAD_REACTORS
330
C
102
}
330
C
100
AcDbDictionary
281
     1
  3
Imperial24
350
6B
  0
DICTIONARY
  5
D
102
{ACAD_REACTORS
330
C
102
}
330
C
100
AcDbDictionary
281
     1
  0
DICTIONARY
  5
62
102
{ACAD_REACTORS
330
C
102
}
330
C
100
AcDbDictionary
281
     1
  3
Model
350
73
  3
Sheet1
350
6F
  3
Sheet2
350
77
  0
DICTIONARY
  5
10
102
{ACAD_REACTORS
330
C
102
}
330
C
100
AcDbDictionary
281
     1
  3
ByBlock
350
19
  3
ByLayer
350
11
  3
Global
350
21
  0
DICTIONARY
  5
66
102
{ACAD_REACTORS
330
C
102
}
330
C
100
AcDbDictionary
281
     1
  3
Standard
350
67
  0
DICTIONARY
  5
5F
102
{ACAD_REACTORS
330
C
102
}
330
C
100
AcDbDictionary
281
     1
  3
Standard
350
60
  0
DICTIONARY
  5
61
102
{ACAD_REACTORS
330
C
102
}
330
C
100
AcDbDictionary
281
     1
  0
ACDBDICTIONARYWDFLT
  5
E
102
{ACAD_REACTORS
330
C
102
}
330
C
100
AcDbDictionary
281
     1
  3
Normal
350
F
100
AcDbDictionaryWithDefault
340
F
  0
DICTIONARY
  5
42
102
{ACAD_REACTORS
330
C
102
}
330
C
100
AcDbDictionary
281
     1
  3
A0
350
43
  3
A1
350
44
  3
A2
350
45
  3
A3
350
46
  3
A4
350
47
  3
A5
350
48
  3
A6
350
49
  3
A7
350
4A
  3
A8
350
4B
  3
A9
350
4C
  3
B0
350
4D
  3
B1
350
4E
  3
B2
350
4F
  3
B3
350
50
  3
B4
350
51
  3
B5
350
52
  3
B6
350
53
  0
DICTIONARY
  5
68
102
{ACAD_REACTORS
330
C
102
}
330
C
100
AcDbDictionary
281
     1
  3
Imperial24
350
69
  0
DICTIONARY
  5
64
102
{ACAD_REACTORS
330
C
102
}
330
C
100
AcDbDictionary
281
     1
  3
Standard
350
65
  0
DICTIONARY
  5
29
102
{ACAD_REACTORS
330
C
102
}
330
C
100
AcDbDictionary
281
     1
  3
2dWireframe
350
2F
  3
Basic
350
2E
  3
Brighten
350
35
  3
ColorChange
350
39
  3
Conceptual
350
32
  3
Dim
350
34
  3
EdgeColorOff
350
41
  3
Facepattern
350
38
  3
Flat
350
2A
  3
FlatWithEdges
350
2B
  3
Gouraud
350
2C
  3
GouraudWithEdges
350
2D
  3
Hidden
350
31
  3
JitterOff
350
3F
  3
Linepattern
350
37
  3
OverhangOff
350
40
  3
Realistic
350
33
  3
Shaded
350
3E
  3
Shaded with edges
350
3D
  3
Shades of Gray
350
3A
  3
Sketchy
350
3B
  3
Thicken
350
36
  3
Wireframe
350
30
  3
X-Ray
350
3C
  0
XRECORD
  5
1D28
102
{ACAD_REACTORS
330
C
102
}
330
C
100
AcDbXrecord
280
     1
 90
        1
330
65
  0
DICTIONARY
  5
1D1E
102
{ACAD_REACTORS
330
C
102
}
330
C
100
AcDbDictionary
281
     1
  3
ANNOALLVISIBLE
350
1D23
  3
CANNOSCALE
350
1D24
  3
CMLEADERSTYLE
350
1D20
  3
CTABLESTYLE
350
1D1F
  3
CVIEWDETAILSTYLE
350
1D21
  3
CVIEWSECTIONSTYLE
350
1D22
  0
SORTENTSTABLE
  5
A3
102
{ACAD_REACTORS
330
A2
102
}
330
A2
100
AcDbSortentsTable
330
70
  0
ACDBDETAILVIEWSTYLE
  5
6B
102
{ACAD_XDICTIONARY
360
1D2B
102
}
102
{ACAD_REACTORS
330
6A
102
}
330
6A
100
AcDbModelDocViewStyle
 70
     0
  3
Imperial24
290
     0
100
AcDbDetailViewStyle
 70
     0
 71
     0
 90
        3
 71
     1
340
55
 62
   256
 40
0.24
340
0
 62
   256
 40
0.24
300

 40
0.36
280
     3
 71
     2
340
5D
 90
       25
 62
   256
 71
     3
340
55
 62
   256
 40
0.24
 90
        1
 40
0.75
 90
        1
300
%<\AcVar ViewType \f "%tc1">% %<\AcVar ViewDetailId>%\PSCALE %<\AcVar ViewScale \f "%sn">%
 71
     4
340
5D
 90
       25
 62
   256
340
5D
 90
       25
 62
   256
280
     0
  0
LAYOUT
  5
73
102
{ACAD_REACTORS
330
62
102
}
330
62
100
AcDbPlotSettings
  1

  2
AutoCAD PDF (High Quality Print).pc3
  4
CustomDimension
  6

 40
0.0
 41
0.0
 42
0.0
 43
0.0
 44
1500.0
 45
1600.0
 46
0.0
 47
0.0
 48
0.0
 49
0.0
140
0.0
141
0.0
142
1.0
143
2.126579
 70
 11952
 72
     1
 73
     0
 74
     0
  7

 75
     0
147
0.470239
 76
     0
 77
     2
 78
   300
148
844.934612
149
74.251497
100
AcDbLayout
  1
Model
 70
     1
 71
     0
 10
0.0
 20
0.0
 11
12.0
 21
9.0
 12
0.0
 22
0.0
 32
0.0
 14
0.0
 24
0.0
 34
0.0
 15
0.0
 25
0.0
 35
0.0
146
0.0
 13
0.0
 23
0.0
 33
0.0
 16
1.0
 26
0.0
 36
0.0
 17
0.0
 27
1.0
 37
0.0
 76
     0
330
70
1001
ACAD_PSEXT
1000
AutoCAD PDF (High Quality Print).pc3
1000
DWG To PDF
1000
File
1000

1070
     0
  0
LAYOUT
  5
6F
102
{ACAD_REACTORS
330
62
102
}
330
62
100
AcDbPlotSettings
  1

  2
None
  4

  6

 40
0.0
 41
0.0
 42
0.0
 43
0.0
 44
0.0
 45
0.0
 46
0.0
 47
0.0
 48
0.0
 49
0.0
140
0.0
141
0.0
142
1.0
143
1.0
 70
   688
 72
     0
 73
     0
 74
     5
  7

 75
    16
147
1.0
 76
     0
 77
     2
 78
   300
148
0.0
149
0.0
100
AcDbLayout
  1
Sheet1
 70
     1
 71
     1
 10
0.0
 20
0.0
 11
12.0
 21
9.0
 12
0.0
 22
0.0
 32
0.0
 14
0.0
 24
0.0
 34
0.0
 15
0.0
 25
0.0
 35
0.0
146
0.0
 13
0.0
 23
0.0
 33
0.0
 16
1.0
 26
0.0
 36
0.0
 17
0.0
 27
1.0
 37
0.0
 76
     0
330
6C
  0
LAYOUT
  5
77
102
{ACAD_REACTORS
330
62
102
}
330
62
100
AcDbPlotSettings
  1

  2
None
  4

  6

 40
0.0
 41
0.0
 42
0.0
 43
0.0
 44
0.0
 45
0.0
 46
0.0
 47
0.0
 48
0.0
 49
0.0
140
0.0
141
0.0
142
1.0
143
1.0
 70
   688
 72
     0
 73
     0
 74
     5
  7

 75
    16
147
1.0
 76
     0
 77
     2
 78
   300
148
0.0
149
0.0
100
AcDbLayout
  1
Sheet2
 70
     1
 71
     2
 10
0.0
 20
0.0
 11
12.0
 21
9.0
 12
0.0
 22
0.0
 32
0.0
 14
0.0
 24
0.0
 34
0.0
 15
0.0
 25
0.0
 35
0.0
146
0.0
 13
0.0
 23
0.0
 33
0.0
 16
1.0
 26
0.0
 36
0.0
 17
0.0
 27
1.0
 37
0.0
 76
     0
330
74
  0
MATERIAL
  5
19
102
{ACAD_XDICTIONARY
360
1A
102
}
102
{ACAD_REACTORS
330
10
102
}
330
10
100
AcDbMaterial
  1
ByBlock
 72
     0
 43
0.020833
 43
0.0
 43
0.0
 43
0.0
 43
0.0
 43
0.020833
 43
0.0
 43
0.0
 43
0.0
 43
0.0
 43
1.0
 43
0.0
 43
0.0
 43
0.0
 43
0.0
 43
1.0
 77
     0
 47
0.020833
 47
0.0
 47
0.0
 47
0.0
 47
0.0
 47
0.020833
 47
0.0
 47
0.0
 47
0.0
 47
0.0
 47
1.0
 47
0.0
 47
0.0
 47
0.0
 47
0.0
 47
1.0
171
     0
 49
0.020833
 49
0.0
 49
0.0
 49
0.0
 49
0.0
 49
0.020833
 49
0.0
 49
0.0
 49
0.0
 49
0.0
 49
1.0
 49
0.0
 49
0.0
 49
0.0
 49
0.0
 49
1.0
175
     0
142
0.020833
142
0.0
142
0.0
142
0.0
142
0.0
142
0.020833
142
0.0
142
0.0
142
0.0
142
0.0
142
1.0
142
0.0
142
0.0
142
0.0
142
0.0
142
1.0
179
     0
144
0.020833
144
0.0
144
0.0
144
0.0
144
0.0
144
0.020833
144
0.0
144
0.0
144
0.0
144
0.0
144
1.0
144
0.0
144
0.0
144
0.0
144
0.0
144
1.0
147
0.020833
147
0.0
147
0.0
147
0.0
147
0.0
147
0.020833
147
0.0
147
0.0
147
0.0
147
0.0
147
1.0
147
0.0
147
0.0
147
0.0
147
0.0
147
1.0
  0
MATERIAL
  5
11
102
{ACAD_XDICTIONARY
360
12
102
}
102
{ACAD_REACTORS
330
10
102
}
330
10
100
AcDbMaterial
  1
ByLayer
 72
     0
 43
0.020833
 43
0.0
 43
0.0
 43
0.0
 43
0.0
 43
0.020833
 43
0.0
 43
0.0
 43
0.0
 43
0.0
 43
1.0
 43
0.0
 43
0.0
 43
0.0
 43
0.0
 43
1.0
 77
     0
 47
0.020833
 47
0.0
 47
0.0
 47
0.0
 47
0.0
 47
0.020833
 47
0.0
 47
0.0
 47
0.0
 47
0.0
 47
1.0
 47
0.0
 47
0.0
 47
0.0
 47
0.0
 47
1.0
171
     0
 49
0.020833
 49
0.0
 49
0.0
 49
0.0
 49
0.0
 49
0.020833
 49
0.0
 49
0.0
 49
0.0
 49
0.0
 49
1.0
 49
0.0
 49
0.0
 49
0.0
 49
0.0
 49
1.0
175
     0
142
0.020833
142
0.0
142
0.0
142
0.0
142
0.0
142
0.020833
142
0.0
142
0.0
142
0.0
142
0.0
142
1.0
142
0.0
142
0.0
142
0.0
142
0.0
142
1.0
179
     0
144
0.020833
144
0.0
144
0.0
144
0.0
144
0.0
144
0.020833
144
0.0
144
0.0
144
0.0
144
0.0
144
1.0
144
0.0
144
0.0
144
0.0
144
0.0
144
1.0
147
0.020833
147
0.0
147
0.0
147
0.0
147
0.0
147
0.020833
147
0.0
147
0.0
147
0.0
147
0.0
147
1.0
147
0.0
147
0.0
147
0.0
147
0.0
147
1.0
  0
MATERIAL
  5
21
102
{ACAD_XDICTIONARY
360
22
102
}
102
{ACAD_REACTORS
330
10
102
}
330
10
100
AcDbMaterial
  1
Global
 72
     0
 43
0.020833
 43
0.0
 43
0.0
 43
0.0
 43
0.0
 43
0.020833
 43
0.0
 43
0.0
 43
0.0
 43
0.0
 43
1.0
 43
0.0
 43
0.0
 43
0.0
 43
0.0
 43
1.0
 77
     0
 47
0.020833
 47
0.0
 47
0.0
 47
0.0
 47
0.0
 47
0.020833
 47
0.0
 47
0.0
 47
0.0
 47
0.0
 47
1.0
 47
0.0
 47
0.0
 47
0.0
 47
0.0
 47
1.0
171
     0
 49
0.020833
 49
0.0
 49
0.0
 49
0.0
 49
0.0
 49
0.020833
 49
0.0
 49
0.0
 49
0.0
 49
0.0
 49
1.0
 49
0.0
 49
0.0
 49
0.0
 49
0.0
 49
1.0
175
     0
142
0.020833
142
0.0
142
0.0
142
0.0
142
0.0
142
0.020833
142
0.0
142
0.0
142
0.0
142
0.0
142
1.0
142
0.0
142
0.0
142
0.0
142
0.0
142
1.0
179
     0
144
0.020833
144
0.0
144
0.0
144
0.0
144
0.0
144
0.020833
144
0.0
144
0.0
144
0.0
144
0.0
144
1.0
144
0.0
144
0.0
144
0.0
144
0.0
144
1.0
147
0.020833
147
0.0
147
0.0
147
0.0
147
0.0
147
0.020833
147
0.0
147
0.0
147
0.0
147
0.0
147
1.0
147
0.0
147
0.0
147
0.0
147
0.0
147
1.0
  0
MLEADERSTYLE
  5
67
102
{ACAD_REACTORS
330
66
102
}
330
66
100
AcDbMLeaderStyle
179
     2
170
     2
171
     1
172
     0
 90
        2
 40
0.0
 41
0.0
173
     1
 91
-1056964608
340
5B
 92
       -2
290
     1
 42
0.09
291
     1
 43
0.36
  3
Standard
 44
0.18
300

342
55
174
     1
178
     6
175
     1
176
     0
 93
-1056964608
 45
0.18
292
     0
297
     0
 46
0.18
 94
-1056964608
 47
1.0
 49
1.0
140
1.0
293
     1
141
0.0
294
     1
177
     0
142
1.0
295
     0
296
     0
143
0.125
271
     0
272
     9
273
     9
298
     1
  0
MLINESTYLE
  5
60
102
{ACAD_REACTORS
330
5F
102
}
330
5F
100
AcDbMlineStyle
  2
STANDARD
 70
     0
  3

 62
   256
 51
90.0
 52
90.0
 71
     0
  0
ACDBPLACEHOLDER
  5
F
102
{ACAD_REACTORS
330
E
102
}
330
E
  0
SCALE
  5
43
102
{ACAD_REACTORS
330
42
102
}
330
42
100
AcDbScale
 70
     0
300
1:1
140
1.0
141
1.0
290
     1
  0
SCALE
  5
44
102
{ACAD_REACTORS
330
42
102
}
330
42
100
AcDbScale
 70
     0
300
1:2
140
1.0
141
2.0
290
     0
  0
SCALE
  5
45
102
{ACAD_REACTORS
330
42
102
}
330
42
100
AcDbScale
 70
     0
300
1:4
140
1.0
141
4.0
290
     0
  0
SCALE
  5
46
102
{ACAD_REACTORS
330
42
102
}
330
42
100
AcDbScale
 70
     0
300
1:5
140
1.0
141
5.0
290
     0
  0
SCALE
  5
47
102
{ACAD_REACTORS
330
42
102
}
330
42
100
AcDbScale
 70
     0
300
1:8
140
1.0
141
8.0
290
     0
  0
SCALE
  5
48
102
{ACAD_REACTORS
330
42
102
}
330
42
100
AcDbScale
 70
     0
300
1:10
140
1.0
141
10.0
290
     0
  0
SCALE
  5
49
102
{ACAD_REACTORS
330
42
102
}
330
42
100
AcDbScale
 70
     0
300
1:16
140
1.0
141
16.0
290
     0
  0
SCALE
  5
4A
102
{ACAD_REACTORS
330
42
102
}
330
42
100
AcDbScale
 70
     0
300
1:20
140
1.0
141
20.0
290
     0
  0
SCALE
  5
4B
102
{ACAD_REACTORS
330
42
102
}
330
42
100
AcDbScale
 70
     0
300
1:30
140
1.0
141
30.0
290
     0
  0
SCALE
  5
4C
102
{ACAD_REACTORS
330
42
102
}
330
42
100
AcDbScale
 70
     0
300
1:40
140
1.0
141
40.0
290
     0
  0
SCALE
  5
4D
102
{ACAD_REACTORS
330
42
102
}
330
42
100
AcDbScale
 70
     0
300
1:50
140
1.0
141
50.0
290
     0
  0
SCALE
  5
4E
102
{ACAD_REACTORS
330
42
102
}
330
42
100
AcDbScale
 70
     0
300
1:100
140
1.0
141
100.0
290
     0
  0
SCALE
  5
4F
102
{ACAD_REACTORS
330
42
102
}
330
42
100
AcDbScale
 70
     0
300
2:1
140
2.0
141
1.0
290
     0
  0
SCALE
  5
50
102
{ACAD_REACTORS
330
42
102
}
330
42
100
AcDbScale
 70
     0
300
4:1
140
4.0
141
1.0
290
     0
  0
SCALE
  5
51
102
{ACAD_REACTORS
330
42
102
}
330
42
100
AcDbScale
 70
     0
300
8:1
140
8.0
141
1.0
290
     0
  0
SCALE
  5
52
102
{ACAD_REACTORS
330
42
102
}
330
42
100
AcDbScale
 70
     0
300
10:1
140
10.0
141
1.0
290
     0
  0
SCALE
  5
53
102
{ACAD_REACTORS
330
42
102
}
330
42
100
AcDbScale
 70
     0
300
100:1
140
100.0
141
1.0
290
     0
  0
ACDBSECTIONVIEWSTYLE
  5
69
102
{ACAD_XDICTIONARY
360
1D29
102
}
102
{ACAD_REACTORS
330
68
102
}
330
68
100
AcDbModelDocViewStyle
 70
     0
  3
Imperial24
290
     0
100
AcDbSectionViewStyle
 70
     0
 71
     0
 90
       78
 71
     1
340
55
 62
   256
 40
0.24
340
0
340
0
 62
   256
 40
0.24
300
I, O, Q, S, X, Z
 40
0.48
 90
        3
 40
0.18
 90
        1
 71
     2
340
5D
 90
       25
 62
   256
340
5D
 90
       50
 62
   256
 40
0.24
 40
0.0
 40
0.24
 71
     3
340
55
 62
   256
 40
0.24
 90
        1
 40
0.75
 90
        1
300
%<\AcVar ViewType \f "%tc1">% %<\AcVar ViewSectionStartId>%-%<\AcVar ViewSectionEndId>%\PSCALE %<\AcVar ViewScale \f "%sn">%
 71
     4
 62
   256
 62
   257
300
ANSI31
 40
1.0
 90
        0
290
     0
290
     0
 90
        6
 40
0.0
 40
1.570796
 40
0.261799
 40
1.308997
 40
-0.261799
 40
1.832596
  0
TABLESTYLE
  5
65
102
{ACAD_XDICTIONARY
360
1D25
102
}
102
{ACAD_REACTORS
330
64
102
}
330
64
100
AcDbTableStyle
280
     0
  3
Standard
 70
     0
 71
     0
 40
1.5
 41
1.5
280
     0
281
     0
  7
Standard
140
0.18
170
     2
 62
     0
 63
     7
283
     0
 90
      512
 91
        0
  1

274
    -2
284
     1
 64
     0
275
    -2
285
     1
 65
     0
276
    -2
286
     1
 66
     0
277
    -2
287
     1
 67
     0
278
    -2
288
     1
 68
     0
279
    -2
289
     1
 69
     0
  7
Standard
140
0.25
170
     5
 62
     0
 63
     7
283
     0
 90
      512
 91
        0
  1

274
    -2
284
     1
 64
     0
275
    -2
285
     1
 65
     0
276
    -2
286
     1
 66
     0
277
    -2
287
     1
 67
     0
278
    -2
288
     1
 68
     0
279
    -2
289
     1
 69
     0
  7
Standard
140
0.18
170
     5
 62
     0
 63
     7
283
     0
 90
      512
 91
        0
  1

274
    -2
284
     1
 64
     0
275
    -2
285
     1
 65
     0
276
    -2
286
     1
 66
     0
277
    -2
287
     1
 67
     0
278
    -2
288
     1
 68
     0
279
    -2
289
     1
 69
     0
  0
VISUALSTYLE
  5
2F
102
{ACAD_REACTORS
330
29
102
}
330
29
100
AcDbVisualStyle
  2
2dWireframe
 70
     4
177
     3
291
     0
 70
    58
 90
        0
176
     1
 90
        2
176
     1
 90
        0
176
     1
 90
        0
176
     1
 40
0.6
176
     1
 40
30.0
176
     1
 62
     7
420
 16777215
176
     1
 90
        1
176
     1
 90
        4
176
     1
 62
     7
176
     1
 62
   257
176
     1
 90
        1
176
     1
 90
        1
176
     1
 40
1.0
176
     1
 90
        0
176
     1
 62
   257
176
     1
 40
1.0
176
     1
 90
        1
176
     1
 90
        6
176
     1
 90
        2
176
     1
 62
     7
176
     1
 90
        5
176
     1
 90
        0
176
     1
 90
        0
176
     1
290
     0
176
     1
 90
        1
176
     1
 40
0.0
176
     1
 90
        0
176
     1
290
     1
176
     1
290
     1
176
     1
290
     0
176
     1
290
     0
176
     1
290
     0
176
     1
290
     0
176
     1
290
     0
176
     1
290
     0
176
     1
290
     0
176
     1
 90
       50
176
     1
 40
0.0
176
     1
 40
1.0
176
     1
 90
        0
176
     1
 62
    18
420
        0
176
     1
 90
       50
176
     1
 90
        3
176
     1
 62
     5
420
      255
176
     1
290
     0
176
     1
 90
       50
176
     1
 90
       50
176
     1
 90
       50
176
     1
290
     0
176
     1
 90
       50
176
     1
 62
   256
176
     0
 40
1.0
176
     0
 90
        2
176
     1
  1
strokes_ogs.tif
176
     1
290
     0
176
     1
 40
1.0
176
     1
 40
1.0
176
     1
1001
ACAD
1000
AcDbSavedByObjectVersion
1070
     0
  0
VISUALSTYLE
  5
2E
102
{ACAD_REACTORS
330
29
102
}
330
29
100
AcDbVisualStyle
  2
Basic
 70
     7
177
     3
291
     1
 70
    58
 90
        1
176
     1
 90
        0
176
     1
 90
        1
176
     1
 90
        0
176
     1
 40
0.6
176
     1
 40
30.0
176
     1
 62
     7
420
 16777215
176
     1
 90
        0
176
     1
 90
        4
176
     1
 62
     7
176
     1
 62
   257
176
     1
 90
        1
176
     1
 90
        1
176
     1
 40
1.0
176
     1
 90
        8
176
     1
 62
     7
176
     1
 40
1.0
176
     1
 90
        1
176
     1
 90
        6
176
     1
 90
        2
176
     1
 62
     7
176
     1
 90
        5
176
     1
 90
        0
176
     1
 90
        0
176
     1
290
     0
176
     1
 90
        1
176
     1
 40
0.0
176
     1
 90
        0
176
     1
290
     0
176
     1
290
     1
176
     1
290
     1
176
     1
290
     0
176
     1
290
     0
176
     1
290
     0
176
     1
290
     0
176
     1
290
     0
176
     1
290
     0
176
     1
 90
       50
176
     1
 40
0.0
176
     1
 40
1.0
176
     1
 90
        0
176
     1
 62
    18
420
        0
176
     1
 90
       50
176
     1
 90
        3
176
     1
 62
     5
420
      255
176
     1
290
     0
176
     1
 90
       50
176
     1
 90
       50
176
     1
 90
       50
176
     1
290
     0
176
     1
 90
       50
176
     1
 62
   256
176
     0
 40
1.0
176
     0
 90
        2
176
     1
  1
strokes_ogs.tif
176
     1
290
     0
176
     1
 40
1.0
176
     1
 40
1.0
176
     1
1001
ACAD
1000
AcDbSavedByObjectVersion
1070
     0
  0
VISUALSTYLE
  5
35
102
{ACAD_REACTORS
330
29
102
}
330
29
100
AcDbVisualStyle
  2
Brighten
 70
    12
177
     3
291
     1
 70
    58
 90
        2
176
     1
 90
        2
176
     1
 90
        0
176
     1
 90
        0
176
     1
 40
0.6
176
     1
 40
30.0
176
     1
 62
     7
420
 16777215
176
     1
 90
        1
176
     1
 90
        4
176
     1
 62
     7
176
     1
 62
   257
176
     1
 90
        1
176
     1
 90
        1
176
     1
 40
1.0
176
     1
 90
        8
176
     1
 62
     7
176
     1
 40
1.0
176
     1
 90
        1
176
     1
 90
        6
176
     1
 90
        2
176
     1
 62
     7
176
     1
 90
        5
176
     1
 90
        0
176
     1
 90
        0
176
     1
290
     0
176
     1
 90
        1
176
     1
 40
50.0
176
     1
 90
        0
176
     1
290
     0
176
     1
290
     1
176
     1
290
     1
176
     1
290
     0
176
     1
290
     0
176
     1
290
     0
176
     1
290
     0
176
     1
290
     0
176
     1
290
     0
176
     1
 90
       50
176
     1
 40
0.0
176
     1
 40
1.0
176
     1
 90
        0
176
     1
 62
    18
420
        0
176
     1
 90
       50
176
     1
 90
        3
176
     1
 62
     5
420
      255
176
     1
290
     0
176
     1
 90
       50
176
     1
 90
       50
176
     1
 90
       50
176
     1
290
     0
176
     1
 90
       50
176
     1
 62
   256
176
     0
 40
1.0
176
     0
 90
        2
176
     1
  1
strokes_ogs.tif
176
     1
290
     0
176
     1
 40
1.0
176
     1
 40
1.0
176
     1
1001
ACAD
1000
AcDbSavedByObjectVersion
1070
     0
  0
VISUALSTYLE
  5
39
102
{ACAD_REACTORS
330
29
102
}
330
29
100
AcDbVisualStyle
  2
ColorChange
 70
    16
177
     3
291
     1
 70
    58
 90
        2
176
     1
 90
        2
176
     1
 90
        3
176
     1
 90
        0
176
     1
 40
0.6
176
     1
 40
30.0
176
     1
 62
     8
420
  8421504
176
     1
 90
        1
176
     1
 90
        4
176
     1
 62
     7
176
     1
 62
   257
176
     1
 90
        1
176
     1
 90
        1
176
     1
 40
1.0
176
     1
 90
        8
176
     1
 62
     8
420
  8421504
176
     1
 40
1.0
176
     1
 90
        1
176
     1
 90
        6
176
     1
 90
        2
176
     1
 62
     7
176
     1
 90
        5
176
     1
 90
        0
176
     1
 90
        0
176
     1
290
     0
176
     1
 90
        1
176
     1
 40
0.0
176
     1
 90
        0
176
     1
290
     0
176
     1
290
     1
176
     1
290
     1
176
     1
290
     0
176
     1
290
     0
176
     1
290
     0
176
     1
290
     0
176
     1
290
     0
176
     1
290
     0
176
     1
 90
       50
176
     1
 40
0.0
176
     1
 40
1.0
176
     1
 90
        0
176
     1
 62
    18
420
        0
176
     1
 90
       50
176
     1
 90
        3
176
     1
 62
     5
420
      255
176
     1
290
     0
176
     1
 90
       50
176
     1
 90
       50
176
     1
 90
       50
176
     1
290
     0
176
     1
 90
       50
176
     1
 62
   256
176
     0
 40
1.0
176
     0
 90
        2
176
     1
  1
strokes_ogs.tif
176
     1
290
     0
176
     1
 40
1.0
176
     1
 40
1.0
176
     1
1001
ACAD
1000
AcDbSavedByObjectVersion
1070
     0
  0
VISUALSTYLE
  5
32
102
{ACAD_REACTORS
330
29
102
}
330
29
100
AcDbVisualStyle
  2
Conceptual
 70
     9
177
     3
291
     0
 70
    58
 90
        3
176
     1
 90
        2
176
     1
 90
        0
176
     1
 90
        0
176
     1
 40
0.6
176
     1
 40
30.0
176
     1
 62
     7
420
 16777215
176
     1
 90
        2
176
     1
 90
        2
176
     1
 62
     7
176
     1
 62
   257
176
     1
 90
        1
176
     1
 90
        1
176
     1
 40
179.0
176
     1
 90
        8
176
     1
 62
     7
176
     1
 40
1.0
176
     1
 90
        1
176
     1
 90
        6
176
     1
 90
        2
176
     1
 62
     7
176
     1
 90
        3
176
     1
 90
        0
176
     1
 90
        0
176
     1
290
     0
176
     1
 90
        1
176
     1
 40
0.0
176
     1
 90
        0
176
     1
290
     0
176
     1
290
     1
176
     1
290
     1
176
     1
290
     0
176
     1
290
     0
176
     1
290
     0
176
     1
290
     0
176
     1
290
     0
176
     1
290
     0
176
     1
 90
       50
176
     1
 40
0.0
176
     1
 40
1.0
176
     1
 90
        0
176
     1
 62
    18
420
        0
176
     1
 90
       50
176
     1
 90
        3
176
     1
 62
     5
420
      255
176
     1
290
     0
176
     1
 90
       50
176
     1
 90
       50
176
     1
 90
       50
176
     1
290
     0
176
     1
 90
       50
176
     1
 62
   256
176
     0
 40
1.0
176
     0
 90
        2
176
     1
  1
strokes_ogs.tif
176
     1
290
     0
176
     1
 40
1.0
176
     1
 40
1.0
176
     1
1001
ACAD
1000
AcDbSavedByObjectVersion
1070
     0
  0
VISUALSTYLE
  5
34
102
{ACAD_REACTORS
330
29
102
}
330
29
100
AcDbVisualStyle
  2
Dim
 70
    11
177
     3
291
     1
 70
    58
 90
        2
176
     1
 90
        2
176
     1
 90
        0
176
     1
 90
        0
176
     1
 40
0.6
176
     1
 40
30.0
176
     1
 62
     7
420
 16777215
176
     1
 90
        1
176
     1
 90
        4
176
     1
 62
     7
176
     1
 62
   257
176
     1
 90
        1
176
     1
 90
        1
176
     1
 40
1.0
176
     1
 90
        8
176
     1
 62
     7
176
     1
 40
1.0
176
     1
 90
        1
176
     1
 90
        6
176
     1
 90
        2
176
     1
 62
     7
176
     1
 90
        5
176
     1
 90
        0
176
     1
 90
        0
176
     1
290
     0
176
     1
 90
        1
176
     1
 40
-50.0
176
     1
 90
        0
176
     1
290
     0
176
     1
290
     1
176
     1
290
     1
176
     1
290
     0
176
     1
290
     0
176
     1
290
     0
176
     1
290
     0
176
     1
290
     0
176
     1
290
     0
176
     1
 90
       50
176
     1
 40
0.0
176
     1
 40
1.0
176
     1
 90
        0
176
     1
 62
    18
420
        0
176
     1
 90
       50
176
     1
 90
        3
176
     1
 62
     5
420
      255
176
     1
290
     0
176
     1
 90
       50
176
     1
 90
       50
176
     1
 90
       50
176
     1
290
     0
176
     1
 90
       50
176
     1
 62
   256
176
     0
 40
1.0
176
     0
 90
        2
176
     1
  1
strokes_ogs.tif
176
     1
290
     0
176
     1
 40
1.0
176
     1
 40
1.0
176
     1
1001
ACAD
1000
AcDbSavedByObjectVersion
1070
     0
  0
VISUALSTYLE
  5
41
102
{ACAD_REACTORS
330
29
102
}
330
29
100
AcDbVisualStyle
  2
EdgeColorOff
 70
    22
177
     3
291
     1
 70
    58
 90
        2
176
     0
 90
        2
176
     0
 90
        0
176
     0
 90
        0
176
     0
 40
0.6
176
     0
 40
30.0
176
     0
 62
     7
420
 16777215
176
     0
 90
        1
176
     0
 90
        4
176
     0
 62
     7
176
     0
 62
   257
176
     0
 90
        1
176
     0
 90
        1
176
     0
 40
1.0
176
     0
 90
        8
176
     2
 62
     7
176
     0
 40
1.0
176
     0
 90
        1
176
     0
 90
        6
176
     0
 90
        2
176
     0
 62
     7
176
     0
 90
        5
176
     0
 90
        0
176
     0
 90
        0
176
     0
290
     0
176
     0
 90
        1
176
     0
 40
0.0
176
     0
 90
        0
176
     0
290
     0
176
     0
290
     1
176
     0
290
     1
176
     0
290
     0
176
     0
290
     0
176
     0
290
     0
176
     0
290
     0
176
     0
290
     0
176
     0
290
     0
176
     0
 90
       50
176
     0
 40
0.0
176
     0
 40
1.0
176
     0
 90
        0
176
     0
 62
    18
420
        0
176
     0
 90
       50
176
     0
 90
        3
176
     0
 62
     5
420
      255
176
     0
290
     0
176
     0
 90
       50
176
     0
 90
       50
176
     0
 90
       50
176
     0
290
     0
176
     0
 90
       50
176
     0
 62
   256
176
     0
 40
1.0
176
     0
 90
        2
176
     0
  1
strokes_ogs.tif
176
     0
290
     0
176
     0
 40
1.0
176
     0
 40
1.0
176
     0
1001
ACAD
1000
AcDbSavedByObjectVersion
1070
     0
  0
VISUALSTYLE
  5
38
102
{ACAD_REACTORS
330
29
102
}
330
29
100
AcDbVisualStyle
  2
Facepattern
 70
    15
177
     3
291
     1
 70
    58
 90
        2
176
     1
 90
        2
176
     1
 90
        0
176
     1
 90
        0
176
     1
 40
0.6
176
     1
 40
30.0
176
     1
 62
     7
420
 16777215
176
     1
 90
        1
176
     1
 90
        4
176
     1
 62
     7
176
     1
 62
   257
176
     1
 90
        1
176
     1
 90
        1
176
     1
 40
1.0
176
     1
 90
        8
176
     1
 62
     7
176
     1
 40
1.0
176
     1
 90
        1
176
     1
 90
        6
176
     1
 90
        2
176
     1
 62
     7
176
     1
 90
        5
176
     1
 90
        0
176
     1
 90
        0
176
     1
290
     0
176
     1
 90
        1
176
     1
 40
0.0
176
     1
 90
        0
176
     1
290
     0
176
     1
290
     1
176
     1
290
     1
176
     1
290
     0
176
     1
290
     0
176
     1
290
     0
176
     1
290
     0
176
     1
290
     0
176
     1
290
     0
176
     1
 90
       50
176
     1
 40
0.0
176
     1
 40
1.0
176
     1
 90
        0
176
     1
 62
    18
420
        0
176
     1
 90
       50
176
     1
 90
        3
176
     1
 62
     5
420
      255
176
     1
290
     0
176
     1
 90
       50
176
     1
 90
       50
176
     1
 90
       50
176
     1
290
     0
176
     1
 90
       50
176
     1
 62
   256
176
     0
 40
1.0
176
     0
 90
        2
176
     1
  1
strokes_ogs.tif
176
     1
290
     0
176
     1
 40
1.0
176
     1
 40
1.0
176
     1
1001
ACAD
1000
AcDbSavedByObjectVersion
1070
     0
  0
VISUALSTYLE
  5
2A
102
{ACAD_REACTORS
330
29
102
}
330
29
100
AcDbVisualStyle
  2
Flat
 70
     0
177
     3
291
     1
 70
    58
 90
        2
176
     1
 90
        1
176
     1
 90
        1
176
     1
 90
        2
176
     1
 40
0.6
176
     1
 40
30.0
176
     1
 62
     7
420
 16777215
176
     1
 90
        0
176
     1
 90
        0
176
     1
 62
     7
176
     1
 62
   257
176
     1
 90
        1
176
     1
 90
        1
176
     1
 40
1.0
176
     1
 90
        8
176
     1
 62
     7
176
     1
 40
1.0
176
     1
 90
        1
176
     1
 90
        6
176
     1
 90
        2
176
     1
 62
     7
176
     1
 90
        5
176
     1
 90
        0
176
     1
 90
        0
176
     1
290
     0
176
     1
 90
       13
176
     1
 40
0.0
176
     1
 90
        0
176
     1
290
     0
176
     1
290
     1
176
     1
290
     1
176
     1
290
     0
176
     1
290
     0
176
     1
290
     0
176
     1
290
     0
176
     1
290
     0
176
     1
290
     0
176
     1
 90
       50
176
     1
 40
0.0
176
     1
 40
1.0
176
     1
 90
        0
176
     1
 62
    18
420
        0
176
     1
 90
       50
176
     1
 90
        3
176
     1
 62
     5
420
      255
176
     1
290
     0
176
     1
 90
       50
176
     1
 90
       50
176
     1
 90
       50
176
     1
290
     0
176
     1
 90
       50
176
     1
 62
   256
176
     0
 40
1.0
176
     0
 90
        2
176
     1
  1
strokes_ogs.tif
176
     1
290
     0
176
     1
 40
1.0
176
     1
 40
1.0
176
     1
1001
ACAD
1000
AcDbSavedByObjectVersion
1070
     0
  0
VISUALSTYLE
  5
2B
102
{ACAD_REACTORS
330
29
102
}
330
29
100
AcDbVisualStyle
  2
FlatWithEdges
 70
     1
177
     3
291
     1
 70
    58
 90
        2
176
     1
 90
        1
176
     1
 90
        1
176
     1
 90
        2
176
     1
 40
0.6
176
     1
 40
30.0
176
     1
 62
     7
420
 16777215
176
     1
 90
        1
176
     1
 90
        0
176
     1
 62
     7
176
     1
 62
   257
176
     1
 90
        1
176
     1
 90
        1
176
     1
 40
1.0
176
     1
 90
        0
176
     1
 62
   257
176
     1
 40
1.0
176
     1
 90
        1
176
     1
 90
        6
176
     1
 90
        2
176
     1
 62
     7
176
     1
 90
        5
176
     1
 90
        0
176
     1
 90
        0
176
     1
290
     0
176
     1
 90
       13
176
     1
 40
0.0
176
     1
 90
        0
176
     1
290
     0
176
     1
290
     1
176
     1
290
     1
176
     1
290
     0
176
     1
290
     0
176
     1
290
     0
176
     1
290
     0
176
     1
290
     0
176
     1
290
     0
176
     1
 90
       50
176
     1
 40
0.0
176
     1
 40
1.0
176
     1
 90
        0
176
     1
 62
    18
420
        0
176
     1
 90
       50
176
     1
 90
        3
176
     1
 62
     5
420
      255
176
     1
290
     0
176
     1
 90
       50
176
     1
 90
       50
176
     1
 90
       50
176
     1
290
     0
176
     1
 90
       50
176
     1
 62
   256
176
     0
 40
1.0
176
     0
 90
        2
176
     1
  1
strokes_ogs.tif
176
     1
290
     0
176
     1
 40
1.0
176
     1
 40
1.0
176
     1
1001
ACAD
1000
AcDbSavedByObjectVersion
1070
     0
  0
VISUALSTYLE
  5
2C
102
{ACAD_REACTORS
330
29
102
}
330
29
100
AcDbVisualStyle
  2
Gouraud
 70
     2
177
     3
291
     1
 70
    58
 90
        2
176
     1
 90
        2
176
     1
 90
        1
176
     1
 90
        2
176
     1
 40
0.6
176
     1
 40
30.0
176
     1
 62
     7
420
 16777215
176
     1
 90
        0
176
     1
 90
        0
176
     1
 62
     7
176
     1
 62
   257
176
     1
 90
        1
176
     1
 90
        1
176
     1
 40
1.0
176
     1
 90
        0
176
     1
 62
     7
176
     1
 40
1.0
176
     1
 90
        1
176
     1
 90
        6
176
     1
 90
        2
176
     1
 62
     7
176
     1
 90
        5
176
     1
 90
        0
176
     1
 90
        0
176
     1
290
     0
176
     1
 90
       13
176
     1
 40
0.0
176
     1
 90
        0
176
     1
290
     0
176
     1
290
     1
176
     1
290
     1
176
     1
290
     0
176
     1
290
     0
176
     1
290
     0
176
     1
290
     0
176
     1
290
     0
176
     1
290
     0
176
     1
 90
       50
176
     1
 40
0.0
176
     1
 40
1.0
176
     1
 90
        0
176
     1
 62
    18
420
        0
176
     1
 90
       50
176
     1
 90
        3
176
     1
 62
     5
420
      255
176
     1
290
     0
176
     1
 90
       50
176
     1
 90
       50
176
     1
 90
       50
176
     1
290
     0
176
     1
 90
       50
176
     1
 62
   256
176
     0
 40
1.0
176
     0
 90
        2
176
     1
  1
strokes_ogs.tif
176
     1
290
     0
176
     1
 40
1.0
176
     1
 40
1.0
176
     1
1001
ACAD
1000
AcDbSavedByObjectVersion
1070
     0
  0
VISUALSTYLE
  5
2D
102
{ACAD_REACTORS
330
29
102
}
330
29
100
AcDbVisualStyle
  2
GouraudWithEdges
 70
     3
177
     3
291
     1
 70
    58
 90
        2
176
     1
 90
        2
176
     1
 90
        1
176
     1
 90
        2
176
     1
 40
0.6
176
     1
 40
30.0
176
     1
 62
     7
420
 16777215
176
     1
 90
        1
176
     1
 90
        0
176
     1
 62
     7
176
     1
 62
   257
176
     1
 90
        1
176
     1
 90
        1
176
     1
 40
1.0
176
     1
 90
        0
176
     1
 62
   257
176
     1
 40
1.0
176
     1
 90
        1
176
     1
 90
        6
176
     1
 90
        2
176
     1
 62
     7
176
     1
 90
        5
176
     1
 90
        0
176
     1
 90
        0
176
     1
290
     0
176
     1
 90
       13
176
     1
 40
0.0
176
     1
 90
        0
176
     1
290
     0
176
     1
290
     1
176
     1
290
     1
176
     1
290
     0
176
     1
290
     0
176
     1
290
     0
176
     1
290
     0
176
     1
290
     0
176
     1
290
     0
176
     1
 90
       50
176
     1
 40
0.0
176
     1
 40
1.0
176
     1
 90
        0
176
     1
 62
    18
420
        0
176
     1
 90
       50
176
     1
 90
        3
176
     1
 62
     5
420
      255
176
     1
290
     0
176
     1
 90
       50
176
     1
 90
       50
176
     1
 90
       50
176
     1
290
     0
176
     1
 90
       50
176
     1
 62
   256
176
     0
 40
1.0
176
     0
 90
        2
176
     1
  1
strokes_ogs.tif
176
     1
290
     0
176
     1
 40
1.0
176
     1
 40
1.0
176
     1
1001
ACAD
1000
AcDbSavedByObjectVersion
1070
     0
  0
VISUALSTYLE
  5
31
102
{ACAD_REACTORS
330
29
102
}
330
29
100
AcDbVisualStyle
  2
Hidden
 70
     6
177
     3
291
     0
 70
    58
 90
        1
176
     1
 90
        2
176
     1
 90
        2
176
     1
 90
        0
176
     1
 40
0.6
176
     1
 40
30.0
176
     1
 62
     7
420
 16777215
176
     1
 90
        2
176
     1
 90
        2
176
     1
 62
     7
176
     1
 62
   257
176
     1
 90
        2
176
     1
 90
        1
176
     1
 40
40.0
176
     1
 90
        0
176
     1
 62
   257
176
     1
 40
1.0
176
     1
 90
        1
176
     1
 90
        6
176
     1
 90
        2
176
     1
 62
     7
176
     1
 90
        3
176
     1
 90
        0
176
     1
 90
        0
176
     1
290
     0
176
     1
 90
        1
176
     1
 40
0.0
176
     1
 90
        0
176
     1
290
     0
176
     1
290
     1
176
     1
290
     1
176
     1
290
     0
176
     1
290
     0
176
     1
290
     0
176
     1
290
     0
176
     1
290
     0
176
     1
290
     0
176
     1
 90
       50
176
     1
 40
0.0
176
     1
 40
1.0
176
     1
 90
        0
176
     1
 62
    18
420
        0
176
     1
 90
       50
176
     1
 90
        3
176
     1
 62
     5
420
      255
176
     1
290
     0
176
     1
 90
       50
176
     1
 90
       50
176
     1
 90
       50
176
     1
290
     0
176
     1
 90
       50
176
     1
 62
   256
176
     0
 40
1.0
176
     0
 90
        2
176
     1
  1
strokes_ogs.tif
176
     1
290
     0
176
     1
 40
1.0
176
     1
 40
1.0
176
     1
1001
ACAD
1000
AcDbSavedByObjectVersion
1070
     0
  0
VISUALSTYLE
  5
3F
102
{ACAD_REACTORS
330
29
102
}
330
29
100
AcDbVisualStyle
  2
JitterOff
 70
    20
177
     3
291
     1
 70
    58
 90
        2
176
     0
 90
        2
176
     0
 90
        0
176
     0
 90
        0
176
     0
 40
0.6
176
     0
 40
30.0
176
     0
 62
     7
420
 16777215
176
     0
 90
        1
176
     0
 90
        4
176
     0
 62
     7
176
     0
 62
   257
176
     0
 90
        1
176
     0
 90
        1
176
     0
 40
1.0
176
     0
 90
       10
176
     2
 62
     7
176
     0
 40
1.0
176
     0
 90
        1
176
     0
 90
        6
176
     0
 90
        2
176
     0
 62
     7
176
     0
 90
        5
176
     0
 90
        0
176
     0
 90
        0
176
     0
290
     0
176
     0
 90
        1
176
     0
 40
0.0
176
     0
 90
        0
176
     0
290
     0
176
     0
290
     1
176
     0
290
     1
176
     0
290
     0
176
     0
290
     0
176
     0
290
     0
176
     0
290
     0
176
     0
290
     0
176
     0
290
     0
176
     0
 90
       50
176
     0
 40
0.0
176
     0
 40
1.0
176
     0
 90
        0
176
     0
 62
    18
420
        0
176
     0
 90
       50
176
     0
 90
        3
176
     0
 62
     5
420
      255
176
     0
290
     0
176
     0
 90
       50
176
     0
 90
       50
176
     0
 90
       50
176
     0
290
     0
176
     0
 90
       50
176
     0
 62
   256
176
     0
 40
1.0
176
     0
 90
        2
176
     0
  1
strokes_ogs.tif
176
     0
290
     0
176
     0
 40
1.0
176
     0
 40
1.0
176
     0
1001
ACAD
1000
AcDbSavedByObjectVersion
1070
     0
  0
VISUALSTYLE
  5
37
102
{ACAD_REACTORS
330
29
102
}
330
29
100
AcDbVisualStyle
  2
Linepattern
 70
    14
177
     3
291
     1
 70
    58
 90
        2
176
     1
 90
        2
176
     1
 90
        0
176
     1
 90
        0
176
     1
 40
0.6
176
     1
 40
30.0
176
     1
 62
     7
420
 16777215
176
     1
 90
        1
176
     1
 90
        4
176
     1
 62
     7
176
     1
 62
   257
176
     1
 90
        7
176
     1
 90
        7
176
     1
 40
1.0
176
     1
 90
        8
176
     1
 62
     7
176
     1
 40
1.0
176
     1
 90
        1
176
     1
 90
        6
176
     1
 90
        2
176
     1
 62
     7
176
     1
 90
        5
176
     1
 90
        0
176
     1
 90
        0
176
     1
290
     0
176
     1
 90
        1
176
     1
 40
0.0
176
     1
 90
        0
176
     1
290
     0
176
     1
290
     1
176
     1
290
     1
176
     1
290
     0
176
     1
290
     0
176
     1
290
     0
176
     1
290
     0
176
     1
290
     0
176
     1
290
     0
176
     1
 90
       50
176
     1
 40
0.0
176
     1
 40
1.0
176
     1
 90
        0
176
     1
 62
    18
420
        0
176
     1
 90
       50
176
     1
 90
        3
176
     1
 62
     5
420
      255
176
     1
290
     0
176
     1
 90
       50
176
     1
 90
       50
176
     1
 90
       50
176
     1
290
     0
176
     1
 90
       50
176
     1
 62
   256
176
     0
 40
1.0
176
     0
 90
        2
176
     1
  1
strokes_ogs.tif
176
     1
290
     0
176
     1
 40
1.0
176
     1
 40
1.0
176
     1
1001
ACAD
1000
AcDbSavedByObjectVersion
1070
     0
  0
VISUALSTYLE
  5
40
102
{ACAD_REACTORS
330
29
102
}
330
29
100
AcDbVisualStyle
  2
OverhangOff
 70
    21
177
     3
291
     1
 70
    58
 90
        2
176
     0
 90
        2
176
     0
 90
        0
176
     0
 90
        0
176
     0
 40
0.6
176
     0
 40
30.0
176
     0
 62
     7
420
 16777215
176
     0
 90
        1
176
     0
 90
        4
176
     0
 62
     7
176
     0
 62
   257
176
     0
 90
        1
176
     0
 90
        1
176
     0
 40
1.0
176
     0
 90
        9
176
     2
 62
     7
176
     0
 40
1.0
176
     0
 90
        1
176
     0
 90
        6
176
     0
 90
        2
176
     0
 62
     7
176
     0
 90
        5
176
     0
 90
        0
176
     0
 90
        0
176
     0
290
     0
176
     0
 90
        1
176
     0
 40
0.0
176
     0
 90
        0
176
     0
290
     0
176
     0
290
     1
176
     0
290
     1
176
     0
290
     0
176
     0
290
     0
176
     0
290
     0
176
     0
290
     0
176
     0
290
     0
176
     0
290
     0
176
     0
 90
       50
176
     0
 40
0.0
176
     0
 40
1.0
176
     0
 90
        0
176
     0
 62
    18
420
        0
176
     0
 90
       50
176
     0
 90
        3
176
     0
 62
     5
420
      255
176
     0
290
     0
176
     0
 90
       50
176
     0
 90
       50
176
     0
 90
       50
176
     0
290
     0
176
     0
 90
       50
176
     0
 62
   256
176
     0
 40
1.0
176
     0
 90
        2
176
     0
  1
strokes_ogs.tif
176
     0
290
     0
176
     0
 40
1.0
176
     0
 40
1.0
176
     0
1001
ACAD
1000
AcDbSavedByObjectVersion
1070
     0
  0
VISUALSTYLE
  5
33
102
{ACAD_REACTORS
330
29
102
}
330
29
100
AcDbVisualStyle
  2
Realistic
 70
     8
177
     3
291
     0
 70
    58
 90
        2
176
     1
 90
        3
176
     1
 90
        0
176
     1
 90
        2
176
     1
 40
0.6
176
     1
 40
30.0
176
     1
 62
     7
420
 16777215
176
     1
 90
        0
176
     1
 90
        0
176
     1
 62
     7
176
     1
 62
   257
176
     1
 90
        1
176
     1
 90
        1
176
     1
 40
1.0
176
     1
 90
        8
176
     1
 62
   257
176
     1
 40
1.0
176
     1
 90
        1
176
     1
 90
        6
176
     1
 90
        2
176
     1
 62
     7
176
     1
 90
        3
176
     1
 90
        0
176
     1
 90
        0
176
     1
290
     0
176
     1
 90
       13
176
     1
 40
0.0
176
     1
 90
        0
176
     1
290
     0
176
     1
290
     1
176
     1
290
     1
176
     1
290
     0
176
     1
290
     0
176
     1
290
     0
176
     1
290
     0
176
     1
290
     0
176
     1
290
     0
176
     1
 90
       50
176
     1
 40
0.0
176
     1
 40
1.0
176
     1
 90
        0
176
     1
 62
    18
420
        0
176
     1
 90
       50
176
     1
 90
        3
176
     1
 62
     5
420
      255
176
     1
290
     0
176
     1
 90
       50
176
     1
 90
       50
176
     1
 90
       50
176
     1
290
     0
176
     1
 90
       50
176
     1
 62
   256
176
     0
 40
1.0
176
     0
 90
        2
176
     1
  1
strokes_ogs.tif
176
     1
290
     0
176
     1
 40
1.0
176
     1
 40
1.0
176
     1
1001
ACAD
1000
AcDbSavedByObjectVersion
1070
     0
  0
VISUALSTYLE
  5
3E
102
{ACAD_REACTORS
330
29
102
}
330
29
100
AcDbVisualStyle
  2
Shaded
 70
    27
177
     3
291
     0
 70
    58
 90
        2
176
     1
 90
        2
176
     1
 90
        1
176
     1
 90
        2
176
     1
 40
0.6
176
     1
 40
30.0
176
     1
 62
     7
420
 16777215
176
     1
 90
        0
176
     1
 90
        4
176
     1
 62
     7
176
     1
 62
   257
176
     1
 90
        1
176
     1
 90
        1
176
     1
 40
1.0
176
     1
 90
        8
176
     1
 62
   257
176
     1
 40
1.0
176
     1
 90
        1
176
     1
 90
        6
176
     1
 90
        2
176
     1
 62
     8
420
  7895160
176
     1
 90
        3
176
     1
 90
        0
176
     1
 90
        0
176
     1
290
     0
176
     1
 90
        5
176
     1
 40
0.0
176
     1
 90
        0
176
     1
290
     0
176
     1
290
     1
176
     1
290
     1
176
     1
290
     0
176
     1
290
     0
176
     1
290
     0
176
     1
290
     0
176
     1
290
     0
176
     1
290
     0
176
     1
 90
       50
176
     1
 40
0.0
176
     1
 40
1.0
176
     1
 90
        0
176
     1
 62
    18
420
        0
176
     1
 90
       50
176
     1
 90
        3
176
     1
 62
     5
420
      255
176
     1
290
     0
176
     1
 90
       50
176
     1
 90
       50
176
     1
 90
       50
176
     1
290
     0
176
     1
 90
       50
176
     1
 62
   256
176
     0
 40
1.0
176
     0
 90
        2
176
     1
  1
strokes_ogs.tif
176
     1
290
     0
176
     1
 40
1.0
176
     1
 40
1.0
176
     1
1001
ACAD
1000
AcDbSavedByObjectVersion
1070
     0
  0
VISUALSTYLE
  5
3D
102
{ACAD_REACTORS
330
29
102
}
330
29
100
AcDbVisualStyle
  2
Shaded with edges
 70
    26
177
     3
291
     0
 70
    58
 90
        2
176
     1
 90
        2
176
     1
 90
        1
176
     1
 90
        2
176
     1
 40
0.6
176
     1
 40
30.0
176
     1
 62
     7
420
 16777215
176
     1
 90
        1
176
     1
 90
        2
176
     1
 62
     7
176
     1
 62
   257
176
     1
 90
        2
176
     1
 90
        1
176
     1
 40
1.0
176
     1
 90
        8
176
     1
 62
   257
176
     1
 40
1.0
176
     1
 90
        1
176
     1
 90
        6
176
     1
 90
        2
176
     1
 62
     7
176
     1
 90
        3
176
     1
 90
        0
176
     1
 90
        0
176
     1
290
     0
176
     1
 90
        5
176
     1
 40
0.0
176
     1
 90
        0
176
     1
290
     0
176
     1
290
     1
176
     1
290
     1
176
     1
290
     0
176
     1
290
     0
176
     1
290
     0
176
     1
290
     0
176
     1
290
     0
176
     1
290
     0
176
     1
 90
       50
176
     1
 40
0.0
176
     1
 40
1.0
176
     1
 90
        0
176
     1
 62
    18
420
        0
176
     1
 90
       50
176
     1
 90
        3
176
     1
 62
     5
420
      255
176
     1
290
     0
176
     1
 90
       50
176
     1
 90
       50
176
     1
 90
       50
176
     1
290
     0
176
     1
 90
       50
176
     1
 62
   256
176
     0
 40
1.0
176
     0
 90
        2
176
     1
  1
strokes_ogs.tif
176
     1
290
     0
176
     1
 40
1.0
176
     1
 40
1.0
176
     1
1001
ACAD
1000
AcDbSavedByObjectVersion
1070
     0
  0
VISUALSTYLE
  5
3A
102
{ACAD_REACTORS
330
29
102
}
330
29
100
AcDbVisualStyle
  2
Shades of Gray
 70
    23
177
     3
291
     0
 70
    58
 90
        2
176
     1
 90
        2
176
     1
 90
        3
176
     1
 90
        0
176
     1
 40
0.6
176
     1
 40
30.0
176
     1
 62
     7
420
 16777215
176
     1
 90
        2
176
     1
 90
        2
176
     1
 62
     7
176
     1
 62
     7
176
     1
 90
        1
176
     1
 90
        1
176
     1
 40
40.0
176
     1
 90
        8
176
     1
 62
     7
176
     1
 40
1.0
176
     1
 90
        1
176
     1
 90
        6
176
     1
 90
        2
176
     1
 62
     7
176
     1
 90
        3
176
     1
 90
        0
176
     1
 90
        0
176
     1
290
     0
176
     1
 90
        1
176
     1
 40
0.0
176
     1
 90
        0
176
     1
290
     0
176
     1
290
     1
176
     1
290
     1
176
     1
290
     0
176
     1
290
     0
176
     1
290
     0
176
     1
290
     0
176
     1
290
     0
176
     1
290
     0
176
     1
 90
       50
176
     1
 40
0.0
176
     1
 40
1.0
176
     1
 90
        0
176
     1
 62
    18
420
        0
176
     1
 90
       50
176
     1
 90
        3
176
     1
 62
     5
420
      255
176
     1
290
     0
176
     1
 90
       50
176
     1
 90
       50
176
     1
 90
       50
176
     1
290
     0
176
     1
 90
       50
176
     1
 62
   256
176
     0
 40
1.0
176
     0
 90
        2
176
     1
  1
strokes_ogs.tif
176
     1
290
     0
176
     1
 40
1.0
176
     1
 40
1.0
176
     1
1001
ACAD
1000
AcDbSavedByObjectVersion
1070
     0
  0
VISUALSTYLE
  5
3B
102
{ACAD_REACTORS
330
29
102
}
330
29
100
AcDbVisualStyle
  2
Sketchy
 70
    24
177
     3
291
     0
 70
    58
 90
        1
176
     1
 90
        2
176
     1
 90
        2
176
     1
 90
        0
176
     1
 40
0.6
176
     1
 40
30.0
176
     1
 62
     7
420
 16777215
176
     1
 90
        2
176
     1
 90
        2
176
     1
 62
     7
176
     1
 62
     7
176
     1
 90
        1
176
     1
 90
        1
176
     1
 40
40.0
176
     1
 90
       11
176
     1
 62
     7
176
     1
 40
1.0
176
     1
 90
        1
176
     1
 90
        6
176
     1
 90
        2
176
     1
 62
     7
176
     1
 90
        6
176
     1
 90
        0
176
     1
 90
        0
176
     1
290
     0
176
     1
 90
        1
176
     1
 40
0.0
176
     1
 90
        0
176
     1
290
     0
176
     1
290
     1
176
     1
290
     1
176
     1
290
     0
176
     1
290
     0
176
     1
290
     0
176
     1
290
     0
176
     1
290
     0
176
     1
290
     0
176
     1
 90
       50
176
     1
 40
0.0
176
     1
 40
1.0
176
     1
 90
        0
176
     1
 62
    18
420
        0
176
     1
 90
       50
176
     1
 90
        3
176
     1
 62
     5
420
      255
176
     1
290
     0
176
     1
 90
       50
176
     1
 90
       50
176
     1
 90
       50
176
     1
290
     0
176
     1
 90
       50
176
     1
 62
   256
176
     0
 40
1.0
176
     0
 90
        2
176
     1
  1
strokes_ogs.tif
176
     1
290
     0
176
     1
 40
1.0
176
     1
 40
1.0
176
     1
1001
ACAD
1000
AcDbSavedByObjectVersion
1070
     0
  0
VISUALSTYLE
  5
36
102
{ACAD_REACTORS
330
29
102
}
330
29
100
AcDbVisualStyle
  2
Thicken
 70
    13
177
     3
291
     1
 70
    58
 90
        2
176
     1
 90
        2
176
     1
 90
        0
176
     1
 90
        0
176
     1
 40
0.6
176
     1
 40
30.0
176
     1
 62
     7
420
 16777215
176
     1
 90
        1
176
     1
 90
        4
176
     1
 62
     7
176
     1
 62
   257
176
     1
 90
        1
176
     1
 90
        1
176
     1
 40
1.0
176
     1
 90
       12
176
     1
 62
     7
176
     1
 40
1.0
176
     1
 90
        1
176
     1
 90
        6
176
     1
 90
        2
176
     1
 62
     7
176
     1
 90
        5
176
     1
 90
        0
176
     1
 90
        0
176
     1
290
     0
176
     1
 90
        1
176
     1
 40
0.0
176
     1
 90
        0
176
     1
290
     0
176
     1
290
     1
176
     1
290
     1
176
     1
290
     0
176
     1
290
     0
176
     1
290
     0
176
     1
290
     0
176
     1
290
     0
176
     1
290
     0
176
     1
 90
       50
176
     1
 40
0.0
176
     1
 40
1.0
176
     1
 90
        0
176
     1
 62
    18
420
        0
176
     1
 90
       50
176
     1
 90
        3
176
     1
 62
     5
420
      255
176
     1
290
     0
176
     1
 90
       50
176
     1
 90
       50
176
     1
 90
       50
176
     1
290
     0
176
     1
 90
       50
176
     1
 62
   256
176
     0
 40
1.0
176
     0
 90
        2
176
     1
  1
strokes_ogs.tif
176
     1
290
     0
176
     1
 40
1.0
176
     1
 40
1.0
176
     1
1001
ACAD
1000
AcDbSavedByObjectVersion
1070
     0
  0
VISUALSTYLE
  5
30
102
{ACAD_REACTORS
330
29
102
}
330
29
100
AcDbVisualStyle
  2
Wireframe
 70
     5
177
     3
291
     0
 70
    58
 90
        0
176
     1
 90
        2
176
     1
 90
        0
176
     1
 90
        0
176
     1
 40
0.6
176
     1
 40
30.0
176
     1
 62
     7
420
 16777215
176
     1
 90
        1
176
     1
 90
        4
176
     1
 62
     7
176
     1
 62
   257
176
     1
 90
        1
176
     1
 90
        1
176
     1
 40
1.0
176
     1
 90
        0
176
     1
 62
   257
176
     1
 40
1.0
176
     1
 90
        1
176
     1
 90
        6
176
     1
 90
        2
176
     1
 62
     7
176
     1
 90
        3
176
     1
 90
        0
176
     1
 90
        0
176
     1
290
     0
176
     1
 90
        1
176
     1
 40
0.0
176
     1
 90
        0
176
     1
290
     0
176
     1
290
     1
176
     1
290
     1
176
     1
290
     0
176
     1
290
     0
176
     1
290
     0
176
     1
290
     0
176
     1
290
     0
176
     1
290
     0
176
     1
 90
       50
176
     1
 40
0.0
176
     1
 40
1.0
176
     1
 90
        0
176
     1
 62
    18
420
        0
176
     1
 90
       50
176
     1
 90
        3
176
     1
 62
     5
420
      255
176
     1
290
     0
176
     1
 90
       50
176
     1
 90
       50
176
     1
 90
       50
176
     1
290
     0
176
     1
 90
       50
176
     1
 62
   256
176
     0
 40
1.0
176
     0
 90
        2
176
     1
  1
strokes_ogs.tif
176
     1
290
     0
176
     1
 40
1.0
176
     1
 40
1.0
176
     1
1001
ACAD
1000
AcDbSavedByObjectVersion
1070
     0
  0
VISUALSTYLE
  5
3C
102
{ACAD_REACTORS
330
29
102
}
330
29
100
AcDbVisualStyle
  2
X-Ray
 70
    25
177
     3
291
     0
 70
    58
 90
        2
176
     1
 90
        2
176
     1
 90
        1
176
     1
 90
        1
176
     1
 40
0.5
176
     1
 40
30.0
176
     1
 62
     7
420
 16777215
176
     1
 90
        1
176
     1
 90
        0
176
     1
 62
     7
176
     1
 62
   257
176
     1
 90
        1
176
     1
 90
        1
176
     1
 40
1.0
176
     1
 90
        8
176
     1
 62
     7
176
     1
 40
1.0
176
     1
 90
        1
176
     1
 90
        6
176
     1
 90
        2
176
     1
 62
     7
176
     1
 90
        3
176
     1
 90
        0
176
     1
 90
        0
176
     1
290
     0
176
     1
 90
       13
176
     1
 40
0.0
176
     1
 90
        0
176
     1
290
     0
176
     1
290
     1
176
     1
290
     1
176
     1
290
     0
176
     1
290
     0
176
     1
290
     0
176
     1
290
     0
176
     1
290
     0
176
     1
290
     0
176
     1
 90
       50
176
     1
 40
0.0
176
     1
 40
1.0
176
     1
 90
        0
176
     1
 62
    18
420
        0
176
     1
 90
       50
176
     1
 90
        3
176
     1
 62
     5
420
      255
176
     1
290
     0
176
     1
 90
       50
176
     1
 90
       50
176
     1
 90
       50
176
     1
290
     0
176
     1
 90
       50
176
     1
 62
   256
176
     0
 40
1.0
176
     0
 90
        2
176
     1
  1
strokes_ogs.tif
176
     1
290
     0
176
     1
 40
1.0
176
     1
 40
1.0
176
     1
1001
ACAD
1000
AcDbSavedByObjectVersion
1070
     0
  0
DICTIONARYVAR
  5
1D23
102
{ACAD_REACTORS
330
1D1E
102
}
330
1D1E
100
DictionaryVariables
280
     0
  1
0
  0
DICTIONARYVAR
  5
1D24
102
{ACAD_REACTORS
330
1D1E
102
}
330
1D1E
100
DictionaryVariables
280
     0
  1
1:1
  0
DICTIONARYVAR
  5
1D20
102
{ACAD_REACTORS
330
1D1E
102
}
330
1D1E
100
DictionaryVariables
280
     0
  1
STANDARD
  0
DICTIONARYVAR
  5
1D1F
102
{ACAD_REACTORS
330
1D1E
102
}
330
1D1E
100
DictionaryVariables
280
     0
  1
STANDARD
  0
DICTIONARYVAR
  5
1D21
102
{ACAD_REACTORS
330
1D1E
102
}
330
1D1E
100
DictionaryVariables
280
     0
  1
Imperial24
  0
DICTIONARYVAR
  5
1D22
102
{ACAD_REACTORS
330
1D1E
102
}
330
1D1E
100
DictionaryVariables
280
     0
  1
Imperial24
  0
DICTIONARY
  5
1D2B
330
6B
100
AcDbDictionary
280
     1
281
     1
  3
ACAD_XREC_ROUNDTRIP
360
1D2C
  0
DICTIONARY
  5
1A
330
19
100
AcDbDictionary
280
     1
281
     1
  3
BUMPTILE
360
1C
  3
DIFFUSETILE
360
1B
  3
OPACITYTILE
360
1F
  3
REFLECTIONTILE
360
1E
  3
REFRACTIONTILE
360
20
  3
SPECULARTILE
360
1D
  0
DICTIONARY
  5
12
330
11
100
AcDbDictionary
280
     1
281
     1
  3
BUMPTILE
360
14
  3
DIFFUSETILE
360
13
  3
OPACITYTILE
360
17
  3
REFLECTIONTILE
360
16
  3
REFRACTIONTILE
360
18
  3
SPECULARTILE
360
15
  0
DICTIONARY
  5
22
330
21
100
AcDbDictionary
280
     1
281
     1
  3
BUMPTILE
360
24
  3
DIFFUSETILE
360
23
  3
OPACITYTILE
360
27
  3
REFLECTIONTILE
360
26
  3
REFRACTIONTILE
360
28
  3
SPECULARTILE
360
25
  0
DICTIONARY
  5
1D29
330
69
100
AcDbDictionary
280
     1
281
     1
  3
ACAD_XREC_ROUNDTRIP
360
1D2A
  0
DICTIONARY
  5
1D25
330
65
100
AcDbDictionary
280
     1
281
     1
  3
ACAD_ROUNDTRIP_2008_TABLESTYLE_CELLSTYLEMAP
360
1D26
  0
XRECORD
  5
1D2C
102
{ACAD_REACTORS
330
1D2B
102
}
330
1D2B
100
AcDbXrecord
280
     1
102
DISPLAYNAME
  1
Imperial24
102
FLAGS
 90
        0
  0
XRECORD
  5
1C
102
{ACAD_REACTORS
330
1A
102
}
330
1A
100
AcDbXrecord
280
     1
270
     1
271
     1
  0
XRECORD
  5
1B
102
{ACAD_REACTORS
330
1A
102
}
330
1A
100
AcDbXrecord
280
     1
270
     1
271
     1
  0
XRECORD
  5
1F
102
{ACAD_REACTORS
330
1A
102
}
330
1A
100
AcDbXrecord
280
     1
270
     1
271
     1
  0
XRECORD
  5
1E
102
{ACAD_REACTORS
330
1A
102
}
330
1A
100
AcDbXrecord
280
     1
270
     1
271
     1
  0
XRECORD
  5
20
102
{ACAD_REACTORS
330
1A
102
}
330
1A
100
AcDbXrecord
280
     1
270
     1
271
     1
  0
XRECORD
  5
1D
102
{ACAD_REACTORS
330
1A
102
}
330
1A
100
AcDbXrecord
280
     1
270
     1
271
     1
  0
XRECORD
  5
14
102
{ACAD_REACTORS
330
12
102
}
330
12
100
AcDbXrecord
280
     1
270
     1
271
     1
  0
XRECORD
  5
13
102
{ACAD_REACTORS
330
12
102
}
330
12
100
AcDbXrecord
280
     1
270
     1
271
     1
  0
XRECORD
  5
17
102
{ACAD_REACTORS
330
12
102
}
330
12
100
AcDbXrecord
280
     1
270
     1
271
     1
  0
XRECORD
  5
16
102
{ACAD_REACTORS
330
12
102
}
330
12
100
AcDbXrecord
280
     1
270
     1
271
     1
  0
XRECORD
  5
18
102
{ACAD_REACTORS
330
12
102
}
330
12
100
AcDbXrecord
280
     1
270
     1
271
     1
  0
XRECORD
  5
15
102
{ACAD_REACTORS
330
12
102
}
330
12
100
AcDbXrecord
280
     1
270
     1
271
     1
  0
XRECORD
  5
24
102
{ACAD_REACTORS
330
22
102
}
330
22
100
AcDbXrecord
280
     1
270
     1
271
     1
  0
XRECORD
  5
23
102
{ACAD_REACTORS
330
22
102
}
330
22
100
AcDbXrecord
280
     1
270
     1
271
     1
  0
XRECORD
  5
27
102
{ACAD_REACTORS
330
22
102
}
330
22
100
AcDbXrecord
280
     1
270
     1
271
     1
  0
XRECORD
  5
26
102
{ACAD_REACTORS
330
22
102
}
330
22
100
AcDbXrecord
280
     1
270
     1
271
     1
  0
XRECORD
  5
28
102
{ACAD_REACTORS
330
22
102
}
330
22
100
AcDbXrecord
280
     1
270
     1
271
     1
  0
XRECORD
  5
25
102
{ACAD_REACTORS
330
22
102
}
330
22
100
AcDbXrecord
280
     1
270
     1
271
     1
  0
XRECORD
  5
1D2A
102
{ACAD_REACTORS
330
1D29
102
}
330
1D29
100
AcDbXrecord
280
     1
102
DISPLAYNAME
  1
Imperial24
102
FLAGS
 90
        0
  0
CELLSTYLEMAP
  5
1D26
102
{ACAD_REACTORS
330
1D25
102
}
330
1D25
100
AcDbCellStyleMap
 90
        3
300
CELLSTYLE
  1
TABLEFORMAT_BEGIN
 90
        5
170
     1
 91
        0
 92
    32768
 62
   257
 93
        1
300
CONTENTFORMAT
  1
CONTENTFORMAT_BEGIN
 90
        0
 91
        0
 92
      512
 93
        0
300

 40
0.0
140
1.0
 94
        5
 62
     0
340
55
144
0.25
309
CONTENTFORMAT_END
171
     1
301
MARGIN
  1
CELLMARGIN_BEGIN
 40
1.5
 40
1.5
 40
1.5
 40
1.5
 40
0.18
 40
0.18
309
CELLMARGIN_END
 94
        0
309
TABLEFORMAT_END
  1
CELLSTYLE_BEGIN
 90
        1
 91
        1
300
_TITLE
309
CELLSTYLE_END
300
CELLSTYLE
  1
TABLEFORMAT_BEGIN
 90
        5
170
     1
 91
        0
 92
        0
 62
   257
 93
        1
300
CONTENTFORMAT
  1
CONTENTFORMAT_BEGIN
 90
        0
 91
        0
 92
      512
 93
        0
300

 40
0.0
140
1.0
 94
        5
 62
     0
340
55
144
0.18
309
CONTENTFORMAT_END
171
     1
301
MARGIN
  1
CELLMARGIN_BEGIN
 40
1.5
 40
1.5
 40
1.5
 40
1.5
 40
0.18
 40
0.18
309
CELLMARGIN_END
 94
        0
309
TABLEFORMAT_END
  1
CELLSTYLE_BEGIN
 90
        2
 91
        1
300
_HEADER
309
CELLSTYLE_END
300
CELLSTYLE
  1
TABLEFORMAT_BEGIN
 90
        5
170
     1
 91
        0
 92
        0
 62
   257
 93
        1
300
CONTENTFORMAT
  1
CONTENTFORMAT_BEGIN
 90
        0
 91
        0
 92
      512
 93
        0
300

 40
0.0
140
1.0
 94
        2
 62
     0
340
55
144
0.18
309
CONTENTFORMAT_END
171
     1
301
MARGIN
  1
CELLMARGIN_BEGIN
 40
1.5
 40
1.5
 40
1.5
 40
1.5
 40
0.18
 40
0.18
309
CELLMARGIN_END
 94
        0
309
TABLEFORMAT_END
  1
CELLSTYLE_BEGIN
 90
        3
 91
        2
300
_DATA
309
CELLSTYLE_END
  0
ENDSEC
  0
EOF
