  0
SECTION
  2
HEADER
  9
$ACADVER
  1
AC1027
  9
$ACADMAINTVER
 70
   125
  9
$DWGCODEPAGE
  3
ANSI_1252
  9
$LASTSAVEDBY
  1
kaley
  9
$REQUIREDVERSIONS
160
                 0
  9
$INSBASE
 10
0.0
 20
0.0
 30
0.0
  9
$EXTMIN
 10
240.329855
 20
93.668852
 30
0.0
  9
$EXTMAX
 10
1446.329855
 20
1499.668852
 30
0.0
  9
$LIMMIN
 10
0.0
 20
0.0
  9
$LIMMAX
 10
1600.0
 20
1600.0
  9
$ORTHOMODE
 70
     0
  9
$REGENMODE
 70
     1
  9
$FILLMODE
 70
     1
  9
$QTEXTMODE
 70
     0
  9
$MIRRTEXT
 70
     0
  9
$LTSCALE
 40
0.75
  9
$ATTMODE
 70
     1
  9
$TEXTSIZE
 40
3.5
  9
$TRACEWID
 40
1.0
  9
$TEXTSTYLE
  7
Standard
  9
$CLAYER
  8
0
  9
$CELTYPE
  6
ByLayer
  9
$CECOLOR
 62
   256
  9
$CELTSCALE
 40
1.0
  9
$DISPSILH
 70
     0
  9
$DIMSCALE
 40
1.0
  9
$DIMASZ
 40
3.5
  9
$DIMEXO
 40
2.1
  9
$DIMDLI
 40
10.5
  9
$DIMRND
 40
0.0
  9
$DIMDLE
 40
0.0
  9
$DIMEXE
 40
2.1
  9
$DIMTP
 40
0.1
  9
$DIMTM
 40
0.1
  9
$DIMTXT
 40
3.5
  9
$DIMCEN
 40
0.0
  9
$DIMTSZ
 40
0.0
  9
$DIMTOL
 70
     0
  9
$DIMLIM
 70
     0
  9
$DIMTIH
 70
     0
  9
$DIMTOH
 70
     0
  9
$DIMSE1
 70
     0
  9
$DIMSE2
 70
     0
  9
$DIMTAD
 70
     1
  9
$DIMZIN
 70
    12
  9
$DIMBLK
  1

  9
$DIMASO
 70
     1
  9
$DIMSHO
 70
     1
  9
$DIMPOST
  1

  9
$DIMAPOST
  1

  9
$DIMALT
 70
     0
  9
$DIMALTD
 70
     2
  9
$DIMALTF
 40
0.03937
  9
$DIMLFAC
 40
1.0
  9
$DIMTOFL
 70
     1
  9
$DIMTVP
 40
0.0
  9
$DIMTIX
 70
     0
  9
$DIMSOXD
 70
     0
  9
$DIMSAH
 70
     0
  9
$DIMBLK1
  1

  9
$DIMBLK2
  1

  9
$DIMSTYLE
  2
Dim-ISO-25
  9
$DIMCLRD
 70
     0
  9
$DIMCLRE
 70
     0
  9
$DIMCLRT
 70
     0
  9
$DIMTFAC
 40
0.714286
  9
$DIMGAP
 40
1.4
  9
$DIMJUST
 70
     0
  9
$DIMSD1
 70
     0
  9
$DIMSD2
 70
     0
  9
$DIMTOLJ
 70
     0
  9
$DIMTZIN
 70
    12
  9
$DIMALTZ
 70
    12
  9
$DIMALTTZ
 70
    12
  9
$DIMUPT
 70
     0
  9
$DIMDEC
 70
     2
  9
$DIMTDEC
 70
     2
  9
$DIMALTU
 70
     2
  9
$DIMALTTD
 70
     2
  9
$DIMTXSTY
  7
Standard
  9
$DIMAUNIT
 70
     0
  9
$DIMADEC
 70
     2
  9
$DIMALTRND
 40
0.0
  9
$DIMAZIN
 70
     3
  9
$DIMDSEP
 70
    46
  9
$DIMATFIT
 70
     3
  9
$DIMFRAC
 70
     0
  9
$DIMLDRBLK
  1

  9
$DIMLUNIT
 70
     2
  9
$DIMLWD
 70
    -2
  9
$DIMLWE
 70
    -2
  9
$DIMTMOVE
 70
     0
  9
$DIMFXL
 40
1.0
  9
$DIMFXLON
 70
     0
  9
$DIMJOGANG
 40
0.785398
  9
$DIMTFILL
 70
     0
  9
$DIMTFILLCLR
 70
     0
  9
$DIMARCSYM
 70
     0
  9
$DIMLTYPE
  6

  9
$DIMLTEX1
  6

  9
$DIMLTEX2
  6

  9
$DIMTXTDIRECTION
 70
     0
  9
$LUNITS
 70
     2
  9
$LUPREC
 70
     4
  9
$SKETCHINC
 40
1.0
  9
$FILLETRAD
 40
0.0
  9
$AUNITS
 70
     0
  9
$AUPREC
 70
     0
  9
$MENU
  1
.
  9
$ELEVATION
 40
0.0
  9
$PELEVATION
 40
0.0
  9
$THICKNESS
 40
0.0
  9
$LIMCHECK
 70
     0
  9
$CHAMFERA
 40
0.0
  9
$CHAMFERB
 40
0.0
  9
$CHAMFERC
 40
0.0
  9
$CHAMFERD
 40
0.0
  9
$SKPOLY
 70
     0
  9
$TDCREATE
 40
2461179.421180556
  9
$TDUCREATE
 40
2461179.337847222
  9
$TDUPDATE
 40
2461179.421180556
  9
$TDUUPDATE
 40
2461179.337847222
  9
$TDINDWG
 40
0.0000000000
  9
$TDUSRTIMER
 40
0.0000000000
  9
$USRTIMER
 70
     1
  9
$ANGBASE
 50
0.0
  9
$ANGDIR
 70
     0
  9
$PDMODE
 70
     0
  9
$PDSIZE
 40
0.0
  9
$PLINEWID
 40
0.0
  9
$SPLFRAME
 70
     0
  9
$SPLINETYPE
 70
     6
  9
$SPLINESEGS
 70
     8
  9
$HANDSEED
  5
1C72
  9
$SURFTAB1
 70
     6
  9
$SURFTAB2
 70
     6
  9
$SURFTYPE
 70
     6
  9
$SURFU
 70
     6
  9
$SURFV
 70
     6
  9
$UCSBASE
  2

  9
$UCSNAME
  2

  9
$UCSORG
 10
0.0
 20
0.0
 30
0.0
  9
$UCSXDIR
 10
1.0
 20
0.0
 30
0.0
  9
$UCSYDIR
 10
0.0
 20
1.0
 30
0.0
  9
$UCSORTHOREF
  2

  9
$UCSORTHOVIEW
 70
     0
  9
$UCSORGTOP
 10
0.0
 20
0.0
 30
0.0
  9
$UCSORGBOTTOM
 10
0.0
 20
0.0
 30
0.0
  9
$UCSORGLEFT
 10
0.0
 20
0.0
 30
0.0
  9
$UCSORGRIGHT
 10
0.0
 20
0.0
 30
0.0
  9
$UCSORGFRONT
 10
0.0
 20
0.0
 30
0.0
  9
$UCSORGBACK
 10
0.0
 20
0.0
 30
0.0
  9
$PUCSBASE
  2

  9
$PUCSNAME
  2

  9
$PUCSORG
 10
0.0
 20
0.0
 30
0.0
  9
$PUCSXDIR
 10
1.0
 20
0.0
 30
0.0
  9
$PUCSYDIR
 10
0.0
 20
1.0
 30
0.0
  9
$PUCSORTHOREF
  2

  9
$PUCSORTHOVIEW
 70
     0
  9
$PUCSORGTOP
 10
0.0
 20
0.0
 30
0.0
  9
$PUCSORGBOTTOM
 10
0.0
 20
0.0
 30
0.0
  9
$PUCSORGLEFT
 10
0.0
 20
0.0
 30
0.0
  9
$PUCSORGRIGHT
 10
0.0
 20
0.0
 30
0.0
  9
$PUCSORGFRONT
 10
0.0
 20
0.0
 30
0.0
  9
$PUCSORGBACK
 10
0.0
 20
0.0
 30
0.0
  9
$USERI1
 70
     0
  9
$USERI2
 70
     0
  9
$USERI3
 70
     0
  9
$USERI4
 70
     0
  9
$USERI5
 70
     0
  9
$USERR1
 40
0.0
  9
$USERR2
 40
0.0
  9
$USERR3
 40
0.0
  9
$USERR4
 40
0.0
  9
$USERR5
 40
0.0
  9
$WORLDVIEW
 70
     1
  9
$SHADEDGE
 70
     3
  9
$SHADEDIF
 70
    70
  9
$TILEMODE
 70
     1
  9
$MAXACTVP
 70
    64
  9
$PINSBASE
 10
0.0
 20
0.0
 30
0.0
  9
$PLIMCHECK
 70
     0
  9
$PEXTMIN
 10
1.000000E+20
 20
1.000000E+20
 30
1.000000E+20
  9
$PEXTMAX
 10
-1.000000E+20
 20
-1.000000E+20
 30
-1.000000E+20
  9
$PLIMMIN
 10
0.0
 20
0.0
  9
$PLIMMAX
 10
12.0
 20
9.0
  9
$UNITMODE
 70
     0
  9
$VISRETAIN
 70
     1
  9
$PLINEGEN
 70
     0
  9
$PSLTSCALE
 70
     1
  9
$TREEDEPTH
 70
  3020
  9
$CMLSTYLE
  2
Standard
  9
$CMLJUST
 70
     0
  9
$CMLSCALE
 40
20.0
  9
$PROXYGRAPHICS
 70
     1
  9
$MEASUREMENT
 70
     1
  9
$CELWEIGHT
370
    -1
  9
$ENDCAPS
280
     0
  9
$JOINSTYLE
280
     0
  9
$LWDISPLAY
290
     0
  9
$INSUNITS
 70
     4
  9
$HYPERLINKBASE
  1

  9
$STYLESHEET
  1

  9
$XEDIT
290
     1
  9
$CEPSNTYPE
380
     0
  9
$PSTYLEMODE
290
     1
  9
$FINGERPRINTGUID
  2
{11EC4E04-DA89-6E4F-A5E5-26628DAD58B8}
  9
$VERSIONGUID
  2
{9B67FE1B-1ACB-3B4F-BAD5-D800D62D94CD}
  9
$EXTNAMES
290
     1
  9
$PSVPSCALE
 40
0.0
  9
$OLESTARTUP
290
     0
  9
$SORTENTS
280
   127
  9
$INDEXCTL
280
     0
  9
$HIDETEXT
280
     1
  9
$XCLIPFRAME
280
     0
  9
$HALOGAP
280
     0
  9
$OBSCOLOR
 70
   257
  9
$OBSLTYPE
280
     0
  9
$INTERSECTIONDISPLAY
280
     0
  9
$INTERSECTIONCOLOR
 70
   257
  9
$DIMASSOC
280
     2
  9
$PROJECTNAME
  1

  9
$CAMERADISPLAY
290
     0
  9
$LENSLENGTH
 40
50.0
  9
$CAMERAHEIGHT
 40
0.0
  9
$STEPSPERSEC
 40
2.0
  9
$STEPSIZE
 40
6.0
  9
$3DDWFPREC
 40
2.0
  9
$PSOLWIDTH
 40
5.0
  9
$PSOLHEIGHT
 40
80.0
  9
$LOFTANG1
 40
1.570796
  9
$LOFTANG2
 40
1.570796
  9
$LOFTMAG1
 40
0.0
  9
$LOFTMAG2
 40
0.0
  9
$LOFTPARAM
 70
     7
  9
$LOFTNORMALS
280
     1
  9
$LATITUDE
 40
37.795
  9
$LONGITUDE
 40
-122.394
  9
$NORTHDIRECTION
 40
0.0
  9
$TIMEZONE
 70
 -8000
  9
$LIGHTGLYPHDISPLAY
280
     1
  9
$TILEMODELIGHTSYNCH
280
     1
  9
$CMATERIAL
347
11
  9
$SOLIDHIST
280
     0
  9
$SHOWHIST
280
     1
  9
$DWFFRAME
280
     2
  9
$DGNFRAME
280
     0
  9
$REALWORLDSCALE
290
     1
  9
$INTERFERECOLOR
 62
     1
  9
$INTERFEREOBJVS
345
33
  9
$INTERFEREVPVS
346
30
  9
$CSHADOW
280
     0
  9
$SHADOWPLANELOCATION
 40
0.0
  0
ENDSEC
  0
SECTION
  2
CLASSES
  0
CLASS
  1
ACDBDICTIONARYWDFLT
  2
AcDbDictionaryWithDefault
  3
ObjectDBX Classes
 90
        0
 91
        1
280
     0
281
     0
  0
CLASS
  1
MATERIAL
  2
AcDbMaterial
  3
ObjectDBX Classes
 90
     1153
 91
        3
280
     0
281
     0
  0
CLASS
  1
VISUALSTYLE
  2
AcDbVisualStyle
  3
ObjectDBX Classes
 90
     4095
 91
       24
280
     0
281
     0
  0
CLASS
  1
SCALE
  2
AcDbScale
  3
ObjectDBX Classes
 90
     1153
 91
       17
280
     0
281
     0
  0
CLASS
  1
TABLESTYLE
  2
AcDbTableStyle
  3
ObjectDBX Classes
 90
     4095
 91
        1
280
     0
281
     0
  0
CLASS
  1
MLEADERSTYLE
  2
AcDbMLeaderStyle
  3
ACDB_MLEADERSTYLE_CLASS
 90
     4095
 91
        1
280
     0
281
     0
  0
CLASS
  1
ACDBSECTIONVIEWSTYLE
  2
AcDbSectionViewStyle
  3
ObjectDBX Classes
 90
     1025
 91
        1
280
     0
281
     0
  0
CLASS
  1
ACDBDETAILVIEWSTYLE
  2
AcDbDetailViewStyle
  3
ObjectDBX Classes
 90
     1025
 91
        1
280
     0
281
     0
  0
CLASS
  1
ACMESCOPE
  2
AcMeScope
  3
AcMeServices
 90
     1024
 91
        1
280
     0
281
     0
  0
CLASS
  1
ACMECOMMANDHISTORY
  2
AcMeCommandHistory
  3
AcMeServices
 90
     1024
 91
        1
280
     0
281
     0
  0
CLASS
  1
ACIMSYSVARMAN
  2
AcImSysVarManager
  3
AcMeServices
 90
     1024
 91
        1
280
     0
281
     0
  0
CLASS
  1
ACIMINTSYSVAR
  2
AcImIntSysVar
  3
AcMeServices
 90
     1024
 91
        1
280
     0
281
     0
  0
CLASS
  1
ACMESTATEMGR
  2
AcMeStateMgr
  3
AcMeServices
 90
     1024
 91
        1
280
     0
281
     0
  0
CLASS
  1
ACGREFMASTER
  2
AcGrefMaster
  3
AcAttribServices
 90
     1024
 91
        1
280
     0
281
     0
  0
CLASS
  1
SORTENTSTABLE
  2
AcDbSortentsTable
  3
ObjectDBX Classes
 90
        0
 91
        1
280
     0
281
     0
  0
CLASS
  1
DICTIONARYVAR
  2
AcDbDictionaryVar
  3
ObjectDBX Classes
 90
        0
 91
        6
280
     0
281
     0
  0
CLASS
  1
CELLSTYLEMAP
  2
AcDbCellStyleMap
  3
ObjectDBX Classes
 90
     1152
 91
        1
280
     0
281
     0
  0
ENDSEC
  0
SECTION
  2
TABLES
  0
TABLE
  2
VPORT
  5
8
330
0
100
AcDbSymbolTable
 70
     1
1001
ACAD
1000
DbSaveVer
1071
      428
  0
VPORT
  5
57
330
8
100
AcDbSymbolTableRecord
100
AcDbViewportTableRecord
  2
*Active
 70
     0
 10
0.0
 20
0.0
 11
1.0
 21
1.0
 12
843.329855
 22
796.668852
 13
0.0
 23
0.0
 14
0.5
 24
0.5
 15
0.0
 25
0.0
 16
0.0
 26
0.0
 36
1.0
 17
0.0
 27
0.0
 37
0.0
 40
1406.0
 41
1.815857
 42
50.0
 43
0.0
 44
0.0
 50
0.0
 51
0.0
 71
     0
 72
 20000
 73
     1
 74
     0
 75
     0
 76
     0
 77
     0
 78
     0
281
     0
 65
     1
110
0.0
120
0.0
130
0.0
111
1.0
121
0.0
131
0.0
112
0.0
122
1.0
132
0.0
 79
     0
146
0.0
348
2F
 60
     3
 61
     5
292
     1
282
     1
141
0.0
142
0.0
 63
   250
421
  3355443
  0
ENDTAB
  0
TABLE
  2
LTYPE
  5
5
330
0
100
AcDbSymbolTable
 70
    15
  0
LTYPE
  5
5B
330
5
100
AcDbSymbolTableRecord
100
AcDbLinetypeTableRecord
  2
ByBlock
 70
     0
  3

 72
    65
 73
     0
 40
0.0
  0
LTYPE
  5
5C
330
5
100
AcDbSymbolTableRecord
100
AcDbLinetypeTableRecord
  2
ByLayer
 70
     0
  3

 72
    65
 73
     0
 40
0.0
  0
LTYPE
  5
5D
330
5
100
AcDbSymbolTableRecord
100
AcDbLinetypeTableRecord
  2
Continuous
 70
     0
  3
Solid line
 72
    65
 73
     0
 40
0.0
  0
LTYPE
  5
80
330
5
100
AcDbSymbolTableRecord
100
AcDbLinetypeTableRecord
  2
HIDDEN
 70
     0
  3
Hidden __ __ __ __ __ __ __ __ __ __ __ __ __ _
 72
    65
 73
     2
 40
9.525
 49
6.35
 74
     0
 49
-3.175
 74
     0
  0
LTYPE
  5
81
330
5
100
AcDbSymbolTableRecord
100
AcDbLinetypeTableRecord
  2
PHANTOM2
 70
     0
  3
Phantom (.5x) ___ _ _ ___ _ _ ___ _ _ ___ _ _
 72
    65
 73
     6
 40
31.75
 49
15.875
 74
     0
 49
-3.175
 74
     0
 49
3.175
 74
     0
 49
-3.175
 74
     0
 49
3.175
 74
     0
 49
-3.175
 74
     0
  0
LTYPE
  5
82
330
5
100
AcDbSymbolTableRecord
100
AcDbLinetypeTableRecord
  2
CENTER
 70
     0
  3
Center ____ _ ____ _ ____ _ ____ _ ____ _ ____
 72
    65
 73
     4
 40
50.8
 49
31.75
 74
     0
 49
-6.35
 74
     0
 49
6.35
 74
     0
 49
-6.35
 74
     0
  0
LTYPE
  5
91
330
5
100
AcDbSymbolTableRecord
100
AcDbLinetypeTableRecord
  2
CENTER2
 70
     0
  3
Center (.5x) ___ _ ___ _ ___ _ ___ _ ___ _ ___
 72
    65
 73
     4
 40
28.575
 49
19.05
 74
     0
 49
-3.175
 74
     0
 49
3.175
 74
     0
 49
-3.175
 74
     0
  0
LTYPE
  5
92
330
5
100
AcDbSymbolTableRecord
100
AcDbLinetypeTableRecord
  2
AM_ISO02W050
 70
     0
  3
__ __ __ __ __ __ __ __ __ __ __ __ __ __ __
 72
    65
 73
     2
 40
7.5
 49
6.0
 74
     0
 49
-1.5
 74
     0
  0
LTYPE
  5
93
330
5
100
AcDbSymbolTableRecord
100
AcDbLinetypeTableRecord
  2
AM_ISO08W050
 70
     0
  3
____ . ____ . ____ . ____ . ____ . ____ . ____
 72
    65
 73
     4
 40
18.0
 49
12.0
 74
     0
 49
-1.5
 74
     0
 49
3.0
 74
     0
 49
-1.5
 74
     0
  0
LTYPE
  5
94
330
5
100
AcDbSymbolTableRecord
100
AcDbLinetypeTableRecord
  2
AM_ISO09W050
 70
     0
  3
_____ . . _____ . . _____ . . ____ .. ____
 72
    65
 73
     6
 40
22.5
 49
12.0
 74
     0
 49
-1.5
 74
     0
 49
3.0
 74
     0
 49
-1.5
 74
     0
 49
3.0
 74
     0
 49
-1.5
 74
     0
  0
LTYPE
  5
95
330
5
100
AcDbSymbolTableRecord
100
AcDbLinetypeTableRecord
  2
Amconstr
 70
     0
  3
_______________________
 72
    65
 73
     2
 40
9999.0
 49
9999.0
 74
     0
 49
0.0
 74
     0
  0
LTYPE
  5
96
330
5
100
AcDbSymbolTableRecord
100
AcDbLinetypeTableRecord
  2
AM_ISO08W050x2
 70
     0
  3
__ . __ . __ . __ . __ . __
 72
    65
 73
     4
 40
9.0
 49
6.0
 74
     0
 49
-0.75
 74
     0
 49
1.5
 74
     0
 49
-0.75
 74
     0
  0
LTYPE
  5
97
330
5
100
AcDbSymbolTableRecord
100
AcDbLinetypeTableRecord
  2
AM_ISO02W050x2
 70
     0
  3
 _ _ _ _ _ _ _ _ _ _ _ _
 72
    65
 73
     2
 40
3.75
 49
3.0
 74
     0
 49
-0.75
 74
     0
  0
LTYPE
  5
98
330
5
100
AcDbSymbolTableRecord
100
AcDbLinetypeTableRecord
  2
Amzigzag
 70
     0
  3
/\/-/\/-/\/-/\/-/\/-/\/
 72
    65
 73
     2
 40
11.0001
 49
0.0001
 74
     4
 75
   136
340
8E
 46
0.04
 50
0.0
 44
0.0
 45
0.0
 49
-11.0
 74
     0
  0
LTYPE
  5
99
330
5
100
AcDbSymbolTableRecord
100
AcDbLinetypeTableRecord
  2
ACISOWELD
 70
     0
  3
_ _ _ _ _
 72
    65
 73
     2
 40
2.0
 49
2.0
 74
     0
 49
-1.0
 74
     0
  0
LTYPE
  5
9A
330
5
100
AcDbSymbolTableRecord
100
AcDbLinetypeTableRecord
  2
ACISOTGL
 70
     0
  3
_ _ _ _ _
 72
    65
 73
     2
 40
3.0
 49
2.0
 74
     0
 49
-1.0
 74
     0
  0
LTYPE
  5
9B
330
5
100
AcDbSymbolTableRecord
100
AcDbLinetypeTableRecord
  2
ACISOTGB
 70
     0
  3
__ . . __ . .
 72
    65
 73
     6
 40
9.0
 49
4.0
 74
     0
 49
-1.0
 74
     0
 49
1.0
 74
     0
 49
-1.0
 74
     0
 49
1.0
 74
     0
 49
-1.0
 74
     0
  0
ENDTAB
  0
TABLE
  2
LAYER
  5
2
330
0
100
AcDbSymbolTable
 70
     4
  0
LAYER
  5
54
330
2
100
AcDbSymbolTableRecord
100
AcDbLayerTableRecord
  2
0
 70
     0
 62
     7
  6
Continuous
370
    -3
390
F
347
21
348
0
1001
AcAecLayerStandard
1000

1000

  0
LAYER
  5
A7
330
2
100
AcDbSymbolTableRecord
100
AcDbLayerTableRecord
  2
Visible
 70
     0
 62
     7
  6
Continuous
370
    35
390
F
347
21
348
0
  0
LAYER
  5
E6D
330
2
100
AcDbSymbolTableRecord
100
AcDbLayerTableRecord
  2
Smart Centers
 70
     0
 62
     7
  6
CENTER2
370
    18
390
F
347
21
348
0
  0
ENDTAB
  0
TABLE
  2
STYLE
  5
3
330
0
100
AcDbSymbolTable
 70
     4
  0
STYLE
  5
55
330
3
100
AcDbSymbolTableRecord
100
AcDbTextStyleTableRecord
  2
Standard
 70
     0
 40
0.0
 41
1.0
 50
0.0
 71
     0
 42
3.5
  3
arial.ttf
  4

1001
ACAD
1000
Arial
1071
       34
  0
STYLE
  5
5A
330
3
100
AcDbSymbolTableRecord
100
AcDbTextStyleTableRecord
  2
Annotative
 70
     0
 40
0.0
 41
1.0
 50
0.0
 71
     0
 42
0.2
  3
txt
  4

1001
AcadAnnotative
1000
AnnotativeData
1002
{
1070
     1
1070
     1
1002
}
  0
STYLE
  5
8E
330
3
100
AcDbSymbolTableRecord
100
AcDbTextStyleTableRecord
  2

 70
     1
 40
0.0
 41
1.0
 50
0.0
 71
     0
 42
10.0
  3
genltshp.shx
  4

  0
STYLE
  5
8F
330
3
100
AcDbSymbolTableRecord
100
AcDbTextStyleTableRecord
  2
ACISOGDT
 70
     0
 40
0.0
 41
1.0
 50
0.0
 71
     0
 42
10.0
  3
amgdt.shx
  4

  0
ENDTAB
  0
TABLE
  2
VIEW
  5
6
330
0
100
AcDbSymbolTable
 70
     0
  0
ENDTAB
  0
TABLE
  2
UCS
  5
7
330
0
100
AcDbSymbolTable
 70
     0
  0
ENDTAB
  0
TABLE
  2
APPID
  5
9
330
0
100
AcDbSymbolTable
 70
    17
  0
APPID
  5
56
330
9
100
AcDbSymbolTableRecord
100
AcDbRegAppTableRecord
  2
ACAD
 70
     0
  0
APPID
  5
5E
330
9
100
AcDbSymbolTableRecord
100
AcDbRegAppTableRecord
  2
AcadAnnotative
 70
     0
  0
APPID
  5
78
330
9
100
AcDbSymbolTableRecord
100
AcDbRegAppTableRecord
  2
ACAD_PSEXT
 70
     0
  0
APPID
  5
79
330
9
100
AcDbSymbolTableRecord
100
AcDbRegAppTableRecord
  2
MCAD_NO_VIS
 70
     0
  0
APPID
  5
7A
330
9
100
AcDbSymbolTableRecord
100
AcDbRegAppTableRecord
  2
ACAD_TEMP_GRAPHIC
 70
     0
  0
APPID
  5
83
330
9
100
AcDbSymbolTableRecord
100
AcDbRegAppTableRecord
  2
ACAD_DSTYLE_DIMJAG
 70
     0
  0
APPID
  5
84
330
9
100
AcDbSymbolTableRecord
100
AcDbRegAppTableRecord
  2
ACAD_DSTYLE_DIMTALN
 70
     0
  0
APPID
  5
85
330
9
100
AcDbSymbolTableRecord
100
AcDbRegAppTableRecord
  2
ACAD_NAV_VCDISPLAY
 70
     0
  0
APPID
  5
86
330
9
100
AcDbSymbolTableRecord
100
AcDbRegAppTableRecord
  2
ACAD_DSTYLE_DIMBREAK
 70
     0
  0
APPID
  5
87
330
9
100
AcDbSymbolTableRecord
100
AcDbRegAppTableRecord
  2
FUSIONCURRENTBORDER
 70
     0
  0
APPID
  5
88
330
9
100
AcDbSymbolTableRecord
100
AcDbRegAppTableRecord
  2
FUSIONCURRENTTITLEBLOCK
 70
     0
  0
APPID
  5
89
330
9
100
AcDbSymbolTableRecord
100
AcDbRegAppTableRecord
  2
AcSynergy
 70
     0
  0
APPID
  5
8A
330
9
100
AcDbSymbolTableRecord
100
AcDbRegAppTableRecord
  2
GENIUS_GENSCREG_15
 70
     0
  0
APPID
  5
8B
330
9
100
AcDbSymbolTableRecord
100
AcDbRegAppTableRecord
  2
GENIUS_GENOBJ-N-SDF_13
 70
     0
  0
APPID
  5
8C
330
9
100
AcDbSymbolTableRecord
100
AcDbRegAppTableRecord
  2
GENIUS_GENODEF_13
 70
     0
  0
APPID
  5
8D
330
9
100
AcDbSymbolTableRecord
100
AcDbRegAppTableRecord
  2
ACATTRIBSERVICES
 70
     0
  0
APPID
  5
1C63
330
9
100
AcDbSymbolTableRecord
100
AcDbRegAppTableRecord
  2
AcAecLayerStandard
 70
     0
  0
ENDTAB
  0
TABLE
  2
DIMSTYLE
  5
A
330
0
100
AcDbSymbolTable
 70
     4
100
AcDbDimStyleTable
 71
     1
340
9F
  0
DIMSTYLE
105
58
330
A
100
AcDbSymbolTableRecord
100
AcDbDimStyleTableRecord
  2
Standard
 70
     0
 41
3.5
 42
2.1
 43
10.5
 44
2.1
 78
    12
 79
     3
140
3.5
143
0.03937
146
0.714286
147
1.4
179
     2
271
     2
272
     2
284
    12
340
55
  0
DIMSTYLE
105
59
330
A
100
AcDbSymbolTableRecord
100
AcDbDimStyleTableRecord
  2
Annotative
 70
     0
 40
0.0
 41
3.5
 42
2.1
 43
10.5
 44
2.1
 73
     0
 74
     0
 77
     1
 78
    12
 79
     3
140
3.5
141
2.5
143
0.03937
146
0.714286
147
1.4
171
     3
172
     1
179
     2
271
     2
272
     2
274
     3
278
    44
283
     0
284
    12
340
55
1001
AcadAnnotative
1000
AnnotativeData
1002
{
1070
     1
1070
     1
1002
}
  0
DIMSTYLE
105
9E
330
A
100
AcDbSymbolTableRecord
100
AcDbDimStyleTableRecord
  2
ISO-25
 70
     0
  4
in
 41
3.5
 42
2.1
 43
10.5
 44
2.1
 47
0.1
 48
0.1
 73
     0
 74
     0
 77
     1
 78
    12
 79
     3
140
3.5
141
0.0
143
0.03937
146
0.714286
147
1.4
171
     4
172
     1
176
   256
177
   256
178
   256
179
     2
271
     2
272
     2
274
     4
283
     0
284
    12
285
     8
340
55
1001
ACAD_DSTYLE_DIMJAG
1070
   388
1040
1.5
1001
ACAD_DSTYLE_DIMTALN
1070
   392
1070
     1
1001
ACAD_DSTYLE_DIMBREAK
1070
   391
1040
3.5
  0
DIMSTYLE
105
9F
330
A
100
AcDbSymbolTableRecord
100
AcDbDimStyleTableRecord
  2
Dim-ISO-25
 70
     0
 41
3.5
 42
2.1
 43
10.5
 44
2.1
 47
0.1
 48
0.1
 73
     0
 74
     0
 77
     1
 78
    12
 79
     3
140
3.5
141
0.0
143
0.03937
146
0.714286
147
1.4
172
     1
179
     2
271
     2
272
     2
283
     0
284
    12
285
    12
286
    12
340
55
1001
ACAD_DSTYLE_DIMJAG
1070
   388
1040
1.5
1001
ACAD_DSTYLE_DIMTALN
1070
   392
1070
     1
1001
ACAD_DSTYLE_DIMBREAK
1070
   391
1040
3.5
  0
ENDTAB
  0
TABLE
  2
BLOCK_RECORD
  5
1
330
0
100
AcDbSymbolTable
 70
     7
  0
BLOCK_RECORD
  5
70
102
{ACAD_XDICTIONARY
360
A0
102
}
330
1
100
AcDbSymbolTableRecord
100
AcDbBlockTableRecord
  2
*Model_Space
340
73
 70
     0
280
     1
281
     0
  0
BLOCK_RECORD
  5
6C
330
1
100
AcDbSymbolTableRecord
100
AcDbBlockTableRecord
  2
*Paper_Space
340
6F
 70
     0
280
     1
281
     0
  0
BLOCK_RECORD
  5
74
330
1
100
AcDbSymbolTableRecord
100
AcDbBlockTableRecord
  2
*Paper_Space0
340
77
 70
     0
280
     1
281
     0
  0
BLOCK_RECORD
  5
E6E
330
1
100
AcDbSymbolTableRecord
100
AcDbBlockTableRecord
  2
*U2
340
0
102
{BLKREFS
331
E6C
102
}
 70
     0
280
     1
281
     0
  0
BLOCK_RECORD
  5
E78
330
1
100
AcDbSymbolTableRecord
100
AcDbBlockTableRecord
  2
*U3
340
0
102
{BLKREFS
331
E77
102
}
 70
     0
280
     1
281
     0
  0
BLOCK_RECORD
  5
E82
330
1
100
AcDbSymbolTableRecord
100
AcDbBlockTableRecord
  2
*U4
340
0
102
{BLKREFS
331
E81
102
}
 70
     0
280
     1
281
     0
  0
BLOCK_RECORD
  5
E8C
330
1
100
AcDbSymbolTableRecord
100
AcDbBlockTableRecord
  2
*U5
340
0
102
{BLKREFS
331
E8B
102
}
 70
     0
280
     1
281
     0
  0
BLOCK_RECORD
  5
E96
330
1
100
AcDbSymbolTableRecord
100
AcDbBlockTableRecord
  2
*U6
340
0
102
{BLKREFS
331
E95
102
}
 70
     0
280
     1
281
     0
  0
ENDTAB
  0
ENDSEC
  0
SECTION
  2
BLOCKS
  0
BLOCK
  5
71
330
70
100
AcDbEntity
  8
0
100
AcDbBlockBegin
  2
*Model_Space
 70
     0
 10
0.0
 20
0.0
 30
0.0
  3
*Model_Space
  1

  0
ENDBLK
  5
72
330
70
100
AcDbEntity
  8
0
100
AcDbBlockEnd
  0
BLOCK
  5
6D
330
6C
100
AcDbEntity
 67
     1
  8
0
100
AcDbBlockBegin
  2
*Paper_Space
 70
     0
 10
0.0
 20
0.0
 30
0.0
  3
*Paper_Space
  1

  0
ENDBLK
  5
6E
330
6C
100
AcDbEntity
 67
     1
  8
0
100
AcDbBlockEnd
  0
BLOCK
  5
75
330
74
100
AcDbEntity
 67
     1
  8
0
100
AcDbBlockBegin
  2
*Paper_Space0
 70
     0
 10
0.0
 20
0.0
 30
0.0
  3
*Paper_Space0
  1

  0
ENDBLK
  5
76
330
74
100
AcDbEntity
 67
     1
  8
0
100
AcDbBlockEnd
  0
BLOCK
  5
E6F
330
E6E
100
AcDbEntity
  8
0
100
AcDbBlockBegin
  2
*U2
 70
     1
 10
0.0
 20
0.0
 30
0.0
  3
*U2
  1

  0
LINE
  5
E70
330
E6E
100
AcDbEntity
  8
Smart Centers
  6
Continuous
 62
     0
440
 16777216
 48
0.75
100
AcDbLine
 10
-0.892969
 20
0.0
 30
0.0
 11
0.892969
 21
0.0
 31
0.0
  0
LINE
  5
E71
330
E6E
100
AcDbEntity
  8
Smart Centers
  6
Continuous
 62
     0
440
 16777216
 48
0.75
100
AcDbLine
 10
0.0
 20
-0.892969
 30
0.0
 11
0.0
 21
0.892969
 31
0.0
  0
LINE
  5
E72
330
E6E
100
AcDbEntity
  8
Smart Centers
 62
     0
440
 16777216
 48
0.75
100
AcDbLine
 10
-15.0
 20
0.0
 30
0.0
 11
-2.678906
 21
0.0
 31
0.0
  0
LINE
  5
E73
330
E6E
100
AcDbEntity
  8
Smart Centers
 62
     0
440
 16777216
 48
0.75
100
AcDbLine
 10
2.678906
 20
0.0
 30
0.0
 11
15.0
 21
0.0
 31
0.0
  0
LINE
  5
E74
330
E6E
100
AcDbEntity
  8
Smart Centers
 62
     0
440
 16777216
 48
0.75
100
AcDbLine
 10
0.0
 20
-15.0
 30
0.0
 11
0.0
 21
-2.678906
 31
0.0
  0
LINE
  5
E75
330
E6E
100
AcDbEntity
  8
Smart Centers
 62
     0
440
 16777216
 48
0.75
100
AcDbLine
 10
0.0
 20
2.678906
 30
0.0
 11
0.0
 21
15.0
 31
0.0
  0
ENDBLK
  5
E76
330
E6E
100
AcDbEntity
  8
0
100
AcDbBlockEnd
  0
BLOCK
  5
E79
330
E78
100
AcDbEntity
  8
0
100
AcDbBlockBegin
  2
*U3
 70
     1
 10
0.0
 20
0.0
 30
0.0
  3
*U3
  1

  0
LINE
  5
E7A
330
E78
100
AcDbEntity
  8
Smart Centers
  6
Continuous
 62
     0
440
 16777216
 48
0.75
100
AcDbLine
 10
-0.892969
 20
0.0
 30
0.0
 11
0.892969
 21
0.0
 31
0.0
  0
LINE
  5
E7B
330
E78
100
AcDbEntity
  8
Smart Centers
  6
Continuous
 62
     0
440
 16777216
 48
0.75
100
AcDbLine
 10
0.0
 20
-0.892969
 30
0.0
 11
0.0
 21
0.892969
 31
0.0
  0
LINE
  5
E7C
330
E78
100
AcDbEntity
  8
Smart Centers
 62
     0
440
 16777216
 48
0.75
100
AcDbLine
 10
-6.5
 20
0.0
 30
0.0
 11
-2.678906
 21
0.0
 31
0.0
  0
LINE
  5
E7D
330
E78
100
AcDbEntity
  8
Smart Centers
 62
     0
440
 16777216
 48
0.75
100
AcDbLine
 10
2.678906
 20
0.0
 30
0.0
 11
6.5
 21
0.0
 31
0.0
  0
LINE
  5
E7E
330
E78
100
AcDbEntity
  8
Smart Centers
 62
     0
440
 16777216
 48
0.75
100
AcDbLine
 10
0.0
 20
-6.5
 30
0.0
 11
0.0
 21
-2.678906
 31
0.0
  0
LINE
  5
E7F
330
E78
100
AcDbEntity
  8
Smart Centers
 62
     0
440
 16777216
 48
0.75
100
AcDbLine
 10
0.0
 20
2.678906
 30
0.0
 11
0.0
 21
6.5
 31
0.0
  0
ENDBLK
  5
E80
330
E78
100
AcDbEntity
  8
0
100
AcDbBlockEnd
  0
BLOCK
  5
E83
330
E82
100
AcDbEntity
  8
0
100
AcDbBlockBegin
  2
*U4
 70
     1
 10
0.0
 20
0.0
 30
0.0
  3
*U4
  1

  0
LINE
  5
E84
330
E82
100
AcDbEntity
  8
Smart Centers
  6
Continuous
 62
     0
440
 16777216
 48
0.75
100
AcDbLine
 10
-0.892969
 20
0.0
 30
0.0
 11
0.892969
 21
0.0
 31
0.0
  0
LINE
  5
E85
330
E82
100
AcDbEntity
  8
Smart Centers
  6
Continuous
 62
     0
440
 16777216
 48
0.75
100
AcDbLine
 10
0.0
 20
-0.892969
 30
0.0
 11
0.0
 21
0.892969
 31
0.0
  0
LINE
  5
E86
330
E82
100
AcDbEntity
  8
Smart Centers
 62
     0
440
 16777216
 48
0.75
100
AcDbLine
 10
-6.5
 20
0.0
 30
0.0
 11
-2.678906
 21
0.0
 31
0.0
  0
LINE
  5
E87
330
E82
100
AcDbEntity
  8
Smart Centers
 62
     0
440
 16777216
 48
0.75
100
AcDbLine
 10
2.678906
 20
0.0
 30
0.0
 11
6.5
 21
0.0
 31
0.0
  0
LINE
  5
E88
330
E82
100
AcDbEntity
  8
Smart Centers
 62
     0
440
 16777216
 48
0.75
100
AcDbLine
 10
0.0
 20
-6.5
 30
0.0
 11
0.0
 21
-2.678906
 31
0.0
  0
LINE
  5
E89
330
E82
100
AcDbEntity
  8
Smart Centers
 62
     0
440
 16777216
 48
0.75
100
AcDbLine
 10
0.0
 20
2.678906
 30
0.0
 11
0.0
 21
6.5
 31
0.0
  0
ENDBLK
  5
E8A
330
E82
100
AcDbEntity
  8
0
100
AcDbBlockEnd
  0
BLOCK
  5
E8D
330
E8C
100
AcDbEntity
  8
0
100
AcDbBlockBegin
  2
*U5
 70
     1
 10
0.0
 20
0.0
 30
0.0
  3
*U5
  1

  0
LINE
  5
E8E
330
E8C
100
AcDbEntity
  8
Smart Centers
  6
Continuous
 62
     0
440
 16777216
 48
0.75
100
AcDbLine
 10
-0.892969
 20
0.0
 30
0.0
 11
0.892969
 21
0.0
 31
0.0
  0
LINE
  5
E8F
330
E8C
100
AcDbEntity
  8
Smart Centers
  6
Continuous
 62
     0
440
 16777216
 48
0.75
100
AcDbLine
 10
0.0
 20
-0.892969
 30
0.0
 11
0.0
 21
0.892969
 31
0.0
  0
LINE
  5
E90
330
E8C
100
AcDbEntity
  8
Smart Centers
 62
     0
440
 16777216
 48
0.75
100
AcDbLine
 10
-6.5
 20
0.0
 30
0.0
 11
-2.678906
 21
0.0
 31
0.0
  0
LINE
  5
E91
330
E8C
100
AcDbEntity
  8
Smart Centers
 62
     0
440
 16777216
 48
0.75
100
AcDbLine
 10
2.678906
 20
0.0
 30
0.0
 11
6.5
 21
0.0
 31
0.0
  0
LINE
  5
E92
330
E8C
100
AcDbEntity
  8
Smart Centers
 62
     0
440
 16777216
 48
0.75
100
AcDbLine
 10
0.0
 20
-6.5
 30
0.0
 11
0.0
 21
-2.678906
 31
0.0
  0
LINE
  5
E93
330
E8C
100
AcDbEntity
  8
Smart Centers
 62
     0
440
 16777216
 48
0.75
100
AcDbLine
 10
0.0
 20
2.678906
 30
0.0
 11
0.0
 21
6.5
 31
0.0
  0
ENDBLK
  5
E94
330
E8C
100
AcDbEntity
  8
0
100
AcDbBlockEnd
  0
BLOCK
  5
E97
330
E96
100
AcDbEntity
  8
0
100
AcDbBlockBegin
  2
*U6
 70
     1
 10
0.0
 20
0.0
 30
0.0
  3
*U6
  1

  0
LINE
  5
E98
330
E96
100
AcDbEntity
  8
Smart Centers
  6
Continuous
 62
     0
440
 16777216
 48
0.75
100
AcDbLine
 10
-0.892969
 20
0.0
 30
0.0
 11
0.892969
 21
0.0
 31
0.0
  0
LINE
  5
E99
330
E96
100
AcDbEntity
  8
Smart Centers
  6
Continuous
 62
     0
440
 16777216
 48
0.75
100
AcDbLine
 10
0.0
 20
-0.892969
 30
0.0
 11
0.0
 21
0.892969
 31
0.0
  0
LINE
  5
E9A
330
E96
100
AcDbEntity
  8
Smart Centers
 62
     0
440
 16777216
 48
0.75
100
AcDbLine
 10
-6.5
 20
0.0
 30
0.0
 11
-2.678906
 21
0.0
 31
0.0
  0
LINE
  5
E9B
330
E96
100
AcDbEntity
  8
Smart Centers
 62
     0
440
 16777216
 48
0.75
100
AcDbLine
 10
2.678906
 20
0.0
 30
0.0
 11
6.5
 21
0.0
 31
0.0
  0
LINE
  5
E9C
330
E96
100
AcDbEntity
  8
Smart Centers
 62
     0
440
 16777216
 48
0.75
100
AcDbLine
 10
0.0
 20
-6.5
 30
0.0
 11
0.0
 21
-2.678906
 31
0.0
  0
LINE
  5
E9D
330
E96
100
AcDbEntity
  8
Smart Centers
 62
     0
440
 16777216
 48
0.75
100
AcDbLine
 10
0.0
 20
2.678906
 30
0.0
 11
0.0
 21
6.5
 31
0.0
  0
ENDBLK
  5
E9E
330
E96
100
AcDbEntity
  8
0
100
AcDbBlockEnd
  0
ENDSEC
  0
SECTION
  2
ENTITIES
  0
INSERT
  5
E6C
330
70
100
AcDbEntity
  8
Smart Centers
 48
0.75
100
AcDbBlockReference
  2
*U2
 10
843.329867
 20
1299.668821
 30
0.0
  0
INSERT
  5
E77
330
70
100
AcDbEntity
  8
Smart Centers
 48
0.75
100
AcDbBlockReference
  2
*U3
 10
1000.829846
 20
1055.16883
 30
0.0
  0
INSERT
  5
E81
330
70
100
AcDbEntity
  8
Smart Centers
 48
0.75
100
AcDbBlockReference
  2
*U4
 10
1000.829846
 20
738.16883
 30
0.0
  0
INSERT
  5
E8B
330
70
100
AcDbEntity
  8
Smart Centers
 48
0.75
100
AcDbBlockReference
  2
*U5
 10
685.829846
 20
1055.16883
 30
0.0
  0
INSERT
  5
E95
330
70
100
AcDbEntity
  8
Smart Centers
 48
0.75
100
AcDbBlockReference
  2
*U6
 10
685.829846
 20
738.16883
 30
0.0
  0
LINE
  5
E9F
330
70
100
AcDbEntity
  8
Visible
100
AcDbLine
 10
431.404855
 20
393.320852
 30
0.0
 11
428.008855
 21
393.320852
 31
0.0
  0
LINE
  5
EA0
330
70
100
AcDbEntity
  8
Visible
100
AcDbLine
 10
431.404855
 20
394.124852
 30
0.0
 11
431.404855
 21
393.320852
 31
0.0
  0
LINE
  5
EA1
330
70
100
AcDbEntity
  8
Visible
100
AcDbLine
 10
428.008855
 20
394.124852
 30
0.0
 11
431.404855
 21
394.124852
 31
0.0
  0
LINE
  5
EA2
330
70
100
AcDbEntity
  8
Visible
100
AcDbLine
 10
428.008855
 20
396.632852
 30
0.0
 11
428.008855
 21
394.124852
 31
0.0
  0
LINE
  5
EA3
330
70
100
AcDbEntity
  8
Visible
100
AcDbLine
 10
431.656855
 20
396.632852
 30
0.0
 11
428.008855
 21
396.632852
 31
0.0
  0
LINE
  5
EA4
330
70
100
AcDbEntity
  8
Visible
100
AcDbLine
 10
431.656855
 20
397.436852
 30
0.0
 11
431.656855
 21
396.632852
 31
0.0
  0
LINE
  5
EA5
330
70
100
AcDbEntity
  8
Visible
100
AcDbLine
 10
427.072855
 20
397.436852
 30
0.0
 11
431.656855
 21
397.436852
 31
0.0
  0
LINE
  5
EA6
330
70
100
AcDbEntity
  8
Visible
100
AcDbLine
 10
427.072855
 20
389.900852
 30
0.0
 11
427.072855
 21
397.436852
 31
0.0
  0
LINE
  5
EA7
330
70
100
AcDbEntity
  8
Visible
100
AcDbLine
 10
428.008855
 20
389.900852
 30
0.0
 11
427.072855
 21
389.900852
 31
0.0
  0
LINE
  5
EA8
330
70
100
AcDbEntity
  8
Visible
100
AcDbLine
 10
428.008855
 20
393.320852
 30
0.0
 11
428.008855
 21
389.900852
 31
0.0
  0
LINE
  5
EA9
330
70
100
AcDbEntity
  8
Visible
100
AcDbLine
 10
434.296855
 20
392.492852
 30
0.0
 11
434.296855
 21
389.900852
 31
0.0
  0
LINE
  5
EAA
330
70
100
AcDbEntity
  8
Visible
100
AcDbLine
 10
434.297855
 20
392.633852
 30
0.0
 11
434.296855
 21
392.492852
 31
0.0
  0
LINE
  5
EAB
330
70
100
AcDbEntity
  8
Visible
100
AcDbLine
 10
434.302855
 20
392.770852
 30
0.0
 11
434.297855
 21
392.633852
 31
0.0
  0
LINE
  5
EAC
330
70
100
AcDbEntity
  8
Visible
100
AcDbLine
 10
434.309855
 20
392.904852
 30
0.0
 11
434.302855
 21
392.770852
 31
0.0
  0
LINE
  5
EAD
330
70
100
AcDbEntity
  8
Visible
100
AcDbLine
 10
434.319855
 20
393.033852
 30
0.0
 11
434.309855
 21
392.904852
 31
0.0
  0
LINE
  5
EAE
330
70
100
AcDbEntity
  8
Visible
100
AcDbLine
 10
434.331855
 20
393.159852
 30
0.0
 11
434.319855
 21
393.033852
 31
0.0
  0
LINE
  5
EAF
330
70
100
AcDbEntity
  8
Visible
100
AcDbLine
 10
434.347855
 20
393.282852
 30
0.0
 11
434.331855
 21
393.159852
 31
0.0
  0
LINE
  5
EB0
330
70
100
AcDbEntity
  8
Visible
100
AcDbLine
 10
434.365855
 20
393.400852
 30
0.0
 11
434.347855
 21
393.282852
 31
0.0
  0
LINE
  5
EB1
330
70
100
AcDbEntity
  8
Visible
100
AcDbLine
 10
434.386855
 20
393.515852
 30
0.0
 11
434.365855
 21
393.400852
 31
0.0
  0
LINE
  5
EB2
330
70
100
AcDbEntity
  8
Visible
100
AcDbLine
 10
434.410855
 20
393.627852
 30
0.0
 11
434.386855
 21
393.515852
 31
0.0
  0
LINE
  5
EB3
330
70
100
AcDbEntity
  8
Visible
100
AcDbLine
 10
434.437855
 20
393.734852
 30
0.0
 11
434.410855
 21
393.627852
 31
0.0
  0
LINE
  5
EB4
330
70
100
AcDbEntity
  8
Visible
100
AcDbLine
 10
434.467855
 20
393.837852
 30
0.0
 11
434.437855
 21
393.734852
 31
0.0
  0
LINE
  5
EB5
330
70
100
AcDbEntity
  8
Visible
100
AcDbLine
 10
434.500855
 20
393.936852
 30
0.0
 11
434.467855
 21
393.837852
 31
0.0
  0
LINE
  5
EB6
330
70
100
AcDbEntity
  8
Visible
100
AcDbLine
 10
434.537855
 20
394.029852
 30
0.0
 11
434.500855
 21
393.936852
 31
0.0
  0
LINE
  5
EB7
330
70
100
AcDbEntity
  8
Visible
100
AcDbLine
 10
434.577855
 20
394.118852
 30
0.0
 11
434.537855
 21
394.029852
 31
0.0
  0
LINE
  5
EB8
330
70
100
AcDbEntity
  8
Visible
100
AcDbLine
 10
434.621855
 20
394.203852
 30
0.0
 11
434.577855
 21
394.118852
 31
0.0
  0
LINE
  5
EB9
330
70
100
AcDbEntity
  8
Visible
100
AcDbLine
 10
434.668855
 20
394.282852
 30
0.0
 11
434.621855
 21
394.203852
 31
0.0
  0
LINE
  5
EBA
330
70
100
AcDbEntity
  8
Visible
100
AcDbLine
 10
434.718855
 20
394.357852
 30
0.0
 11
434.668855
 21
394.282852
 31
0.0
  0
LINE
  5
EBB
330
70
100
AcDbEntity
  8
Visible
100
AcDbLine
 10
434.772855
 20
394.427852
 30
0.0
 11
434.718855
 21
394.357852
 31
0.0
  0
LINE
  5
EBC
330
70
100
AcDbEntity
  8
Visible
100
AcDbLine
 10
434.829855
 20
394.492852
 30
0.0
 11
434.772855
 21
394.427852
 31
0.0
  0
LINE
  5
EBD
330
70
100
AcDbEntity
  8
Visible
100
AcDbLine
 10
434.890855
 20
394.553852
 30
0.0
 11
434.829855
 21
394.492852
 31
0.0
  0
LINE
  5
EBE
330
70
100
AcDbEntity
  8
Visible
100
AcDbLine
 10
434.954855
 20
394.608852
 30
0.0
 11
434.890855
 21
394.553852
 31
0.0
  0
LINE
  5
EBF
330
70
100
AcDbEntity
  8
Visible
100
AcDbLine
 10
435.023855
 20
394.658852
 30
0.0
 11
434.954855
 21
394.608852
 31
0.0
  0
LINE
  5
EC0
330
70
100
AcDbEntity
  8
Visible
100
AcDbLine
 10
435.095855
 20
394.701852
 30
0.0
 11
435.023855
 21
394.658852
 31
0.0
  0
LINE
  5
EC1
330
70
100
AcDbEntity
  8
Visible
100
AcDbLine
 10
435.171855
 20
394.739852
 30
0.0
 11
435.095855
 21
394.701852
 31
0.0
  0
LINE
  5
EC2
330
70
100
AcDbEntity
  8
Visible
100
AcDbLine
 10
435.252855
 20
394.771852
 30
0.0
 11
435.171855
 21
394.739852
 31
0.0
  0
LINE
  5
EC3
330
70
100
AcDbEntity
  8
Visible
100
AcDbLine
 10
435.336855
 20
394.797852
 30
0.0
 11
435.252855
 21
394.771852
 31
0.0
  0
LINE
  5
EC4
330
70
100
AcDbEntity
  8
Visible
100
AcDbLine
 10
435.424855
 20
394.818852
 30
0.0
 11
435.336855
 21
394.797852
 31
0.0
  0
LINE
  5
EC5
330
70
100
AcDbEntity
  8
Visible
100
AcDbLine
 10
435.516855
 20
394.832852
 30
0.0
 11
435.424855
 21
394.818852
 31
0.0
  0
LINE
  5
EC6
330
70
100
AcDbEntity
  8
Visible
100
AcDbLine
 10
435.612855
 20
394.841852
 30
0.0
 11
435.516855
 21
394.832852
 31
0.0
  0
LINE
  5
EC7
330
70
100
AcDbEntity
  8
Visible
100
AcDbLine
 10
435.712855
 20
394.844852
 30
0.0
 11
435.612855
 21
394.841852
 31
0.0
  0
LINE
  5
EC8
330
70
100
AcDbEntity
  8
Visible
100
AcDbLine
 10
435.744855
 20
394.844852
 30
0.0
 11
435.712855
 21
394.844852
 31
0.0
  0
LINE
  5
EC9
330
70
100
AcDbEntity
  8
Visible
100
AcDbLine
 10
435.776855
 20
394.842852
 30
0.0
 11
435.744855
 21
394.844852
 31
0.0
  0
LINE
  5
ECA
330
70
100
AcDbEntity
  8
Visible
100
AcDbLine
 10
435.809855
 20
394.840852
 30
0.0
 11
435.776855
 21
394.842852
 31
0.0
  0
LINE
  5
ECB
330
70
100
AcDbEntity
  8
Visible
100
AcDbLine
 10
435.844855
 20
394.838852
 30
0.0
 11
435.809855
 21
394.840852
 31
0.0
  0
LINE
  5
ECC
330
70
100
AcDbEntity
  8
Visible
100
AcDbLine
 10
435.878855
 20
394.834852
 30
0.0
 11
435.844855
 21
394.838852
 31
0.0
  0
LINE
  5
ECD
330
70
100
AcDbEntity
  8
Visible
100
AcDbLine
 10
435.914855
 20
394.830852
 30
0.0
 11
435.878855
 21
394.834852
 31
0.0
  0
LINE
  5
ECE
330
70
100
AcDbEntity
  8
Visible
100
AcDbLine
 10
435.951855
 20
394.825852
 30
0.0
 11
435.914855
 21
394.830852
 31
0.0
  0
LINE
  5
ECF
330
70
100
AcDbEntity
  8
Visible
100
AcDbLine
 10
435.988855
 20
394.819852
 30
0.0
 11
435.951855
 21
394.825852
 31
0.0
  0
LINE
  5
ED0
330
70
100
AcDbEntity
  8
Visible
100
AcDbLine
 10
436.066855
 20
394.805852
 30
0.0
 11
435.988855
 21
394.819852
 31
0.0
  0
LINE
  5
ED1
330
70
100
AcDbEntity
  8
Visible
100
AcDbLine
 10
436.144855
 20
394.789852
 30
0.0
 11
436.066855
 21
394.805852
 31
0.0
  0
LINE
  5
ED2
330
70
100
AcDbEntity
  8
Visible
100
AcDbLine
 10
436.220855
 20
394.771852
 30
0.0
 11
436.144855
 21
394.789852
 31
0.0
  0
LINE
  5
ED3
330
70
100
AcDbEntity
  8
Visible
100
AcDbLine
 10
436.257855
 20
394.762852
 30
0.0
 11
436.220855
 21
394.771852
 31
0.0
  0
LINE
  5
ED4
330
70
100
AcDbEntity
  8
Visible
100
AcDbLine
 10
436.293855
 20
394.753852
 30
0.0
 11
436.257855
 21
394.762852
 31
0.0
  0
LINE
  5
ED5
330
70
100
AcDbEntity
  8
Visible
100
AcDbLine
 10
436.329855
 20
394.743852
 30
0.0
 11
436.293855
 21
394.753852
 31
0.0
  0
LINE
  5
ED6
330
70
100
AcDbEntity
  8
Visible
100
AcDbLine
 10
436.364855
 20
394.733852
 30
0.0
 11
436.329855
 21
394.743852
 31
0.0
  0
LINE
  5
ED7
330
70
100
AcDbEntity
  8
Visible
100
AcDbLine
 10
436.398855
 20
394.723852
 30
0.0
 11
436.364855
 21
394.733852
 31
0.0
  0
LINE
  5
ED8
330
70
100
AcDbEntity
  8
Visible
100
AcDbLine
 10
436.432855
 20
394.712852
 30
0.0
 11
436.398855
 21
394.723852
 31
0.0
  0
LINE
  5
ED9
330
70
100
AcDbEntity
  8
Visible
100
AcDbLine
 10
436.492855
 20
395.636852
 30
0.0
 11
436.432855
 21
394.712852
 31
0.0
  0
LINE
  5
EDA
330
70
100
AcDbEntity
  8
Visible
100
AcDbLine
 10
436.460855
 20
395.647852
 30
0.0
 11
436.492855
 21
395.636852
 31
0.0
  0
LINE
  5
EDB
330
70
100
AcDbEntity
  8
Visible
100
AcDbLine
 10
436.427855
 20
395.657852
 30
0.0
 11
436.460855
 21
395.647852
 31
0.0
  0
LINE
  5
EDC
330
70
100
AcDbEntity
  8
Visible
100
AcDbLine
 10
436.363855
 20
395.675852
 30
0.0
 11
436.427855
 21
395.657852
 31
0.0
  0
LINE
  5
EDD
330
70
100
AcDbEntity
  8
Visible
100
AcDbLine
 10
436.299855
 20
395.691852
 30
0.0
 11
436.363855
 21
395.675852
 31
0.0
  0
LINE
  5
EDE
330
70
100
AcDbEntity
  8
Visible
100
AcDbLine
 10
436.235855
 20
395.705852
 30
0.0
 11
436.299855
 21
395.691852
 31
0.0
  0
LINE
  5
EDF
330
70
100
AcDbEntity
  8
Visible
100
AcDbLine
 10
436.171855
 20
395.717852
 30
0.0
 11
436.235855
 21
395.705852
 31
0.0
  0
LINE
  5
EE0
330
70
100
AcDbEntity
  8
Visible
100
AcDbLine
 10
436.139855
 20
395.722852
 30
0.0
 11
436.171855
 21
395.717852
 31
0.0
  0
LINE
  5
EE1
330
70
100
AcDbEntity
  8
Visible
100
AcDbLine
 10
436.106855
 20
395.727852
 30
0.0
 11
436.139855
 21
395.722852
 31
0.0
  0
LINE
  5
EE2
330
70
100
AcDbEntity
  8
Visible
100
AcDbLine
 10
436.073855
 20
395.731852
 30
0.0
 11
436.106855
 21
395.727852
 31
0.0
  0
LINE
  5
EE3
330
70
100
AcDbEntity
  8
Visible
100
AcDbLine
 10
436.039855
 20
395.734852
 30
0.0
 11
436.073855
 21
395.731852
 31
0.0
  0
LINE
  5
EE4
330
70
100
AcDbEntity
  8
Visible
100
AcDbLine
 10
436.004855
 20
395.737852
 30
0.0
 11
436.039855
 21
395.734852
 31
0.0
  0
LINE
  5
EE5
330
70
100
AcDbEntity
  8
Visible
100
AcDbLine
 10
435.968855
 20
395.740852
 30
0.0
 11
436.004855
 21
395.737852
 31
0.0
  0
LINE
  5
EE6
330
70
100
AcDbEntity
  8
Visible
100
AcDbLine
 10
435.932855
 20
395.742852
 30
0.0
 11
435.968855
 21
395.740852
 31
0.0
  0
LINE
  5
EE7
330
70
100
AcDbEntity
  8
Visible
100
AcDbLine
 10
435.858855
 20
395.744852
 30
0.0
 11
435.932855
 21
395.742852
 31
0.0
  0
LINE
  5
EE8
330
70
100
AcDbEntity
  8
Visible
100
AcDbLine
 10
435.820855
 20
395.744852
 30
0.0
 11
435.858855
 21
395.744852
 31
0.0
  0
LINE
  5
EE9
330
70
100
AcDbEntity
  8
Visible
100
AcDbLine
 10
435.705855
 20
395.740852
 30
0.0
 11
435.820855
 21
395.744852
 31
0.0
  0
LINE
  5
EEA
330
70
100
AcDbEntity
  8
Visible
100
AcDbLine
 10
435.594855
 20
395.730852
 30
0.0
 11
435.705855
 21
395.740852
 31
0.0
  0
LINE
  5
EEB
330
70
100
AcDbEntity
  8
Visible
100
AcDbLine
 10
435.487855
 20
395.712852
 30
0.0
 11
435.594855
 21
395.730852
 31
0.0
  0
LINE
  5
EEC
330
70
100
AcDbEntity
  8
Visible
100
AcDbLine
 10
435.383855
 20
395.687852
 30
0.0
 11
435.487855
 21
395.712852
 31
0.0
  0
LINE
  5
EED
330
70
100
AcDbEntity
  8
Visible
100
AcDbLine
 10
435.282855
 20
395.655852
 30
0.0
 11
435.383855
 21
395.687852
 31
0.0
  0
LINE
  5
EEE
330
70
100
AcDbEntity
  8
Visible
100
AcDbLine
 10
435.185855
 20
395.615852
 30
0.0
 11
435.282855
 21
395.655852
 31
0.0
  0
LINE
  5
EEF
330
70
100
AcDbEntity
  8
Visible
100
AcDbLine
 10
435.092855
 20
395.569852
 30
0.0
 11
435.185855
 21
395.615852
 31
0.0
  0
LINE
  5
EF0
330
70
100
AcDbEntity
  8
Visible
100
AcDbLine
 10
435.002855
 20
395.516852
 30
0.0
 11
435.092855
 21
395.569852
 31
0.0
  0
LINE
  5
EF1
330
70
100
AcDbEntity
  8
Visible
100
AcDbLine
 10
434.916855
 20
395.455852
 30
0.0
 11
435.002855
 21
395.516852
 31
0.0
  0
LINE
  5
EF2
330
70
100
AcDbEntity
  8
Visible
100
AcDbLine
 10
434.833855
 20
395.387852
 30
0.0
 11
434.916855
 21
395.455852
 31
0.0
  0
LINE
  5
EF3
330
70
100
AcDbEntity
  8
Visible
100
AcDbLine
 10
434.754855
 20
395.312852
 30
0.0
 11
434.833855
 21
395.387852
 31
0.0
  0
LINE
  5
EF4
330
70
100
AcDbEntity
  8
Visible
100
AcDbLine
 10
434.679855
 20
395.230852
 30
0.0
 11
434.754855
 21
395.312852
 31
0.0
  0
LINE
  5
EF5
330
70
100
AcDbEntity
  8
Visible
100
AcDbLine
 10
434.608855
 20
395.140852
 30
0.0
 11
434.679855
 21
395.230852
 31
0.0
  0
LINE
  5
EF6
330
70
100
AcDbEntity
  8
Visible
100
AcDbLine
 10
434.540855
 20
395.043852
 30
0.0
 11
434.608855
 21
395.140852
 31
0.0
  0
LINE
  5
EF7
330
70
100
AcDbEntity
  8
Visible
100
AcDbLine
 10
434.477855
 20
394.939852
 30
0.0
 11
434.540855
 21
395.043852
 31
0.0
  0
LINE
  5
EF8
330
70
100
AcDbEntity
  8
Visible
100
AcDbLine
 10
434.417855
 20
394.827852
 30
0.0
 11
434.477855
 21
394.939852
 31
0.0
  0
LINE
  5
EF9
330
70
100
AcDbEntity
  8
Visible
100
AcDbLine
 10
434.362855
 20
394.708852
 30
0.0
 11
434.417855
 21
394.827852
 31
0.0
  0
LINE
  5
EFA
330
70
100
AcDbEntity
  8
Visible
100
AcDbLine
 10
434.310855
 20
394.582852
 30
0.0
 11
434.362855
 21
394.708852
 31
0.0
  0
LINE
  5
EFB
330
70
100
AcDbEntity
  8
Visible
100
AcDbLine
 10
434.296855
 20
394.543769
 30
0.0
 11
434.310855
 21
394.582852
 31
0.0
  0
LINE
  5
EFC
330
70
100
AcDbEntity
  8
Visible
100
AcDbLine
 10
434.296855
 20
395.648852
 30
0.0
 11
434.296855
 21
394.543769
 31
0.0
  0
LINE
  5
EFD
330
70
100
AcDbEntity
  8
Visible
100
AcDbLine
 10
433.360855
 20
395.648852
 30
0.0
 11
434.296855
 21
395.648852
 31
0.0
  0
LINE
  5
EFE
330
70
100
AcDbEntity
  8
Visible
100
AcDbLine
 10
433.360855
 20
389.900852
 30
0.0
 11
433.360855
 21
395.648852
 31
0.0
  0
LINE
  5
EFF
330
70
100
AcDbEntity
  8
Visible
100
AcDbLine
 10
434.296855
 20
389.900852
 30
0.0
 11
433.360855
 21
389.900852
 31
0.0
  0
LINE
  5
F00
330
70
100
AcDbEntity
  8
Visible
100
AcDbLine
 10
440.075855
 20
389.770852
 30
0.0
 11
439.926855
 21
389.759852
 31
0.0
  0
LINE
  5
F01
330
70
100
AcDbEntity
  8
Visible
100
AcDbLine
 10
440.220855
 20
389.787852
 30
0.0
 11
440.075855
 21
389.770852
 31
0.0
  0
LINE
  5
F02
330
70
100
AcDbEntity
  8
Visible
100
AcDbLine
 10
440.362855
 20
389.811852
 30
0.0
 11
440.220855
 21
389.787852
 31
0.0
  0
LINE
  5
F03
330
70
100
AcDbEntity
  8
Visible
100
AcDbLine
 10
440.501855
 20
389.841852
 30
0.0
 11
440.362855
 21
389.811852
 31
0.0
  0
LINE
  5
F04
330
70
100
AcDbEntity
  8
Visible
100
AcDbLine
 10
440.636855
 20
389.879852
 30
0.0
 11
440.501855
 21
389.841852
 31
0.0
  0
LINE
  5
F05
330
70
100
AcDbEntity
  8
Visible
100
AcDbLine
 10
440.768855
 20
389.924852
 30
0.0
 11
440.636855
 21
389.879852
 31
0.0
  0
LINE
  5
F06
330
70
100
AcDbEntity
  8
Visible
100
AcDbLine
 10
440.897855
 20
389.975852
 30
0.0
 11
440.768855
 21
389.924852
 31
0.0
  0
LINE
  5
F07
330
70
100
AcDbEntity
  8
Visible
100
AcDbLine
 10
441.023855
 20
390.033852
 30
0.0
 11
440.897855
 21
389.975852
 31
0.0
  0
LINE
  5
F08
330
70
100
AcDbEntity
  8
Visible
100
AcDbLine
 10
441.145855
 20
390.098852
 30
0.0
 11
441.023855
 21
390.033852
 31
0.0
  0
LINE
  5
F09
330
70
100
AcDbEntity
  8
Visible
100
AcDbLine
 10
441.263855
 20
390.170852
 30
0.0
 11
441.145855
 21
390.098852
 31
0.0
  0
LINE
  5
F0A
330
70
100
AcDbEntity
  8
Visible
100
AcDbLine
 10
441.376855
 20
390.248852
 30
0.0
 11
441.263855
 21
390.170852
 31
0.0
  0
LINE
  5
F0B
330
70
100
AcDbEntity
  8
Visible
100
AcDbLine
 10
441.484855
 20
390.333852
 30
0.0
 11
441.376855
 21
390.248852
 31
0.0
  0
LINE
  5
F0C
330
70
100
AcDbEntity
  8
Visible
100
AcDbLine
 10
441.586855
 20
390.424852
 30
0.0
 11
441.484855
 21
390.333852
 31
0.0
  0
LINE
  5
F0D
330
70
100
AcDbEntity
  8
Visible
100
AcDbLine
 10
441.684855
 20
390.522852
 30
0.0
 11
441.586855
 21
390.424852
 31
0.0
  0
LINE
  5
F0E
330
70
100
AcDbEntity
  8
Visible
100
AcDbLine
 10
441.776855
 20
390.627852
 30
0.0
 11
441.684855
 21
390.522852
 31
0.0
  0
LINE
  5
F0F
330
70
100
AcDbEntity
  8
Visible
100
AcDbLine
 10
441.863855
 20
390.738852
 30
0.0
 11
441.776855
 21
390.627852
 31
0.0
  0
LINE
  5
F10
330
70
100
AcDbEntity
  8
Visible
100
AcDbLine
 10
441.945855
 20
390.856852
 30
0.0
 11
441.863855
 21
390.738852
 31
0.0
  0
LINE
  5
F11
330
70
100
AcDbEntity
  8
Visible
100
AcDbLine
 10
442.021855
 20
390.981852
 30
0.0
 11
441.945855
 21
390.856852
 31
0.0
  0
LINE
  5
F12
330
70
100
AcDbEntity
  8
Visible
100
AcDbLine
 10
442.093855
 20
391.112852
 30
0.0
 11
442.021855
 21
390.981852
 31
0.0
  0
LINE
  5
F13
330
70
100
AcDbEntity
  8
Visible
100
AcDbLine
 10
442.159855
 20
391.250852
 30
0.0
 11
442.093855
 21
391.112852
 31
0.0
  0
LINE
  5
F14
330
70
100
AcDbEntity
  8
Visible
100
AcDbLine
 10
442.217855
 20
391.393852
 30
0.0
 11
442.159855
 21
391.250852
 31
0.0
  0
LINE
  5
F15
330
70
100
AcDbEntity
  8
Visible
100
AcDbLine
 10
442.269855
 20
391.543852
 30
0.0
 11
442.217855
 21
391.393852
 31
0.0
  0
LINE
  5
F16
330
70
100
AcDbEntity
  8
Visible
100
AcDbLine
 10
442.314855
 20
391.700852
 30
0.0
 11
442.269855
 21
391.543852
 31
0.0
  0
LINE
  5
F17
330
70
100
AcDbEntity
  8
Visible
100
AcDbLine
 10
442.352855
 20
391.862852
 30
0.0
 11
442.314855
 21
391.700852
 31
0.0
  0
LINE
  5
F18
330
70
100
AcDbEntity
  8
Visible
100
AcDbLine
 10
442.383855
 20
392.031852
 30
0.0
 11
442.352855
 21
391.862852
 31
0.0
  0
LINE
  5
F19
330
70
100
AcDbEntity
  8
Visible
100
AcDbLine
 10
442.407855
 20
392.206852
 30
0.0
 11
442.383855
 21
392.031852
 31
0.0
  0
LINE
  5
F1A
330
70
100
AcDbEntity
  8
Visible
100
AcDbLine
 10
442.424855
 20
392.387852
 30
0.0
 11
442.407855
 21
392.206852
 31
0.0
  0
LINE
  5
F1B
330
70
100
AcDbEntity
  8
Visible
100
AcDbLine
 10
442.435855
 20
392.574852
 30
0.0
 11
442.424855
 21
392.387852
 31
0.0
  0
LINE
  5
F1C
330
70
100
AcDbEntity
  8
Visible
100
AcDbLine
 10
442.438855
 20
392.768852
 30
0.0
 11
442.435855
 21
392.574852
 31
0.0
  0
LINE
  5
F1D
330
70
100
AcDbEntity
  8
Visible
100
AcDbLine
 10
442.435855
 20
392.963852
 30
0.0
 11
442.438855
 21
392.768852
 31
0.0
  0
LINE
  5
F1E
330
70
100
AcDbEntity
  8
Visible
100
AcDbLine
 10
442.424855
 20
393.151852
 30
0.0
 11
442.435855
 21
392.963852
 31
0.0
  0
LINE
  5
F1F
330
70
100
AcDbEntity
  8
Visible
100
AcDbLine
 10
442.407855
 20
393.333852
 30
0.0
 11
442.424855
 21
393.151852
 31
0.0
  0
LINE
  5
F20
330
70
100
AcDbEntity
  8
Visible
100
AcDbLine
 10
442.383855
 20
393.509852
 30
0.0
 11
442.407855
 21
393.333852
 31
0.0
  0
LINE
  5
F21
330
70
100
AcDbEntity
  8
Visible
100
AcDbLine
 10
442.352855
 20
393.678852
 30
0.0
 11
442.383855
 21
393.509852
 31
0.0
  0
LINE
  5
F22
330
70
100
AcDbEntity
  8
Visible
100
AcDbLine
 10
442.314855
 20
393.840852
 30
0.0
 11
442.352855
 21
393.678852
 31
0.0
  0
LINE
  5
F23
330
70
100
AcDbEntity
  8
Visible
100
AcDbLine
 10
442.269855
 20
393.997852
 30
0.0
 11
442.314855
 21
393.840852
 31
0.0
  0
LINE
  5
F24
330
70
100
AcDbEntity
  8
Visible
100
AcDbLine
 10
442.217855
 20
394.147852
 30
0.0
 11
442.269855
 21
393.997852
 31
0.0
  0
LINE
  5
F25
330
70
100
AcDbEntity
  8
Visible
100
AcDbLine
 10
442.159855
 20
394.290852
 30
0.0
 11
442.217855
 21
394.147852
 31
0.0
  0
LINE
  5
F26
330
70
100
AcDbEntity
  8
Visible
100
AcDbLine
 10
442.093855
 20
394.427852
 30
0.0
 11
442.159855
 21
394.290852
 31
0.0
  0
LINE
  5
F27
330
70
100
AcDbEntity
  8
Visible
100
AcDbLine
 10
442.021855
 20
394.558852
 30
0.0
 11
442.093855
 21
394.427852
 31
0.0
  0
LINE
  5
F28
330
70
100
AcDbEntity
  8
Visible
100
AcDbLine
 10
441.945855
 20
394.682852
 30
0.0
 11
442.021855
 21
394.558852
 31
0.0
  0
LINE
  5
F29
330
70
100
AcDbEntity
  8
Visible
100
AcDbLine
 10
441.863855
 20
394.799852
 30
0.0
 11
441.945855
 21
394.682852
 31
0.0
  0
LINE
  5
F2A
330
70
100
AcDbEntity
  8
Visible
100
AcDbLine
 10
441.776855
 20
394.910852
 30
0.0
 11
441.863855
 21
394.799852
 31
0.0
  0
LINE
  5
F2B
330
70
100
AcDbEntity
  8
Visible
100
AcDbLine
 10
441.684855
 20
395.014852
 30
0.0
 11
441.776855
 21
394.910852
 31
0.0
  0
LINE
  5
F2C
330
70
100
AcDbEntity
  8
Visible
100
AcDbLine
 10
441.586855
 20
395.112852
 30
0.0
 11
441.684855
 21
395.014852
 31
0.0
  0
LINE
  5
F2D
330
70
100
AcDbEntity
  8
Visible
100
AcDbLine
 10
441.484855
 20
395.203852
 30
0.0
 11
441.586855
 21
395.112852
 31
0.0
  0
LINE
  5
F2E
330
70
100
AcDbEntity
  8
Visible
100
AcDbLine
 10
441.376855
 20
395.288852
 30
0.0
 11
441.484855
 21
395.203852
 31
0.0
  0
LINE
  5
F2F
330
70
100
AcDbEntity
  8
Visible
100
AcDbLine
 10
441.263855
 20
395.366852
 30
0.0
 11
441.376855
 21
395.288852
 31
0.0
  0
LINE
  5
F30
330
70
100
AcDbEntity
  8
Visible
100
AcDbLine
 10
441.145855
 20
395.438852
 30
0.0
 11
441.263855
 21
395.366852
 31
0.0
  0
LINE
  5
F31
330
70
100
AcDbEntity
  8
Visible
100
AcDbLine
 10
441.023855
 20
395.503852
 30
0.0
 11
441.145855
 21
395.438852
 31
0.0
  0
LINE
  5
F32
330
70
100
AcDbEntity
  8
Visible
100
AcDbLine
 10
440.897855
 20
395.561852
 30
0.0
 11
441.023855
 21
395.503852
 31
0.0
  0
LINE
  5
F33
330
70
100
AcDbEntity
  8
Visible
100
AcDbLine
 10
440.768855
 20
395.612852
 30
0.0
 11
440.897855
 21
395.561852
 31
0.0
  0
LINE
  5
F34
330
70
100
AcDbEntity
  8
Visible
100
AcDbLine
 10
440.636855
 20
395.657852
 30
0.0
 11
440.768855
 21
395.612852
 31
0.0
  0
LINE
  5
F35
330
70
100
AcDbEntity
  8
Visible
100
AcDbLine
 10
440.501855
 20
395.694852
 30
0.0
 11
440.636855
 21
395.657852
 31
0.0
  0
LINE
  5
F36
330
70
100
AcDbEntity
  8
Visible
100
AcDbLine
 10
440.362855
 20
395.725852
 30
0.0
 11
440.501855
 21
395.694852
 31
0.0
  0
LINE
  5
F37
330
70
100
AcDbEntity
  8
Visible
100
AcDbLine
 10
440.220855
 20
395.749852
 30
0.0
 11
440.362855
 21
395.725852
 31
0.0
  0
LINE
  5
F38
330
70
100
AcDbEntity
  8
Visible
100
AcDbLine
 10
440.075855
 20
395.766852
 30
0.0
 11
440.220855
 21
395.749852
 31
0.0
  0
LINE
  5
F39
330
70
100
AcDbEntity
  8
Visible
100
AcDbLine
 10
439.926855
 20
395.777852
 30
0.0
 11
440.075855
 21
395.766852
 31
0.0
  0
LINE
  5
F3A
330
70
100
AcDbEntity
  8
Visible
100
AcDbLine
 10
439.774855
 20
395.780852
 30
0.0
 11
439.926855
 21
395.777852
 31
0.0
  0
LINE
  5
F3B
330
70
100
AcDbEntity
  8
Visible
100
AcDbLine
 10
439.621855
 20
395.777852
 30
0.0
 11
439.774855
 21
395.780852
 31
0.0
  0
LINE
  5
F3C
330
70
100
AcDbEntity
  8
Visible
100
AcDbLine
 10
439.471855
 20
395.766852
 30
0.0
 11
439.621855
 21
395.777852
 31
0.0
  0
LINE
  5
F3D
330
70
100
AcDbEntity
  8
Visible
100
AcDbLine
 10
439.325855
 20
395.749852
 30
0.0
 11
439.471855
 21
395.766852
 31
0.0
  0
LINE
  5
F3E
330
70
100
AcDbEntity
  8
Visible
100
AcDbLine
 10
439.182855
 20
395.725852
 30
0.0
 11
439.325855
 21
395.749852
 31
0.0
  0
LINE
  5
F3F
330
70
100
AcDbEntity
  8
Visible
100
AcDbLine
 10
439.043855
 20
395.694852
 30
0.0
 11
439.182855
 21
395.725852
 31
0.0
  0
LINE
  5
F40
330
70
100
AcDbEntity
  8
Visible
100
AcDbLine
 10
438.907855
 20
395.657852
 30
0.0
 11
439.043855
 21
395.694852
 31
0.0
  0
LINE
  5
F41
330
70
100
AcDbEntity
  8
Visible
100
AcDbLine
 10
438.774855
 20
395.612852
 30
0.0
 11
438.907855
 21
395.657852
 31
0.0
  0
LINE
  5
F42
330
70
100
AcDbEntity
  8
Visible
100
AcDbLine
 10
438.645855
 20
395.561852
 30
0.0
 11
438.774855
 21
395.612852
 31
0.0
  0
LINE
  5
F43
330
70
100
AcDbEntity
  8
Visible
100
AcDbLine
 10
438.519855
 20
395.503852
 30
0.0
 11
438.645855
 21
395.561852
 31
0.0
  0
LINE
  5
F44
330
70
100
AcDbEntity
  8
Visible
100
AcDbLine
 10
438.397855
 20
395.438852
 30
0.0
 11
438.519855
 21
395.503852
 31
0.0
  0
LINE
  5
F45
330
70
100
AcDbEntity
  8
Visible
100
AcDbLine
 10
438.279855
 20
395.366852
 30
0.0
 11
438.397855
 21
395.438852
 31
0.0
  0
LINE
  5
F46
330
70
100
AcDbEntity
  8
Visible
100
AcDbLine
 10
438.166855
 20
395.288852
 30
0.0
 11
438.279855
 21
395.366852
 31
0.0
  0
LINE
  5
F47
330
70
100
AcDbEntity
  8
Visible
100
AcDbLine
 10
438.058855
 20
395.203852
 30
0.0
 11
438.166855
 21
395.288852
 31
0.0
  0
LINE
  5
F48
330
70
100
AcDbEntity
  8
Visible
100
AcDbLine
 10
437.955855
 20
395.112852
 30
0.0
 11
438.058855
 21
395.203852
 31
0.0
  0
LINE
  5
F49
330
70
100
AcDbEntity
  8
Visible
100
AcDbLine
 10
437.858855
 20
395.014852
 30
0.0
 11
437.955855
 21
395.112852
 31
0.0
  0
LINE
  5
F4A
330
70
100
AcDbEntity
  8
Visible
100
AcDbLine
 10
437.765855
 20
394.910852
 30
0.0
 11
437.858855
 21
395.014852
 31
0.0
  0
LINE
  5
F4B
330
70
100
AcDbEntity
  8
Visible
100
AcDbLine
 10
437.678855
 20
394.799852
 30
0.0
 11
437.765855
 21
394.910852
 31
0.0
  0
LINE
  5
F4C
330
70
100
AcDbEntity
  8
Visible
100
AcDbLine
 10
437.595855
 20
394.682852
 30
0.0
 11
437.678855
 21
394.799852
 31
0.0
  0
LINE
  5
F4D
330
70
100
AcDbEntity
  8
Visible
100
AcDbLine
 10
437.518855
 20
394.558852
 30
0.0
 11
437.595855
 21
394.682852
 31
0.0
  0
LINE
  5
F4E
330
70
100
AcDbEntity
  8
Visible
100
AcDbLine
 10
437.446855
 20
394.427852
 30
0.0
 11
437.518855
 21
394.558852
 31
0.0
  0
LINE
  5
F4F
330
70
100
AcDbEntity
  8
Visible
100
AcDbLine
 10
437.380855
 20
394.290852
 30
0.0
 11
437.446855
 21
394.427852
 31
0.0
  0
LINE
  5
F50
330
70
100
AcDbEntity
  8
Visible
100
AcDbLine
 10
437.321855
 20
394.147852
 30
0.0
 11
437.380855
 21
394.290852
 31
0.0
  0
LINE
  5
F51
330
70
100
AcDbEntity
  8
Visible
100
AcDbLine
 10
437.269855
 20
393.997852
 30
0.0
 11
437.321855
 21
394.147852
 31
0.0
  0
LINE
  5
F52
330
70
100
AcDbEntity
  8
Visible
100
AcDbLine
 10
437.223855
 20
393.840852
 30
0.0
 11
437.269855
 21
393.997852
 31
0.0
  0
LINE
  5
F53
330
70
100
AcDbEntity
  8
Visible
100
AcDbLine
 10
437.185855
 20
393.678852
 30
0.0
 11
437.223855
 21
393.840852
 31
0.0
  0
LINE
  5
F54
330
70
100
AcDbEntity
  8
Visible
100
AcDbLine
 10
437.154855
 20
393.509852
 30
0.0
 11
437.185855
 21
393.678852
 31
0.0
  0
LINE
  5
F55
330
70
100
AcDbEntity
  8
Visible
100
AcDbLine
 10
437.129855
 20
393.333852
 30
0.0
 11
437.154855
 21
393.509852
 31
0.0
  0
LINE
  5
F56
330
70
100
AcDbEntity
  8
Visible
100
AcDbLine
 10
437.112855
 20
393.151852
 30
0.0
 11
437.129855
 21
393.333852
 31
0.0
  0
LINE
  5
F57
330
70
100
AcDbEntity
  8
Visible
100
AcDbLine
 10
437.101855
 20
392.963852
 30
0.0
 11
437.112855
 21
393.151852
 31
0.0
  0
LINE
  5
F58
330
70
100
AcDbEntity
  8
Visible
100
AcDbLine
 10
437.098855
 20
392.768852
 30
0.0
 11
437.101855
 21
392.963852
 31
0.0
  0
LINE
  5
F59
330
70
100
AcDbEntity
  8
Visible
100
AcDbLine
 10
437.101855
 20
392.574852
 30
0.0
 11
437.098855
 21
392.768852
 31
0.0
  0
LINE
  5
F5A
330
70
100
AcDbEntity
  8
Visible
100
AcDbLine
 10
437.112855
 20
392.387852
 30
0.0
 11
437.101855
 21
392.574852
 31
0.0
  0
LINE
  5
F5B
330
70
100
AcDbEntity
  8
Visible
100
AcDbLine
 10
437.129855
 20
392.206852
 30
0.0
 11
437.112855
 21
392.387852
 31
0.0
  0
LINE
  5
F5C
330
70
100
AcDbEntity
  8
Visible
100
AcDbLine
 10
437.154855
 20
392.031852
 30
0.0
 11
437.129855
 21
392.206852
 31
0.0
  0
LINE
  5
F5D
330
70
100
AcDbEntity
  8
Visible
100
AcDbLine
 10
437.185855
 20
391.862852
 30
0.0
 11
437.154855
 21
392.031852
 31
0.0
  0
LINE
  5
F5E
330
70
100
AcDbEntity
  8
Visible
100
AcDbLine
 10
437.223855
 20
391.700852
 30
0.0
 11
437.185855
 21
391.862852
 31
0.0
  0
LINE
  5
F5F
330
70
100
AcDbEntity
  8
Visible
100
AcDbLine
 10
437.269855
 20
391.543852
 30
0.0
 11
437.223855
 21
391.700852
 31
0.0
  0
LINE
  5
F60
330
70
100
AcDbEntity
  8
Visible
100
AcDbLine
 10
437.321855
 20
391.393852
 30
0.0
 11
437.269855
 21
391.543852
 31
0.0
  0
LINE
  5
F61
330
70
100
AcDbEntity
  8
Visible
100
AcDbLine
 10
437.380855
 20
391.250852
 30
0.0
 11
437.321855
 21
391.393852
 31
0.0
  0
LINE
  5
F62
330
70
100
AcDbEntity
  8
Visible
100
AcDbLine
 10
437.446855
 20
391.112852
 30
0.0
 11
437.380855
 21
391.250852
 31
0.0
  0
LINE
  5
F63
330
70
100
AcDbEntity
  8
Visible
100
AcDbLine
 10
437.518855
 20
390.981852
 30
0.0
 11
437.446855
 21
391.112852
 31
0.0
  0
LINE
  5
F64
330
70
100
AcDbEntity
  8
Visible
100
AcDbLine
 10
437.595855
 20
390.856852
 30
0.0
 11
437.518855
 21
390.981852
 31
0.0
  0
LINE
  5
F65
330
70
100
AcDbEntity
  8
Visible
100
AcDbLine
 10
437.678855
 20
390.738852
 30
0.0
 11
437.595855
 21
390.856852
 31
0.0
  0
LINE
  5
F66
330
70
100
AcDbEntity
  8
Visible
100
AcDbLine
 10
437.765855
 20
390.627852
 30
0.0
 11
437.678855
 21
390.738852
 31
0.0
  0
LINE
  5
F67
330
70
100
AcDbEntity
  8
Visible
100
AcDbLine
 10
437.858855
 20
390.522852
 30
0.0
 11
437.765855
 21
390.627852
 31
0.0
  0
LINE
  5
F68
330
70
100
AcDbEntity
  8
Visible
100
AcDbLine
 10
437.955855
 20
390.424852
 30
0.0
 11
437.858855
 21
390.522852
 31
0.0
  0
LINE
  5
F69
330
70
100
AcDbEntity
  8
Visible
100
AcDbLine
 10
438.058855
 20
390.333852
 30
0.0
 11
437.955855
 21
390.424852
 31
0.0
  0
LINE
  5
F6A
330
70
100
AcDbEntity
  8
Visible
100
AcDbLine
 10
438.166855
 20
390.248852
 30
0.0
 11
438.058855
 21
390.333852
 31
0.0
  0
LINE
  5
F6B
330
70
100
AcDbEntity
  8
Visible
100
AcDbLine
 10
438.279855
 20
390.170852
 30
0.0
 11
438.166855
 21
390.248852
 31
0.0
  0
LINE
  5
F6C
330
70
100
AcDbEntity
  8
Visible
100
AcDbLine
 10
438.397855
 20
390.098852
 30
0.0
 11
438.279855
 21
390.170852
 31
0.0
  0
LINE
  5
F6D
330
70
100
AcDbEntity
  8
Visible
100
AcDbLine
 10
438.519855
 20
390.033852
 30
0.0
 11
438.397855
 21
390.098852
 31
0.0
  0
LINE
  5
F6E
330
70
100
AcDbEntity
  8
Visible
100
AcDbLine
 10
438.645855
 20
389.975852
 30
0.0
 11
438.519855
 21
390.033852
 31
0.0
  0
LINE
  5
F6F
330
70
100
AcDbEntity
  8
Visible
100
AcDbLine
 10
438.774855
 20
389.924852
 30
0.0
 11
438.645855
 21
389.975852
 31
0.0
  0
LINE
  5
F70
330
70
100
AcDbEntity
  8
Visible
100
AcDbLine
 10
438.907855
 20
389.879852
 30
0.0
 11
438.774855
 21
389.924852
 31
0.0
  0
LINE
  5
F71
330
70
100
AcDbEntity
  8
Visible
100
AcDbLine
 10
439.043855
 20
389.841852
 30
0.0
 11
438.907855
 21
389.879852
 31
0.0
  0
LINE
  5
F72
330
70
100
AcDbEntity
  8
Visible
100
AcDbLine
 10
439.182855
 20
389.811852
 30
0.0
 11
439.043855
 21
389.841852
 31
0.0
  0
LINE
  5
F73
330
70
100
AcDbEntity
  8
Visible
100
AcDbLine
 10
439.325855
 20
389.787852
 30
0.0
 11
439.182855
 21
389.811852
 31
0.0
  0
LINE
  5
F74
330
70
100
AcDbEntity
  8
Visible
100
AcDbLine
 10
439.471855
 20
389.770852
 30
0.0
 11
439.325855
 21
389.787852
 31
0.0
  0
LINE
  5
F75
330
70
100
AcDbEntity
  8
Visible
100
AcDbLine
 10
439.621855
 20
389.759852
 30
0.0
 11
439.471855
 21
389.770852
 31
0.0
  0
LINE
  5
F76
330
70
100
AcDbEntity
  8
Visible
100
AcDbLine
 10
439.774855
 20
389.756852
 30
0.0
 11
439.621855
 21
389.759852
 31
0.0
  0
LINE
  5
F77
330
70
100
AcDbEntity
  8
Visible
100
AcDbLine
 10
439.926855
 20
389.759852
 30
0.0
 11
439.774855
 21
389.756852
 31
0.0
  0
LINE
  5
F78
330
70
100
AcDbEntity
  8
Visible
100
AcDbLine
 10
445.194855
 20
392.755852
 30
0.0
 11
445.192855
 21
392.612852
 31
0.0
  0
LINE
  5
F79
330
70
100
AcDbEntity
  8
Visible
100
AcDbLine
 10
445.200855
 20
392.894852
 30
0.0
 11
445.194855
 21
392.755852
 31
0.0
  0
LINE
  5
F7A
330
70
100
AcDbEntity
  8
Visible
100
AcDbLine
 10
445.210855
 20
393.030852
 30
0.0
 11
445.200855
 21
392.894852
 31
0.0
  0
LINE
  5
F7B
330
70
100
AcDbEntity
  8
Visible
100
AcDbLine
 10
445.225855
 20
393.161852
 30
0.0
 11
445.210855
 21
393.030852
 31
0.0
  0
LINE
  5
F7C
330
70
100
AcDbEntity
  8
Visible
100
AcDbLine
 10
445.243855
 20
393.288852
 30
0.0
 11
445.225855
 21
393.161852
 31
0.0
  0
LINE
  5
F7D
330
70
100
AcDbEntity
  8
Visible
100
AcDbLine
 10
445.265855
 20
393.411852
 30
0.0
 11
445.243855
 21
393.288852
 31
0.0
  0
LINE
  5
F7E
330
70
100
AcDbEntity
  8
Visible
100
AcDbLine
 10
445.292855
 20
393.530852
 30
0.0
 11
445.265855
 21
393.411852
 31
0.0
  0
LINE
  5
F7F
330
70
100
AcDbEntity
  8
Visible
100
AcDbLine
 10
445.323855
 20
393.645852
 30
0.0
 11
445.292855
 21
393.530852
 31
0.0
  0
LINE
  5
F80
330
70
100
AcDbEntity
  8
Visible
100
AcDbLine
 10
445.357855
 20
393.756852
 30
0.0
 11
445.323855
 21
393.645852
 31
0.0
  0
LINE
  5
F81
330
70
100
AcDbEntity
  8
Visible
100
AcDbLine
 10
445.396855
 20
393.863852
 30
0.0
 11
445.357855
 21
393.756852
 31
0.0
  0
LINE
  5
F82
330
70
100
AcDbEntity
  8
Visible
100
AcDbLine
 10
445.439855
 20
393.966852
 30
0.0
 11
445.396855
 21
393.863852
 31
0.0
  0
LINE
  5
F83
330
70
100
AcDbEntity
  8
Visible
100
AcDbLine
 10
445.485855
 20
394.063852
 30
0.0
 11
445.439855
 21
393.966852
 31
0.0
  0
LINE
  5
F84
330
70
100
AcDbEntity
  8
Visible
100
AcDbLine
 10
445.534855
 20
394.156852
 30
0.0
 11
445.485855
 21
394.063852
 31
0.0
  0
LINE
  5
F85
330
70
100
AcDbEntity
  8
Visible
100
AcDbLine
 10
445.587855
 20
394.244852
 30
0.0
 11
445.534855
 21
394.156852
 31
0.0
  0
LINE
  5
F86
330
70
100
AcDbEntity
  8
Visible
100
AcDbLine
 10
445.644855
 20
394.327852
 30
0.0
 11
445.587855
 21
394.244852
 31
0.0
  0
LINE
  5
F87
330
70
100
AcDbEntity
  8
Visible
100
AcDbLine
 10
445.703855
 20
394.406852
 30
0.0
 11
445.644855
 21
394.327852
 31
0.0
  0
LINE
  5
F88
330
70
100
AcDbEntity
  8
Visible
100
AcDbLine
 10
445.767855
 20
394.479852
 30
0.0
 11
445.703855
 21
394.406852
 31
0.0
  0
LINE
  5
F89
330
70
100
AcDbEntity
  8
Visible
100
AcDbLine
 10
445.834855
 20
394.547852
 30
0.0
 11
445.767855
 21
394.479852
 31
0.0
  0
LINE
  5
F8A
330
70
100
AcDbEntity
  8
Visible
100
AcDbLine
 10
445.904855
 20
394.611852
 30
0.0
 11
445.834855
 21
394.547852
 31
0.0
  0
LINE
  5
F8B
330
70
100
AcDbEntity
  8
Visible
100
AcDbLine
 10
445.978855
 20
394.670852
 30
0.0
 11
445.904855
 21
394.611852
 31
0.0
  0
LINE
  5
F8C
330
70
100
AcDbEntity
  8
Visible
100
AcDbLine
 10
446.055855
 20
394.724852
 30
0.0
 11
445.978855
 21
394.670852
 31
0.0
  0
LINE
  5
F8D
330
70
100
AcDbEntity
  8
Visible
100
AcDbLine
 10
446.135855
 20
394.772852
 30
0.0
 11
446.055855
 21
394.724852
 31
0.0
  0
LINE
  5
F8E
330
70
100
AcDbEntity
  8
Visible
100
AcDbLine
 10
446.217855
 20
394.814852
 30
0.0
 11
446.135855
 21
394.772852
 31
0.0
  0
LINE
  5
F8F
330
70
100
AcDbEntity
  8
Visible
100
AcDbLine
 10
446.302855
 20
394.850852
 30
0.0
 11
446.217855
 21
394.814852
 31
0.0
  0
LINE
  5
F90
330
70
100
AcDbEntity
  8
Visible
100
AcDbLine
 10
446.390855
 20
394.882852
 30
0.0
 11
446.302855
 21
394.850852
 31
0.0
  0
LINE
  5
F91
330
70
100
AcDbEntity
  8
Visible
100
AcDbLine
 10
446.481855
 20
394.907852
 30
0.0
 11
446.390855
 21
394.882852
 31
0.0
  0
LINE
  5
F92
330
70
100
AcDbEntity
  8
Visible
100
AcDbLine
 10
446.575855
 20
394.927852
 30
0.0
 11
446.481855
 21
394.907852
 31
0.0
  0
LINE
  5
F93
330
70
100
AcDbEntity
  8
Visible
100
AcDbLine
 10
446.671855
 20
394.941852
 30
0.0
 11
446.575855
 21
394.927852
 31
0.0
  0
LINE
  5
F94
330
70
100
AcDbEntity
  8
Visible
100
AcDbLine
 10
446.770855
 20
394.949852
 30
0.0
 11
446.671855
 21
394.941852
 31
0.0
  0
LINE
  5
F95
330
70
100
AcDbEntity
  8
Visible
100
AcDbLine
 10
446.872855
 20
394.952852
 30
0.0
 11
446.770855
 21
394.949852
 31
0.0
  0
LINE
  5
F96
330
70
100
AcDbEntity
  8
Visible
100
AcDbLine
 10
447.005855
 20
394.948852
 30
0.0
 11
446.872855
 21
394.952852
 31
0.0
  0
LINE
  5
F97
330
70
100
AcDbEntity
  8
Visible
100
AcDbLine
 10
447.132855
 20
394.935852
 30
0.0
 11
447.005855
 21
394.948852
 31
0.0
  0
LINE
  5
F98
330
70
100
AcDbEntity
  8
Visible
100
AcDbLine
 10
447.253855
 20
394.913852
 30
0.0
 11
447.132855
 21
394.935852
 31
0.0
  0
LINE
  5
F99
330
70
100
AcDbEntity
  8
Visible
100
AcDbLine
 10
447.369855
 20
394.883852
 30
0.0
 11
447.253855
 21
394.913852
 31
0.0
  0
LINE
  5
F9A
330
70
100
AcDbEntity
  8
Visible
100
AcDbLine
 10
447.479855
 20
394.845852
 30
0.0
 11
447.369855
 21
394.883852
 31
0.0
  0
LINE
  5
F9B
330
70
100
AcDbEntity
  8
Visible
100
AcDbLine
 10
447.583855
 20
394.798852
 30
0.0
 11
447.479855
 21
394.845852
 31
0.0
  0
LINE
  5
F9C
330
70
100
AcDbEntity
  8
Visible
100
AcDbLine
 10
447.682855
 20
394.742852
 30
0.0
 11
447.583855
 21
394.798852
 31
0.0
  0
LINE
  5
F9D
330
70
100
AcDbEntity
  8
Visible
100
AcDbLine
 10
447.774855
 20
394.677852
 30
0.0
 11
447.682855
 21
394.742852
 31
0.0
  0
LINE
  5
F9E
330
70
100
AcDbEntity
  8
Visible
100
AcDbLine
 10
447.862855
 20
394.605852
 30
0.0
 11
447.774855
 21
394.677852
 31
0.0
  0
LINE
  5
F9F
330
70
100
AcDbEntity
  8
Visible
100
AcDbLine
 10
447.943855
 20
394.523852
 30
0.0
 11
447.862855
 21
394.605852
 31
0.0
  0
LINE
  5
FA0
330
70
100
AcDbEntity
  8
Visible
100
AcDbLine
 10
448.018855
 20
394.433852
 30
0.0
 11
447.943855
 21
394.523852
 31
0.0
  0
LINE
  5
FA1
330
70
100
AcDbEntity
  8
Visible
100
AcDbLine
 10
448.084855
 20
394.336852
 30
0.0
 11
448.018855
 21
394.433852
 31
0.0
  0
LINE
  5
FA2
330
70
100
AcDbEntity
  8
Visible
100
AcDbLine
 10
448.143855
 20
394.230852
 30
0.0
 11
448.084855
 21
394.336852
 31
0.0
  0
LINE
  5
FA3
330
70
100
AcDbEntity
  8
Visible
100
AcDbLine
 10
448.195855
 20
394.117852
 30
0.0
 11
448.143855
 21
394.230852
 31
0.0
  0
LINE
  5
FA4
330
70
100
AcDbEntity
  8
Visible
100
AcDbLine
 10
448.238855
 20
393.996852
 30
0.0
 11
448.195855
 21
394.117852
 31
0.0
  0
LINE
  5
FA5
330
70
100
AcDbEntity
  8
Visible
100
AcDbLine
 10
448.273855
 20
393.867852
 30
0.0
 11
448.238855
 21
393.996852
 31
0.0
  0
LINE
  5
FA6
330
70
100
AcDbEntity
  8
Visible
100
AcDbLine
 10
448.301855
 20
393.730852
 30
0.0
 11
448.273855
 21
393.867852
 31
0.0
  0
LINE
  5
FA7
330
70
100
AcDbEntity
  8
Visible
100
AcDbLine
 10
448.320855
 20
393.585852
 30
0.0
 11
448.301855
 21
393.730852
 31
0.0
  0
LINE
  5
FA8
330
70
100
AcDbEntity
  8
Visible
100
AcDbLine
 10
448.332855
 20
393.432852
 30
0.0
 11
448.320855
 21
393.585852
 31
0.0
  0
LINE
  5
FA9
330
70
100
AcDbEntity
  8
Visible
100
AcDbLine
 10
448.336855
 20
393.272852
 30
0.0
 11
448.332855
 21
393.432852
 31
0.0
  0
LINE
  5
FAA
330
70
100
AcDbEntity
  8
Visible
100
AcDbLine
 10
448.336855
 20
389.900852
 30
0.0
 11
448.336855
 21
393.272852
 31
0.0
  0
LINE
  5
FAB
330
70
100
AcDbEntity
  8
Visible
100
AcDbLine
 10
449.260855
 20
389.900852
 30
0.0
 11
448.336855
 21
389.900852
 31
0.0
  0
LINE
  5
FAC
330
70
100
AcDbEntity
  8
Visible
100
AcDbLine
 10
449.260855
 20
393.272852
 30
0.0
 11
449.260855
 21
389.900852
 31
0.0
  0
LINE
  5
FAD
330
70
100
AcDbEntity
  8
Visible
100
AcDbLine
 10
449.257855
 20
393.425852
 30
0.0
 11
449.260855
 21
393.272852
 31
0.0
  0
LINE
  5
FAE
330
70
100
AcDbEntity
  8
Visible
100
AcDbLine
 10
449.250855
 20
393.573852
 30
0.0
 11
449.257855
 21
393.425852
 31
0.0
  0
LINE
  5
FAF
330
70
100
AcDbEntity
  8
Visible
100
AcDbLine
 10
449.237855
 20
393.718852
 30
0.0
 11
449.250855
 21
393.573852
 31
0.0
  0
LINE
  5
FB0
330
70
100
AcDbEntity
  8
Visible
100
AcDbLine
 10
449.219855
 20
393.858852
 30
0.0
 11
449.237855
 21
393.718852
 31
0.0
  0
LINE
  5
FB1
330
70
100
AcDbEntity
  8
Visible
100
AcDbLine
 10
449.196855
 20
393.993852
 30
0.0
 11
449.219855
 21
393.858852
 31
0.0
  0
LINE
  5
FB2
330
70
100
AcDbEntity
  8
Visible
100
AcDbLine
 10
449.167855
 20
394.125852
 30
0.0
 11
449.196855
 21
393.993852
 31
0.0
  0
LINE
  5
FB3
330
70
100
AcDbEntity
  8
Visible
100
AcDbLine
 10
449.134855
 20
394.253852
 30
0.0
 11
449.167855
 21
394.125852
 31
0.0
  0
LINE
  5
FB4
330
70
100
AcDbEntity
  8
Visible
100
AcDbLine
 10
449.095855
 20
394.376852
 30
0.0
 11
449.134855
 21
394.253852
 31
0.0
  0
LINE
  5
FB5
330
70
100
AcDbEntity
  8
Visible
100
AcDbLine
 10
449.051855
 20
394.495852
 30
0.0
 11
449.095855
 21
394.376852
 31
0.0
  0
LINE
  5
FB6
330
70
100
AcDbEntity
  8
Visible
100
AcDbLine
 10
449.002855
 20
394.610852
 30
0.0
 11
449.051855
 21
394.495852
 31
0.0
  0
LINE
  5
FB7
330
70
100
AcDbEntity
  8
Visible
100
AcDbLine
 10
448.948855
 20
394.720852
 30
0.0
 11
449.002855
 21
394.610852
 31
0.0
  0
LINE
  5
FB8
330
70
100
AcDbEntity
  8
Visible
100
AcDbLine
 10
448.890855
 20
394.825852
 30
0.0
 11
448.948855
 21
394.720852
 31
0.0
  0
LINE
  5
FB9
330
70
100
AcDbEntity
  8
Visible
100
AcDbLine
 10
448.827855
 20
394.925852
 30
0.0
 11
448.890855
 21
394.825852
 31
0.0
  0
LINE
  5
FBA
330
70
100
AcDbEntity
  8
Visible
100
AcDbLine
 10
448.760855
 20
395.019852
 30
0.0
 11
448.827855
 21
394.925852
 31
0.0
  0
LINE
  5
FBB
330
70
100
AcDbEntity
  8
Visible
100
AcDbLine
 10
448.688855
 20
395.109852
 30
0.0
 11
448.760855
 21
395.019852
 31
0.0
  0
LINE
  5
FBC
330
70
100
AcDbEntity
  8
Visible
100
AcDbLine
 10
448.611855
 20
395.193852
 30
0.0
 11
448.688855
 21
395.109852
 31
0.0
  0
LINE
  5
FBD
330
70
100
AcDbEntity
  8
Visible
100
AcDbLine
 10
448.531855
 20
395.272852
 30
0.0
 11
448.611855
 21
395.193852
 31
0.0
  0
LINE
  5
FBE
330
70
100
AcDbEntity
  8
Visible
100
AcDbLine
 10
448.445855
 20
395.345852
 30
0.0
 11
448.531855
 21
395.272852
 31
0.0
  0
LINE
  5
FBF
330
70
100
AcDbEntity
  8
Visible
100
AcDbLine
 10
448.355855
 20
395.414852
 30
0.0
 11
448.445855
 21
395.345852
 31
0.0
  0
LINE
  5
FC0
330
70
100
AcDbEntity
  8
Visible
100
AcDbLine
 10
448.261855
 20
395.477852
 30
0.0
 11
448.355855
 21
395.414852
 31
0.0
  0
LINE
  5
FC1
330
70
100
AcDbEntity
  8
Visible
100
AcDbLine
 10
448.162855
 20
395.535852
 30
0.0
 11
448.261855
 21
395.477852
 31
0.0
  0
LINE
  5
FC2
330
70
100
AcDbEntity
  8
Visible
100
AcDbLine
 10
448.060855
 20
395.586852
 30
0.0
 11
448.162855
 21
395.535852
 31
0.0
  0
LINE
  5
FC3
330
70
100
AcDbEntity
  8
Visible
100
AcDbLine
 10
447.954855
 20
395.632852
 30
0.0
 11
448.060855
 21
395.586852
 31
0.0
  0
LINE
  5
FC4
330
70
100
AcDbEntity
  8
Visible
100
AcDbLine
 10
447.843855
 20
395.671852
 30
0.0
 11
447.954855
 21
395.632852
 31
0.0
  0
LINE
  5
FC5
330
70
100
AcDbEntity
  8
Visible
100
AcDbLine
 10
447.729855
 20
395.704852
 30
0.0
 11
447.843855
 21
395.671852
 31
0.0
  0
LINE
  5
FC6
330
70
100
AcDbEntity
  8
Visible
100
AcDbLine
 10
447.611855
 20
395.732852
 30
0.0
 11
447.729855
 21
395.704852
 31
0.0
  0
LINE
  5
FC7
330
70
100
AcDbEntity
  8
Visible
100
AcDbLine
 10
447.489855
 20
395.753852
 30
0.0
 11
447.611855
 21
395.732852
 31
0.0
  0
LINE
  5
FC8
330
70
100
AcDbEntity
  8
Visible
100
AcDbLine
 10
447.363855
 20
395.768852
 30
0.0
 11
447.489855
 21
395.753852
 31
0.0
  0
LINE
  5
FC9
330
70
100
AcDbEntity
  8
Visible
100
AcDbLine
 10
447.234855
 20
395.777852
 30
0.0
 11
447.363855
 21
395.768852
 31
0.0
  0
LINE
  5
FCA
330
70
100
AcDbEntity
  8
Visible
100
AcDbLine
 10
447.100855
 20
395.780852
 30
0.0
 11
447.234855
 21
395.777852
 31
0.0
  0
LINE
  5
FCB
330
70
100
AcDbEntity
  8
Visible
100
AcDbLine
 10
446.957855
 20
395.776852
 30
0.0
 11
447.100855
 21
395.780852
 31
0.0
  0
LINE
  5
FCC
330
70
100
AcDbEntity
  8
Visible
100
AcDbLine
 10
446.818855
 20
395.765852
 30
0.0
 11
446.957855
 21
395.776852
 31
0.0
  0
LINE
  5
FCD
330
70
100
AcDbEntity
  8
Visible
100
AcDbLine
 10
446.684855
 20
395.746852
 30
0.0
 11
446.818855
 21
395.765852
 31
0.0
  0
LINE
  5
FCE
330
70
100
AcDbEntity
  8
Visible
100
AcDbLine
 10
446.554855
 20
395.720852
 30
0.0
 11
446.684855
 21
395.746852
 31
0.0
  0
LINE
  5
FCF
330
70
100
AcDbEntity
  8
Visible
100
AcDbLine
 10
446.429855
 20
395.686852
 30
0.0
 11
446.554855
 21
395.720852
 31
0.0
  0
LINE
  5
FD0
330
70
100
AcDbEntity
  8
Visible
100
AcDbLine
 10
446.308855
 20
395.645852
 30
0.0
 11
446.429855
 21
395.686852
 31
0.0
  0
LINE
  5
FD1
330
70
100
AcDbEntity
  8
Visible
100
AcDbLine
 10
446.191855
 20
395.596852
 30
0.0
 11
446.308855
 21
395.645852
 31
0.0
  0
LINE
  5
FD2
330
70
100
AcDbEntity
  8
Visible
100
AcDbLine
 10
446.079855
 20
395.540852
 30
0.0
 11
446.191855
 21
395.596852
 31
0.0
  0
LINE
  5
FD3
330
70
100
AcDbEntity
  8
Visible
100
AcDbLine
 10
445.971855
 20
395.476852
 30
0.0
 11
446.079855
 21
395.540852
 31
0.0
  0
LINE
  5
FD4
330
70
100
AcDbEntity
  8
Visible
100
AcDbLine
 10
445.867855
 20
395.405852
 30
0.0
 11
445.971855
 21
395.476852
 31
0.0
  0
LINE
  5
FD5
330
70
100
AcDbEntity
  8
Visible
100
AcDbLine
 10
445.768855
 20
395.327852
 30
0.0
 11
445.867855
 21
395.405852
 31
0.0
  0
LINE
  5
FD6
330
70
100
AcDbEntity
  8
Visible
100
AcDbLine
 10
445.674855
 20
395.242852
 30
0.0
 11
445.768855
 21
395.327852
 31
0.0
  0
LINE
  5
FD7
330
70
100
AcDbEntity
  8
Visible
100
AcDbLine
 10
445.585855
 20
395.150852
 30
0.0
 11
445.674855
 21
395.242852
 31
0.0
  0
LINE
  5
FD8
330
70
100
AcDbEntity
  8
Visible
100
AcDbLine
 10
445.500855
 20
395.052852
 30
0.0
 11
445.585855
 21
395.150852
 31
0.0
  0
LINE
  5
FD9
330
70
100
AcDbEntity
  8
Visible
100
AcDbLine
 10
445.421855
 20
394.947852
 30
0.0
 11
445.500855
 21
395.052852
 31
0.0
  0
LINE
  5
FDA
330
70
100
AcDbEntity
  8
Visible
100
AcDbLine
 10
445.346855
 20
394.835852
 30
0.0
 11
445.421855
 21
394.947852
 31
0.0
  0
LINE
  5
FDB
330
70
100
AcDbEntity
  8
Visible
100
AcDbLine
 10
445.276855
 20
394.717852
 30
0.0
 11
445.346855
 21
394.835852
 31
0.0
  0
LINE
  5
FDC
330
70
100
AcDbEntity
  8
Visible
100
AcDbLine
 10
445.211855
 20
394.592852
 30
0.0
 11
445.276855
 21
394.717852
 31
0.0
  0
LINE
  5
FDD
330
70
100
AcDbEntity
  8
Visible
100
AcDbLine
 10
445.173658
 20
394.50882
 30
0.0
 11
445.211855
 21
394.592852
 31
0.0
  0
LINE
  5
FDE
330
70
100
AcDbEntity
  8
Visible
100
AcDbLine
 10
445.060855
 20
395.636852
 30
0.0
 11
445.173658
 21
394.50882
 31
0.0
  0
LINE
  5
FDF
330
70
100
AcDbEntity
  8
Visible
100
AcDbLine
 10
444.256855
 20
395.636852
 30
0.0
 11
445.060855
 21
395.636852
 31
0.0
  0
LINE
  5
FE0
330
70
100
AcDbEntity
  8
Visible
100
AcDbLine
 10
444.256855
 20
389.900852
 30
0.0
 11
444.256855
 21
395.636852
 31
0.0
  0
LINE
  5
FE1
330
70
100
AcDbEntity
  8
Visible
100
AcDbLine
 10
445.192855
 20
389.900852
 30
0.0
 11
444.256855
 21
389.900852
 31
0.0
  0
LINE
  5
FE2
330
70
100
AcDbEntity
  8
Visible
100
AcDbLine
 10
445.192855
 20
392.612852
 30
0.0
 11
445.192855
 21
389.900852
 31
0.0
  0
LINE
  5
FE3
330
70
100
AcDbEntity
  8
Visible
100
AcDbLine
 10
452.542855
 20
394.988852
 30
0.0
 11
452.542855
 21
391.400852
 31
0.0
  0
LINE
  5
FE4
330
70
100
AcDbEntity
  8
Visible
100
AcDbLine
 10
454.354855
 20
394.988852
 30
0.0
 11
452.542855
 21
394.988852
 31
0.0
  0
LINE
  5
FE5
330
70
100
AcDbEntity
  8
Visible
100
AcDbLine
 10
454.354855
 20
395.636852
 30
0.0
 11
454.354855
 21
394.988852
 31
0.0
  0
LINE
  5
FE6
330
70
100
AcDbEntity
  8
Visible
100
AcDbLine
 10
452.542855
 20
395.636852
 30
0.0
 11
454.354855
 21
395.636852
 31
0.0
  0
LINE
  5
FE7
330
70
100
AcDbEntity
  8
Visible
100
AcDbLine
 10
452.542855
 20
397.232852
 30
0.0
 11
452.542855
 21
395.636852
 31
0.0
  0
LINE
  5
FE8
330
70
100
AcDbEntity
  8
Visible
100
AcDbLine
 10
451.618855
 20
397.232852
 30
0.0
 11
452.542855
 21
397.232852
 31
0.0
  0
LINE
  5
FE9
330
70
100
AcDbEntity
  8
Visible
100
AcDbLine
 10
451.618855
 20
395.636852
 30
0.0
 11
451.618855
 21
397.232852
 31
0.0
  0
LINE
  5
FEA
330
70
100
AcDbEntity
  8
Visible
100
AcDbLine
 10
450.694855
 20
395.636852
 30
0.0
 11
451.618855
 21
395.636852
 31
0.0
  0
LINE
  5
FEB
330
70
100
AcDbEntity
  8
Visible
100
AcDbLine
 10
450.694855
 20
394.988852
 30
0.0
 11
450.694855
 21
395.636852
 31
0.0
  0
LINE
  5
FEC
330
70
100
AcDbEntity
  8
Visible
100
AcDbLine
 10
451.618855
 20
394.988852
 30
0.0
 11
450.694855
 21
394.988852
 31
0.0
  0
LINE
  5
FED
330
70
100
AcDbEntity
  8
Visible
100
AcDbLine
 10
451.618855
 20
391.376852
 30
0.0
 11
451.618855
 21
394.988852
 31
0.0
  0
LINE
  5
FEE
330
70
100
AcDbEntity
  8
Visible
100
AcDbLine
 10
451.620855
 20
391.270852
 30
0.0
 11
451.618855
 21
391.376852
 31
0.0
  0
LINE
  5
FEF
330
70
100
AcDbEntity
  8
Visible
100
AcDbLine
 10
451.627855
 20
391.167852
 30
0.0
 11
451.620855
 21
391.270852
 31
0.0
  0
LINE
  5
FF0
330
70
100
AcDbEntity
  8
Visible
100
AcDbLine
 10
451.637855
 20
391.068852
 30
0.0
 11
451.627855
 21
391.167852
 31
0.0
  0
LINE
  5
FF1
330
70
100
AcDbEntity
  8
Visible
100
AcDbLine
 10
451.653855
 20
390.973852
 30
0.0
 11
451.637855
 21
391.068852
 31
0.0
  0
LINE
  5
FF2
330
70
100
AcDbEntity
  8
Visible
100
AcDbLine
 10
451.672855
 20
390.881852
 30
0.0
 11
451.653855
 21
390.973852
 31
0.0
  0
LINE
  5
FF3
330
70
100
AcDbEntity
  8
Visible
100
AcDbLine
 10
451.696855
 20
390.793852
 30
0.0
 11
451.672855
 21
390.881852
 31
0.0
  0
LINE
  5
FF4
330
70
100
AcDbEntity
  8
Visible
100
AcDbLine
 10
451.724855
 20
390.708852
 30
0.0
 11
451.696855
 21
390.793852
 31
0.0
  0
LINE
  5
FF5
330
70
100
AcDbEntity
  8
Visible
100
AcDbLine
 10
451.756855
 20
390.627852
 30
0.0
 11
451.724855
 21
390.708852
 31
0.0
  0
LINE
  5
FF6
330
70
100
AcDbEntity
  8
Visible
100
AcDbLine
 10
451.793855
 20
390.550852
 30
0.0
 11
451.756855
 21
390.627852
 31
0.0
  0
LINE
  5
FF7
330
70
100
AcDbEntity
  8
Visible
100
AcDbLine
 10
451.834855
 20
390.476852
 30
0.0
 11
451.793855
 21
390.550852
 31
0.0
  0
LINE
  5
FF8
330
70
100
AcDbEntity
  8
Visible
100
AcDbLine
 10
451.879855
 20
390.406852
 30
0.0
 11
451.834855
 21
390.476852
 31
0.0
  0
LINE
  5
FF9
330
70
100
AcDbEntity
  8
Visible
100
AcDbLine
 10
451.927855
 20
390.339852
 30
0.0
 11
451.879855
 21
390.406852
 31
0.0
  0
LINE
  5
FFA
330
70
100
AcDbEntity
  8
Visible
100
AcDbLine
 10
451.978855
 20
390.276852
 30
0.0
 11
451.927855
 21
390.339852
 31
0.0
  0
LINE
  5
FFB
330
70
100
AcDbEntity
  8
Visible
100
AcDbLine
 10
452.032855
 20
390.217852
 30
0.0
 11
451.978855
 21
390.276852
 31
0.0
  0
LINE
  5
FFC
330
70
100
AcDbEntity
  8
Visible
100
AcDbLine
 10
452.089855
 20
390.161852
 30
0.0
 11
452.032855
 21
390.217852
 31
0.0
  0
LINE
  5
FFD
330
70
100
AcDbEntity
  8
Visible
100
AcDbLine
 10
452.149855
 20
390.109852
 30
0.0
 11
452.089855
 21
390.161852
 31
0.0
  0
LINE
  5
FFE
330
70
100
AcDbEntity
  8
Visible
100
AcDbLine
 10
452.213855
 20
390.060852
 30
0.0
 11
452.149855
 21
390.109852
 31
0.0
  0
LINE
  5
FFF
330
70
100
AcDbEntity
  8
Visible
100
AcDbLine
 10
452.279855
 20
390.015852
 30
0.0
 11
452.213855
 21
390.060852
 31
0.0
  0
LINE
  5
1000
330
70
100
AcDbEntity
  8
Visible
100
AcDbLine
 10
452.349855
 20
389.974852
 30
0.0
 11
452.279855
 21
390.015852
 31
0.0
  0
LINE
  5
1001
330
70
100
AcDbEntity
  8
Visible
100
AcDbLine
 10
452.422855
 20
389.936852
 30
0.0
 11
452.349855
 21
389.974852
 31
0.0
  0
LINE
  5
1002
330
70
100
AcDbEntity
  8
Visible
100
AcDbLine
 10
452.497855
 20
389.902852
 30
0.0
 11
452.422855
 21
389.936852
 31
0.0
  0
LINE
  5
1003
330
70
100
AcDbEntity
  8
Visible
100
AcDbLine
 10
452.575855
 20
389.871852
 30
0.0
 11
452.497855
 21
389.902852
 31
0.0
  0
LINE
  5
1004
330
70
100
AcDbEntity
  8
Visible
100
AcDbLine
 10
452.654855
 20
389.844852
 30
0.0
 11
452.575855
 21
389.871852
 31
0.0
  0
LINE
  5
1005
330
70
100
AcDbEntity
  8
Visible
100
AcDbLine
 10
452.735855
 20
389.821852
 30
0.0
 11
452.654855
 21
389.844852
 31
0.0
  0
LINE
  5
1006
330
70
100
AcDbEntity
  8
Visible
100
AcDbLine
 10
452.818855
 20
389.801852
 30
0.0
 11
452.735855
 21
389.821852
 31
0.0
  0
LINE
  5
1007
330
70
100
AcDbEntity
  8
Visible
100
AcDbLine
 10
452.903855
 20
389.785852
 30
0.0
 11
452.818855
 21
389.801852
 31
0.0
  0
LINE
  5
1008
330
70
100
AcDbEntity
  8
Visible
100
AcDbLine
 10
452.990855
 20
389.772852
 30
0.0
 11
452.903855
 21
389.785852
 31
0.0
  0
LINE
  5
1009
330
70
100
AcDbEntity
  8
Visible
100
AcDbLine
 10
453.079855
 20
389.763852
 30
0.0
 11
452.990855
 21
389.772852
 31
0.0
  0
LINE
  5
100A
330
70
100
AcDbEntity
  8
Visible
100
AcDbLine
 10
453.169855
 20
389.758852
 30
0.0
 11
453.079855
 21
389.763852
 31
0.0
  0
LINE
  5
100B
330
70
100
AcDbEntity
  8
Visible
100
AcDbLine
 10
453.262855
 20
389.756852
 30
0.0
 11
453.169855
 21
389.758852
 31
0.0
  0
LINE
  5
100C
330
70
100
AcDbEntity
  8
Visible
100
AcDbLine
 10
453.327855
 20
389.757852
 30
0.0
 11
453.262855
 21
389.756852
 31
0.0
  0
LINE
  5
100D
330
70
100
AcDbEntity
  8
Visible
100
AcDbLine
 10
453.391855
 20
389.759852
 30
0.0
 11
453.327855
 21
389.757852
 31
0.0
  0
LINE
  5
100E
330
70
100
AcDbEntity
  8
Visible
100
AcDbLine
 10
453.455855
 20
389.764852
 30
0.0
 11
453.391855
 21
389.759852
 31
0.0
  0
LINE
  5
100F
330
70
100
AcDbEntity
  8
Visible
100
AcDbLine
 10
453.518855
 20
389.769852
 30
0.0
 11
453.455855
 21
389.764852
 31
0.0
  0
LINE
  5
1010
330
70
100
AcDbEntity
  8
Visible
100
AcDbLine
 10
453.581855
 20
389.777852
 30
0.0
 11
453.518855
 21
389.769852
 31
0.0
  0
LINE
  5
1011
330
70
100
AcDbEntity
  8
Visible
100
AcDbLine
 10
453.643855
 20
389.786852
 30
0.0
 11
453.581855
 21
389.777852
 31
0.0
  0
LINE
  5
1012
330
70
100
AcDbEntity
  8
Visible
100
AcDbLine
 10
453.705855
 20
389.797852
 30
0.0
 11
453.643855
 21
389.786852
 31
0.0
  0
LINE
  5
1013
330
70
100
AcDbEntity
  8
Visible
100
AcDbLine
 10
453.767855
 20
389.810852
 30
0.0
 11
453.705855
 21
389.797852
 31
0.0
  0
LINE
  5
1014
330
70
100
AcDbEntity
  8
Visible
100
AcDbLine
 10
453.828855
 20
389.824852
 30
0.0
 11
453.767855
 21
389.810852
 31
0.0
  0
LINE
  5
1015
330
70
100
AcDbEntity
  8
Visible
100
AcDbLine
 10
453.889855
 20
389.840852
 30
0.0
 11
453.828855
 21
389.824852
 31
0.0
  0
LINE
  5
1016
330
70
100
AcDbEntity
  8
Visible
100
AcDbLine
 10
453.950855
 20
389.857852
 30
0.0
 11
453.889855
 21
389.840852
 31
0.0
  0
LINE
  5
1017
330
70
100
AcDbEntity
  8
Visible
100
AcDbLine
 10
454.010855
 20
389.876852
 30
0.0
 11
453.950855
 21
389.857852
 31
0.0
  0
LINE
  5
1018
330
70
100
AcDbEntity
  8
Visible
100
AcDbLine
 10
454.071855
 20
389.895852
 30
0.0
 11
454.010855
 21
389.876852
 31
0.0
  0
LINE
  5
1019
330
70
100
AcDbEntity
  8
Visible
100
AcDbLine
 10
454.132855
 20
389.915852
 30
0.0
 11
454.071855
 21
389.895852
 31
0.0
  0
LINE
  5
101A
330
70
100
AcDbEntity
  8
Visible
100
AcDbLine
 10
454.193855
 20
389.936852
 30
0.0
 11
454.132855
 21
389.915852
 31
0.0
  0
LINE
  5
101B
330
70
100
AcDbEntity
  8
Visible
100
AcDbLine
 10
454.254855
 20
389.958852
 30
0.0
 11
454.193855
 21
389.936852
 31
0.0
  0
LINE
  5
101C
330
70
100
AcDbEntity
  8
Visible
100
AcDbLine
 10
454.315855
 20
389.981852
 30
0.0
 11
454.254855
 21
389.958852
 31
0.0
  0
LINE
  5
101D
330
70
100
AcDbEntity
  8
Visible
100
AcDbLine
 10
454.376855
 20
390.005852
 30
0.0
 11
454.315855
 21
389.981852
 31
0.0
  0
LINE
  5
101E
330
70
100
AcDbEntity
  8
Visible
100
AcDbLine
 10
454.437855
 20
390.030852
 30
0.0
 11
454.376855
 21
390.005852
 31
0.0
  0
LINE
  5
101F
330
70
100
AcDbEntity
  8
Visible
100
AcDbLine
 10
454.498855
 20
390.056852
 30
0.0
 11
454.437855
 21
390.030852
 31
0.0
  0
LINE
  5
1020
330
70
100
AcDbEntity
  8
Visible
100
AcDbLine
 10
454.366855
 20
390.728852
 30
0.0
 11
454.498855
 21
390.056852
 31
0.0
  0
LINE
  5
1021
330
70
100
AcDbEntity
  8
Visible
100
AcDbLine
 10
454.309855
 20
390.707852
 30
0.0
 11
454.366855
 21
390.728852
 31
0.0
  0
LINE
  5
1022
330
70
100
AcDbEntity
  8
Visible
100
AcDbLine
 10
454.253855
 20
390.687852
 30
0.0
 11
454.309855
 21
390.707852
 31
0.0
  0
LINE
  5
1023
330
70
100
AcDbEntity
  8
Visible
100
AcDbLine
 10
454.198855
 20
390.668852
 30
0.0
 11
454.253855
 21
390.687852
 31
0.0
  0
LINE
  5
1024
330
70
100
AcDbEntity
  8
Visible
100
AcDbLine
 10
454.145855
 20
390.650852
 30
0.0
 11
454.198855
 21
390.668852
 31
0.0
  0
LINE
  5
1025
330
70
100
AcDbEntity
  8
Visible
100
AcDbLine
 10
454.092855
 20
390.634852
 30
0.0
 11
454.145855
 21
390.650852
 31
0.0
  0
LINE
  5
1026
330
70
100
AcDbEntity
  8
Visible
100
AcDbLine
 10
454.041855
 20
390.618852
 30
0.0
 11
454.092855
 21
390.634852
 31
0.0
  0
LINE
  5
1027
330
70
100
AcDbEntity
  8
Visible
100
AcDbLine
 10
453.991855
 20
390.603852
 30
0.0
 11
454.041855
 21
390.618852
 31
0.0
  0
LINE
  5
1028
330
70
100
AcDbEntity
  8
Visible
100
AcDbLine
 10
453.942855
 20
390.590852
 30
0.0
 11
453.991855
 21
390.603852
 31
0.0
  0
LINE
  5
1029
330
70
100
AcDbEntity
  8
Visible
100
AcDbLine
 10
453.894855
 20
390.577852
 30
0.0
 11
453.942855
 21
390.590852
 31
0.0
  0
LINE
  5
102A
330
70
100
AcDbEntity
  8
Visible
100
AcDbLine
 10
453.847855
 20
390.566852
 30
0.0
 11
453.894855
 21
390.577852
 31
0.0
  0
LINE
  5
102B
330
70
100
AcDbEntity
  8
Visible
100
AcDbLine
 10
453.801855
 20
390.556852
 30
0.0
 11
453.847855
 21
390.566852
 31
0.0
  0
LINE
  5
102C
330
70
100
AcDbEntity
  8
Visible
100
AcDbLine
 10
453.707855
 20
390.538852
 30
0.0
 11
453.801855
 21
390.556852
 31
0.0
  0
LINE
  5
102D
330
70
100
AcDbEntity
  8
Visible
100
AcDbLine
 10
453.660855
 20
390.531852
 30
0.0
 11
453.707855
 21
390.538852
 31
0.0
  0
LINE
  5
102E
330
70
100
AcDbEntity
  8
Visible
100
AcDbLine
 10
453.564855
 20
390.521852
 30
0.0
 11
453.660855
 21
390.531852
 31
0.0
  0
LINE
  5
102F
330
70
100
AcDbEntity
  8
Visible
100
AcDbLine
 10
453.516855
 20
390.517852
 30
0.0
 11
453.564855
 21
390.521852
 31
0.0
  0
LINE
  5
1030
330
70
100
AcDbEntity
  8
Visible
100
AcDbLine
 10
453.468855
 20
390.514852
 30
0.0
 11
453.516855
 21
390.517852
 31
0.0
  0
LINE
  5
1031
330
70
100
AcDbEntity
  8
Visible
100
AcDbLine
 10
453.370855
 20
390.512852
 30
0.0
 11
453.468855
 21
390.514852
 31
0.0
  0
LINE
  5
1032
330
70
100
AcDbEntity
  8
Visible
100
AcDbLine
 10
453.213855
 20
390.521852
 30
0.0
 11
453.370855
 21
390.512852
 31
0.0
  0
LINE
  5
1033
330
70
100
AcDbEntity
  8
Visible
100
AcDbLine
 10
453.072855
 20
390.548852
 30
0.0
 11
453.213855
 21
390.521852
 31
0.0
  0
LINE
  5
1034
330
70
100
AcDbEntity
  8
Visible
100
AcDbLine
 10
452.948855
 20
390.592852
 30
0.0
 11
453.072855
 21
390.548852
 31
0.0
  0
LINE
  5
1035
330
70
100
AcDbEntity
  8
Visible
100
AcDbLine
 10
452.840855
 20
390.654852
 30
0.0
 11
452.948855
 21
390.592852
 31
0.0
  0
LINE
  5
1036
330
70
100
AcDbEntity
  8
Visible
100
AcDbLine
 10
452.749855
 20
390.734852
 30
0.0
 11
452.840855
 21
390.654852
 31
0.0
  0
LINE
  5
1037
330
70
100
AcDbEntity
  8
Visible
100
AcDbLine
 10
452.674855
 20
390.832852
 30
0.0
 11
452.749855
 21
390.734852
 31
0.0
  0
LINE
  5
1038
330
70
100
AcDbEntity
  8
Visible
100
AcDbLine
 10
452.617855
 20
390.947852
 30
0.0
 11
452.674855
 21
390.832852
 31
0.0
  0
LINE
  5
1039
330
70
100
AcDbEntity
  8
Visible
100
AcDbLine
 10
452.575855
 20
391.080852
 30
0.0
 11
452.617855
 21
390.947852
 31
0.0
  0
LINE
  5
103A
330
70
100
AcDbEntity
  8
Visible
100
AcDbLine
 10
452.550855
 20
391.231852
 30
0.0
 11
452.575855
 21
391.080852
 31
0.0
  0
LINE
  5
103B
330
70
100
AcDbEntity
  8
Visible
100
AcDbLine
 10
452.542855
 20
391.400852
 30
0.0
 11
452.550855
 21
391.231852
 31
0.0
  0
LINE
  5
103C
330
70
100
AcDbEntity
  8
Visible
100
AcDbLine
 10
640.329855
 20
669.168852
 30
0.0
 11
634.329855
 21
669.168852
 31
0.0
  0
LINE
  5
103D
330
70
100
AcDbEntity
  8
Visible
100
AcDbLine
 10
640.329855
 20
640.168852
 30
0.0
 11
640.329855
 21
669.168852
 31
0.0
  0
LINE
  5
103E
330
70
100
AcDbEntity
  8
Visible
100
AcDbLine
 10
634.329855
 20
640.168852
 30
0.0
 11
640.329855
 21
640.168852
 31
0.0
  0
LINE
  5
103F
330
70
100
AcDbEntity
  8
Visible
100
AcDbLine
 10
634.329855
 20
611.168852
 30
0.0
 11
634.329855
 21
640.168852
 31
0.0
  0
LINE
  5
1040
330
70
100
AcDbEntity
  8
Visible
100
AcDbLine
 10
640.329855
 20
611.168852
 30
0.0
 11
634.329855
 21
611.168852
 31
0.0
  0
LINE
  5
1041
330
70
100
AcDbEntity
  8
Visible
100
AcDbLine
 10
640.329855
 20
582.168852
 30
0.0
 11
640.329855
 21
611.168852
 31
0.0
  0
LINE
  5
1042
330
70
100
AcDbEntity
  8
Visible
100
AcDbLine
 10
634.329855
 20
582.168852
 30
0.0
 11
640.329855
 21
582.168852
 31
0.0
  0
LINE
  5
1043
330
70
100
AcDbEntity
  8
Visible
100
AcDbLine
 10
634.329855
 20
553.168852
 30
0.0
 11
634.329855
 21
582.168852
 31
0.0
  0
LINE
  5
1044
330
70
100
AcDbEntity
  8
Visible
100
AcDbLine
 10
640.329855
 20
553.168852
 30
0.0
 11
634.329855
 21
553.168852
 31
0.0
  0
LINE
  5
1045
330
70
100
AcDbEntity
  8
Visible
100
AcDbLine
 10
640.329855
 20
524.168852
 30
0.0
 11
640.329855
 21
553.168852
 31
0.0
  0
LINE
  5
1046
330
70
100
AcDbEntity
  8
Visible
100
AcDbLine
 10
634.329855
 20
524.168852
 30
0.0
 11
640.329855
 21
524.168852
 31
0.0
  0
LINE
  5
1047
330
70
100
AcDbEntity
  8
Visible
100
AcDbLine
 10
634.329855
 20
495.168852
 30
0.0
 11
634.329855
 21
524.168852
 31
0.0
  0
LINE
  5
1048
330
70
100
AcDbEntity
  8
Visible
100
AcDbLine
 10
640.329855
 20
495.168852
 30
0.0
 11
634.329855
 21
495.168852
 31
0.0
  0
LINE
  5
1049
330
70
100
AcDbEntity
  8
Visible
100
AcDbLine
 10
640.329855
 20
466.168852
 30
0.0
 11
640.329855
 21
495.168852
 31
0.0
  0
LINE
  5
104A
330
70
100
AcDbEntity
  8
Visible
100
AcDbLine
 10
634.329855
 20
466.168852
 30
0.0
 11
640.329855
 21
466.168852
 31
0.0
  0
LINE
  5
104B
330
70
100
AcDbEntity
  8
Visible
100
AcDbLine
 10
634.329855
 20
437.168852
 30
0.0
 11
634.329855
 21
466.168852
 31
0.0
  0
LINE
  5
104C
330
70
100
AcDbEntity
  8
Visible
100
AcDbLine
 10
640.329855
 20
437.168852
 30
0.0
 11
634.329855
 21
437.168852
 31
0.0
  0
LINE
  5
104D
330
70
100
AcDbEntity
  8
Visible
100
AcDbLine
 10
640.329855
 20
408.168852
 30
0.0
 11
640.329855
 21
437.168852
 31
0.0
  0
LINE
  5
104E
330
70
100
AcDbEntity
  8
Visible
100
AcDbLine
 10
634.329855
 20
408.168852
 30
0.0
 11
640.329855
 21
408.168852
 31
0.0
  0
LINE
  5
104F
330
70
100
AcDbEntity
  8
Visible
100
AcDbLine
 10
634.329855
 20
379.168852
 30
0.0
 11
634.329855
 21
408.168852
 31
0.0
  0
LINE
  5
1050
330
70
100
AcDbEntity
  8
Visible
100
AcDbLine
 10
640.329855
 20
379.168852
 30
0.0
 11
634.329855
 21
379.168852
 31
0.0
  0
LINE
  5
1051
330
70
100
AcDbEntity
  8
Visible
100
AcDbLine
 10
640.329855
 20
350.168852
 30
0.0
 11
640.329855
 21
379.168852
 31
0.0
  0
LINE
  5
1052
330
70
100
AcDbEntity
  8
Visible
100
AcDbLine
 10
634.329855
 20
350.168852
 30
0.0
 11
640.329855
 21
350.168852
 31
0.0
  0
LINE
  5
1053
330
70
100
AcDbEntity
  8
Visible
100
AcDbLine
 10
634.329855
 20
321.168852
 30
0.0
 11
634.329855
 21
350.168852
 31
0.0
  0
LINE
  5
1054
330
70
100
AcDbEntity
  8
Visible
100
AcDbLine
 10
640.329855
 20
321.168852
 30
0.0
 11
634.329855
 21
321.168852
 31
0.0
  0
LINE
  5
1055
330
70
100
AcDbEntity
  8
Visible
100
AcDbLine
 10
640.329855
 20
292.168852
 30
0.0
 11
640.329855
 21
321.168852
 31
0.0
  0
LINE
  5
1056
330
70
100
AcDbEntity
  8
Visible
100
AcDbLine
 10
634.329855
 20
292.168852
 30
0.0
 11
640.329855
 21
292.168852
 31
0.0
  0
LINE
  5
1057
330
70
100
AcDbEntity
  8
Visible
100
AcDbLine
 10
634.329855
 20
263.168852
 30
0.0
 11
634.329855
 21
292.168852
 31
0.0
  0
LINE
  5
1058
330
70
100
AcDbEntity
  8
Visible
100
AcDbLine
 10
640.329855
 20
263.168852
 30
0.0
 11
634.329855
 21
263.168852
 31
0.0
  0
LINE
  5
1059
330
70
100
AcDbEntity
  8
Visible
100
AcDbLine
 10
640.329855
 20
234.168852
 30
0.0
 11
640.329855
 21
263.168852
 31
0.0
  0
LINE
  5
105A
330
70
100
AcDbEntity
  8
Visible
100
AcDbLine
 10
634.329855
 20
234.168852
 30
0.0
 11
640.329855
 21
234.168852
 31
0.0
  0
LINE
  5
105B
330
70
100
AcDbEntity
  8
Visible
100
AcDbLine
 10
634.329855
 20
205.168852
 30
0.0
 11
634.329855
 21
234.168852
 31
0.0
  0
LINE
  5
105C
330
70
100
AcDbEntity
  8
Visible
100
AcDbLine
 10
640.329855
 20
205.168852
 30
0.0
 11
634.329855
 21
205.168852
 31
0.0
  0
LINE
  5
105D
330
70
100
AcDbEntity
  8
Visible
100
AcDbLine
 10
640.329855
 20
176.168852
 30
0.0
 11
640.329855
 21
205.168852
 31
0.0
  0
LINE
  5
105E
330
70
100
AcDbEntity
  8
Visible
100
AcDbLine
 10
634.329855
 20
176.168852
 30
0.0
 11
640.329855
 21
176.168852
 31
0.0
  0
LINE
  5
105F
330
70
100
AcDbEntity
  8
Visible
100
AcDbLine
 10
634.329855
 20
147.168852
 30
0.0
 11
634.329855
 21
176.168852
 31
0.0
  0
LINE
  5
1060
330
70
100
AcDbEntity
  8
Visible
100
AcDbLine
 10
640.329855
 20
147.168852
 30
0.0
 11
634.329855
 21
147.168852
 31
0.0
  0
LINE
  5
1061
330
70
100
AcDbEntity
  8
Visible
100
AcDbLine
 10
640.329855
 20
118.168852
 30
0.0
 11
640.329855
 21
147.168852
 31
0.0
  0
LINE
  5
1062
330
70
100
AcDbEntity
  8
Visible
100
AcDbLine
 10
634.329855
 20
118.168852
 30
0.0
 11
640.329855
 21
118.168852
 31
0.0
  0
LINE
  5
1063
330
70
100
AcDbEntity
  8
Visible
100
AcDbLine
 10
634.329855
 20
93.668852
 30
0.0
 11
634.329855
 21
118.168852
 31
0.0
  0
LINE
  5
1064
330
70
100
AcDbEntity
  8
Visible
100
AcDbLine
 10
599.829855
 20
93.668852
 30
0.0
 11
634.329855
 21
93.668852
 31
0.0
  0
LINE
  5
1065
330
70
100
AcDbEntity
  8
Visible
100
AcDbLine
 10
599.829855
 20
99.668852
 30
0.0
 11
599.829855
 21
93.668852
 31
0.0
  0
LINE
  5
1066
330
70
100
AcDbEntity
  8
Visible
100
AcDbLine
 10
570.829855
 20
99.668852
 30
0.0
 11
599.829855
 21
99.668852
 31
0.0
  0
LINE
  5
1067
330
70
100
AcDbEntity
  8
Visible
100
AcDbLine
 10
570.829855
 20
93.668852
 30
0.0
 11
570.829855
 21
99.668852
 31
0.0
  0
LINE
  5
1068
330
70
100
AcDbEntity
  8
Visible
100
AcDbLine
 10
541.829855
 20
93.668852
 30
0.0
 11
570.829855
 21
93.668852
 31
0.0
  0
LINE
  5
1069
330
70
100
AcDbEntity
  8
Visible
100
AcDbLine
 10
541.829855
 20
99.668852
 30
0.0
 11
541.829855
 21
93.668852
 31
0.0
  0
LINE
  5
106A
330
70
100
AcDbEntity
  8
Visible
100
AcDbLine
 10
512.829855
 20
99.668852
 30
0.0
 11
541.829855
 21
99.668852
 31
0.0
  0
LINE
  5
106B
330
70
100
AcDbEntity
  8
Visible
100
AcDbLine
 10
512.829855
 20
93.668852
 30
0.0
 11
512.829855
 21
99.668852
 31
0.0
  0
LINE
  5
106C
330
70
100
AcDbEntity
  8
Visible
100
AcDbLine
 10
483.829855
 20
93.668852
 30
0.0
 11
512.829855
 21
93.668852
 31
0.0
  0
LINE
  5
106D
330
70
100
AcDbEntity
  8
Visible
100
AcDbLine
 10
483.829855
 20
99.668852
 30
0.0
 11
483.829855
 21
93.668852
 31
0.0
  0
LINE
  5
106E
330
70
100
AcDbEntity
  8
Visible
100
AcDbLine
 10
454.829855
 20
99.668852
 30
0.0
 11
483.829855
 21
99.668852
 31
0.0
  0
LINE
  5
106F
330
70
100
AcDbEntity
  8
Visible
100
AcDbLine
 10
454.829855
 20
93.668852
 30
0.0
 11
454.829855
 21
99.668852
 31
0.0
  0
LINE
  5
1070
330
70
100
AcDbEntity
  8
Visible
100
AcDbLine
 10
425.829855
 20
93.668852
 30
0.0
 11
454.829855
 21
93.668852
 31
0.0
  0
LINE
  5
1071
330
70
100
AcDbEntity
  8
Visible
100
AcDbLine
 10
425.829855
 20
99.668852
 30
0.0
 11
425.829855
 21
93.668852
 31
0.0
  0
LINE
  5
1072
330
70
100
AcDbEntity
  8
Visible
100
AcDbLine
 10
396.829855
 20
99.668852
 30
0.0
 11
425.829855
 21
99.668852
 31
0.0
  0
LINE
  5
1073
330
70
100
AcDbEntity
  8
Visible
100
AcDbLine
 10
396.829855
 20
93.668852
 30
0.0
 11
396.829855
 21
99.668852
 31
0.0
  0
LINE
  5
1074
330
70
100
AcDbEntity
  8
Visible
100
AcDbLine
 10
367.829855
 20
93.668852
 30
0.0
 11
396.829855
 21
93.668852
 31
0.0
  0
LINE
  5
1075
330
70
100
AcDbEntity
  8
Visible
100
AcDbLine
 10
367.829855
 20
99.668852
 30
0.0
 11
367.829855
 21
93.668852
 31
0.0
  0
LINE
  5
1076
330
70
100
AcDbEntity
  8
Visible
100
AcDbLine
 10
338.829855
 20
99.668852
 30
0.0
 11
367.829855
 21
99.668852
 31
0.0
  0
LINE
  5
1077
330
70
100
AcDbEntity
  8
Visible
100
AcDbLine
 10
338.829855
 20
93.668852
 30
0.0
 11
338.829855
 21
99.668852
 31
0.0
  0
LINE
  5
1078
330
70
100
AcDbEntity
  8
Visible
100
AcDbLine
 10
309.829855
 20
93.668852
 30
0.0
 11
338.829855
 21
93.668852
 31
0.0
  0
LINE
  5
1079
330
70
100
AcDbEntity
  8
Visible
100
AcDbLine
 10
309.829855
 20
99.668852
 30
0.0
 11
309.829855
 21
93.668852
 31
0.0
  0
LINE
  5
107A
330
70
100
AcDbEntity
  8
Visible
100
AcDbLine
 10
280.829855
 20
99.668852
 30
0.0
 11
309.829855
 21
99.668852
 31
0.0
  0
LINE
  5
107B
330
70
100
AcDbEntity
  8
Visible
100
AcDbLine
 10
280.829855
 20
93.668852
 30
0.0
 11
280.829855
 21
99.668852
 31
0.0
  0
LINE
  5
107C
330
70
100
AcDbEntity
  8
Visible
100
AcDbLine
 10
246.329855
 20
93.668852
 30
0.0
 11
280.829855
 21
93.668852
 31
0.0
  0
LINE
  5
107D
330
70
100
AcDbEntity
  8
Visible
100
AcDbLine
 10
246.329855
 20
118.168852
 30
0.0
 11
246.329855
 21
93.668852
 31
0.0
  0
LINE
  5
107E
330
70
100
AcDbEntity
  8
Visible
100
AcDbLine
 10
240.329855
 20
118.168852
 30
0.0
 11
246.329855
 21
118.168852
 31
0.0
  0
LINE
  5
107F
330
70
100
AcDbEntity
  8
Visible
100
AcDbLine
 10
240.329855
 20
147.168852
 30
0.0
 11
240.329855
 21
118.168852
 31
0.0
  0
LINE
  5
1080
330
70
100
AcDbEntity
  8
Visible
100
AcDbLine
 10
246.329855
 20
147.168852
 30
0.0
 11
240.329855
 21
147.168852
 31
0.0
  0
LINE
  5
1081
330
70
100
AcDbEntity
  8
Visible
100
AcDbLine
 10
246.329855
 20
176.168852
 30
0.0
 11
246.329855
 21
147.168852
 31
0.0
  0
LINE
  5
1082
330
70
100
AcDbEntity
  8
Visible
100
AcDbLine
 10
240.329855
 20
176.168852
 30
0.0
 11
246.329855
 21
176.168852
 31
0.0
  0
LINE
  5
1083
330
70
100
AcDbEntity
  8
Visible
100
AcDbLine
 10
240.329855
 20
205.168852
 30
0.0
 11
240.329855
 21
176.168852
 31
0.0
  0
LINE
  5
1084
330
70
100
AcDbEntity
  8
Visible
100
AcDbLine
 10
246.329855
 20
205.168852
 30
0.0
 11
240.329855
 21
205.168852
 31
0.0
  0
LINE
  5
1085
330
70
100
AcDbEntity
  8
Visible
100
AcDbLine
 10
246.329855
 20
234.168852
 30
0.0
 11
246.329855
 21
205.168852
 31
0.0
  0
LINE
  5
1086
330
70
100
AcDbEntity
  8
Visible
100
AcDbLine
 10
240.329855
 20
234.168852
 30
0.0
 11
246.329855
 21
234.168852
 31
0.0
  0
LINE
  5
1087
330
70
100
AcDbEntity
  8
Visible
100
AcDbLine
 10
240.329855
 20
263.168852
 30
0.0
 11
240.329855
 21
234.168852
 31
0.0
  0
LINE
  5
1088
330
70
100
AcDbEntity
  8
Visible
100
AcDbLine
 10
246.329855
 20
263.168852
 30
0.0
 11
240.329855
 21
263.168852
 31
0.0
  0
LINE
  5
1089
330
70
100
AcDbEntity
  8
Visible
100
AcDbLine
 10
246.329855
 20
292.168852
 30
0.0
 11
246.329855
 21
263.168852
 31
0.0
  0
LINE
  5
108A
330
70
100
AcDbEntity
  8
Visible
100
AcDbLine
 10
240.329855
 20
292.168852
 30
0.0
 11
246.329855
 21
292.168852
 31
0.0
  0
LINE
  5
108B
330
70
100
AcDbEntity
  8
Visible
100
AcDbLine
 10
240.329855
 20
321.168852
 30
0.0
 11
240.329855
 21
292.168852
 31
0.0
  0
LINE
  5
108C
330
70
100
AcDbEntity
  8
Visible
100
AcDbLine
 10
246.329855
 20
321.168852
 30
0.0
 11
240.329855
 21
321.168852
 31
0.0
  0
LINE
  5
108D
330
70
100
AcDbEntity
  8
Visible
100
AcDbLine
 10
246.329855
 20
350.168852
 30
0.0
 11
246.329855
 21
321.168852
 31
0.0
  0
LINE
  5
108E
330
70
100
AcDbEntity
  8
Visible
100
AcDbLine
 10
240.329855
 20
350.168852
 30
0.0
 11
246.329855
 21
350.168852
 31
0.0
  0
LINE
  5
108F
330
70
100
AcDbEntity
  8
Visible
100
AcDbLine
 10
240.329855
 20
379.168852
 30
0.0
 11
240.329855
 21
350.168852
 31
0.0
  0
LINE
  5
1090
330
70
100
AcDbEntity
  8
Visible
100
AcDbLine
 10
246.329855
 20
379.168852
 30
0.0
 11
240.329855
 21
379.168852
 31
0.0
  0
LINE
  5
1091
330
70
100
AcDbEntity
  8
Visible
100
AcDbLine
 10
246.329855
 20
408.168852
 30
0.0
 11
246.329855
 21
379.168852
 31
0.0
  0
LINE
  5
1092
330
70
100
AcDbEntity
  8
Visible
100
AcDbLine
 10
240.329855
 20
408.168852
 30
0.0
 11
246.329855
 21
408.168852
 31
0.0
  0
LINE
  5
1093
330
70
100
AcDbEntity
  8
Visible
100
AcDbLine
 10
240.329855
 20
437.168852
 30
0.0
 11
240.329855
 21
408.168852
 31
0.0
  0
LINE
  5
1094
330
70
100
AcDbEntity
  8
Visible
100
AcDbLine
 10
246.329855
 20
437.168852
 30
0.0
 11
240.329855
 21
437.168852
 31
0.0
  0
LINE
  5
1095
330
70
100
AcDbEntity
  8
Visible
100
AcDbLine
 10
246.329855
 20
466.168852
 30
0.0
 11
246.329855
 21
437.168852
 31
0.0
  0
LINE
  5
1096
330
70
100
AcDbEntity
  8
Visible
100
AcDbLine
 10
240.329855
 20
466.168852
 30
0.0
 11
246.329855
 21
466.168852
 31
0.0
  0
LINE
  5
1097
330
70
100
AcDbEntity
  8
Visible
100
AcDbLine
 10
240.329855
 20
495.168852
 30
0.0
 11
240.329855
 21
466.168852
 31
0.0
  0
LINE
  5
1098
330
70
100
AcDbEntity
  8
Visible
100
AcDbLine
 10
246.329855
 20
495.168852
 30
0.0
 11
240.329855
 21
495.168852
 31
0.0
  0
LINE
  5
1099
330
70
100
AcDbEntity
  8
Visible
100
AcDbLine
 10
246.329855
 20
524.168852
 30
0.0
 11
246.329855
 21
495.168852
 31
0.0
  0
LINE
  5
109A
330
70
100
AcDbEntity
  8
Visible
100
AcDbLine
 10
240.329855
 20
524.168852
 30
0.0
 11
246.329855
 21
524.168852
 31
0.0
  0
LINE
  5
109B
330
70
100
AcDbEntity
  8
Visible
100
AcDbLine
 10
240.329855
 20
553.168852
 30
0.0
 11
240.329855
 21
524.168852
 31
0.0
  0
LINE
  5
109C
330
70
100
AcDbEntity
  8
Visible
100
AcDbLine
 10
246.329855
 20
553.168852
 30
0.0
 11
240.329855
 21
553.168852
 31
0.0
  0
LINE
  5
109D
330
70
100
AcDbEntity
  8
Visible
100
AcDbLine
 10
246.329855
 20
582.168852
 30
0.0
 11
246.329855
 21
553.168852
 31
0.0
  0
LINE
  5
109E
330
70
100
AcDbEntity
  8
Visible
100
AcDbLine
 10
240.329855
 20
582.168852
 30
0.0
 11
246.329855
 21
582.168852
 31
0.0
  0
LINE
  5
109F
330
70
100
AcDbEntity
  8
Visible
100
AcDbLine
 10
240.329855
 20
611.168852
 30
0.0
 11
240.329855
 21
582.168852
 31
0.0
  0
LINE
  5
10A0
330
70
100
AcDbEntity
  8
Visible
100
AcDbLine
 10
246.329855
 20
611.168852
 30
0.0
 11
240.329855
 21
611.168852
 31
0.0
  0
LINE
  5
10A1
330
70
100
AcDbEntity
  8
Visible
100
AcDbLine
 10
246.329855
 20
640.168852
 30
0.0
 11
246.329855
 21
611.168852
 31
0.0
  0
LINE
  5
10A2
330
70
100
AcDbEntity
  8
Visible
100
AcDbLine
 10
240.329855
 20
640.168852
 30
0.0
 11
246.329855
 21
640.168852
 31
0.0
  0
LINE
  5
10A3
330
70
100
AcDbEntity
  8
Visible
100
AcDbLine
 10
240.329855
 20
669.168852
 30
0.0
 11
240.329855
 21
640.168852
 31
0.0
  0
LINE
  5
10A4
330
70
100
AcDbEntity
  8
Visible
100
AcDbLine
 10
246.329855
 20
669.168852
 30
0.0
 11
240.329855
 21
669.168852
 31
0.0
  0
LINE
  5
10A5
330
70
100
AcDbEntity
  8
Visible
100
AcDbLine
 10
246.329855
 20
693.668852
 30
0.0
 11
246.329855
 21
669.168852
 31
0.0
  0
LINE
  5
10A6
330
70
100
AcDbEntity
  8
Visible
100
AcDbLine
 10
280.829855
 20
693.668852
 30
0.0
 11
246.329855
 21
693.668852
 31
0.0
  0
LINE
  5
10A7
330
70
100
AcDbEntity
  8
Visible
100
AcDbLine
 10
280.829855
 20
687.668852
 30
0.0
 11
280.829855
 21
693.668852
 31
0.0
  0
LINE
  5
10A8
330
70
100
AcDbEntity
  8
Visible
100
AcDbLine
 10
309.829855
 20
687.668852
 30
0.0
 11
280.829855
 21
687.668852
 31
0.0
  0
LINE
  5
10A9
330
70
100
AcDbEntity
  8
Visible
100
AcDbLine
 10
309.829855
 20
693.668852
 30
0.0
 11
309.829855
 21
687.668852
 31
0.0
  0
LINE
  5
10AA
330
70
100
AcDbEntity
  8
Visible
100
AcDbLine
 10
338.829855
 20
693.668852
 30
0.0
 11
309.829855
 21
693.668852
 31
0.0
  0
LINE
  5
10AB
330
70
100
AcDbEntity
  8
Visible
100
AcDbLine
 10
338.829855
 20
687.668852
 30
0.0
 11
338.829855
 21
693.668852
 31
0.0
  0
LINE
  5
10AC
330
70
100
AcDbEntity
  8
Visible
100
AcDbLine
 10
367.829855
 20
687.668852
 30
0.0
 11
338.829855
 21
687.668852
 31
0.0
  0
LINE
  5
10AD
330
70
100
AcDbEntity
  8
Visible
100
AcDbLine
 10
367.829855
 20
693.668852
 30
0.0
 11
367.829855
 21
687.668852
 31
0.0
  0
LINE
  5
10AE
330
70
100
AcDbEntity
  8
Visible
100
AcDbLine
 10
396.829855
 20
693.668852
 30
0.0
 11
367.829855
 21
693.668852
 31
0.0
  0
LINE
  5
10AF
330
70
100
AcDbEntity
  8
Visible
100
AcDbLine
 10
396.829855
 20
687.668852
 30
0.0
 11
396.829855
 21
693.668852
 31
0.0
  0
LINE
  5
10B0
330
70
100
AcDbEntity
  8
Visible
100
AcDbLine
 10
425.829855
 20
687.668852
 30
0.0
 11
396.829855
 21
687.668852
 31
0.0
  0
LINE
  5
10B1
330
70
100
AcDbEntity
  8
Visible
100
AcDbLine
 10
425.829855
 20
693.668852
 30
0.0
 11
425.829855
 21
687.668852
 31
0.0
  0
LINE
  5
10B2
330
70
100
AcDbEntity
  8
Visible
100
AcDbLine
 10
454.829855
 20
693.668852
 30
0.0
 11
425.829855
 21
693.668852
 31
0.0
  0
LINE
  5
10B3
330
70
100
AcDbEntity
  8
Visible
100
AcDbLine
 10
454.829855
 20
687.668852
 30
0.0
 11
454.829855
 21
693.668852
 31
0.0
  0
LINE
  5
10B4
330
70
100
AcDbEntity
  8
Visible
100
AcDbLine
 10
483.829855
 20
687.668852
 30
0.0
 11
454.829855
 21
687.668852
 31
0.0
  0
LINE
  5
10B5
330
70
100
AcDbEntity
  8
Visible
100
AcDbLine
 10
483.829855
 20
693.668852
 30
0.0
 11
483.829855
 21
687.668852
 31
0.0
  0
LINE
  5
10B6
330
70
100
AcDbEntity
  8
Visible
100
AcDbLine
 10
512.829855
 20
693.668852
 30
0.0
 11
483.829855
 21
693.668852
 31
0.0
  0
LINE
  5
10B7
330
70
100
AcDbEntity
  8
Visible
100
AcDbLine
 10
512.829855
 20
687.668852
 30
0.0
 11
512.829855
 21
693.668852
 31
0.0
  0
LINE
  5
10B8
330
70
100
AcDbEntity
  8
Visible
100
AcDbLine
 10
541.829855
 20
687.668852
 30
0.0
 11
512.829855
 21
687.668852
 31
0.0
  0
LINE
  5
10B9
330
70
100
AcDbEntity
  8
Visible
100
AcDbLine
 10
541.829855
 20
693.668852
 30
0.0
 11
541.829855
 21
687.668852
 31
0.0
  0
LINE
  5
10BA
330
70
100
AcDbEntity
  8
Visible
100
AcDbLine
 10
570.829855
 20
693.668852
 30
0.0
 11
541.829855
 21
693.668852
 31
0.0
  0
LINE
  5
10BB
330
70
100
AcDbEntity
  8
Visible
100
AcDbLine
 10
570.829855
 20
687.668852
 30
0.0
 11
570.829855
 21
693.668852
 31
0.0
  0
LINE
  5
10BC
330
70
100
AcDbEntity
  8
Visible
100
AcDbLine
 10
599.829855
 20
687.668852
 30
0.0
 11
570.829855
 21
687.668852
 31
0.0
  0
LINE
  5
10BD
330
70
100
AcDbEntity
  8
Visible
100
AcDbLine
 10
599.829855
 20
693.668852
 30
0.0
 11
599.829855
 21
687.668852
 31
0.0
  0
LINE
  5
10BE
330
70
100
AcDbEntity
  8
Visible
100
AcDbLine
 10
634.329855
 20
693.668852
 30
0.0
 11
599.829855
 21
693.668852
 31
0.0
  0
LINE
  5
10BF
330
70
100
AcDbEntity
  8
Visible
100
AcDbLine
 10
634.329855
 20
669.168852
 30
0.0
 11
634.329855
 21
693.668852
 31
0.0
  0
LINE
  5
10C0
330
70
100
AcDbEntity
  8
Visible
100
AcDbLine
 10
430.097832
 20
995.665523
 30
0.0
 11
432.250855
 21
992.534852
 31
0.0
  0
LINE
  5
10C1
330
70
100
AcDbEntity
  8
Visible
100
AcDbLine
 10
430.160855
 20
995.673852
 30
0.0
 11
430.097832
 21
995.665523
 31
0.0
  0
LINE
  5
10C2
330
70
100
AcDbEntity
  8
Visible
100
AcDbLine
 10
430.374855
 20
995.716852
 30
0.0
 11
430.160855
 21
995.673852
 31
0.0
  0
LINE
  5
10C3
330
70
100
AcDbEntity
  8
Visible
100
AcDbLine
 10
430.575855
 20
995.772852
 30
0.0
 11
430.374855
 21
995.716852
 31
0.0
  0
LINE
  5
10C4
330
70
100
AcDbEntity
  8
Visible
100
AcDbLine
 10
430.764855
 20
995.839852
 30
0.0
 11
430.575855
 21
995.772852
 31
0.0
  0
LINE
  5
10C5
330
70
100
AcDbEntity
  8
Visible
100
AcDbLine
 10
430.941855
 20
995.919852
 30
0.0
 11
430.764855
 21
995.839852
 31
0.0
  0
LINE
  5
10C6
330
70
100
AcDbEntity
  8
Visible
100
AcDbLine
 10
431.105855
 20
996.012852
 30
0.0
 11
430.941855
 21
995.919852
 31
0.0
  0
LINE
  5
10C7
330
70
100
AcDbEntity
  8
Visible
100
AcDbLine
 10
431.256855
 20
996.116852
 30
0.0
 11
431.105855
 21
996.012852
 31
0.0
  0
LINE
  5
10C8
330
70
100
AcDbEntity
  8
Visible
100
AcDbLine
 10
431.395855
 20
996.233852
 30
0.0
 11
431.256855
 21
996.116852
 31
0.0
  0
LINE
  5
10C9
330
70
100
AcDbEntity
  8
Visible
100
AcDbLine
 10
431.521855
 20
996.360852
 30
0.0
 11
431.395855
 21
996.233852
 31
0.0
  0
LINE
  5
10CA
330
70
100
AcDbEntity
  8
Visible
100
AcDbLine
 10
431.634855
 20
996.494852
 30
0.0
 11
431.521855
 21
996.360852
 31
0.0
  0
LINE
  5
10CB
330
70
100
AcDbEntity
  8
Visible
100
AcDbLine
 10
431.733855
 20
996.636852
 30
0.0
 11
431.634855
 21
996.494852
 31
0.0
  0
LINE
  5
10CC
330
70
100
AcDbEntity
  8
Visible
100
AcDbLine
 10
431.819855
 20
996.785852
 30
0.0
 11
431.733855
 21
996.636852
 31
0.0
  0
LINE
  5
10CD
330
70
100
AcDbEntity
  8
Visible
100
AcDbLine
 10
431.892855
 20
996.942852
 30
0.0
 11
431.819855
 21
996.785852
 31
0.0
  0
LINE
  5
10CE
330
70
100
AcDbEntity
  8
Visible
100
AcDbLine
 10
431.952855
 20
997.106852
 30
0.0
 11
431.892855
 21
996.942852
 31
0.0
  0
LINE
  5
10CF
330
70
100
AcDbEntity
  8
Visible
100
AcDbLine
 10
431.998855
 20
997.278852
 30
0.0
 11
431.952855
 21
997.106852
 31
0.0
  0
LINE
  5
10D0
330
70
100
AcDbEntity
  8
Visible
100
AcDbLine
 10
432.031855
 20
997.457852
 30
0.0
 11
431.998855
 21
997.278852
 31
0.0
  0
LINE
  5
10D1
330
70
100
AcDbEntity
  8
Visible
100
AcDbLine
 10
432.051855
 20
997.644852
 30
0.0
 11
432.031855
 21
997.457852
 31
0.0
  0
LINE
  5
10D2
330
70
100
AcDbEntity
  8
Visible
100
AcDbLine
 10
432.058855
 20
997.838852
 30
0.0
 11
432.051855
 21
997.644852
 31
0.0
  0
LINE
  5
10D3
330
70
100
AcDbEntity
  8
Visible
100
AcDbLine
 10
432.051855
 20
998.035852
 30
0.0
 11
432.058855
 21
997.838852
 31
0.0
  0
LINE
  5
10D4
330
70
100
AcDbEntity
  8
Visible
100
AcDbLine
 10
432.031855
 20
998.223852
 30
0.0
 11
432.051855
 21
998.035852
 31
0.0
  0
LINE
  5
10D5
330
70
100
AcDbEntity
  8
Visible
100
AcDbLine
 10
431.998855
 20
998.404852
 30
0.0
 11
432.031855
 21
998.223852
 31
0.0
  0
LINE
  5
10D6
330
70
100
AcDbEntity
  8
Visible
100
AcDbLine
 10
431.952855
 20
998.578852
 30
0.0
 11
431.998855
 21
998.404852
 31
0.0
  0
LINE
  5
10D7
330
70
100
AcDbEntity
  8
Visible
100
AcDbLine
 10
431.892855
 20
998.743852
 30
0.0
 11
431.952855
 21
998.578852
 31
0.0
  0
LINE
  5
10D8
330
70
100
AcDbEntity
  8
Visible
100
AcDbLine
 10
431.819855
 20
998.901852
 30
0.0
 11
431.892855
 21
998.743852
 31
0.0
  0
LINE
  5
10D9
330
70
100
AcDbEntity
  8
Visible
100
AcDbLine
 10
431.733855
 20
999.051852
 30
0.0
 11
431.819855
 21
998.901852
 31
0.0
  0
LINE
  5
10DA
330
70
100
AcDbEntity
  8
Visible
100
AcDbLine
 10
431.634855
 20
999.194852
 30
0.0
 11
431.733855
 21
999.051852
 31
0.0
  0
LINE
  5
10DB
330
70
100
AcDbEntity
  8
Visible
100
AcDbLine
 10
431.521855
 20
999.328852
 30
0.0
 11
431.634855
 21
999.194852
 31
0.0
  0
LINE
  5
10DC
330
70
100
AcDbEntity
  8
Visible
100
AcDbLine
 10
431.395855
 20
999.455852
 30
0.0
 11
431.521855
 21
999.328852
 31
0.0
  0
LINE
  5
10DD
330
70
100
AcDbEntity
  8
Visible
100
AcDbLine
 10
431.256855
 20
999.572852
 30
0.0
 11
431.395855
 21
999.455852
 31
0.0
  0
LINE
  5
10DE
330
70
100
AcDbEntity
  8
Visible
100
AcDbLine
 10
431.105855
 20
999.676852
 30
0.0
 11
431.256855
 21
999.572852
 31
0.0
  0
LINE
  5
10DF
330
70
100
AcDbEntity
  8
Visible
100
AcDbLine
 10
430.941855
 20
999.769852
 30
0.0
 11
431.105855
 21
999.676852
 31
0.0
  0
LINE
  5
10E0
330
70
100
AcDbEntity
  8
Visible
100
AcDbLine
 10
430.764855
 20
999.849852
 30
0.0
 11
430.941855
 21
999.769852
 31
0.0
  0
LINE
  5
10E1
330
70
100
AcDbEntity
  8
Visible
100
AcDbLine
 10
430.575855
 20
999.916852
 30
0.0
 11
430.764855
 21
999.849852
 31
0.0
  0
LINE
  5
10E2
330
70
100
AcDbEntity
  8
Visible
100
AcDbLine
 10
430.374855
 20
999.972852
 30
0.0
 11
430.575855
 21
999.916852
 31
0.0
  0
LINE
  5
10E3
330
70
100
AcDbEntity
  8
Visible
100
AcDbLine
 10
430.160855
 20
1000.015852
 30
0.0
 11
430.374855
 21
999.972852
 31
0.0
  0
LINE
  5
10E4
330
70
100
AcDbEntity
  8
Visible
100
AcDbLine
 10
429.933855
 20
1000.045852
 30
0.0
 11
430.160855
 21
1000.015852
 31
0.0
  0
LINE
  5
10E5
330
70
100
AcDbEntity
  8
Visible
100
AcDbLine
 10
429.694855
 20
1000.064852
 30
0.0
 11
429.933855
 21
1000.045852
 31
0.0
  0
LINE
  5
10E6
330
70
100
AcDbEntity
  8
Visible
100
AcDbLine
 10
429.442855
 20
1000.070852
 30
0.0
 11
429.694855
 21
1000.064852
 31
0.0
  0
LINE
  5
10E7
330
70
100
AcDbEntity
  8
Visible
100
AcDbLine
 10
426.814855
 20
1000.070852
 30
0.0
 11
429.442855
 21
1000.070852
 31
0.0
  0
LINE
  5
10E8
330
70
100
AcDbEntity
  8
Visible
100
AcDbLine
 10
426.814855
 20
992.534852
 30
0.0
 11
426.814855
 21
1000.070852
 31
0.0
  0
LINE
  5
10E9
330
70
100
AcDbEntity
  8
Visible
100
AcDbLine
 10
427.750855
 20
992.534852
 30
0.0
 11
426.814855
 21
992.534852
 31
0.0
  0
LINE
  5
10EA
330
70
100
AcDbEntity
  8
Visible
100
AcDbLine
 10
427.750855
 20
995.618852
 30
0.0
 11
427.750855
 21
992.534852
 31
0.0
  0
LINE
  5
10EB
330
70
100
AcDbEntity
  8
Visible
100
AcDbLine
 10
429.091065
 20
995.618852
 30
0.0
 11
427.750855
 21
995.618852
 31
0.0
  0
LINE
  5
10EC
330
70
100
AcDbEntity
  8
Visible
100
AcDbLine
 10
431.038855
 20
992.534852
 30
0.0
 11
429.091065
 21
995.618852
 31
0.0
  0
LINE
  5
10ED
330
70
100
AcDbEntity
  8
Visible
100
AcDbLine
 10
432.250855
 20
992.534852
 30
0.0
 11
431.038855
 21
992.534852
 31
0.0
  0
LINE
  5
10EE
330
70
100
AcDbEntity
  8
Visible
100
AcDbLine
 10
434.802855
 20
999.633852
 30
0.0
 11
434.748855
 21
999.628852
 31
0.0
  0
LINE
  5
10EF
330
70
100
AcDbEntity
  8
Visible
100
AcDbLine
 10
434.854855
 20
999.641852
 30
0.0
 11
434.802855
 21
999.633852
 31
0.0
  0
LINE
  5
10F0
330
70
100
AcDbEntity
  8
Visible
100
AcDbLine
 10
434.903855
 20
999.652852
 30
0.0
 11
434.854855
 21
999.641852
 31
0.0
  0
LINE
  5
10F1
330
70
100
AcDbEntity
  8
Visible
100
AcDbLine
 10
434.950855
 20
999.667852
 30
0.0
 11
434.903855
 21
999.652852
 31
0.0
  0
LINE
  5
10F2
330
70
100
AcDbEntity
  8
Visible
100
AcDbLine
 10
434.994855
 20
999.685852
 30
0.0
 11
434.950855
 21
999.667852
 31
0.0
  0
LINE
  5
10F3
330
70
100
AcDbEntity
  8
Visible
100
AcDbLine
 10
435.036855
 20
999.707852
 30
0.0
 11
434.994855
 21
999.685852
 31
0.0
  0
LINE
  5
10F4
330
70
100
AcDbEntity
  8
Visible
100
AcDbLine
 10
435.076855
 20
999.732852
 30
0.0
 11
435.036855
 21
999.707852
 31
0.0
  0
LINE
  5
10F5
330
70
100
AcDbEntity
  8
Visible
100
AcDbLine
 10
435.113855
 20
999.760852
 30
0.0
 11
435.076855
 21
999.732852
 31
0.0
  0
LINE
  5
10F6
330
70
100
AcDbEntity
  8
Visible
100
AcDbLine
 10
435.148855
 20
999.791852
 30
0.0
 11
435.113855
 21
999.760852
 31
0.0
  0
LINE
  5
10F7
330
70
100
AcDbEntity
  8
Visible
100
AcDbLine
 10
435.180855
 20
999.825852
 30
0.0
 11
435.148855
 21
999.791852
 31
0.0
  0
LINE
  5
10F8
330
70
100
AcDbEntity
  8
Visible
100
AcDbLine
 10
435.208855
 20
999.861852
 30
0.0
 11
435.180855
 21
999.825852
 31
0.0
  0
LINE
  5
10F9
330
70
100
AcDbEntity
  8
Visible
100
AcDbLine
 10
435.234855
 20
999.899852
 30
0.0
 11
435.208855
 21
999.861852
 31
0.0
  0
LINE
  5
10FA
330
70
100
AcDbEntity
  8
Visible
100
AcDbLine
 10
435.256855
 20
999.940852
 30
0.0
 11
435.234855
 21
999.899852
 31
0.0
  0
LINE
  5
10FB
330
70
100
AcDbEntity
  8
Visible
100
AcDbLine
 10
435.274855
 20
999.982852
 30
0.0
 11
435.256855
 21
999.940852
 31
0.0
  0
LINE
  5
10FC
330
70
100
AcDbEntity
  8
Visible
100
AcDbLine
 10
435.289855
 20
1000.027852
 30
0.0
 11
435.274855
 21
999.982852
 31
0.0
  0
LINE
  5
10FD
330
70
100
AcDbEntity
  8
Visible
100
AcDbLine
 10
435.301855
 20
1000.073852
 30
0.0
 11
435.289855
 21
1000.027852
 31
0.0
  0
LINE
  5
10FE
330
70
100
AcDbEntity
  8
Visible
100
AcDbLine
 10
435.309855
 20
1000.122852
 30
0.0
 11
435.301855
 21
1000.073852
 31
0.0
  0
LINE
  5
10FF
330
70
100
AcDbEntity
  8
Visible
100
AcDbLine
 10
435.314855
 20
1000.173852
 30
0.0
 11
435.309855
 21
1000.122852
 31
0.0
  0
LINE
  5
1100
330
70
100
AcDbEntity
  8
Visible
100
AcDbLine
 10
435.316855
 20
1000.226852
 30
0.0
 11
435.314855
 21
1000.173852
 31
0.0
  0
LINE
  5
1101
330
70
100
AcDbEntity
  8
Visible
100
AcDbLine
 10
435.314855
 20
1000.278852
 30
0.0
 11
435.316855
 21
1000.226852
 31
0.0
  0
LINE
  5
1102
330
70
100
AcDbEntity
  8
Visible
100
AcDbLine
 10
435.309855
 20
1000.327852
 30
0.0
 11
435.314855
 21
1000.278852
 31
0.0
  0
LINE
  5
1103
330
70
100
AcDbEntity
  8
Visible
100
AcDbLine
 10
435.301855
 20
1000.375852
 30
0.0
 11
435.309855
 21
1000.327852
 31
0.0
  0
LINE
  5
1104
330
70
100
AcDbEntity
  8
Visible
100
AcDbLine
 10
435.289855
 20
1000.420852
 30
0.0
 11
435.301855
 21
1000.375852
 31
0.0
  0
LINE
  5
1105
330
70
100
AcDbEntity
  8
Visible
100
AcDbLine
 10
435.274855
 20
1000.463852
 30
0.0
 11
435.289855
 21
1000.420852
 31
0.0
  0
LINE
  5
1106
330
70
100
AcDbEntity
  8
Visible
100
AcDbLine
 10
435.256855
 20
1000.504852
 30
0.0
 11
435.274855
 21
1000.463852
 31
0.0
  0
LINE
  5
1107
330
70
100
AcDbEntity
  8
Visible
100
AcDbLine
 10
435.234855
 20
1000.543852
 30
0.0
 11
435.256855
 21
1000.504852
 31
0.0
  0
LINE
  5
1108
330
70
100
AcDbEntity
  8
Visible
100
AcDbLine
 10
435.208855
 20
1000.579852
 30
0.0
 11
435.234855
 21
1000.543852
 31
0.0
  0
LINE
  5
1109
330
70
100
AcDbEntity
  8
Visible
100
AcDbLine
 10
435.180855
 20
1000.614852
 30
0.0
 11
435.208855
 21
1000.579852
 31
0.0
  0
LINE
  5
110A
330
70
100
AcDbEntity
  8
Visible
100
AcDbLine
 10
435.148855
 20
1000.646852
 30
0.0
 11
435.180855
 21
1000.614852
 31
0.0
  0
LINE
  5
110B
330
70
100
AcDbEntity
  8
Visible
100
AcDbLine
 10
435.113855
 20
1000.676852
 30
0.0
 11
435.148855
 21
1000.646852
 31
0.0
  0
LINE
  5
110C
330
70
100
AcDbEntity
  8
Visible
100
AcDbLine
 10
435.076855
 20
1000.702852
 30
0.0
 11
435.113855
 21
1000.676852
 31
0.0
  0
LINE
  5
110D
330
70
100
AcDbEntity
  8
Visible
100
AcDbLine
 10
435.036855
 20
1000.726852
 30
0.0
 11
435.076855
 21
1000.702852
 31
0.0
  0
LINE
  5
110E
330
70
100
AcDbEntity
  8
Visible
100
AcDbLine
 10
434.994855
 20
1000.746852
 30
0.0
 11
435.036855
 21
1000.726852
 31
0.0
  0
LINE
  5
110F
330
70
100
AcDbEntity
  8
Visible
100
AcDbLine
 10
434.950855
 20
1000.763852
 30
0.0
 11
434.994855
 21
1000.746852
 31
0.0
  0
LINE
  5
1110
330
70
100
AcDbEntity
  8
Visible
100
AcDbLine
 10
434.903855
 20
1000.777852
 30
0.0
 11
434.950855
 21
1000.763852
 31
0.0
  0
LINE
  5
1111
330
70
100
AcDbEntity
  8
Visible
100
AcDbLine
 10
434.854855
 20
1000.788852
 30
0.0
 11
434.903855
 21
1000.777852
 31
0.0
  0
LINE
  5
1112
330
70
100
AcDbEntity
  8
Visible
100
AcDbLine
 10
434.802855
 20
1000.796852
 30
0.0
 11
434.854855
 21
1000.788852
 31
0.0
  0
LINE
  5
1113
330
70
100
AcDbEntity
  8
Visible
100
AcDbLine
 10
434.748855
 20
1000.800852
 30
0.0
 11
434.802855
 21
1000.796852
 31
0.0
  0
LINE
  5
1114
330
70
100
AcDbEntity
  8
Visible
100
AcDbLine
 10
434.692855
 20
1000.802852
 30
0.0
 11
434.748855
 21
1000.800852
 31
0.0
  0
LINE
  5
1115
330
70
100
AcDbEntity
  8
Visible
100
AcDbLine
 10
434.636855
 20
1000.800852
 30
0.0
 11
434.692855
 21
1000.802852
 31
0.0
  0
LINE
  5
1116
330
70
100
AcDbEntity
  8
Visible
100
AcDbLine
 10
434.582855
 20
1000.796852
 30
0.0
 11
434.636855
 21
1000.800852
 31
0.0
  0
LINE
  5
1117
330
70
100
AcDbEntity
  8
Visible
100
AcDbLine
 10
434.530855
 20
1000.788852
 30
0.0
 11
434.582855
 21
1000.796852
 31
0.0
  0
LINE
  5
1118
330
70
100
AcDbEntity
  8
Visible
100
AcDbLine
 10
434.481855
 20
1000.777852
 30
0.0
 11
434.530855
 21
1000.788852
 31
0.0
  0
LINE
  5
1119
330
70
100
AcDbEntity
  8
Visible
100
AcDbLine
 10
434.434855
 20
1000.763852
 30
0.0
 11
434.481855
 21
1000.777852
 31
0.0
  0
LINE
  5
111A
330
70
100
AcDbEntity
  8
Visible
100
AcDbLine
 10
434.390855
 20
1000.746852
 30
0.0
 11
434.434855
 21
1000.763852
 31
0.0
  0
LINE
  5
111B
330
70
100
AcDbEntity
  8
Visible
100
AcDbLine
 10
434.348855
 20
1000.726852
 30
0.0
 11
434.390855
 21
1000.746852
 31
0.0
  0
LINE
  5
111C
330
70
100
AcDbEntity
  8
Visible
100
AcDbLine
 10
434.308855
 20
1000.702852
 30
0.0
 11
434.348855
 21
1000.726852
 31
0.0
  0
LINE
  5
111D
330
70
100
AcDbEntity
  8
Visible
100
AcDbLine
 10
434.271855
 20
1000.676852
 30
0.0
 11
434.308855
 21
1000.702852
 31
0.0
  0
LINE
  5
111E
330
70
100
AcDbEntity
  8
Visible
100
AcDbLine
 10
434.236855
 20
1000.646852
 30
0.0
 11
434.271855
 21
1000.676852
 31
0.0
  0
LINE
  5
111F
330
70
100
AcDbEntity
  8
Visible
100
AcDbLine
 10
434.204855
 20
1000.614852
 30
0.0
 11
434.236855
 21
1000.646852
 31
0.0
  0
LINE
  5
1120
330
70
100
AcDbEntity
  8
Visible
100
AcDbLine
 10
434.176855
 20
1000.579852
 30
0.0
 11
434.204855
 21
1000.614852
 31
0.0
  0
LINE
  5
1121
330
70
100
AcDbEntity
  8
Visible
100
AcDbLine
 10
434.150855
 20
1000.543852
 30
0.0
 11
434.176855
 21
1000.579852
 31
0.0
  0
LINE
  5
1122
330
70
100
AcDbEntity
  8
Visible
100
AcDbLine
 10
434.128855
 20
1000.504852
 30
0.0
 11
434.150855
 21
1000.543852
 31
0.0
  0
LINE
  5
1123
330
70
100
AcDbEntity
  8
Visible
100
AcDbLine
 10
434.110855
 20
1000.463852
 30
0.0
 11
434.128855
 21
1000.504852
 31
0.0
  0
LINE
  5
1124
330
70
100
AcDbEntity
  8
Visible
100
AcDbLine
 10
434.095855
 20
1000.420852
 30
0.0
 11
434.110855
 21
1000.463852
 31
0.0
  0
LINE
  5
1125
330
70
100
AcDbEntity
  8
Visible
100
AcDbLine
 10
434.083855
 20
1000.375852
 30
0.0
 11
434.095855
 21
1000.420852
 31
0.0
  0
LINE
  5
1126
330
70
100
AcDbEntity
  8
Visible
100
AcDbLine
 10
434.075855
 20
1000.327852
 30
0.0
 11
434.083855
 21
1000.375852
 31
0.0
  0
LINE
  5
1127
330
70
100
AcDbEntity
  8
Visible
100
AcDbLine
 10
434.070855
 20
1000.278852
 30
0.0
 11
434.075855
 21
1000.327852
 31
0.0
  0
LINE
  5
1128
330
70
100
AcDbEntity
  8
Visible
100
AcDbLine
 10
434.068855
 20
1000.226852
 30
0.0
 11
434.070855
 21
1000.278852
 31
0.0
  0
LINE
  5
1129
330
70
100
AcDbEntity
  8
Visible
100
AcDbLine
 10
434.070855
 20
1000.173852
 30
0.0
 11
434.068855
 21
1000.226852
 31
0.0
  0
LINE
  5
112A
330
70
100
AcDbEntity
  8
Visible
100
AcDbLine
 10
434.075855
 20
1000.122852
 30
0.0
 11
434.070855
 21
1000.173852
 31
0.0
  0
LINE
  5
112B
330
70
100
AcDbEntity
  8
Visible
100
AcDbLine
 10
434.083855
 20
1000.073852
 30
0.0
 11
434.075855
 21
1000.122852
 31
0.0
  0
LINE
  5
112C
330
70
100
AcDbEntity
  8
Visible
100
AcDbLine
 10
434.095855
 20
1000.027852
 30
0.0
 11
434.083855
 21
1000.073852
 31
0.0
  0
LINE
  5
112D
330
70
100
AcDbEntity
  8
Visible
100
AcDbLine
 10
434.110855
 20
999.982852
 30
0.0
 11
434.095855
 21
1000.027852
 31
0.0
  0
LINE
  5
112E
330
70
100
AcDbEntity
  8
Visible
100
AcDbLine
 10
434.128855
 20
999.940852
 30
0.0
 11
434.110855
 21
999.982852
 31
0.0
  0
LINE
  5
112F
330
70
100
AcDbEntity
  8
Visible
100
AcDbLine
 10
434.150855
 20
999.899852
 30
0.0
 11
434.128855
 21
999.940852
 31
0.0
  0
LINE
  5
1130
330
70
100
AcDbEntity
  8
Visible
100
AcDbLine
 10
434.176855
 20
999.861852
 30
0.0
 11
434.150855
 21
999.899852
 31
0.0
  0
LINE
  5
1131
330
70
100
AcDbEntity
  8
Visible
100
AcDbLine
 10
434.204855
 20
999.825852
 30
0.0
 11
434.176855
 21
999.861852
 31
0.0
  0
LINE
  5
1132
330
70
100
AcDbEntity
  8
Visible
100
AcDbLine
 10
434.236855
 20
999.791852
 30
0.0
 11
434.204855
 21
999.825852
 31
0.0
  0
LINE
  5
1133
330
70
100
AcDbEntity
  8
Visible
100
AcDbLine
 10
434.271855
 20
999.760852
 30
0.0
 11
434.236855
 21
999.791852
 31
0.0
  0
LINE
  5
1134
330
70
100
AcDbEntity
  8
Visible
100
AcDbLine
 10
434.308855
 20
999.732852
 30
0.0
 11
434.271855
 21
999.760852
 31
0.0
  0
LINE
  5
1135
330
70
100
AcDbEntity
  8
Visible
100
AcDbLine
 10
434.348855
 20
999.707852
 30
0.0
 11
434.308855
 21
999.732852
 31
0.0
  0
LINE
  5
1136
330
70
100
AcDbEntity
  8
Visible
100
AcDbLine
 10
434.390855
 20
999.685852
 30
0.0
 11
434.348855
 21
999.707852
 31
0.0
  0
LINE
  5
1137
330
70
100
AcDbEntity
  8
Visible
100
AcDbLine
 10
434.434855
 20
999.667852
 30
0.0
 11
434.390855
 21
999.685852
 31
0.0
  0
LINE
  5
1138
330
70
100
AcDbEntity
  8
Visible
100
AcDbLine
 10
434.481855
 20
999.652852
 30
0.0
 11
434.434855
 21
999.667852
 31
0.0
  0
LINE
  5
1139
330
70
100
AcDbEntity
  8
Visible
100
AcDbLine
 10
434.530855
 20
999.641852
 30
0.0
 11
434.481855
 21
999.652852
 31
0.0
  0
LINE
  5
113A
330
70
100
AcDbEntity
  8
Visible
100
AcDbLine
 10
434.582855
 20
999.633852
 30
0.0
 11
434.530855
 21
999.641852
 31
0.0
  0
LINE
  5
113B
330
70
100
AcDbEntity
  8
Visible
100
AcDbLine
 10
434.636855
 20
999.628852
 30
0.0
 11
434.582855
 21
999.633852
 31
0.0
  0
LINE
  5
113C
330
70
100
AcDbEntity
  8
Visible
100
AcDbLine
 10
434.692855
 20
999.626852
 30
0.0
 11
434.636855
 21
999.628852
 31
0.0
  0
LINE
  5
113D
330
70
100
AcDbEntity
  8
Visible
100
AcDbLine
 10
434.748855
 20
999.628852
 30
0.0
 11
434.692855
 21
999.626852
 31
0.0
  0
LINE
  5
113E
330
70
100
AcDbEntity
  8
Visible
100
AcDbLine
 10
434.224855
 20
998.282852
 30
0.0
 11
435.160855
 21
998.282852
 31
0.0
  0
LINE
  5
113F
330
70
100
AcDbEntity
  8
Visible
100
AcDbLine
 10
434.224855
 20
992.534852
 30
0.0
 11
434.224855
 21
998.282852
 31
0.0
  0
LINE
  5
1140
330
70
100
AcDbEntity
  8
Visible
100
AcDbLine
 10
435.160855
 20
992.534852
 30
0.0
 11
434.224855
 21
992.534852
 31
0.0
  0
LINE
  5
1141
330
70
100
AcDbEntity
  8
Visible
100
AcDbLine
 10
435.160855
 20
998.282852
 30
0.0
 11
435.160855
 21
992.534852
 31
0.0
  0
LINE
  5
1142
330
70
100
AcDbEntity
  8
Visible
100
AcDbLine
 10
437.925855
 20
992.698852
 30
0.0
 11
437.982735
 21
992.712962
 31
0.0
  0
LINE
  5
1143
330
70
100
AcDbEntity
  8
Visible
100
AcDbLine
 10
437.802855
 20
992.660852
 30
0.0
 11
437.925855
 21
992.698852
 31
0.0
  0
LINE
  5
1144
330
70
100
AcDbEntity
  8
Visible
100
AcDbLine
 10
437.684855
 20
992.614852
 30
0.0
 11
437.802855
 21
992.660852
 31
0.0
  0
LINE
  5
1145
330
70
100
AcDbEntity
  8
Visible
100
AcDbLine
 10
437.572855
 20
992.561852
 30
0.0
 11
437.684855
 21
992.614852
 31
0.0
  0
LINE
  5
1146
330
70
100
AcDbEntity
  8
Visible
100
AcDbLine
 10
437.466855
 20
992.502852
 30
0.0
 11
437.572855
 21
992.561852
 31
0.0
  0
LINE
  5
1147
330
70
100
AcDbEntity
  8
Visible
100
AcDbLine
 10
437.365855
 20
992.435852
 30
0.0
 11
437.466855
 21
992.502852
 31
0.0
  0
LINE
  5
1148
330
70
100
AcDbEntity
  8
Visible
100
AcDbLine
 10
437.272855
 20
992.362852
 30
0.0
 11
437.365855
 21
992.435852
 31
0.0
  0
LINE
  5
1149
330
70
100
AcDbEntity
  8
Visible
100
AcDbLine
 10
437.189855
 20
992.282852
 30
0.0
 11
437.272855
 21
992.362852
 31
0.0
  0
LINE
  5
114A
330
70
100
AcDbEntity
  8
Visible
100
AcDbLine
 10
437.116855
 20
992.196852
 30
0.0
 11
437.189855
 21
992.282852
 31
0.0
  0
LINE
  5
114B
330
70
100
AcDbEntity
  8
Visible
100
AcDbLine
 10
437.052855
 20
992.104852
 30
0.0
 11
437.116855
 21
992.196852
 31
0.0
  0
LINE
  5
114C
330
70
100
AcDbEntity
  8
Visible
100
AcDbLine
 10
436.998855
 20
992.005852
 30
0.0
 11
437.052855
 21
992.104852
 31
0.0
  0
LINE
  5
114D
330
70
100
AcDbEntity
  8
Visible
100
AcDbLine
 10
436.954855
 20
991.900852
 30
0.0
 11
436.998855
 21
992.005852
 31
0.0
  0
LINE
  5
114E
330
70
100
AcDbEntity
  8
Visible
100
AcDbLine
 10
436.920855
 20
991.789852
 30
0.0
 11
436.954855
 21
991.900852
 31
0.0
  0
LINE
  5
114F
330
70
100
AcDbEntity
  8
Visible
100
AcDbLine
 10
436.896855
 20
991.672852
 30
0.0
 11
436.920855
 21
991.789852
 31
0.0
  0
LINE
  5
1150
330
70
100
AcDbEntity
  8
Visible
100
AcDbLine
 10
436.881855
 20
991.548852
 30
0.0
 11
436.896855
 21
991.672852
 31
0.0
  0
LINE
  5
1151
330
70
100
AcDbEntity
  8
Visible
100
AcDbLine
 10
436.876855
 20
991.418852
 30
0.0
 11
436.881855
 21
991.548852
 31
0.0
  0
LINE
  5
1152
330
70
100
AcDbEntity
  8
Visible
100
AcDbLine
 10
436.880855
 20
991.318852
 30
0.0
 11
436.876855
 21
991.418852
 31
0.0
  0
LINE
  5
1153
330
70
100
AcDbEntity
  8
Visible
100
AcDbLine
 10
436.890855
 20
991.220852
 30
0.0
 11
436.880855
 21
991.318852
 31
0.0
  0
LINE
  5
1154
330
70
100
AcDbEntity
  8
Visible
100
AcDbLine
 10
436.908855
 20
991.123852
 30
0.0
 11
436.890855
 21
991.220852
 31
0.0
  0
LINE
  5
1155
330
70
100
AcDbEntity
  8
Visible
100
AcDbLine
 10
436.933855
 20
991.029852
 30
0.0
 11
436.908855
 21
991.123852
 31
0.0
  0
LINE
  5
1156
330
70
100
AcDbEntity
  8
Visible
100
AcDbLine
 10
436.965855
 20
990.936852
 30
0.0
 11
436.933855
 21
991.029852
 31
0.0
  0
LINE
  5
1157
330
70
100
AcDbEntity
  8
Visible
100
AcDbLine
 10
437.005855
 20
990.845852
 30
0.0
 11
436.965855
 21
990.936852
 31
0.0
  0
LINE
  5
1158
330
70
100
AcDbEntity
  8
Visible
100
AcDbLine
 10
437.051855
 20
990.755852
 30
0.0
 11
437.005855
 21
990.845852
 31
0.0
  0
LINE
  5
1159
330
70
100
AcDbEntity
  8
Visible
100
AcDbLine
 10
437.104855
 20
990.667852
 30
0.0
 11
437.051855
 21
990.755852
 31
0.0
  0
LINE
  5
115A
330
70
100
AcDbEntity
  8
Visible
100
AcDbLine
 10
437.165855
 20
990.581852
 30
0.0
 11
437.104855
 21
990.667852
 31
0.0
  0
LINE
  5
115B
330
70
100
AcDbEntity
  8
Visible
100
AcDbLine
 10
437.233855
 20
990.497852
 30
0.0
 11
437.165855
 21
990.581852
 31
0.0
  0
LINE
  5
115C
330
70
100
AcDbEntity
  8
Visible
100
AcDbLine
 10
437.307855
 20
990.415852
 30
0.0
 11
437.233855
 21
990.497852
 31
0.0
  0
LINE
  5
115D
330
70
100
AcDbEntity
  8
Visible
100
AcDbLine
 10
437.387855
 20
990.337852
 30
0.0
 11
437.307855
 21
990.415852
 31
0.0
  0
LINE
  5
115E
330
70
100
AcDbEntity
  8
Visible
100
AcDbLine
 10
437.473855
 20
990.262852
 30
0.0
 11
437.387855
 21
990.337852
 31
0.0
  0
LINE
  5
115F
330
70
100
AcDbEntity
  8
Visible
100
AcDbLine
 10
437.565855
 20
990.190852
 30
0.0
 11
437.473855
 21
990.262852
 31
0.0
  0
LINE
  5
1160
330
70
100
AcDbEntity
  8
Visible
100
AcDbLine
 10
437.663855
 20
990.122852
 30
0.0
 11
437.565855
 21
990.190852
 31
0.0
  0
LINE
  5
1161
330
70
100
AcDbEntity
  8
Visible
100
AcDbLine
 10
437.766855
 20
990.057852
 30
0.0
 11
437.663855
 21
990.122852
 31
0.0
  0
LINE
  5
1162
330
70
100
AcDbEntity
  8
Visible
100
AcDbLine
 10
437.875855
 20
989.996852
 30
0.0
 11
437.766855
 21
990.057852
 31
0.0
  0
LINE
  5
1163
330
70
100
AcDbEntity
  8
Visible
100
AcDbLine
 10
437.990855
 20
989.937852
 30
0.0
 11
437.875855
 21
989.996852
 31
0.0
  0
LINE
  5
1164
330
70
100
AcDbEntity
  8
Visible
100
AcDbLine
 10
438.111855
 20
989.882852
 30
0.0
 11
437.990855
 21
989.937852
 31
0.0
  0
LINE
  5
1165
330
70
100
AcDbEntity
  8
Visible
100
AcDbLine
 10
438.238855
 20
989.831852
 30
0.0
 11
438.111855
 21
989.882852
 31
0.0
  0
LINE
  5
1166
330
70
100
AcDbEntity
  8
Visible
100
AcDbLine
 10
438.370855
 20
989.784852
 30
0.0
 11
438.238855
 21
989.831852
 31
0.0
  0
LINE
  5
1167
330
70
100
AcDbEntity
  8
Visible
100
AcDbLine
 10
438.507855
 20
989.741852
 30
0.0
 11
438.370855
 21
989.784852
 31
0.0
  0
LINE
  5
1168
330
70
100
AcDbEntity
  8
Visible
100
AcDbLine
 10
438.648855
 20
989.704852
 30
0.0
 11
438.507855
 21
989.741852
 31
0.0
  0
LINE
  5
1169
330
70
100
AcDbEntity
  8
Visible
100
AcDbLine
 10
438.794855
 20
989.672852
 30
0.0
 11
438.648855
 21
989.704852
 31
0.0
  0
LINE
  5
116A
330
70
100
AcDbEntity
  8
Visible
100
AcDbLine
 10
438.944855
 20
989.644852
 30
0.0
 11
438.794855
 21
989.672852
 31
0.0
  0
LINE
  5
116B
330
70
100
AcDbEntity
  8
Visible
100
AcDbLine
 10
439.100855
 20
989.622852
 30
0.0
 11
438.944855
 21
989.644852
 31
0.0
  0
LINE
  5
116C
330
70
100
AcDbEntity
  8
Visible
100
AcDbLine
 10
439.260855
 20
989.604852
 30
0.0
 11
439.100855
 21
989.622852
 31
0.0
  0
LINE
  5
116D
330
70
100
AcDbEntity
  8
Visible
100
AcDbLine
 10
439.425855
 20
989.592852
 30
0.0
 11
439.260855
 21
989.604852
 31
0.0
  0
LINE
  5
116E
330
70
100
AcDbEntity
  8
Visible
100
AcDbLine
 10
439.594855
 20
989.584852
 30
0.0
 11
439.425855
 21
989.592852
 31
0.0
  0
LINE
  5
116F
330
70
100
AcDbEntity
  8
Visible
100
AcDbLine
 10
439.768855
 20
989.582852
 30
0.0
 11
439.594855
 21
989.584852
 31
0.0
  0
LINE
  5
1170
330
70
100
AcDbEntity
  8
Visible
100
AcDbLine
 10
439.974855
 20
989.585852
 30
0.0
 11
439.768855
 21
989.582852
 31
0.0
  0
LINE
  5
1171
330
70
100
AcDbEntity
  8
Visible
100
AcDbLine
 10
440.174855
 20
989.595852
 30
0.0
 11
439.974855
 21
989.585852
 31
0.0
  0
LINE
  5
1172
330
70
100
AcDbEntity
  8
Visible
100
AcDbLine
 10
440.368855
 20
989.612852
 30
0.0
 11
440.174855
 21
989.595852
 31
0.0
  0
LINE
  5
1173
330
70
100
AcDbEntity
  8
Visible
100
AcDbLine
 10
440.556855
 20
989.635852
 30
0.0
 11
440.368855
 21
989.612852
 31
0.0
  0
LINE
  5
1174
330
70
100
AcDbEntity
  8
Visible
100
AcDbLine
 10
440.739855
 20
989.665852
 30
0.0
 11
440.556855
 21
989.635852
 31
0.0
  0
LINE
  5
1175
330
70
100
AcDbEntity
  8
Visible
100
AcDbLine
 10
440.915855
 20
989.702852
 30
0.0
 11
440.739855
 21
989.665852
 31
0.0
  0
LINE
  5
1176
330
70
100
AcDbEntity
  8
Visible
100
AcDbLine
 10
441.086855
 20
989.745852
 30
0.0
 11
440.915855
 21
989.702852
 31
0.0
  0
LINE
  5
1177
330
70
100
AcDbEntity
  8
Visible
100
AcDbLine
 10
441.250855
 20
989.795852
 30
0.0
 11
441.086855
 21
989.745852
 31
0.0
  0
LINE
  5
1178
330
70
100
AcDbEntity
  8
Visible
100
AcDbLine
 10
441.409855
 20
989.852852
 30
0.0
 11
441.250855
 21
989.795852
 31
0.0
  0
LINE
  5
1179
330
70
100
AcDbEntity
  8
Visible
100
AcDbLine
 10
441.562855
 20
989.915852
 30
0.0
 11
441.409855
 21
989.852852
 31
0.0
  0
LINE
  5
117A
330
70
100
AcDbEntity
  8
Visible
100
AcDbLine
 10
441.709855
 20
989.983852
 30
0.0
 11
441.562855
 21
989.915852
 31
0.0
  0
LINE
  5
117B
330
70
100
AcDbEntity
  8
Visible
100
AcDbLine
 10
441.848855
 20
990.056852
 30
0.0
 11
441.709855
 21
989.983852
 31
0.0
  0
LINE
  5
117C
330
70
100
AcDbEntity
  8
Visible
100
AcDbLine
 10
441.981855
 20
990.132852
 30
0.0
 11
441.848855
 21
990.056852
 31
0.0
  0
LINE
  5
117D
330
70
100
AcDbEntity
  8
Visible
100
AcDbLine
 10
442.106855
 20
990.211852
 30
0.0
 11
441.981855
 21
990.132852
 31
0.0
  0
LINE
  5
117E
330
70
100
AcDbEntity
  8
Visible
100
AcDbLine
 10
442.225855
 20
990.294852
 30
0.0
 11
442.106855
 21
990.211852
 31
0.0
  0
LINE
  5
117F
330
70
100
AcDbEntity
  8
Visible
100
AcDbLine
 10
442.337855
 20
990.382852
 30
0.0
 11
442.225855
 21
990.294852
 31
0.0
  0
LINE
  5
1180
330
70
100
AcDbEntity
  8
Visible
100
AcDbLine
 10
442.441855
 20
990.472852
 30
0.0
 11
442.337855
 21
990.382852
 31
0.0
  0
LINE
  5
1181
330
70
100
AcDbEntity
  8
Visible
100
AcDbLine
 10
442.539855
 20
990.567852
 30
0.0
 11
442.441855
 21
990.472852
 31
0.0
  0
LINE
  5
1182
330
70
100
AcDbEntity
  8
Visible
100
AcDbLine
 10
442.630855
 20
990.665852
 30
0.0
 11
442.539855
 21
990.567852
 31
0.0
  0
LINE
  5
1183
330
70
100
AcDbEntity
  8
Visible
100
AcDbLine
 10
442.714855
 20
990.767852
 30
0.0
 11
442.630855
 21
990.665852
 31
0.0
  0
LINE
  5
1184
330
70
100
AcDbEntity
  8
Visible
100
AcDbLine
 10
442.790855
 20
990.871852
 30
0.0
 11
442.714855
 21
990.767852
 31
0.0
  0
LINE
  5
1185
330
70
100
AcDbEntity
  8
Visible
100
AcDbLine
 10
442.859855
 20
990.976852
 30
0.0
 11
442.790855
 21
990.871852
 31
0.0
  0
LINE
  5
1186
330
70
100
AcDbEntity
  8
Visible
100
AcDbLine
 10
442.919855
 20
991.082852
 30
0.0
 11
442.859855
 21
990.976852
 31
0.0
  0
LINE
  5
1187
330
70
100
AcDbEntity
  8
Visible
100
AcDbLine
 10
442.971855
 20
991.189852
 30
0.0
 11
442.919855
 21
991.082852
 31
0.0
  0
LINE
  5
1188
330
70
100
AcDbEntity
  8
Visible
100
AcDbLine
 10
443.015855
 20
991.297852
 30
0.0
 11
442.971855
 21
991.189852
 31
0.0
  0
LINE
  5
1189
330
70
100
AcDbEntity
  8
Visible
100
AcDbLine
 10
443.052855
 20
991.406852
 30
0.0
 11
443.015855
 21
991.297852
 31
0.0
  0
LINE
  5
118A
330
70
100
AcDbEntity
  8
Visible
100
AcDbLine
 10
443.080855
 20
991.516852
 30
0.0
 11
443.052855
 21
991.406852
 31
0.0
  0
LINE
  5
118B
330
70
100
AcDbEntity
  8
Visible
100
AcDbLine
 10
443.100855
 20
991.626852
 30
0.0
 11
443.080855
 21
991.516852
 31
0.0
  0
LINE
  5
118C
330
70
100
AcDbEntity
  8
Visible
100
AcDbLine
 10
443.112855
 20
991.738852
 30
0.0
 11
443.100855
 21
991.626852
 31
0.0
  0
LINE
  5
118D
330
70
100
AcDbEntity
  8
Visible
100
AcDbLine
 10
443.116855
 20
991.850852
 30
0.0
 11
443.112855
 21
991.738852
 31
0.0
  0
LINE
  5
118E
330
70
100
AcDbEntity
  8
Visible
100
AcDbLine
 10
443.111855
 20
991.970852
 30
0.0
 11
443.116855
 21
991.850852
 31
0.0
  0
LINE
  5
118F
330
70
100
AcDbEntity
  8
Visible
100
AcDbLine
 10
443.097855
 20
992.084852
 30
0.0
 11
443.111855
 21
991.970852
 31
0.0
  0
LINE
  5
1190
330
70
100
AcDbEntity
  8
Visible
100
AcDbLine
 10
443.074855
 20
992.193852
 30
0.0
 11
443.097855
 21
992.084852
 31
0.0
  0
LINE
  5
1191
330
70
100
AcDbEntity
  8
Visible
100
AcDbLine
 10
443.042855
 20
992.296852
 30
0.0
 11
443.074855
 21
992.193852
 31
0.0
  0
LINE
  5
1192
330
70
100
AcDbEntity
  8
Visible
100
AcDbLine
 10
443.000855
 20
992.394852
 30
0.0
 11
443.042855
 21
992.296852
 31
0.0
  0
LINE
  5
1193
330
70
100
AcDbEntity
  8
Visible
100
AcDbLine
 10
442.949855
 20
992.487852
 30
0.0
 11
443.000855
 21
992.394852
 31
0.0
  0
LINE
  5
1194
330
70
100
AcDbEntity
  8
Visible
100
AcDbLine
 10
442.888855
 20
992.575852
 30
0.0
 11
442.949855
 21
992.487852
 31
0.0
  0
LINE
  5
1195
330
70
100
AcDbEntity
  8
Visible
100
AcDbLine
 10
442.818855
 20
992.656852
 30
0.0
 11
442.888855
 21
992.575852
 31
0.0
  0
LINE
  5
1196
330
70
100
AcDbEntity
  8
Visible
100
AcDbLine
 10
442.739855
 20
992.733852
 30
0.0
 11
442.818855
 21
992.656852
 31
0.0
  0
LINE
  5
1197
330
70
100
AcDbEntity
  8
Visible
100
AcDbLine
 10
442.651855
 20
992.804852
 30
0.0
 11
442.739855
 21
992.733852
 31
0.0
  0
LINE
  5
1198
330
70
100
AcDbEntity
  8
Visible
100
AcDbLine
 10
442.555855
 20
992.869852
 30
0.0
 11
442.651855
 21
992.804852
 31
0.0
  0
LINE
  5
1199
330
70
100
AcDbEntity
  8
Visible
100
AcDbLine
 10
442.451855
 20
992.927852
 30
0.0
 11
442.555855
 21
992.869852
 31
0.0
  0
LINE
  5
119A
330
70
100
AcDbEntity
  8
Visible
100
AcDbLine
 10
442.341855
 20
992.978852
 30
0.0
 11
442.451855
 21
992.927852
 31
0.0
  0
LINE
  5
119B
330
70
100
AcDbEntity
  8
Visible
100
AcDbLine
 10
442.224855
 20
993.023852
 30
0.0
 11
442.341855
 21
992.978852
 31
0.0
  0
LINE
  5
119C
330
70
100
AcDbEntity
  8
Visible
100
AcDbLine
 10
442.100855
 20
993.061852
 30
0.0
 11
442.224855
 21
993.023852
 31
0.0
  0
LINE
  5
119D
330
70
100
AcDbEntity
  8
Visible
100
AcDbLine
 10
441.969855
 20
993.091852
 30
0.0
 11
442.100855
 21
993.061852
 31
0.0
  0
LINE
  5
119E
330
70
100
AcDbEntity
  8
Visible
100
AcDbLine
 10
441.831855
 20
993.115852
 30
0.0
 11
441.969855
 21
993.091852
 31
0.0
  0
LINE
  5
119F
330
70
100
AcDbEntity
  8
Visible
100
AcDbLine
 10
441.686855
 20
993.132852
 30
0.0
 11
441.831855
 21
993.115852
 31
0.0
  0
LINE
  5
11A0
330
70
100
AcDbEntity
  8
Visible
100
AcDbLine
 10
441.535855
 20
993.143852
 30
0.0
 11
441.686855
 21
993.132852
 31
0.0
  0
LINE
  5
11A1
330
70
100
AcDbEntity
  8
Visible
100
AcDbLine
 10
441.376855
 20
993.146852
 30
0.0
 11
441.535855
 21
993.143852
 31
0.0
  0
LINE
  5
11A2
330
70
100
AcDbEntity
  8
Visible
100
AcDbLine
 10
439.144855
 20
993.146852
 30
0.0
 11
441.376855
 21
993.146852
 31
0.0
  0
LINE
  5
11A3
330
70
100
AcDbEntity
  8
Visible
100
AcDbLine
 10
439.028855
 20
993.148852
 30
0.0
 11
439.144855
 21
993.146852
 31
0.0
  0
LINE
  5
11A4
330
70
100
AcDbEntity
  8
Visible
100
AcDbLine
 10
438.919855
 20
993.153852
 30
0.0
 11
439.028855
 21
993.148852
 31
0.0
  0
LINE
  5
11A5
330
70
100
AcDbEntity
  8
Visible
100
AcDbLine
 10
438.817855
 20
993.163852
 30
0.0
 11
438.919855
 21
993.153852
 31
0.0
  0
LINE
  5
11A6
330
70
100
AcDbEntity
  8
Visible
100
AcDbLine
 10
438.724855
 20
993.176852
 30
0.0
 11
438.817855
 21
993.163852
 31
0.0
  0
LINE
  5
11A7
330
70
100
AcDbEntity
  8
Visible
100
AcDbLine
 10
438.637855
 20
993.192852
 30
0.0
 11
438.724855
 21
993.176852
 31
0.0
  0
LINE
  5
11A8
330
70
100
AcDbEntity
  8
Visible
100
AcDbLine
 10
438.558855
 20
993.213852
 30
0.0
 11
438.637855
 21
993.192852
 31
0.0
  0
LINE
  5
11A9
330
70
100
AcDbEntity
  8
Visible
100
AcDbLine
 10
438.486855
 20
993.237852
 30
0.0
 11
438.558855
 21
993.213852
 31
0.0
  0
LINE
  5
11AA
330
70
100
AcDbEntity
  8
Visible
100
AcDbLine
 10
438.422855
 20
993.265852
 30
0.0
 11
438.486855
 21
993.237852
 31
0.0
  0
LINE
  5
11AB
330
70
100
AcDbEntity
  8
Visible
100
AcDbLine
 10
438.365855
 20
993.297852
 30
0.0
 11
438.422855
 21
993.265852
 31
0.0
  0
LINE
  5
11AC
330
70
100
AcDbEntity
  8
Visible
100
AcDbLine
 10
438.316855
 20
993.332852
 30
0.0
 11
438.365855
 21
993.297852
 31
0.0
  0
LINE
  5
11AD
330
70
100
AcDbEntity
  8
Visible
100
AcDbLine
 10
438.273855
 20
993.370852
 30
0.0
 11
438.316855
 21
993.332852
 31
0.0
  0
LINE
  5
11AE
330
70
100
AcDbEntity
  8
Visible
100
AcDbLine
 10
438.234855
 20
993.410852
 30
0.0
 11
438.273855
 21
993.370852
 31
0.0
  0
LINE
  5
11AF
330
70
100
AcDbEntity
  8
Visible
100
AcDbLine
 10
438.200855
 20
993.452852
 30
0.0
 11
438.234855
 21
993.410852
 31
0.0
  0
LINE
  5
11B0
330
70
100
AcDbEntity
  8
Visible
100
AcDbLine
 10
438.170855
 20
993.495852
 30
0.0
 11
438.200855
 21
993.452852
 31
0.0
  0
LINE
  5
11B1
330
70
100
AcDbEntity
  8
Visible
100
AcDbLine
 10
438.145855
 20
993.540852
 30
0.0
 11
438.170855
 21
993.495852
 31
0.0
  0
LINE
  5
11B2
330
70
100
AcDbEntity
  8
Visible
100
AcDbLine
 10
438.124855
 20
993.588852
 30
0.0
 11
438.145855
 21
993.540852
 31
0.0
  0
LINE
  5
11B3
330
70
100
AcDbEntity
  8
Visible
100
AcDbLine
 10
438.109855
 20
993.636852
 30
0.0
 11
438.124855
 21
993.588852
 31
0.0
  0
LINE
  5
11B4
330
70
100
AcDbEntity
  8
Visible
100
AcDbLine
 10
438.097855
 20
993.687852
 30
0.0
 11
438.109855
 21
993.636852
 31
0.0
  0
LINE
  5
11B5
330
70
100
AcDbEntity
  8
Visible
100
AcDbLine
 10
438.090855
 20
993.740852
 30
0.0
 11
438.097855
 21
993.687852
 31
0.0
  0
LINE
  5
11B6
330
70
100
AcDbEntity
  8
Visible
100
AcDbLine
 10
438.088855
 20
993.794852
 30
0.0
 11
438.090855
 21
993.740852
 31
0.0
  0
LINE
  5
11B7
330
70
100
AcDbEntity
  8
Visible
100
AcDbLine
 10
438.089855
 20
993.841852
 30
0.0
 11
438.088855
 21
993.794852
 31
0.0
  0
LINE
  5
11B8
330
70
100
AcDbEntity
  8
Visible
100
AcDbLine
 10
438.093855
 20
993.887852
 30
0.0
 11
438.089855
 21
993.841852
 31
0.0
  0
LINE
  5
11B9
330
70
100
AcDbEntity
  8
Visible
100
AcDbLine
 10
438.099855
 20
993.931852
 30
0.0
 11
438.093855
 21
993.887852
 31
0.0
  0
LINE
  5
11BA
330
70
100
AcDbEntity
  8
Visible
100
AcDbLine
 10
438.108855
 20
993.973852
 30
0.0
 11
438.099855
 21
993.931852
 31
0.0
  0
LINE
  5
11BB
330
70
100
AcDbEntity
  8
Visible
100
AcDbLine
 10
438.119855
 20
994.014852
 30
0.0
 11
438.108855
 21
993.973852
 31
0.0
  0
LINE
  5
11BC
330
70
100
AcDbEntity
  8
Visible
100
AcDbLine
 10
438.132855
 20
994.053852
 30
0.0
 11
438.119855
 21
994.014852
 31
0.0
  0
LINE
  5
11BD
330
70
100
AcDbEntity
  8
Visible
100
AcDbLine
 10
438.148855
 20
994.090852
 30
0.0
 11
438.132855
 21
994.053852
 31
0.0
  0
LINE
  5
11BE
330
70
100
AcDbEntity
  8
Visible
100
AcDbLine
 10
438.167855
 20
994.126852
 30
0.0
 11
438.148855
 21
994.090852
 31
0.0
  0
LINE
  5
11BF
330
70
100
AcDbEntity
  8
Visible
100
AcDbLine
 10
438.188855
 20
994.160852
 30
0.0
 11
438.167855
 21
994.126852
 31
0.0
  0
LINE
  5
11C0
330
70
100
AcDbEntity
  8
Visible
100
AcDbLine
 10
438.211855
 20
994.193852
 30
0.0
 11
438.188855
 21
994.160852
 31
0.0
  0
LINE
  5
11C1
330
70
100
AcDbEntity
  8
Visible
100
AcDbLine
 10
438.236855
 20
994.224852
 30
0.0
 11
438.211855
 21
994.193852
 31
0.0
  0
LINE
  5
11C2
330
70
100
AcDbEntity
  8
Visible
100
AcDbLine
 10
438.263855
 20
994.253852
 30
0.0
 11
438.236855
 21
994.224852
 31
0.0
  0
LINE
  5
11C3
330
70
100
AcDbEntity
  8
Visible
100
AcDbLine
 10
438.290855
 20
994.281852
 30
0.0
 11
438.263855
 21
994.253852
 31
0.0
  0
LINE
  5
11C4
330
70
100
AcDbEntity
  8
Visible
100
AcDbLine
 10
438.319855
 20
994.308852
 30
0.0
 11
438.290855
 21
994.281852
 31
0.0
  0
LINE
  5
11C5
330
70
100
AcDbEntity
  8
Visible
100
AcDbLine
 10
438.349855
 20
994.332852
 30
0.0
 11
438.319855
 21
994.308852
 31
0.0
  0
LINE
  5
11C6
330
70
100
AcDbEntity
  8
Visible
100
AcDbLine
 10
438.380855
 20
994.356852
 30
0.0
 11
438.349855
 21
994.332852
 31
0.0
  0
LINE
  5
11C7
330
70
100
AcDbEntity
  8
Visible
100
AcDbLine
 10
438.413855
 20
994.377852
 30
0.0
 11
438.380855
 21
994.356852
 31
0.0
  0
LINE
  5
11C8
330
70
100
AcDbEntity
  8
Visible
100
AcDbLine
 10
438.446855
 20
994.397852
 30
0.0
 11
438.413855
 21
994.377852
 31
0.0
  0
LINE
  5
11C9
330
70
100
AcDbEntity
  8
Visible
100
AcDbLine
 10
438.481855
 20
994.416852
 30
0.0
 11
438.446855
 21
994.397852
 31
0.0
  0
LINE
  5
11CA
330
70
100
AcDbEntity
  8
Visible
100
AcDbLine
 10
438.517855
 20
994.433852
 30
0.0
 11
438.481855
 21
994.416852
 31
0.0
  0
LINE
  5
11CB
330
70
100
AcDbEntity
  8
Visible
100
AcDbLine
 10
438.554855
 20
994.448852
 30
0.0
 11
438.517855
 21
994.433852
 31
0.0
  0
LINE
  5
11CC
330
70
100
AcDbEntity
  8
Visible
100
AcDbLine
 10
438.590855
 20
994.462852
 30
0.0
 11
438.554855
 21
994.448852
 31
0.0
  0
LINE
  5
11CD
330
70
100
AcDbEntity
  8
Visible
100
AcDbLine
 10
438.627855
 20
994.474852
 30
0.0
 11
438.590855
 21
994.462852
 31
0.0
  0
LINE
  5
11CE
330
70
100
AcDbEntity
  8
Visible
100
AcDbLine
 10
438.663855
 20
994.485852
 30
0.0
 11
438.627855
 21
994.474852
 31
0.0
  0
LINE
  5
11CF
330
70
100
AcDbEntity
  8
Visible
100
AcDbLine
 10
438.699855
 20
994.494852
 30
0.0
 11
438.663855
 21
994.485852
 31
0.0
  0
LINE
  5
11D0
330
70
100
AcDbEntity
  8
Visible
100
AcDbLine
 10
438.711452
 20
994.497046
 30
0.0
 11
438.699855
 21
994.494852
 31
0.0
  0
LINE
  5
11D1
330
70
100
AcDbEntity
  8
Visible
100
AcDbLine
 10
438.745855
 20
994.478852
 30
0.0
 11
438.711452
 21
994.497046
 31
0.0
  0
LINE
  5
11D2
330
70
100
AcDbEntity
  8
Visible
100
AcDbLine
 10
438.852855
 20
994.428852
 30
0.0
 11
438.745855
 21
994.478852
 31
0.0
  0
LINE
  5
11D3
330
70
100
AcDbEntity
  8
Visible
100
AcDbLine
 10
438.963855
 20
994.383852
 30
0.0
 11
438.852855
 21
994.428852
 31
0.0
  0
LINE
  5
11D4
330
70
100
AcDbEntity
  8
Visible
100
AcDbLine
 10
439.075855
 20
994.343852
 30
0.0
 11
438.963855
 21
994.383852
 31
0.0
  0
LINE
  5
11D5
330
70
100
AcDbEntity
  8
Visible
100
AcDbLine
 10
439.190855
 20
994.309852
 30
0.0
 11
439.075855
 21
994.343852
 31
0.0
  0
LINE
  5
11D6
330
70
100
AcDbEntity
  8
Visible
100
AcDbLine
 10
439.308855
 20
994.280852
 30
0.0
 11
439.190855
 21
994.309852
 31
0.0
  0
LINE
  5
11D7
330
70
100
AcDbEntity
  8
Visible
100
AcDbLine
 10
439.429855
 20
994.256852
 30
0.0
 11
439.308855
 21
994.280852
 31
0.0
  0
LINE
  5
11D8
330
70
100
AcDbEntity
  8
Visible
100
AcDbLine
 10
439.552855
 20
994.238852
 30
0.0
 11
439.429855
 21
994.256852
 31
0.0
  0
LINE
  5
11D9
330
70
100
AcDbEntity
  8
Visible
100
AcDbLine
 10
439.677855
 20
994.225852
 30
0.0
 11
439.552855
 21
994.238852
 31
0.0
  0
LINE
  5
11DA
330
70
100
AcDbEntity
  8
Visible
100
AcDbLine
 10
439.805855
 20
994.217852
 30
0.0
 11
439.677855
 21
994.225852
 31
0.0
  0
LINE
  5
11DB
330
70
100
AcDbEntity
  8
Visible
100
AcDbLine
 10
439.936855
 20
994.214852
 30
0.0
 11
439.805855
 21
994.217852
 31
0.0
  0
LINE
  5
11DC
330
70
100
AcDbEntity
  8
Visible
100
AcDbLine
 10
440.063855
 20
994.217852
 30
0.0
 11
439.936855
 21
994.214852
 31
0.0
  0
LINE
  5
11DD
330
70
100
AcDbEntity
  8
Visible
100
AcDbLine
 10
440.188855
 20
994.225852
 30
0.0
 11
440.063855
 21
994.217852
 31
0.0
  0
LINE
  5
11DE
330
70
100
AcDbEntity
  8
Visible
100
AcDbLine
 10
440.311855
 20
994.238852
 30
0.0
 11
440.188855
 21
994.225852
 31
0.0
  0
LINE
  5
11DF
330
70
100
AcDbEntity
  8
Visible
100
AcDbLine
 10
440.431855
 20
994.256852
 30
0.0
 11
440.311855
 21
994.238852
 31
0.0
  0
LINE
  5
11E0
330
70
100
AcDbEntity
  8
Visible
100
AcDbLine
 10
440.549855
 20
994.280852
 30
0.0
 11
440.431855
 21
994.256852
 31
0.0
  0
LINE
  5
11E1
330
70
100
AcDbEntity
  8
Visible
100
AcDbLine
 10
440.664855
 20
994.309852
 30
0.0
 11
440.549855
 21
994.280852
 31
0.0
  0
LINE
  5
11E2
330
70
100
AcDbEntity
  8
Visible
100
AcDbLine
 10
440.777855
 20
994.343852
 30
0.0
 11
440.664855
 21
994.309852
 31
0.0
  0
LINE
  5
11E3
330
70
100
AcDbEntity
  8
Visible
100
AcDbLine
 10
440.888855
 20
994.383852
 30
0.0
 11
440.777855
 21
994.343852
 31
0.0
  0
LINE
  5
11E4
330
70
100
AcDbEntity
  8
Visible
100
AcDbLine
 10
440.997855
 20
994.428852
 30
0.0
 11
440.888855
 21
994.383852
 31
0.0
  0
LINE
  5
11E5
330
70
100
AcDbEntity
  8
Visible
100
AcDbLine
 10
441.103855
 20
994.478852
 30
0.0
 11
440.997855
 21
994.428852
 31
0.0
  0
LINE
  5
11E6
330
70
100
AcDbEntity
  8
Visible
100
AcDbLine
 10
441.206855
 20
994.533852
 30
0.0
 11
441.103855
 21
994.478852
 31
0.0
  0
LINE
  5
11E7
330
70
100
AcDbEntity
  8
Visible
100
AcDbLine
 10
441.304855
 20
994.592852
 30
0.0
 11
441.206855
 21
994.533852
 31
0.0
  0
LINE
  5
11E8
330
70
100
AcDbEntity
  8
Visible
100
AcDbLine
 10
441.399855
 20
994.655852
 30
0.0
 11
441.304855
 21
994.592852
 31
0.0
  0
LINE
  5
11E9
330
70
100
AcDbEntity
  8
Visible
100
AcDbLine
 10
441.489855
 20
994.723852
 30
0.0
 11
441.399855
 21
994.655852
 31
0.0
  0
LINE
  5
11EA
330
70
100
AcDbEntity
  8
Visible
100
AcDbLine
 10
441.575855
 20
994.794852
 30
0.0
 11
441.489855
 21
994.723852
 31
0.0
  0
LINE
  5
11EB
330
70
100
AcDbEntity
  8
Visible
100
AcDbLine
 10
441.656855
 20
994.870852
 30
0.0
 11
441.575855
 21
994.794852
 31
0.0
  0
LINE
  5
11EC
330
70
100
AcDbEntity
  8
Visible
100
AcDbLine
 10
441.734855
 20
994.951852
 30
0.0
 11
441.656855
 21
994.870852
 31
0.0
  0
LINE
  5
11ED
330
70
100
AcDbEntity
  8
Visible
100
AcDbLine
 10
441.807855
 20
995.035852
 30
0.0
 11
441.734855
 21
994.951852
 31
0.0
  0
LINE
  5
11EE
330
70
100
AcDbEntity
  8
Visible
100
AcDbLine
 10
441.875855
 20
995.123852
 30
0.0
 11
441.807855
 21
995.035852
 31
0.0
  0
LINE
  5
11EF
330
70
100
AcDbEntity
  8
Visible
100
AcDbLine
 10
441.940855
 20
995.216852
 30
0.0
 11
441.875855
 21
995.123852
 31
0.0
  0
LINE
  5
11F0
330
70
100
AcDbEntity
  8
Visible
100
AcDbLine
 10
441.999855
 20
995.312852
 30
0.0
 11
441.940855
 21
995.216852
 31
0.0
  0
LINE
  5
11F1
330
70
100
AcDbEntity
  8
Visible
100
AcDbLine
 10
442.052855
 20
995.412852
 30
0.0
 11
441.999855
 21
995.312852
 31
0.0
  0
LINE
  5
11F2
330
70
100
AcDbEntity
  8
Visible
100
AcDbLine
 10
442.099855
 20
995.514852
 30
0.0
 11
442.052855
 21
995.412852
 31
0.0
  0
LINE
  5
11F3
330
70
100
AcDbEntity
  8
Visible
100
AcDbLine
 10
442.140855
 20
995.619852
 30
0.0
 11
442.099855
 21
995.514852
 31
0.0
  0
LINE
  5
11F4
330
70
100
AcDbEntity
  8
Visible
100
AcDbLine
 10
442.174855
 20
995.727852
 30
0.0
 11
442.140855
 21
995.619852
 31
0.0
  0
LINE
  5
11F5
330
70
100
AcDbEntity
  8
Visible
100
AcDbLine
 10
442.202855
 20
995.839852
 30
0.0
 11
442.174855
 21
995.727852
 31
0.0
  0
LINE
  5
11F6
330
70
100
AcDbEntity
  8
Visible
100
AcDbLine
 10
442.224855
 20
995.953852
 30
0.0
 11
442.202855
 21
995.839852
 31
0.0
  0
LINE
  5
11F7
330
70
100
AcDbEntity
  8
Visible
100
AcDbLine
 10
442.240855
 20
996.070852
 30
0.0
 11
442.224855
 21
995.953852
 31
0.0
  0
LINE
  5
11F8
330
70
100
AcDbEntity
  8
Visible
100
AcDbLine
 10
442.249855
 20
996.191852
 30
0.0
 11
442.240855
 21
996.070852
 31
0.0
  0
LINE
  5
11F9
330
70
100
AcDbEntity
  8
Visible
100
AcDbLine
 10
442.252855
 20
996.314852
 30
0.0
 11
442.249855
 21
996.191852
 31
0.0
  0
LINE
  5
11FA
330
70
100
AcDbEntity
  8
Visible
100
AcDbLine
 10
442.249855
 20
996.438852
 30
0.0
 11
442.252855
 21
996.314852
 31
0.0
  0
LINE
  5
11FB
330
70
100
AcDbEntity
  8
Visible
100
AcDbLine
 10
442.240855
 20
996.560852
 30
0.0
 11
442.249855
 21
996.438852
 31
0.0
  0
LINE
  5
11FC
330
70
100
AcDbEntity
  8
Visible
100
AcDbLine
 10
442.224855
 20
996.678852
 30
0.0
 11
442.240855
 21
996.560852
 31
0.0
  0
LINE
  5
11FD
330
70
100
AcDbEntity
  8
Visible
100
AcDbLine
 10
442.202855
 20
996.793852
 30
0.0
 11
442.224855
 21
996.678852
 31
0.0
  0
LINE
  5
11FE
330
70
100
AcDbEntity
  8
Visible
100
AcDbLine
 10
442.174855
 20
996.905852
 30
0.0
 11
442.202855
 21
996.793852
 31
0.0
  0
LINE
  5
11FF
330
70
100
AcDbEntity
  8
Visible
100
AcDbLine
 10
442.140855
 20
997.014852
 30
0.0
 11
442.174855
 21
996.905852
 31
0.0
  0
LINE
  5
1200
330
70
100
AcDbEntity
  8
Visible
100
AcDbLine
 10
442.099855
 20
997.120852
 30
0.0
 11
442.140855
 21
997.014852
 31
0.0
  0
LINE
  5
1201
330
70
100
AcDbEntity
  8
Visible
100
AcDbLine
 10
442.052855
 20
997.222852
 30
0.0
 11
442.099855
 21
997.120852
 31
0.0
  0
LINE
  5
1202
330
70
100
AcDbEntity
  8
Visible
100
AcDbLine
 10
441.999855
 20
997.322852
 30
0.0
 11
442.052855
 21
997.222852
 31
0.0
  0
LINE
  5
1203
330
70
100
AcDbEntity
  8
Visible
100
AcDbLine
 10
441.940855
 20
997.418852
 30
0.0
 11
441.999855
 21
997.322852
 31
0.0
  0
LINE
  5
1204
330
70
100
AcDbEntity
  8
Visible
100
AcDbLine
 10
441.875855
 20
997.511852
 30
0.0
 11
441.940855
 21
997.418852
 31
0.0
  0
LINE
  5
1205
330
70
100
AcDbEntity
  8
Visible
100
AcDbLine
 10
441.823287
 20
997.579881
 30
0.0
 11
441.875855
 21
997.511852
 31
0.0
  0
LINE
  5
1206
330
70
100
AcDbEntity
  8
Visible
100
AcDbLine
 10
441.823855
 20
997.597852
 30
0.0
 11
441.823287
 21
997.579881
 31
0.0
  0
LINE
  5
1207
330
70
100
AcDbEntity
  8
Visible
100
AcDbLine
 10
441.832855
 20
997.686852
 30
0.0
 11
441.823855
 21
997.597852
 31
0.0
  0
LINE
  5
1208
330
70
100
AcDbEntity
  8
Visible
100
AcDbLine
 10
441.846855
 20
997.771852
 30
0.0
 11
441.832855
 21
997.686852
 31
0.0
  0
LINE
  5
1209
330
70
100
AcDbEntity
  8
Visible
100
AcDbLine
 10
441.866855
 20
997.850852
 30
0.0
 11
441.846855
 21
997.771852
 31
0.0
  0
LINE
  5
120A
330
70
100
AcDbEntity
  8
Visible
100
AcDbLine
 10
441.892855
 20
997.924852
 30
0.0
 11
441.866855
 21
997.850852
 31
0.0
  0
LINE
  5
120B
330
70
100
AcDbEntity
  8
Visible
100
AcDbLine
 10
441.924855
 20
997.993852
 30
0.0
 11
441.892855
 21
997.924852
 31
0.0
  0
LINE
  5
120C
330
70
100
AcDbEntity
  8
Visible
100
AcDbLine
 10
441.961855
 20
998.057852
 30
0.0
 11
441.924855
 21
997.993852
 31
0.0
  0
LINE
  5
120D
330
70
100
AcDbEntity
  8
Visible
100
AcDbLine
 10
442.004855
 20
998.116852
 30
0.0
 11
441.961855
 21
998.057852
 31
0.0
  0
LINE
  5
120E
330
70
100
AcDbEntity
  8
Visible
100
AcDbLine
 10
442.053855
 20
998.170852
 30
0.0
 11
442.004855
 21
998.116852
 31
0.0
  0
LINE
  5
120F
330
70
100
AcDbEntity
  8
Visible
100
AcDbLine
 10
442.108855
 20
998.219852
 30
0.0
 11
442.053855
 21
998.170852
 31
0.0
  0
LINE
  5
1210
330
70
100
AcDbEntity
  8
Visible
100
AcDbLine
 10
442.168855
 20
998.263852
 30
0.0
 11
442.108855
 21
998.219852
 31
0.0
  0
LINE
  5
1211
330
70
100
AcDbEntity
  8
Visible
100
AcDbLine
 10
442.233855
 20
998.302852
 30
0.0
 11
442.168855
 21
998.263852
 31
0.0
  0
LINE
  5
1212
330
70
100
AcDbEntity
  8
Visible
100
AcDbLine
 10
442.303855
 20
998.337852
 30
0.0
 11
442.233855
 21
998.302852
 31
0.0
  0
LINE
  5
1213
330
70
100
AcDbEntity
  8
Visible
100
AcDbLine
 10
442.379855
 20
998.367852
 30
0.0
 11
442.303855
 21
998.337852
 31
0.0
  0
LINE
  5
1214
330
70
100
AcDbEntity
  8
Visible
100
AcDbLine
 10
442.459855
 20
998.392852
 30
0.0
 11
442.379855
 21
998.367852
 31
0.0
  0
LINE
  5
1215
330
70
100
AcDbEntity
  8
Visible
100
AcDbLine
 10
442.544855
 20
998.413852
 30
0.0
 11
442.459855
 21
998.392852
 31
0.0
  0
LINE
  5
1216
330
70
100
AcDbEntity
  8
Visible
100
AcDbLine
 10
442.635855
 20
998.429852
 30
0.0
 11
442.544855
 21
998.413852
 31
0.0
  0
LINE
  5
1217
330
70
100
AcDbEntity
  8
Visible
100
AcDbLine
 10
442.730855
 20
998.441852
 30
0.0
 11
442.635855
 21
998.429852
 31
0.0
  0
LINE
  5
1218
330
70
100
AcDbEntity
  8
Visible
100
AcDbLine
 10
442.831855
 20
998.448852
 30
0.0
 11
442.730855
 21
998.441852
 31
0.0
  0
LINE
  5
1219
330
70
100
AcDbEntity
  8
Visible
100
AcDbLine
 10
442.936855
 20
998.450852
 30
0.0
 11
442.831855
 21
998.448852
 31
0.0
  0
LINE
  5
121A
330
70
100
AcDbEntity
  8
Visible
100
AcDbLine
 10
443.008855
 20
999.374852
 30
0.0
 11
442.936855
 21
998.450852
 31
0.0
  0
LINE
  5
121B
330
70
100
AcDbEntity
  8
Visible
100
AcDbLine
 10
442.909855
 20
999.372852
 30
0.0
 11
443.008855
 21
999.374852
 31
0.0
  0
LINE
  5
121C
330
70
100
AcDbEntity
  8
Visible
100
AcDbLine
 10
442.812855
 20
999.365852
 30
0.0
 11
442.909855
 21
999.372852
 31
0.0
  0
LINE
  5
121D
330
70
100
AcDbEntity
  8
Visible
100
AcDbLine
 10
442.718855
 20
999.355852
 30
0.0
 11
442.812855
 21
999.365852
 31
0.0
  0
LINE
  5
121E
330
70
100
AcDbEntity
  8
Visible
100
AcDbLine
 10
442.627855
 20
999.340852
 30
0.0
 11
442.718855
 21
999.355852
 31
0.0
  0
LINE
  5
121F
330
70
100
AcDbEntity
  8
Visible
100
AcDbLine
 10
442.538855
 20
999.321852
 30
0.0
 11
442.627855
 21
999.340852
 31
0.0
  0
LINE
  5
1220
330
70
100
AcDbEntity
  8
Visible
100
AcDbLine
 10
442.453855
 20
999.297852
 30
0.0
 11
442.538855
 21
999.321852
 31
0.0
  0
LINE
  5
1221
330
70
100
AcDbEntity
  8
Visible
100
AcDbLine
 10
442.370855
 20
999.270852
 30
0.0
 11
442.453855
 21
999.297852
 31
0.0
  0
LINE
  5
1222
330
70
100
AcDbEntity
  8
Visible
100
AcDbLine
 10
442.290855
 20
999.238852
 30
0.0
 11
442.370855
 21
999.270852
 31
0.0
  0
LINE
  5
1223
330
70
100
AcDbEntity
  8
Visible
100
AcDbLine
 10
442.213855
 20
999.201852
 30
0.0
 11
442.290855
 21
999.238852
 31
0.0
  0
LINE
  5
1224
330
70
100
AcDbEntity
  8
Visible
100
AcDbLine
 10
442.138855
 20
999.161852
 30
0.0
 11
442.213855
 21
999.201852
 31
0.0
  0
LINE
  5
1225
330
70
100
AcDbEntity
  8
Visible
100
AcDbLine
 10
442.066855
 20
999.117852
 30
0.0
 11
442.138855
 21
999.161852
 31
0.0
  0
LINE
  5
1226
330
70
100
AcDbEntity
  8
Visible
100
AcDbLine
 10
441.998855
 20
999.069852
 30
0.0
 11
442.066855
 21
999.117852
 31
0.0
  0
LINE
  5
1227
330
70
100
AcDbEntity
  8
Visible
100
AcDbLine
 10
441.934855
 20
999.018852
 30
0.0
 11
441.998855
 21
999.069852
 31
0.0
  0
LINE
  5
1228
330
70
100
AcDbEntity
  8
Visible
100
AcDbLine
 10
441.872855
 20
998.964852
 30
0.0
 11
441.934855
 21
999.018852
 31
0.0
  0
LINE
  5
1229
330
70
100
AcDbEntity
  8
Visible
100
AcDbLine
 10
441.814855
 20
998.906852
 30
0.0
 11
441.872855
 21
998.964852
 31
0.0
  0
LINE
  5
122A
330
70
100
AcDbEntity
  8
Visible
100
AcDbLine
 10
441.759855
 20
998.845852
 30
0.0
 11
441.814855
 21
998.906852
 31
0.0
  0
LINE
  5
122B
330
70
100
AcDbEntity
  8
Visible
100
AcDbLine
 10
441.708855
 20
998.780852
 30
0.0
 11
441.759855
 21
998.845852
 31
0.0
  0
LINE
  5
122C
330
70
100
AcDbEntity
  8
Visible
100
AcDbLine
 10
441.660855
 20
998.713852
 30
0.0
 11
441.708855
 21
998.780852
 31
0.0
  0
LINE
  5
122D
330
70
100
AcDbEntity
  8
Visible
100
AcDbLine
 10
441.615855
 20
998.642852
 30
0.0
 11
441.660855
 21
998.713852
 31
0.0
  0
LINE
  5
122E
330
70
100
AcDbEntity
  8
Visible
100
AcDbLine
 10
441.574855
 20
998.567852
 30
0.0
 11
441.615855
 21
998.642852
 31
0.0
  0
LINE
  5
122F
330
70
100
AcDbEntity
  8
Visible
100
AcDbLine
 10
441.536855
 20
998.490852
 30
0.0
 11
441.574855
 21
998.567852
 31
0.0
  0
LINE
  5
1230
330
70
100
AcDbEntity
  8
Visible
100
AcDbLine
 10
441.503855
 20
998.410852
 30
0.0
 11
441.536855
 21
998.490852
 31
0.0
  0
LINE
  5
1231
330
70
100
AcDbEntity
  8
Visible
100
AcDbLine
 10
441.473855
 20
998.327852
 30
0.0
 11
441.503855
 21
998.410852
 31
0.0
  0
LINE
  5
1232
330
70
100
AcDbEntity
  8
Visible
100
AcDbLine
 10
441.447855
 20
998.243852
 30
0.0
 11
441.473855
 21
998.327852
 31
0.0
  0
LINE
  5
1233
330
70
100
AcDbEntity
  8
Visible
100
AcDbLine
 10
441.425855
 20
998.155852
 30
0.0
 11
441.447855
 21
998.243852
 31
0.0
  0
LINE
  5
1234
330
70
100
AcDbEntity
  8
Visible
100
AcDbLine
 10
441.408855
 20
998.066852
 30
0.0
 11
441.425855
 21
998.155852
 31
0.0
  0
LINE
  5
1235
330
70
100
AcDbEntity
  8
Visible
100
AcDbLine
 10
441.395856
 20
997.980504
 30
0.0
 11
441.408855
 21
998.066852
 31
0.0
  0
LINE
  5
1236
330
70
100
AcDbEntity
  8
Visible
100
AcDbLine
 10
441.304855
 20
998.040852
 30
0.0
 11
441.395856
 21
997.980504
 31
0.0
  0
LINE
  5
1237
330
70
100
AcDbEntity
  8
Visible
100
AcDbLine
 10
441.206855
 20
998.099852
 30
0.0
 11
441.304855
 21
998.040852
 31
0.0
  0
LINE
  5
1238
330
70
100
AcDbEntity
  8
Visible
100
AcDbLine
 10
441.103855
 20
998.153852
 30
0.0
 11
441.206855
 21
998.099852
 31
0.0
  0
LINE
  5
1239
330
70
100
AcDbEntity
  8
Visible
100
AcDbLine
 10
440.997855
 20
998.203852
 30
0.0
 11
441.103855
 21
998.153852
 31
0.0
  0
LINE
  5
123A
330
70
100
AcDbEntity
  8
Visible
100
AcDbLine
 10
440.888855
 20
998.247852
 30
0.0
 11
440.997855
 21
998.203852
 31
0.0
  0
LINE
  5
123B
330
70
100
AcDbEntity
  8
Visible
100
AcDbLine
 10
440.777855
 20
998.286852
 30
0.0
 11
440.888855
 21
998.247852
 31
0.0
  0
LINE
  5
123C
330
70
100
AcDbEntity
  8
Visible
100
AcDbLine
 10
440.664855
 20
998.320852
 30
0.0
 11
440.777855
 21
998.286852
 31
0.0
  0
LINE
  5
123D
330
70
100
AcDbEntity
  8
Visible
100
AcDbLine
 10
440.549855
 20
998.349852
 30
0.0
 11
440.664855
 21
998.320852
 31
0.0
  0
LINE
  5
123E
330
70
100
AcDbEntity
  8
Visible
100
AcDbLine
 10
440.431855
 20
998.372852
 30
0.0
 11
440.549855
 21
998.349852
 31
0.0
  0
LINE
  5
123F
330
70
100
AcDbEntity
  8
Visible
100
AcDbLine
 10
440.311855
 20
998.391852
 30
0.0
 11
440.431855
 21
998.372852
 31
0.0
  0
LINE
  5
1240
330
70
100
AcDbEntity
  8
Visible
100
AcDbLine
 10
440.188855
 20
998.404852
 30
0.0
 11
440.311855
 21
998.391852
 31
0.0
  0
LINE
  5
1241
330
70
100
AcDbEntity
  8
Visible
100
AcDbLine
 10
440.063855
 20
998.411852
 30
0.0
 11
440.188855
 21
998.404852
 31
0.0
  0
LINE
  5
1242
330
70
100
AcDbEntity
  8
Visible
100
AcDbLine
 10
439.936855
 20
998.414852
 30
0.0
 11
440.063855
 21
998.411852
 31
0.0
  0
LINE
  5
1243
330
70
100
AcDbEntity
  8
Visible
100
AcDbLine
 10
439.805855
 20
998.411852
 30
0.0
 11
439.936855
 21
998.414852
 31
0.0
  0
LINE
  5
1244
330
70
100
AcDbEntity
  8
Visible
100
AcDbLine
 10
439.677855
 20
998.404852
 30
0.0
 11
439.805855
 21
998.411852
 31
0.0
  0
LINE
  5
1245
330
70
100
AcDbEntity
  8
Visible
100
AcDbLine
 10
439.552855
 20
998.391852
 30
0.0
 11
439.677855
 21
998.404852
 31
0.0
  0
LINE
  5
1246
330
70
100
AcDbEntity
  8
Visible
100
AcDbLine
 10
439.429855
 20
998.372852
 30
0.0
 11
439.552855
 21
998.391852
 31
0.0
  0
LINE
  5
1247
330
70
100
AcDbEntity
  8
Visible
100
AcDbLine
 10
439.308855
 20
998.349852
 30
0.0
 11
439.429855
 21
998.372852
 31
0.0
  0
LINE
  5
1248
330
70
100
AcDbEntity
  8
Visible
100
AcDbLine
 10
439.190855
 20
998.320852
 30
0.0
 11
439.308855
 21
998.349852
 31
0.0
  0
LINE
  5
1249
330
70
100
AcDbEntity
  8
Visible
100
AcDbLine
 10
439.075855
 20
998.286852
 30
0.0
 11
439.190855
 21
998.320852
 31
0.0
  0
LINE
  5
124A
330
70
100
AcDbEntity
  8
Visible
100
AcDbLine
 10
438.963855
 20
998.247852
 30
0.0
 11
439.075855
 21
998.286852
 31
0.0
  0
LINE
  5
124B
330
70
100
AcDbEntity
  8
Visible
100
AcDbLine
 10
438.852855
 20
998.203852
 30
0.0
 11
438.963855
 21
998.247852
 31
0.0
  0
LINE
  5
124C
330
70
100
AcDbEntity
  8
Visible
100
AcDbLine
 10
438.745855
 20
998.153852
 30
0.0
 11
438.852855
 21
998.203852
 31
0.0
  0
LINE
  5
124D
330
70
100
AcDbEntity
  8
Visible
100
AcDbLine
 10
438.641855
 20
998.099852
 30
0.0
 11
438.745855
 21
998.153852
 31
0.0
  0
LINE
  5
124E
330
70
100
AcDbEntity
  8
Visible
100
AcDbLine
 10
438.541855
 20
998.040852
 30
0.0
 11
438.641855
 21
998.099852
 31
0.0
  0
LINE
  5
124F
330
70
100
AcDbEntity
  8
Visible
100
AcDbLine
 10
438.446855
 20
997.977852
 30
0.0
 11
438.541855
 21
998.040852
 31
0.0
  0
LINE
  5
1250
330
70
100
AcDbEntity
  8
Visible
100
AcDbLine
 10
438.356855
 20
997.910852
 30
0.0
 11
438.446855
 21
997.977852
 31
0.0
  0
LINE
  5
1251
330
70
100
AcDbEntity
  8
Visible
100
AcDbLine
 10
438.269855
 20
997.839852
 30
0.0
 11
438.356855
 21
997.910852
 31
0.0
  0
LINE
  5
1252
330
70
100
AcDbEntity
  8
Visible
100
AcDbLine
 10
438.188855
 20
997.763852
 30
0.0
 11
438.269855
 21
997.839852
 31
0.0
  0
LINE
  5
1253
330
70
100
AcDbEntity
  8
Visible
100
AcDbLine
 10
438.110855
 20
997.683852
 30
0.0
 11
438.188855
 21
997.763852
 31
0.0
  0
LINE
  5
1254
330
70
100
AcDbEntity
  8
Visible
100
AcDbLine
 10
438.037855
 20
997.599852
 30
0.0
 11
438.110855
 21
997.683852
 31
0.0
  0
LINE
  5
1255
330
70
100
AcDbEntity
  8
Visible
100
AcDbLine
 10
437.969855
 20
997.511852
 30
0.0
 11
438.037855
 21
997.599852
 31
0.0
  0
LINE
  5
1256
330
70
100
AcDbEntity
  8
Visible
100
AcDbLine
 10
437.905855
 20
997.418852
 30
0.0
 11
437.969855
 21
997.511852
 31
0.0
  0
LINE
  5
1257
330
70
100
AcDbEntity
  8
Visible
100
AcDbLine
 10
437.846855
 20
997.322852
 30
0.0
 11
437.905855
 21
997.418852
 31
0.0
  0
LINE
  5
1258
330
70
100
AcDbEntity
  8
Visible
100
AcDbLine
 10
437.794855
 20
997.222852
 30
0.0
 11
437.846855
 21
997.322852
 31
0.0
  0
LINE
  5
1259
330
70
100
AcDbEntity
  8
Visible
100
AcDbLine
 10
437.747855
 20
997.120852
 30
0.0
 11
437.794855
 21
997.222852
 31
0.0
  0
LINE
  5
125A
330
70
100
AcDbEntity
  8
Visible
100
AcDbLine
 10
437.707855
 20
997.014852
 30
0.0
 11
437.747855
 21
997.120852
 31
0.0
  0
LINE
  5
125B
330
70
100
AcDbEntity
  8
Visible
100
AcDbLine
 10
437.673855
 20
996.905852
 30
0.0
 11
437.707855
 21
997.014852
 31
0.0
  0
LINE
  5
125C
330
70
100
AcDbEntity
  8
Visible
100
AcDbLine
 10
437.645855
 20
996.793852
 30
0.0
 11
437.673855
 21
996.905852
 31
0.0
  0
LINE
  5
125D
330
70
100
AcDbEntity
  8
Visible
100
AcDbLine
 10
437.624855
 20
996.678852
 30
0.0
 11
437.645855
 21
996.793852
 31
0.0
  0
LINE
  5
125E
330
70
100
AcDbEntity
  8
Visible
100
AcDbLine
 10
437.608855
 20
996.560852
 30
0.0
 11
437.624855
 21
996.678852
 31
0.0
  0
LINE
  5
125F
330
70
100
AcDbEntity
  8
Visible
100
AcDbLine
 10
437.599855
 20
996.438852
 30
0.0
 11
437.608855
 21
996.560852
 31
0.0
  0
LINE
  5
1260
330
70
100
AcDbEntity
  8
Visible
100
AcDbLine
 10
437.596855
 20
996.314852
 30
0.0
 11
437.599855
 21
996.438852
 31
0.0
  0
LINE
  5
1261
330
70
100
AcDbEntity
  8
Visible
100
AcDbLine
 10
437.599855
 20
996.191852
 30
0.0
 11
437.596855
 21
996.314852
 31
0.0
  0
LINE
  5
1262
330
70
100
AcDbEntity
  8
Visible
100
AcDbLine
 10
437.608855
 20
996.070852
 30
0.0
 11
437.599855
 21
996.191852
 31
0.0
  0
LINE
  5
1263
330
70
100
AcDbEntity
  8
Visible
100
AcDbLine
 10
437.624855
 20
995.953852
 30
0.0
 11
437.608855
 21
996.070852
 31
0.0
  0
LINE
  5
1264
330
70
100
AcDbEntity
  8
Visible
100
AcDbLine
 10
437.645855
 20
995.839852
 30
0.0
 11
437.624855
 21
995.953852
 31
0.0
  0
LINE
  5
1265
330
70
100
AcDbEntity
  8
Visible
100
AcDbLine
 10
437.673855
 20
995.727852
 30
0.0
 11
437.645855
 21
995.839852
 31
0.0
  0
LINE
  5
1266
330
70
100
AcDbEntity
  8
Visible
100
AcDbLine
 10
437.707855
 20
995.619852
 30
0.0
 11
437.673855
 21
995.727852
 31
0.0
  0
LINE
  5
1267
330
70
100
AcDbEntity
  8
Visible
100
AcDbLine
 10
437.747855
 20
995.514852
 30
0.0
 11
437.707855
 21
995.619852
 31
0.0
  0
LINE
  5
1268
330
70
100
AcDbEntity
  8
Visible
100
AcDbLine
 10
437.794855
 20
995.412852
 30
0.0
 11
437.747855
 21
995.514852
 31
0.0
  0
LINE
  5
1269
330
70
100
AcDbEntity
  8
Visible
100
AcDbLine
 10
437.846855
 20
995.312852
 30
0.0
 11
437.794855
 21
995.412852
 31
0.0
  0
LINE
  5
126A
330
70
100
AcDbEntity
  8
Visible
100
AcDbLine
 10
437.905855
 20
995.216852
 30
0.0
 11
437.846855
 21
995.312852
 31
0.0
  0
LINE
  5
126B
330
70
100
AcDbEntity
  8
Visible
100
AcDbLine
 10
437.969855
 20
995.123852
 30
0.0
 11
437.905855
 21
995.216852
 31
0.0
  0
LINE
  5
126C
330
70
100
AcDbEntity
  8
Visible
100
AcDbLine
 10
438.037855
 20
995.035852
 30
0.0
 11
437.969855
 21
995.123852
 31
0.0
  0
LINE
  5
126D
330
70
100
AcDbEntity
  8
Visible
100
AcDbLine
 10
438.110855
 20
994.951852
 30
0.0
 11
438.037855
 21
995.035852
 31
0.0
  0
LINE
  5
126E
330
70
100
AcDbEntity
  8
Visible
100
AcDbLine
 10
438.188855
 20
994.870852
 30
0.0
 11
438.110855
 21
994.951852
 31
0.0
  0
LINE
  5
126F
330
70
100
AcDbEntity
  8
Visible
100
AcDbLine
 10
438.25214
 20
994.811473
 30
0.0
 11
438.188855
 21
994.870852
 31
0.0
  0
LINE
  5
1270
330
70
100
AcDbEntity
  8
Visible
100
AcDbLine
 10
438.196855
 20
994.797852
 30
0.0
 11
438.25214
 21
994.811473
 31
0.0
  0
LINE
  5
1271
330
70
100
AcDbEntity
  8
Visible
100
AcDbLine
 10
438.128855
 20
994.778852
 30
0.0
 11
438.196855
 21
994.797852
 31
0.0
  0
LINE
  5
1272
330
70
100
AcDbEntity
  8
Visible
100
AcDbLine
 10
438.061855
 20
994.755852
 30
0.0
 11
438.128855
 21
994.778852
 31
0.0
  0
LINE
  5
1273
330
70
100
AcDbEntity
  8
Visible
100
AcDbLine
 10
437.995855
 20
994.730852
 30
0.0
 11
438.061855
 21
994.755852
 31
0.0
  0
LINE
  5
1274
330
70
100
AcDbEntity
  8
Visible
100
AcDbLine
 10
437.931855
 20
994.702852
 30
0.0
 11
437.995855
 21
994.730852
 31
0.0
  0
LINE
  5
1275
330
70
100
AcDbEntity
  8
Visible
100
AcDbLine
 10
437.869855
 20
994.672852
 30
0.0
 11
437.931855
 21
994.702852
 31
0.0
  0
LINE
  5
1276
330
70
100
AcDbEntity
  8
Visible
100
AcDbLine
 10
437.810855
 20
994.640852
 30
0.0
 11
437.869855
 21
994.672852
 31
0.0
  0
LINE
  5
1277
330
70
100
AcDbEntity
  8
Visible
100
AcDbLine
 10
437.753855
 20
994.605852
 30
0.0
 11
437.810855
 21
994.640852
 31
0.0
  0
LINE
  5
1278
330
70
100
AcDbEntity
  8
Visible
100
AcDbLine
 10
437.699855
 20
994.568852
 30
0.0
 11
437.753855
 21
994.605852
 31
0.0
  0
LINE
  5
1279
330
70
100
AcDbEntity
  8
Visible
100
AcDbLine
 10
437.647855
 20
994.528852
 30
0.0
 11
437.699855
 21
994.568852
 31
0.0
  0
LINE
  5
127A
330
70
100
AcDbEntity
  8
Visible
100
AcDbLine
 10
437.597855
 20
994.486852
 30
0.0
 11
437.647855
 21
994.528852
 31
0.0
  0
LINE
  5
127B
330
70
100
AcDbEntity
  8
Visible
100
AcDbLine
 10
437.551855
 20
994.442852
 30
0.0
 11
437.597855
 21
994.486852
 31
0.0
  0
LINE
  5
127C
330
70
100
AcDbEntity
  8
Visible
100
AcDbLine
 10
437.506855
 20
994.395852
 30
0.0
 11
437.551855
 21
994.442852
 31
0.0
  0
LINE
  5
127D
330
70
100
AcDbEntity
  8
Visible
100
AcDbLine
 10
437.464855
 20
994.346852
 30
0.0
 11
437.506855
 21
994.395852
 31
0.0
  0
LINE
  5
127E
330
70
100
AcDbEntity
  8
Visible
100
AcDbLine
 10
437.425855
 20
994.295852
 30
0.0
 11
437.464855
 21
994.346852
 31
0.0
  0
LINE
  5
127F
330
70
100
AcDbEntity
  8
Visible
100
AcDbLine
 10
437.391855
 20
994.241852
 30
0.0
 11
437.425855
 21
994.295852
 31
0.0
  0
LINE
  5
1280
330
70
100
AcDbEntity
  8
Visible
100
AcDbLine
 10
437.360855
 20
994.185852
 30
0.0
 11
437.391855
 21
994.241852
 31
0.0
  0
LINE
  5
1281
330
70
100
AcDbEntity
  8
Visible
100
AcDbLine
 10
437.333855
 20
994.127852
 30
0.0
 11
437.360855
 21
994.185852
 31
0.0
  0
LINE
  5
1282
330
70
100
AcDbEntity
  8
Visible
100
AcDbLine
 10
437.311855
 20
994.067852
 30
0.0
 11
437.333855
 21
994.127852
 31
0.0
  0
LINE
  5
1283
330
70
100
AcDbEntity
  8
Visible
100
AcDbLine
 10
437.293855
 20
994.005852
 30
0.0
 11
437.311855
 21
994.067852
 31
0.0
  0
LINE
  5
1284
330
70
100
AcDbEntity
  8
Visible
100
AcDbLine
 10
437.278855
 20
993.940852
 30
0.0
 11
437.293855
 21
994.005852
 31
0.0
  0
LINE
  5
1285
330
70
100
AcDbEntity
  8
Visible
100
AcDbLine
 10
437.268855
 20
993.874852
 30
0.0
 11
437.278855
 21
993.940852
 31
0.0
  0
LINE
  5
1286
330
70
100
AcDbEntity
  8
Visible
100
AcDbLine
 10
437.262855
 20
993.805852
 30
0.0
 11
437.268855
 21
993.874852
 31
0.0
  0
LINE
  5
1287
330
70
100
AcDbEntity
  8
Visible
100
AcDbLine
 10
437.260855
 20
993.734852
 30
0.0
 11
437.262855
 21
993.805852
 31
0.0
  0
LINE
  5
1288
330
70
100
AcDbEntity
  8
Visible
100
AcDbLine
 10
437.262855
 20
993.666852
 30
0.0
 11
437.260855
 21
993.734852
 31
0.0
  0
LINE
  5
1289
330
70
100
AcDbEntity
  8
Visible
100
AcDbLine
 10
437.269855
 20
993.599852
 30
0.0
 11
437.262855
 21
993.666852
 31
0.0
  0
LINE
  5
128A
330
70
100
AcDbEntity
  8
Visible
100
AcDbLine
 10
437.281855
 20
993.534852
 30
0.0
 11
437.269855
 21
993.599852
 31
0.0
  0
LINE
  5
128B
330
70
100
AcDbEntity
  8
Visible
100
AcDbLine
 10
437.296855
 20
993.469852
 30
0.0
 11
437.281855
 21
993.534852
 31
0.0
  0
LINE
  5
128C
330
70
100
AcDbEntity
  8
Visible
100
AcDbLine
 10
437.317855
 20
993.405852
 30
0.0
 11
437.296855
 21
993.469852
 31
0.0
  0
LINE
  5
128D
330
70
100
AcDbEntity
  8
Visible
100
AcDbLine
 10
437.342855
 20
993.343852
 30
0.0
 11
437.317855
 21
993.405852
 31
0.0
  0
LINE
  5
128E
330
70
100
AcDbEntity
  8
Visible
100
AcDbLine
 10
437.372855
 20
993.282852
 30
0.0
 11
437.342855
 21
993.343852
 31
0.0
  0
LINE
  5
128F
330
70
100
AcDbEntity
  8
Visible
100
AcDbLine
 10
437.406855
 20
993.221852
 30
0.0
 11
437.372855
 21
993.282852
 31
0.0
  0
LINE
  5
1290
330
70
100
AcDbEntity
  8
Visible
100
AcDbLine
 10
437.445855
 20
993.162852
 30
0.0
 11
437.406855
 21
993.221852
 31
0.0
  0
LINE
  5
1291
330
70
100
AcDbEntity
  8
Visible
100
AcDbLine
 10
437.488855
 20
993.104852
 30
0.0
 11
437.445855
 21
993.162852
 31
0.0
  0
LINE
  5
1292
330
70
100
AcDbEntity
  8
Visible
100
AcDbLine
 10
437.536855
 20
993.048852
 30
0.0
 11
437.488855
 21
993.104852
 31
0.0
  0
LINE
  5
1293
330
70
100
AcDbEntity
  8
Visible
100
AcDbLine
 10
437.587855
 20
992.993852
 30
0.0
 11
437.536855
 21
993.048852
 31
0.0
  0
LINE
  5
1294
330
70
100
AcDbEntity
  8
Visible
100
AcDbLine
 10
437.642855
 20
992.941852
 30
0.0
 11
437.587855
 21
992.993852
 31
0.0
  0
LINE
  5
1295
330
70
100
AcDbEntity
  8
Visible
100
AcDbLine
 10
437.702855
 20
992.891852
 30
0.0
 11
437.642855
 21
992.941852
 31
0.0
  0
LINE
  5
1296
330
70
100
AcDbEntity
  8
Visible
100
AcDbLine
 10
437.765855
 20
992.844852
 30
0.0
 11
437.702855
 21
992.891852
 31
0.0
  0
LINE
  5
1297
330
70
100
AcDbEntity
  8
Visible
100
AcDbLine
 10
437.832855
 20
992.798852
 30
0.0
 11
437.765855
 21
992.844852
 31
0.0
  0
LINE
  5
1298
330
70
100
AcDbEntity
  8
Visible
100
AcDbLine
 10
437.903855
 20
992.755852
 30
0.0
 11
437.832855
 21
992.798852
 31
0.0
  0
LINE
  5
1299
330
70
100
AcDbEntity
  8
Visible
100
AcDbLine
 10
437.978855
 20
992.714852
 30
0.0
 11
437.903855
 21
992.755852
 31
0.0
  0
LINE
  5
129A
330
70
100
AcDbEntity
  8
Visible
100
AcDbLine
 10
437.982735
 20
992.712962
 30
0.0
 11
437.978855
 21
992.714852
 31
0.0
  0
LINE
  5
129B
330
70
100
AcDbEntity
  8
Visible
100
AcDbLine
 10
445.452855
 20
995.389852
 30
0.0
 11
445.450855
 21
995.246852
 31
0.0
  0
LINE
  5
129C
330
70
100
AcDbEntity
  8
Visible
100
AcDbLine
 10
445.458855
 20
995.528852
 30
0.0
 11
445.452855
 21
995.389852
 31
0.0
  0
LINE
  5
129D
330
70
100
AcDbEntity
  8
Visible
100
AcDbLine
 10
445.468855
 20
995.664852
 30
0.0
 11
445.458855
 21
995.528852
 31
0.0
  0
LINE
  5
129E
330
70
100
AcDbEntity
  8
Visible
100
AcDbLine
 10
445.483855
 20
995.795852
 30
0.0
 11
445.468855
 21
995.664852
 31
0.0
  0
LINE
  5
129F
330
70
100
AcDbEntity
  8
Visible
100
AcDbLine
 10
445.501855
 20
995.922852
 30
0.0
 11
445.483855
 21
995.795852
 31
0.0
  0
LINE
  5
12A0
330
70
100
AcDbEntity
  8
Visible
100
AcDbLine
 10
445.523855
 20
996.045852
 30
0.0
 11
445.501855
 21
995.922852
 31
0.0
  0
LINE
  5
12A1
330
70
100
AcDbEntity
  8
Visible
100
AcDbLine
 10
445.550855
 20
996.164852
 30
0.0
 11
445.523855
 21
996.045852
 31
0.0
  0
LINE
  5
12A2
330
70
100
AcDbEntity
  8
Visible
100
AcDbLine
 10
445.581855
 20
996.279852
 30
0.0
 11
445.550855
 21
996.164852
 31
0.0
  0
LINE
  5
12A3
330
70
100
AcDbEntity
  8
Visible
100
AcDbLine
 10
445.615855
 20
996.390852
 30
0.0
 11
445.581855
 21
996.279852
 31
0.0
  0
LINE
  5
12A4
330
70
100
AcDbEntity
  8
Visible
100
AcDbLine
 10
445.654855
 20
996.497852
 30
0.0
 11
445.615855
 21
996.390852
 31
0.0
  0
LINE
  5
12A5
330
70
100
AcDbEntity
  8
Visible
100
AcDbLine
 10
445.697855
 20
996.600852
 30
0.0
 11
445.654855
 21
996.497852
 31
0.0
  0
LINE
  5
12A6
330
70
100
AcDbEntity
  8
Visible
100
AcDbLine
 10
445.743855
 20
996.697852
 30
0.0
 11
445.697855
 21
996.600852
 31
0.0
  0
LINE
  5
12A7
330
70
100
AcDbEntity
  8
Visible
100
AcDbLine
 10
445.792855
 20
996.790852
 30
0.0
 11
445.743855
 21
996.697852
 31
0.0
  0
LINE
  5
12A8
330
70
100
AcDbEntity
  8
Visible
100
AcDbLine
 10
445.845855
 20
996.878852
 30
0.0
 11
445.792855
 21
996.790852
 31
0.0
  0
LINE
  5
12A9
330
70
100
AcDbEntity
  8
Visible
100
AcDbLine
 10
445.901855
 20
996.961852
 30
0.0
 11
445.845855
 21
996.878852
 31
0.0
  0
LINE
  5
12AA
330
70
100
AcDbEntity
  8
Visible
100
AcDbLine
 10
445.961855
 20
997.040852
 30
0.0
 11
445.901855
 21
996.961852
 31
0.0
  0
LINE
  5
12AB
330
70
100
AcDbEntity
  8
Visible
100
AcDbLine
 10
446.025855
 20
997.113852
 30
0.0
 11
445.961855
 21
997.040852
 31
0.0
  0
LINE
  5
12AC
330
70
100
AcDbEntity
  8
Visible
100
AcDbLine
 10
446.092855
 20
997.181852
 30
0.0
 11
446.025855
 21
997.113852
 31
0.0
  0
LINE
  5
12AD
330
70
100
AcDbEntity
  8
Visible
100
AcDbLine
 10
446.162855
 20
997.245852
 30
0.0
 11
446.092855
 21
997.181852
 31
0.0
  0
LINE
  5
12AE
330
70
100
AcDbEntity
  8
Visible
100
AcDbLine
 10
446.236855
 20
997.304852
 30
0.0
 11
446.162855
 21
997.245852
 31
0.0
  0
LINE
  5
12AF
330
70
100
AcDbEntity
  8
Visible
100
AcDbLine
 10
446.313855
 20
997.358852
 30
0.0
 11
446.236855
 21
997.304852
 31
0.0
  0
LINE
  5
12B0
330
70
100
AcDbEntity
  8
Visible
100
AcDbLine
 10
446.393855
 20
997.406852
 30
0.0
 11
446.313855
 21
997.358852
 31
0.0
  0
LINE
  5
12B1
330
70
100
AcDbEntity
  8
Visible
100
AcDbLine
 10
446.475855
 20
997.448852
 30
0.0
 11
446.393855
 21
997.406852
 31
0.0
  0
LINE
  5
12B2
330
70
100
AcDbEntity
  8
Visible
100
AcDbLine
 10
446.560855
 20
997.484852
 30
0.0
 11
446.475855
 21
997.448852
 31
0.0
  0
LINE
  5
12B3
330
70
100
AcDbEntity
  8
Visible
100
AcDbLine
 10
446.649855
 20
997.515852
 30
0.0
 11
446.560855
 21
997.484852
 31
0.0
  0
LINE
  5
12B4
330
70
100
AcDbEntity
  8
Visible
100
AcDbLine
 10
446.739855
 20
997.541852
 30
0.0
 11
446.649855
 21
997.515852
 31
0.0
  0
LINE
  5
12B5
330
70
100
AcDbEntity
  8
Visible
100
AcDbLine
 10
446.833855
 20
997.561852
 30
0.0
 11
446.739855
 21
997.541852
 31
0.0
  0
LINE
  5
12B6
330
70
100
AcDbEntity
  8
Visible
100
AcDbLine
 10
446.929855
 20
997.575852
 30
0.0
 11
446.833855
 21
997.561852
 31
0.0
  0
LINE
  5
12B7
330
70
100
AcDbEntity
  8
Visible
100
AcDbLine
 10
447.028855
 20
997.583852
 30
0.0
 11
446.929855
 21
997.575852
 31
0.0
  0
LINE
  5
12B8
330
70
100
AcDbEntity
  8
Visible
100
AcDbLine
 10
447.130855
 20
997.586852
 30
0.0
 11
447.028855
 21
997.583852
 31
0.0
  0
LINE
  5
12B9
330
70
100
AcDbEntity
  8
Visible
100
AcDbLine
 10
447.263855
 20
997.582852
 30
0.0
 11
447.130855
 21
997.586852
 31
0.0
  0
LINE
  5
12BA
330
70
100
AcDbEntity
  8
Visible
100
AcDbLine
 10
447.390855
 20
997.569852
 30
0.0
 11
447.263855
 21
997.582852
 31
0.0
  0
LINE
  5
12BB
330
70
100
AcDbEntity
  8
Visible
100
AcDbLine
 10
447.511855
 20
997.547852
 30
0.0
 11
447.390855
 21
997.569852
 31
0.0
  0
LINE
  5
12BC
330
70
100
AcDbEntity
  8
Visible
100
AcDbLine
 10
447.627855
 20
997.517852
 30
0.0
 11
447.511855
 21
997.547852
 31
0.0
  0
LINE
  5
12BD
330
70
100
AcDbEntity
  8
Visible
100
AcDbLine
 10
447.737855
 20
997.479852
 30
0.0
 11
447.627855
 21
997.517852
 31
0.0
  0
LINE
  5
12BE
330
70
100
AcDbEntity
  8
Visible
100
AcDbLine
 10
447.841855
 20
997.432852
 30
0.0
 11
447.737855
 21
997.479852
 31
0.0
  0
LINE
  5
12BF
330
70
100
AcDbEntity
  8
Visible
100
AcDbLine
 10
447.940855
 20
997.376852
 30
0.0
 11
447.841855
 21
997.432852
 31
0.0
  0
LINE
  5
12C0
330
70
100
AcDbEntity
  8
Visible
100
AcDbLine
 10
448.032855
 20
997.311852
 30
0.0
 11
447.940855
 21
997.376852
 31
0.0
  0
LINE
  5
12C1
330
70
100
AcDbEntity
  8
Visible
100
AcDbLine
 10
448.120855
 20
997.239852
 30
0.0
 11
448.032855
 21
997.311852
 31
0.0
  0
LINE
  5
12C2
330
70
100
AcDbEntity
  8
Visible
100
AcDbLine
 10
448.201855
 20
997.157852
 30
0.0
 11
448.120855
 21
997.239852
 31
0.0
  0
LINE
  5
12C3
330
70
100
AcDbEntity
  8
Visible
100
AcDbLine
 10
448.276855
 20
997.067852
 30
0.0
 11
448.201855
 21
997.157852
 31
0.0
  0
LINE
  5
12C4
330
70
100
AcDbEntity
  8
Visible
100
AcDbLine
 10
448.342855
 20
996.970852
 30
0.0
 11
448.276855
 21
997.067852
 31
0.0
  0
LINE
  5
12C5
330
70
100
AcDbEntity
  8
Visible
100
AcDbLine
 10
448.401855
 20
996.864852
 30
0.0
 11
448.342855
 21
996.970852
 31
0.0
  0
LINE
  5
12C6
330
70
100
AcDbEntity
  8
Visible
100
AcDbLine
 10
448.453855
 20
996.751852
 30
0.0
 11
448.401855
 21
996.864852
 31
0.0
  0
LINE
  5
12C7
330
70
100
AcDbEntity
  8
Visible
100
AcDbLine
 10
448.496855
 20
996.630852
 30
0.0
 11
448.453855
 21
996.751852
 31
0.0
  0
LINE
  5
12C8
330
70
100
AcDbEntity
  8
Visible
100
AcDbLine
 10
448.531855
 20
996.501852
 30
0.0
 11
448.496855
 21
996.630852
 31
0.0
  0
LINE
  5
12C9
330
70
100
AcDbEntity
  8
Visible
100
AcDbLine
 10
448.559855
 20
996.364852
 30
0.0
 11
448.531855
 21
996.501852
 31
0.0
  0
LINE
  5
12CA
330
70
100
AcDbEntity
  8
Visible
100
AcDbLine
 10
448.578855
 20
996.219852
 30
0.0
 11
448.559855
 21
996.364852
 31
0.0
  0
LINE
  5
12CB
330
70
100
AcDbEntity
  8
Visible
100
AcDbLine
 10
448.590855
 20
996.066852
 30
0.0
 11
448.578855
 21
996.219852
 31
0.0
  0
LINE
  5
12CC
330
70
100
AcDbEntity
  8
Visible
100
AcDbLine
 10
448.594855
 20
995.906852
 30
0.0
 11
448.590855
 21
996.066852
 31
0.0
  0
LINE
  5
12CD
330
70
100
AcDbEntity
  8
Visible
100
AcDbLine
 10
448.594855
 20
992.534852
 30
0.0
 11
448.594855
 21
995.906852
 31
0.0
  0
LINE
  5
12CE
330
70
100
AcDbEntity
  8
Visible
100
AcDbLine
 10
449.518855
 20
992.534852
 30
0.0
 11
448.594855
 21
992.534852
 31
0.0
  0
LINE
  5
12CF
330
70
100
AcDbEntity
  8
Visible
100
AcDbLine
 10
449.518855
 20
995.906852
 30
0.0
 11
449.518855
 21
992.534852
 31
0.0
  0
LINE
  5
12D0
330
70
100
AcDbEntity
  8
Visible
100
AcDbLine
 10
449.515855
 20
996.059852
 30
0.0
 11
449.518855
 21
995.906852
 31
0.0
  0
LINE
  5
12D1
330
70
100
AcDbEntity
  8
Visible
100
AcDbLine
 10
449.508855
 20
996.207852
 30
0.0
 11
449.515855
 21
996.059852
 31
0.0
  0
LINE
  5
12D2
330
70
100
AcDbEntity
  8
Visible
100
AcDbLine
 10
449.495855
 20
996.351852
 30
0.0
 11
449.508855
 21
996.207852
 31
0.0
  0
LINE
  5
12D3
330
70
100
AcDbEntity
  8
Visible
100
AcDbLine
 10
449.477855
 20
996.492852
 30
0.0
 11
449.495855
 21
996.351852
 31
0.0
  0
LINE
  5
12D4
330
70
100
AcDbEntity
  8
Visible
100
AcDbLine
 10
449.454855
 20
996.628852
 30
0.0
 11
449.477855
 21
996.492852
 31
0.0
  0
LINE
  5
12D5
330
70
100
AcDbEntity
  8
Visible
100
AcDbLine
 10
449.425855
 20
996.759852
 30
0.0
 11
449.454855
 21
996.628852
 31
0.0
  0
LINE
  5
12D6
330
70
100
AcDbEntity
  8
Visible
100
AcDbLine
 10
449.392855
 20
996.887852
 30
0.0
 11
449.425855
 21
996.759852
 31
0.0
  0
LINE
  5
12D7
330
70
100
AcDbEntity
  8
Visible
100
AcDbLine
 10
449.353855
 20
997.010852
 30
0.0
 11
449.392855
 21
996.887852
 31
0.0
  0
LINE
  5
12D8
330
70
100
AcDbEntity
  8
Visible
100
AcDbLine
 10
449.309855
 20
997.129852
 30
0.0
 11
449.353855
 21
997.010852
 31
0.0
  0
LINE
  5
12D9
330
70
100
AcDbEntity
  8
Visible
100
AcDbLine
 10
449.260855
 20
997.244852
 30
0.0
 11
449.309855
 21
997.129852
 31
0.0
  0
LINE
  5
12DA
330
70
100
AcDbEntity
  8
Visible
100
AcDbLine
 10
449.206855
 20
997.354852
 30
0.0
 11
449.260855
 21
997.244852
 31
0.0
  0
LINE
  5
12DB
330
70
100
AcDbEntity
  8
Visible
100
AcDbLine
 10
449.148855
 20
997.459852
 30
0.0
 11
449.206855
 21
997.354852
 31
0.0
  0
LINE
  5
12DC
330
70
100
AcDbEntity
  8
Visible
100
AcDbLine
 10
449.085855
 20
997.559852
 30
0.0
 11
449.148855
 21
997.459852
 31
0.0
  0
LINE
  5
12DD
330
70
100
AcDbEntity
  8
Visible
100
AcDbLine
 10
449.018855
 20
997.653852
 30
0.0
 11
449.085855
 21
997.559852
 31
0.0
  0
LINE
  5
12DE
330
70
100
AcDbEntity
  8
Visible
100
AcDbLine
 10
448.946855
 20
997.743852
 30
0.0
 11
449.018855
 21
997.653852
 31
0.0
  0
LINE
  5
12DF
330
70
100
AcDbEntity
  8
Visible
100
AcDbLine
 10
448.869855
 20
997.827852
 30
0.0
 11
448.946855
 21
997.743852
 31
0.0
  0
LINE
  5
12E0
330
70
100
AcDbEntity
  8
Visible
100
AcDbLine
 10
448.789855
 20
997.906852
 30
0.0
 11
448.869855
 21
997.827852
 31
0.0
  0
LINE
  5
12E1
330
70
100
AcDbEntity
  8
Visible
100
AcDbLine
 10
448.703855
 20
997.979852
 30
0.0
 11
448.789855
 21
997.906852
 31
0.0
  0
LINE
  5
12E2
330
70
100
AcDbEntity
  8
Visible
100
AcDbLine
 10
448.613855
 20
998.048852
 30
0.0
 11
448.703855
 21
997.979852
 31
0.0
  0
LINE
  5
12E3
330
70
100
AcDbEntity
  8
Visible
100
AcDbLine
 10
448.519855
 20
998.111852
 30
0.0
 11
448.613855
 21
998.048852
 31
0.0
  0
LINE
  5
12E4
330
70
100
AcDbEntity
  8
Visible
100
AcDbLine
 10
448.420855
 20
998.169852
 30
0.0
 11
448.519855
 21
998.111852
 31
0.0
  0
LINE
  5
12E5
330
70
100
AcDbEntity
  8
Visible
100
AcDbLine
 10
448.318855
 20
998.220852
 30
0.0
 11
448.420855
 21
998.169852
 31
0.0
  0
LINE
  5
12E6
330
70
100
AcDbEntity
  8
Visible
100
AcDbLine
 10
448.212855
 20
998.266852
 30
0.0
 11
448.318855
 21
998.220852
 31
0.0
  0
LINE
  5
12E7
330
70
100
AcDbEntity
  8
Visible
100
AcDbLine
 10
448.101855
 20
998.305852
 30
0.0
 11
448.212855
 21
998.266852
 31
0.0
  0
LINE
  5
12E8
330
70
100
AcDbEntity
  8
Visible
100
AcDbLine
 10
447.987855
 20
998.338852
 30
0.0
 11
448.101855
 21
998.305852
 31
0.0
  0
LINE
  5
12E9
330
70
100
AcDbEntity
  8
Visible
100
AcDbLine
 10
447.869855
 20
998.366852
 30
0.0
 11
447.987855
 21
998.338852
 31
0.0
  0
LINE
  5
12EA
330
70
100
AcDbEntity
  8
Visible
100
AcDbLine
 10
447.747855
 20
998.387852
 30
0.0
 11
447.869855
 21
998.366852
 31
0.0
  0
LINE
  5
12EB
330
70
100
AcDbEntity
  8
Visible
100
AcDbLine
 10
447.621855
 20
998.402852
 30
0.0
 11
447.747855
 21
998.387852
 31
0.0
  0
LINE
  5
12EC
330
70
100
AcDbEntity
  8
Visible
100
AcDbLine
 10
447.492855
 20
998.411852
 30
0.0
 11
447.621855
 21
998.402852
 31
0.0
  0
LINE
  5
12ED
330
70
100
AcDbEntity
  8
Visible
100
AcDbLine
 10
447.358855
 20
998.414852
 30
0.0
 11
447.492855
 21
998.411852
 31
0.0
  0
LINE
  5
12EE
330
70
100
AcDbEntity
  8
Visible
100
AcDbLine
 10
447.215855
 20
998.410852
 30
0.0
 11
447.358855
 21
998.414852
 31
0.0
  0
LINE
  5
12EF
330
70
100
AcDbEntity
  8
Visible
100
AcDbLine
 10
447.076855
 20
998.399852
 30
0.0
 11
447.215855
 21
998.410852
 31
0.0
  0
LINE
  5
12F0
330
70
100
AcDbEntity
  8
Visible
100
AcDbLine
 10
446.942855
 20
998.380852
 30
0.0
 11
447.076855
 21
998.399852
 31
0.0
  0
LINE
  5
12F1
330
70
100
AcDbEntity
  8
Visible
100
AcDbLine
 10
446.812855
 20
998.354852
 30
0.0
 11
446.942855
 21
998.380852
 31
0.0
  0
LINE
  5
12F2
330
70
100
AcDbEntity
  8
Visible
100
AcDbLine
 10
446.687855
 20
998.320852
 30
0.0
 11
446.812855
 21
998.354852
 31
0.0
  0
LINE
  5
12F3
330
70
100
AcDbEntity
  8
Visible
100
AcDbLine
 10
446.566855
 20
998.279852
 30
0.0
 11
446.687855
 21
998.320852
 31
0.0
  0
LINE
  5
12F4
330
70
100
AcDbEntity
  8
Visible
100
AcDbLine
 10
446.449855
 20
998.230852
 30
0.0
 11
446.566855
 21
998.279852
 31
0.0
  0
LINE
  5
12F5
330
70
100
AcDbEntity
  8
Visible
100
AcDbLine
 10
446.337855
 20
998.174852
 30
0.0
 11
446.449855
 21
998.230852
 31
0.0
  0
LINE
  5
12F6
330
70
100
AcDbEntity
  8
Visible
100
AcDbLine
 10
446.229855
 20
998.110852
 30
0.0
 11
446.337855
 21
998.174852
 31
0.0
  0
LINE
  5
12F7
330
70
100
AcDbEntity
  8
Visible
100
AcDbLine
 10
446.125855
 20
998.039852
 30
0.0
 11
446.229855
 21
998.110852
 31
0.0
  0
LINE
  5
12F8
330
70
100
AcDbEntity
  8
Visible
100
AcDbLine
 10
446.026855
 20
997.961852
 30
0.0
 11
446.125855
 21
998.039852
 31
0.0
  0
LINE
  5
12F9
330
70
100
AcDbEntity
  8
Visible
100
AcDbLine
 10
445.932855
 20
997.876852
 30
0.0
 11
446.026855
 21
997.961852
 31
0.0
  0
LINE
  5
12FA
330
70
100
AcDbEntity
  8
Visible
100
AcDbLine
 10
445.843855
 20
997.784852
 30
0.0
 11
445.932855
 21
997.876852
 31
0.0
  0
LINE
  5
12FB
330
70
100
AcDbEntity
  8
Visible
100
AcDbLine
 10
445.758855
 20
997.686852
 30
0.0
 11
445.843855
 21
997.784852
 31
0.0
  0
LINE
  5
12FC
330
70
100
AcDbEntity
  8
Visible
100
AcDbLine
 10
445.679855
 20
997.581852
 30
0.0
 11
445.758855
 21
997.686852
 31
0.0
  0
LINE
  5
12FD
330
70
100
AcDbEntity
  8
Visible
100
AcDbLine
 10
445.604855
 20
997.469852
 30
0.0
 11
445.679855
 21
997.581852
 31
0.0
  0
LINE
  5
12FE
330
70
100
AcDbEntity
  8
Visible
100
AcDbLine
 10
445.534855
 20
997.351852
 30
0.0
 11
445.604855
 21
997.469852
 31
0.0
  0
LINE
  5
12FF
330
70
100
AcDbEntity
  8
Visible
100
AcDbLine
 10
445.469855
 20
997.226852
 30
0.0
 11
445.534855
 21
997.351852
 31
0.0
  0
LINE
  5
1300
330
70
100
AcDbEntity
  8
Visible
100
AcDbLine
 10
445.450855
 20
997.185052
 30
0.0
 11
445.469855
 21
997.226852
 31
0.0
  0
LINE
  5
1301
330
70
100
AcDbEntity
  8
Visible
100
AcDbLine
 10
445.450855
 20
1000.718852
 30
0.0
 11
445.450855
 21
997.185052
 31
0.0
  0
LINE
  5
1302
330
70
100
AcDbEntity
  8
Visible
100
AcDbLine
 10
444.514855
 20
1000.718852
 30
0.0
 11
445.450855
 21
1000.718852
 31
0.0
  0
LINE
  5
1303
330
70
100
AcDbEntity
  8
Visible
100
AcDbLine
 10
444.514855
 20
992.534852
 30
0.0
 11
444.514855
 21
1000.718852
 31
0.0
  0
LINE
  5
1304
330
70
100
AcDbEntity
  8
Visible
100
AcDbLine
 10
445.450855
 20
992.534852
 30
0.0
 11
444.514855
 21
992.534852
 31
0.0
  0
LINE
  5
1305
330
70
100
AcDbEntity
  8
Visible
100
AcDbLine
 10
445.450855
 20
995.246852
 30
0.0
 11
445.450855
 21
992.534852
 31
0.0
  0
LINE
  5
1306
330
70
100
AcDbEntity
  8
Visible
100
AcDbLine
 10
451.876855
 20
999.866852
 30
0.0
 11
452.800855
 21
999.866852
 31
0.0
  0
LINE
  5
1307
330
70
100
AcDbEntity
  8
Visible
100
AcDbLine
 10
451.876855
 20
998.270852
 30
0.0
 11
451.876855
 21
999.866852
 31
0.0
  0
LINE
  5
1308
330
70
100
AcDbEntity
  8
Visible
100
AcDbLine
 10
450.952855
 20
998.270852
 30
0.0
 11
451.876855
 21
998.270852
 31
0.0
  0
LINE
  5
1309
330
70
100
AcDbEntity
  8
Visible
100
AcDbLine
 10
450.952855
 20
997.622852
 30
0.0
 11
450.952855
 21
998.270852
 31
0.0
  0
LINE
  5
130A
330
70
100
AcDbEntity
  8
Visible
100
AcDbLine
 10
451.876855
 20
997.622852
 30
0.0
 11
450.952855
 21
997.622852
 31
0.0
  0
LINE
  5
130B
330
70
100
AcDbEntity
  8
Visible
100
AcDbLine
 10
451.876855
 20
994.010852
 30
0.0
 11
451.876855
 21
997.622852
 31
0.0
  0
LINE
  5
130C
330
70
100
AcDbEntity
  8
Visible
100
AcDbLine
 10
451.878855
 20
993.904852
 30
0.0
 11
451.876855
 21
994.010852
 31
0.0
  0
LINE
  5
130D
330
70
100
AcDbEntity
  8
Visible
100
AcDbLine
 10
451.885855
 20
993.801852
 30
0.0
 11
451.878855
 21
993.904852
 31
0.0
  0
LINE
  5
130E
330
70
100
AcDbEntity
  8
Visible
100
AcDbLine
 10
451.895855
 20
993.702852
 30
0.0
 11
451.885855
 21
993.801852
 31
0.0
  0
LINE
  5
130F
330
70
100
AcDbEntity
  8
Visible
100
AcDbLine
 10
451.911855
 20
993.607852
 30
0.0
 11
451.895855
 21
993.702852
 31
0.0
  0
LINE
  5
1310
330
70
100
AcDbEntity
  8
Visible
100
AcDbLine
 10
451.930855
 20
993.515852
 30
0.0
 11
451.911855
 21
993.607852
 31
0.0
  0
LINE
  5
1311
330
70
100
AcDbEntity
  8
Visible
100
AcDbLine
 10
451.954855
 20
993.427852
 30
0.0
 11
451.930855
 21
993.515852
 31
0.0
  0
LINE
  5
1312
330
70
100
AcDbEntity
  8
Visible
100
AcDbLine
 10
451.982855
 20
993.342852
 30
0.0
 11
451.954855
 21
993.427852
 31
0.0
  0
LINE
  5
1313
330
70
100
AcDbEntity
  8
Visible
100
AcDbLine
 10
452.014855
 20
993.261852
 30
0.0
 11
451.982855
 21
993.342852
 31
0.0
  0
LINE
  5
1314
330
70
100
AcDbEntity
  8
Visible
100
AcDbLine
 10
452.051855
 20
993.184852
 30
0.0
 11
452.014855
 21
993.261852
 31
0.0
  0
LINE
  5
1315
330
70
100
AcDbEntity
  8
Visible
100
AcDbLine
 10
452.092855
 20
993.110852
 30
0.0
 11
452.051855
 21
993.184852
 31
0.0
  0
LINE
  5
1316
330
70
100
AcDbEntity
  8
Visible
100
AcDbLine
 10
452.137855
 20
993.040852
 30
0.0
 11
452.092855
 21
993.110852
 31
0.0
  0
LINE
  5
1317
330
70
100
AcDbEntity
  8
Visible
100
AcDbLine
 10
452.185855
 20
992.973852
 30
0.0
 11
452.137855
 21
993.040852
 31
0.0
  0
LINE
  5
1318
330
70
100
AcDbEntity
  8
Visible
100
AcDbLine
 10
452.236855
 20
992.910852
 30
0.0
 11
452.185855
 21
992.973852
 31
0.0
  0
LINE
  5
1319
330
70
100
AcDbEntity
  8
Visible
100
AcDbLine
 10
452.290855
 20
992.851852
 30
0.0
 11
452.236855
 21
992.910852
 31
0.0
  0
LINE
  5
131A
330
70
100
AcDbEntity
  8
Visible
100
AcDbLine
 10
452.347855
 20
992.795852
 30
0.0
 11
452.290855
 21
992.851852
 31
0.0
  0
LINE
  5
131B
330
70
100
AcDbEntity
  8
Visible
100
AcDbLine
 10
452.407855
 20
992.743852
 30
0.0
 11
452.347855
 21
992.795852
 31
0.0
  0
LINE
  5
131C
330
70
100
AcDbEntity
  8
Visible
100
AcDbLine
 10
452.471855
 20
992.694852
 30
0.0
 11
452.407855
 21
992.743852
 31
0.0
  0
LINE
  5
131D
330
70
100
AcDbEntity
  8
Visible
100
AcDbLine
 10
452.537855
 20
992.649852
 30
0.0
 11
452.471855
 21
992.694852
 31
0.0
  0
LINE
  5
131E
330
70
100
AcDbEntity
  8
Visible
100
AcDbLine
 10
452.607855
 20
992.608852
 30
0.0
 11
452.537855
 21
992.649852
 31
0.0
  0
LINE
  5
131F
330
70
100
AcDbEntity
  8
Visible
100
AcDbLine
 10
452.680855
 20
992.570852
 30
0.0
 11
452.607855
 21
992.608852
 31
0.0
  0
LINE
  5
1320
330
70
100
AcDbEntity
  8
Visible
100
AcDbLine
 10
452.755855
 20
992.536852
 30
0.0
 11
452.680855
 21
992.570852
 31
0.0
  0
LINE
  5
1321
330
70
100
AcDbEntity
  8
Visible
100
AcDbLine
 10
452.833855
 20
992.505852
 30
0.0
 11
452.755855
 21
992.536852
 31
0.0
  0
LINE
  5
1322
330
70
100
AcDbEntity
  8
Visible
100
AcDbLine
 10
452.912855
 20
992.478852
 30
0.0
 11
452.833855
 21
992.505852
 31
0.0
  0
LINE
  5
1323
330
70
100
AcDbEntity
  8
Visible
100
AcDbLine
 10
452.993855
 20
992.455852
 30
0.0
 11
452.912855
 21
992.478852
 31
0.0
  0
LINE
  5
1324
330
70
100
AcDbEntity
  8
Visible
100
AcDbLine
 10
453.076855
 20
992.435852
 30
0.0
 11
452.993855
 21
992.455852
 31
0.0
  0
LINE
  5
1325
330
70
100
AcDbEntity
  8
Visible
100
AcDbLine
 10
453.161855
 20
992.419852
 30
0.0
 11
453.076855
 21
992.435852
 31
0.0
  0
LINE
  5
1326
330
70
100
AcDbEntity
  8
Visible
100
AcDbLine
 10
453.248855
 20
992.406852
 30
0.0
 11
453.161855
 21
992.419852
 31
0.0
  0
LINE
  5
1327
330
70
100
AcDbEntity
  8
Visible
100
AcDbLine
 10
453.337855
 20
992.397852
 30
0.0
 11
453.248855
 21
992.406852
 31
0.0
  0
LINE
  5
1328
330
70
100
AcDbEntity
  8
Visible
100
AcDbLine
 10
453.427855
 20
992.392852
 30
0.0
 11
453.337855
 21
992.397852
 31
0.0
  0
LINE
  5
1329
330
70
100
AcDbEntity
  8
Visible
100
AcDbLine
 10
453.520855
 20
992.390852
 30
0.0
 11
453.427855
 21
992.392852
 31
0.0
  0
LINE
  5
132A
330
70
100
AcDbEntity
  8
Visible
100
AcDbLine
 10
453.585855
 20
992.391852
 30
0.0
 11
453.520855
 21
992.390852
 31
0.0
  0
LINE
  5
132B
330
70
100
AcDbEntity
  8
Visible
100
AcDbLine
 10
453.649855
 20
992.393852
 30
0.0
 11
453.585855
 21
992.391852
 31
0.0
  0
LINE
  5
132C
330
70
100
AcDbEntity
  8
Visible
100
AcDbLine
 10
453.713855
 20
992.398852
 30
0.0
 11
453.649855
 21
992.393852
 31
0.0
  0
LINE
  5
132D
330
70
100
AcDbEntity
  8
Visible
100
AcDbLine
 10
453.776855
 20
992.403852
 30
0.0
 11
453.713855
 21
992.398852
 31
0.0
  0
LINE
  5
132E
330
70
100
AcDbEntity
  8
Visible
100
AcDbLine
 10
453.839855
 20
992.411852
 30
0.0
 11
453.776855
 21
992.403852
 31
0.0
  0
LINE
  5
132F
330
70
100
AcDbEntity
  8
Visible
100
AcDbLine
 10
453.901855
 20
992.420852
 30
0.0
 11
453.839855
 21
992.411852
 31
0.0
  0
LINE
  5
1330
330
70
100
AcDbEntity
  8
Visible
100
AcDbLine
 10
453.963855
 20
992.431852
 30
0.0
 11
453.901855
 21
992.420852
 31
0.0
  0
LINE
  5
1331
330
70
100
AcDbEntity
  8
Visible
100
AcDbLine
 10
454.025855
 20
992.444852
 30
0.0
 11
453.963855
 21
992.431852
 31
0.0
  0
LINE
  5
1332
330
70
100
AcDbEntity
  8
Visible
100
AcDbLine
 10
454.086855
 20
992.458852
 30
0.0
 11
454.025855
 21
992.444852
 31
0.0
  0
LINE
  5
1333
330
70
100
AcDbEntity
  8
Visible
100
AcDbLine
 10
454.147855
 20
992.474852
 30
0.0
 11
454.086855
 21
992.458852
 31
0.0
  0
LINE
  5
1334
330
70
100
AcDbEntity
  8
Visible
100
AcDbLine
 10
454.208855
 20
992.491852
 30
0.0
 11
454.147855
 21
992.474852
 31
0.0
  0
LINE
  5
1335
330
70
100
AcDbEntity
  8
Visible
100
AcDbLine
 10
454.268855
 20
992.510852
 30
0.0
 11
454.208855
 21
992.491852
 31
0.0
  0
LINE
  5
1336
330
70
100
AcDbEntity
  8
Visible
100
AcDbLine
 10
454.329855
 20
992.529852
 30
0.0
 11
454.268855
 21
992.510852
 31
0.0
  0
LINE
  5
1337
330
70
100
AcDbEntity
  8
Visible
100
AcDbLine
 10
454.390855
 20
992.549852
 30
0.0
 11
454.329855
 21
992.529852
 31
0.0
  0
LINE
  5
1338
330
70
100
AcDbEntity
  8
Visible
100
AcDbLine
 10
454.451855
 20
992.570852
 30
0.0
 11
454.390855
 21
992.549852
 31
0.0
  0
LINE
  5
1339
330
70
100
AcDbEntity
  8
Visible
100
AcDbLine
 10
454.512855
 20
992.592852
 30
0.0
 11
454.451855
 21
992.570852
 31
0.0
  0
LINE
  5
133A
330
70
100
AcDbEntity
  8
Visible
100
AcDbLine
 10
454.573855
 20
992.615852
 30
0.0
 11
454.512855
 21
992.592852
 31
0.0
  0
LINE
  5
133B
330
70
100
AcDbEntity
  8
Visible
100
AcDbLine
 10
454.634855
 20
992.639852
 30
0.0
 11
454.573855
 21
992.615852
 31
0.0
  0
LINE
  5
133C
330
70
100
AcDbEntity
  8
Visible
100
AcDbLine
 10
454.695855
 20
992.664852
 30
0.0
 11
454.634855
 21
992.639852
 31
0.0
  0
LINE
  5
133D
330
70
100
AcDbEntity
  8
Visible
100
AcDbLine
 10
454.756855
 20
992.690852
 30
0.0
 11
454.695855
 21
992.664852
 31
0.0
  0
LINE
  5
133E
330
70
100
AcDbEntity
  8
Visible
100
AcDbLine
 10
454.624855
 20
993.362852
 30
0.0
 11
454.756855
 21
992.690852
 31
0.0
  0
LINE
  5
133F
330
70
100
AcDbEntity
  8
Visible
100
AcDbLine
 10
454.567855
 20
993.341852
 30
0.0
 11
454.624855
 21
993.362852
 31
0.0
  0
LINE
  5
1340
330
70
100
AcDbEntity
  8
Visible
100
AcDbLine
 10
454.511855
 20
993.321852
 30
0.0
 11
454.567855
 21
993.341852
 31
0.0
  0
LINE
  5
1341
330
70
100
AcDbEntity
  8
Visible
100
AcDbLine
 10
454.456855
 20
993.302852
 30
0.0
 11
454.511855
 21
993.321852
 31
0.0
  0
LINE
  5
1342
330
70
100
AcDbEntity
  8
Visible
100
AcDbLine
 10
454.403855
 20
993.284852
 30
0.0
 11
454.456855
 21
993.302852
 31
0.0
  0
LINE
  5
1343
330
70
100
AcDbEntity
  8
Visible
100
AcDbLine
 10
454.350855
 20
993.268852
 30
0.0
 11
454.403855
 21
993.284852
 31
0.0
  0
LINE
  5
1344
330
70
100
AcDbEntity
  8
Visible
100
AcDbLine
 10
454.299855
 20
993.252852
 30
0.0
 11
454.350855
 21
993.268852
 31
0.0
  0
LINE
  5
1345
330
70
100
AcDbEntity
  8
Visible
100
AcDbLine
 10
454.249855
 20
993.237852
 30
0.0
 11
454.299855
 21
993.252852
 31
0.0
  0
LINE
  5
1346
330
70
100
AcDbEntity
  8
Visible
100
AcDbLine
 10
454.200855
 20
993.224852
 30
0.0
 11
454.249855
 21
993.237852
 31
0.0
  0
LINE
  5
1347
330
70
100
AcDbEntity
  8
Visible
100
AcDbLine
 10
454.152855
 20
993.211852
 30
0.0
 11
454.200855
 21
993.224852
 31
0.0
  0
LINE
  5
1348
330
70
100
AcDbEntity
  8
Visible
100
AcDbLine
 10
454.105855
 20
993.200852
 30
0.0
 11
454.152855
 21
993.211852
 31
0.0
  0
LINE
  5
1349
330
70
100
AcDbEntity
  8
Visible
100
AcDbLine
 10
454.059855
 20
993.190852
 30
0.0
 11
454.105855
 21
993.200852
 31
0.0
  0
LINE
  5
134A
330
70
100
AcDbEntity
  8
Visible
100
AcDbLine
 10
453.965855
 20
993.172852
 30
0.0
 11
454.059855
 21
993.190852
 31
0.0
  0
LINE
  5
134B
330
70
100
AcDbEntity
  8
Visible
100
AcDbLine
 10
453.918855
 20
993.165852
 30
0.0
 11
453.965855
 21
993.172852
 31
0.0
  0
LINE
  5
134C
330
70
100
AcDbEntity
  8
Visible
100
AcDbLine
 10
453.870855
 20
993.159852
 30
0.0
 11
453.918855
 21
993.165852
 31
0.0
  0
LINE
  5
134D
330
70
100
AcDbEntity
  8
Visible
100
AcDbLine
 10
453.774855
 20
993.151852
 30
0.0
 11
453.870855
 21
993.159852
 31
0.0
  0
LINE
  5
134E
330
70
100
AcDbEntity
  8
Visible
100
AcDbLine
 10
453.726855
 20
993.148852
 30
0.0
 11
453.774855
 21
993.151852
 31
0.0
  0
LINE
  5
134F
330
70
100
AcDbEntity
  8
Visible
100
AcDbLine
 10
453.628855
 20
993.146852
 30
0.0
 11
453.726855
 21
993.148852
 31
0.0
  0
LINE
  5
1350
330
70
100
AcDbEntity
  8
Visible
100
AcDbLine
 10
453.471855
 20
993.155852
 30
0.0
 11
453.628855
 21
993.146852
 31
0.0
  0
LINE
  5
1351
330
70
100
AcDbEntity
  8
Visible
100
AcDbLine
 10
453.330855
 20
993.182852
 30
0.0
 11
453.471855
 21
993.155852
 31
0.0
  0
LINE
  5
1352
330
70
100
AcDbEntity
  8
Visible
100
AcDbLine
 10
453.206855
 20
993.226852
 30
0.0
 11
453.330855
 21
993.182852
 31
0.0
  0
LINE
  5
1353
330
70
100
AcDbEntity
  8
Visible
100
AcDbLine
 10
453.098855
 20
993.288852
 30
0.0
 11
453.206855
 21
993.226852
 31
0.0
  0
LINE
  5
1354
330
70
100
AcDbEntity
  8
Visible
100
AcDbLine
 10
453.007855
 20
993.368852
 30
0.0
 11
453.098855
 21
993.288852
 31
0.0
  0
LINE
  5
1355
330
70
100
AcDbEntity
  8
Visible
100
AcDbLine
 10
452.932855
 20
993.466852
 30
0.0
 11
453.007855
 21
993.368852
 31
0.0
  0
LINE
  5
1356
330
70
100
AcDbEntity
  8
Visible
100
AcDbLine
 10
452.875855
 20
993.581852
 30
0.0
 11
452.932855
 21
993.466852
 31
0.0
  0
LINE
  5
1357
330
70
100
AcDbEntity
  8
Visible
100
AcDbLine
 10
452.833855
 20
993.714852
 30
0.0
 11
452.875855
 21
993.581852
 31
0.0
  0
LINE
  5
1358
330
70
100
AcDbEntity
  8
Visible
100
AcDbLine
 10
452.808855
 20
993.865852
 30
0.0
 11
452.833855
 21
993.714852
 31
0.0
  0
LINE
  5
1359
330
70
100
AcDbEntity
  8
Visible
100
AcDbLine
 10
452.800855
 20
994.034852
 30
0.0
 11
452.808855
 21
993.865852
 31
0.0
  0
LINE
  5
135A
330
70
100
AcDbEntity
  8
Visible
100
AcDbLine
 10
452.800855
 20
997.622852
 30
0.0
 11
452.800855
 21
994.034852
 31
0.0
  0
LINE
  5
135B
330
70
100
AcDbEntity
  8
Visible
100
AcDbLine
 10
454.612855
 20
997.622852
 30
0.0
 11
452.800855
 21
997.622852
 31
0.0
  0
LINE
  5
135C
330
70
100
AcDbEntity
  8
Visible
100
AcDbLine
 10
454.612855
 20
998.270852
 30
0.0
 11
454.612855
 21
997.622852
 31
0.0
  0
LINE
  5
135D
330
70
100
AcDbEntity
  8
Visible
100
AcDbLine
 10
452.800855
 20
998.270852
 30
0.0
 11
454.612855
 21
998.270852
 31
0.0
  0
LINE
  5
135E
330
70
100
AcDbEntity
  8
Visible
100
AcDbLine
 10
452.800855
 20
999.866852
 30
0.0
 11
452.800855
 21
998.270852
 31
0.0
  0
LINE
  5
135F
330
70
100
AcDbEntity
  8
Visible
100
AcDbLine
 10
634.329855
 20
1272.168852
 30
0.0
 11
640.329855
 21
1272.168852
 31
0.0
  0
LINE
  5
1360
330
70
100
AcDbEntity
  8
Visible
100
AcDbLine
 10
634.329855
 20
1243.168852
 30
0.0
 11
634.329855
 21
1272.168852
 31
0.0
  0
LINE
  5
1361
330
70
100
AcDbEntity
  8
Visible
100
AcDbLine
 10
640.329855
 20
1243.168852
 30
0.0
 11
634.329855
 21
1243.168852
 31
0.0
  0
LINE
  5
1362
330
70
100
AcDbEntity
  8
Visible
100
AcDbLine
 10
640.329855
 20
1214.168852
 30
0.0
 11
640.329855
 21
1243.168852
 31
0.0
  0
LINE
  5
1363
330
70
100
AcDbEntity
  8
Visible
100
AcDbLine
 10
634.329855
 20
1214.168852
 30
0.0
 11
640.329855
 21
1214.168852
 31
0.0
  0
LINE
  5
1364
330
70
100
AcDbEntity
  8
Visible
100
AcDbLine
 10
634.329855
 20
1185.168852
 30
0.0
 11
634.329855
 21
1214.168852
 31
0.0
  0
LINE
  5
1365
330
70
100
AcDbEntity
  8
Visible
100
AcDbLine
 10
640.329855
 20
1185.168852
 30
0.0
 11
634.329855
 21
1185.168852
 31
0.0
  0
LINE
  5
1366
330
70
100
AcDbEntity
  8
Visible
100
AcDbLine
 10
640.329855
 20
1156.168852
 30
0.0
 11
640.329855
 21
1185.168852
 31
0.0
  0
LINE
  5
1367
330
70
100
AcDbEntity
  8
Visible
100
AcDbLine
 10
634.329855
 20
1156.168852
 30
0.0
 11
640.329855
 21
1156.168852
 31
0.0
  0
LINE
  5
1368
330
70
100
AcDbEntity
  8
Visible
100
AcDbLine
 10
634.329855
 20
1127.168852
 30
0.0
 11
634.329855
 21
1156.168852
 31
0.0
  0
LINE
  5
1369
330
70
100
AcDbEntity
  8
Visible
100
AcDbLine
 10
640.329855
 20
1127.168852
 30
0.0
 11
634.329855
 21
1127.168852
 31
0.0
  0
LINE
  5
136A
330
70
100
AcDbEntity
  8
Visible
100
AcDbLine
 10
640.329855
 20
1098.168852
 30
0.0
 11
640.329855
 21
1127.168852
 31
0.0
  0
LINE
  5
136B
330
70
100
AcDbEntity
  8
Visible
100
AcDbLine
 10
634.329855
 20
1098.168852
 30
0.0
 11
640.329855
 21
1098.168852
 31
0.0
  0
LINE
  5
136C
330
70
100
AcDbEntity
  8
Visible
100
AcDbLine
 10
634.329855
 20
1069.168852
 30
0.0
 11
634.329855
 21
1098.168852
 31
0.0
  0
LINE
  5
136D
330
70
100
AcDbEntity
  8
Visible
100
AcDbLine
 10
640.329855
 20
1069.168852
 30
0.0
 11
634.329855
 21
1069.168852
 31
0.0
  0
LINE
  5
136E
330
70
100
AcDbEntity
  8
Visible
100
AcDbLine
 10
640.329855
 20
1040.168852
 30
0.0
 11
640.329855
 21
1069.168852
 31
0.0
  0
LINE
  5
136F
330
70
100
AcDbEntity
  8
Visible
100
AcDbLine
 10
634.329855
 20
1040.168852
 30
0.0
 11
640.329855
 21
1040.168852
 31
0.0
  0
LINE
  5
1370
330
70
100
AcDbEntity
  8
Visible
100
AcDbLine
 10
634.329855
 20
1011.168852
 30
0.0
 11
634.329855
 21
1040.168852
 31
0.0
  0
LINE
  5
1371
330
70
100
AcDbEntity
  8
Visible
100
AcDbLine
 10
640.329855
 20
1011.168852
 30
0.0
 11
634.329855
 21
1011.168852
 31
0.0
  0
LINE
  5
1372
330
70
100
AcDbEntity
  8
Visible
100
AcDbLine
 10
640.329855
 20
982.168852
 30
0.0
 11
640.329855
 21
1011.168852
 31
0.0
  0
LINE
  5
1373
330
70
100
AcDbEntity
  8
Visible
100
AcDbLine
 10
634.329855
 20
982.168852
 30
0.0
 11
640.329855
 21
982.168852
 31
0.0
  0
LINE
  5
1374
330
70
100
AcDbEntity
  8
Visible
100
AcDbLine
 10
634.329855
 20
953.168852
 30
0.0
 11
634.329855
 21
982.168852
 31
0.0
  0
LINE
  5
1375
330
70
100
AcDbEntity
  8
Visible
100
AcDbLine
 10
640.329855
 20
953.168852
 30
0.0
 11
634.329855
 21
953.168852
 31
0.0
  0
LINE
  5
1376
330
70
100
AcDbEntity
  8
Visible
100
AcDbLine
 10
640.329855
 20
924.168852
 30
0.0
 11
640.329855
 21
953.168852
 31
0.0
  0
LINE
  5
1377
330
70
100
AcDbEntity
  8
Visible
100
AcDbLine
 10
634.329855
 20
924.168852
 30
0.0
 11
640.329855
 21
924.168852
 31
0.0
  0
LINE
  5
1378
330
70
100
AcDbEntity
  8
Visible
100
AcDbLine
 10
634.329855
 20
895.168852
 30
0.0
 11
634.329855
 21
924.168852
 31
0.0
  0
LINE
  5
1379
330
70
100
AcDbEntity
  8
Visible
100
AcDbLine
 10
640.329855
 20
895.168852
 30
0.0
 11
634.329855
 21
895.168852
 31
0.0
  0
LINE
  5
137A
330
70
100
AcDbEntity
  8
Visible
100
AcDbLine
 10
640.329855
 20
866.168852
 30
0.0
 11
640.329855
 21
895.168852
 31
0.0
  0
LINE
  5
137B
330
70
100
AcDbEntity
  8
Visible
100
AcDbLine
 10
634.329855
 20
866.168852
 30
0.0
 11
640.329855
 21
866.168852
 31
0.0
  0
LINE
  5
137C
330
70
100
AcDbEntity
  8
Visible
100
AcDbLine
 10
634.329855
 20
837.168852
 30
0.0
 11
634.329855
 21
866.168852
 31
0.0
  0
LINE
  5
137D
330
70
100
AcDbEntity
  8
Visible
100
AcDbLine
 10
640.329855
 20
837.168852
 30
0.0
 11
634.329855
 21
837.168852
 31
0.0
  0
LINE
  5
137E
330
70
100
AcDbEntity
  8
Visible
100
AcDbLine
 10
640.329855
 20
808.168852
 30
0.0
 11
640.329855
 21
837.168852
 31
0.0
  0
LINE
  5
137F
330
70
100
AcDbEntity
  8
Visible
100
AcDbLine
 10
634.329855
 20
808.168852
 30
0.0
 11
640.329855
 21
808.168852
 31
0.0
  0
LINE
  5
1380
330
70
100
AcDbEntity
  8
Visible
100
AcDbLine
 10
634.329855
 20
779.168852
 30
0.0
 11
634.329855
 21
808.168852
 31
0.0
  0
LINE
  5
1381
330
70
100
AcDbEntity
  8
Visible
100
AcDbLine
 10
640.329855
 20
779.168852
 30
0.0
 11
634.329855
 21
779.168852
 31
0.0
  0
LINE
  5
1382
330
70
100
AcDbEntity
  8
Visible
100
AcDbLine
 10
640.329855
 20
750.168852
 30
0.0
 11
640.329855
 21
779.168852
 31
0.0
  0
LINE
  5
1383
330
70
100
AcDbEntity
  8
Visible
100
AcDbLine
 10
634.329855
 20
750.168852
 30
0.0
 11
640.329855
 21
750.168852
 31
0.0
  0
LINE
  5
1384
330
70
100
AcDbEntity
  8
Visible
100
AcDbLine
 10
634.329855
 20
721.168852
 30
0.0
 11
634.329855
 21
750.168852
 31
0.0
  0
LINE
  5
1385
330
70
100
AcDbEntity
  8
Visible
100
AcDbLine
 10
640.329855
 20
721.168852
 30
0.0
 11
634.329855
 21
721.168852
 31
0.0
  0
LINE
  5
1386
330
70
100
AcDbEntity
  8
Visible
100
AcDbLine
 10
640.329855
 20
696.668852
 30
0.0
 11
640.329855
 21
721.168852
 31
0.0
  0
LINE
  5
1387
330
70
100
AcDbEntity
  8
Visible
100
AcDbLine
 10
599.829855
 20
696.668852
 30
0.0
 11
640.329855
 21
696.668852
 31
0.0
  0
LINE
  5
1388
330
70
100
AcDbEntity
  8
Visible
100
AcDbLine
 10
599.829855
 20
702.668852
 30
0.0
 11
599.829855
 21
696.668852
 31
0.0
  0
LINE
  5
1389
330
70
100
AcDbEntity
  8
Visible
100
AcDbLine
 10
570.829855
 20
702.668852
 30
0.0
 11
599.829855
 21
702.668852
 31
0.0
  0
LINE
  5
138A
330
70
100
AcDbEntity
  8
Visible
100
AcDbLine
 10
570.829855
 20
696.668852
 30
0.0
 11
570.829855
 21
702.668852
 31
0.0
  0
LINE
  5
138B
330
70
100
AcDbEntity
  8
Visible
100
AcDbLine
 10
541.829855
 20
696.668852
 30
0.0
 11
570.829855
 21
696.668852
 31
0.0
  0
LINE
  5
138C
330
70
100
AcDbEntity
  8
Visible
100
AcDbLine
 10
541.829855
 20
702.668852
 30
0.0
 11
541.829855
 21
696.668852
 31
0.0
  0
LINE
  5
138D
330
70
100
AcDbEntity
  8
Visible
100
AcDbLine
 10
512.829855
 20
702.668852
 30
0.0
 11
541.829855
 21
702.668852
 31
0.0
  0
LINE
  5
138E
330
70
100
AcDbEntity
  8
Visible
100
AcDbLine
 10
512.829855
 20
696.668852
 30
0.0
 11
512.829855
 21
702.668852
 31
0.0
  0
LINE
  5
138F
330
70
100
AcDbEntity
  8
Visible
100
AcDbLine
 10
483.829855
 20
696.668852
 30
0.0
 11
512.829855
 21
696.668852
 31
0.0
  0
LINE
  5
1390
330
70
100
AcDbEntity
  8
Visible
100
AcDbLine
 10
483.829855
 20
702.668852
 30
0.0
 11
483.829855
 21
696.668852
 31
0.0
  0
LINE
  5
1391
330
70
100
AcDbEntity
  8
Visible
100
AcDbLine
 10
454.829855
 20
702.668852
 30
0.0
 11
483.829855
 21
702.668852
 31
0.0
  0
LINE
  5
1392
330
70
100
AcDbEntity
  8
Visible
100
AcDbLine
 10
454.829855
 20
696.668852
 30
0.0
 11
454.829855
 21
702.668852
 31
0.0
  0
LINE
  5
1393
330
70
100
AcDbEntity
  8
Visible
100
AcDbLine
 10
425.829855
 20
696.668852
 30
0.0
 11
454.829855
 21
696.668852
 31
0.0
  0
LINE
  5
1394
330
70
100
AcDbEntity
  8
Visible
100
AcDbLine
 10
425.829855
 20
702.668852
 30
0.0
 11
425.829855
 21
696.668852
 31
0.0
  0
LINE
  5
1395
330
70
100
AcDbEntity
  8
Visible
100
AcDbLine
 10
396.829855
 20
702.668852
 30
0.0
 11
425.829855
 21
702.668852
 31
0.0
  0
LINE
  5
1396
330
70
100
AcDbEntity
  8
Visible
100
AcDbLine
 10
396.829855
 20
696.668852
 30
0.0
 11
396.829855
 21
702.668852
 31
0.0
  0
LINE
  5
1397
330
70
100
AcDbEntity
  8
Visible
100
AcDbLine
 10
367.829855
 20
696.668852
 30
0.0
 11
396.829855
 21
696.668852
 31
0.0
  0
LINE
  5
1398
330
70
100
AcDbEntity
  8
Visible
100
AcDbLine
 10
367.829855
 20
702.668852
 30
0.0
 11
367.829855
 21
696.668852
 31
0.0
  0
LINE
  5
1399
330
70
100
AcDbEntity
  8
Visible
100
AcDbLine
 10
338.829855
 20
702.668852
 30
0.0
 11
367.829855
 21
702.668852
 31
0.0
  0
LINE
  5
139A
330
70
100
AcDbEntity
  8
Visible
100
AcDbLine
 10
338.829855
 20
696.668852
 30
0.0
 11
338.829855
 21
702.668852
 31
0.0
  0
LINE
  5
139B
330
70
100
AcDbEntity
  8
Visible
100
AcDbLine
 10
309.829855
 20
696.668852
 30
0.0
 11
338.829855
 21
696.668852
 31
0.0
  0
LINE
  5
139C
330
70
100
AcDbEntity
  8
Visible
100
AcDbLine
 10
309.829855
 20
702.668852
 30
0.0
 11
309.829855
 21
696.668852
 31
0.0
  0
LINE
  5
139D
330
70
100
AcDbEntity
  8
Visible
100
AcDbLine
 10
280.829855
 20
702.668852
 30
0.0
 11
309.829855
 21
702.668852
 31
0.0
  0
LINE
  5
139E
330
70
100
AcDbEntity
  8
Visible
100
AcDbLine
 10
280.829855
 20
696.668852
 30
0.0
 11
280.829855
 21
702.668852
 31
0.0
  0
LINE
  5
139F
330
70
100
AcDbEntity
  8
Visible
100
AcDbLine
 10
240.329855
 20
696.668852
 30
0.0
 11
280.829855
 21
696.668852
 31
0.0
  0
LINE
  5
13A0
330
70
100
AcDbEntity
  8
Visible
100
AcDbLine
 10
240.329855
 20
721.168852
 30
0.0
 11
240.329855
 21
696.668852
 31
0.0
  0
LINE
  5
13A1
330
70
100
AcDbEntity
  8
Visible
100
AcDbLine
 10
246.329855
 20
721.168852
 30
0.0
 11
240.329855
 21
721.168852
 31
0.0
  0
LINE
  5
13A2
330
70
100
AcDbEntity
  8
Visible
100
AcDbLine
 10
246.329855
 20
750.168852
 30
0.0
 11
246.329855
 21
721.168852
 31
0.0
  0
LINE
  5
13A3
330
70
100
AcDbEntity
  8
Visible
100
AcDbLine
 10
240.329855
 20
750.168852
 30
0.0
 11
246.329855
 21
750.168852
 31
0.0
  0
LINE
  5
13A4
330
70
100
AcDbEntity
  8
Visible
100
AcDbLine
 10
240.329855
 20
779.168852
 30
0.0
 11
240.329855
 21
750.168852
 31
0.0
  0
LINE
  5
13A5
330
70
100
AcDbEntity
  8
Visible
100
AcDbLine
 10
246.329855
 20
779.168852
 30
0.0
 11
240.329855
 21
779.168852
 31
0.0
  0
LINE
  5
13A6
330
70
100
AcDbEntity
  8
Visible
100
AcDbLine
 10
246.329855
 20
808.168852
 30
0.0
 11
246.329855
 21
779.168852
 31
0.0
  0
LINE
  5
13A7
330
70
100
AcDbEntity
  8
Visible
100
AcDbLine
 10
240.329855
 20
808.168852
 30
0.0
 11
246.329855
 21
808.168852
 31
0.0
  0
LINE
  5
13A8
330
70
100
AcDbEntity
  8
Visible
100
AcDbLine
 10
240.329855
 20
837.168852
 30
0.0
 11
240.329855
 21
808.168852
 31
0.0
  0
LINE
  5
13A9
330
70
100
AcDbEntity
  8
Visible
100
AcDbLine
 10
246.329855
 20
837.168852
 30
0.0
 11
240.329855
 21
837.168852
 31
0.0
  0
LINE
  5
13AA
330
70
100
AcDbEntity
  8
Visible
100
AcDbLine
 10
246.329855
 20
866.168852
 30
0.0
 11
246.329855
 21
837.168852
 31
0.0
  0
LINE
  5
13AB
330
70
100
AcDbEntity
  8
Visible
100
AcDbLine
 10
240.329855
 20
866.168852
 30
0.0
 11
246.329855
 21
866.168852
 31
0.0
  0
LINE
  5
13AC
330
70
100
AcDbEntity
  8
Visible
100
AcDbLine
 10
240.329855
 20
895.168852
 30
0.0
 11
240.329855
 21
866.168852
 31
0.0
  0
LINE
  5
13AD
330
70
100
AcDbEntity
  8
Visible
100
AcDbLine
 10
246.329855
 20
895.168852
 30
0.0
 11
240.329855
 21
895.168852
 31
0.0
  0
LINE
  5
13AE
330
70
100
AcDbEntity
  8
Visible
100
AcDbLine
 10
246.329855
 20
924.168852
 30
0.0
 11
246.329855
 21
895.168852
 31
0.0
  0
LINE
  5
13AF
330
70
100
AcDbEntity
  8
Visible
100
AcDbLine
 10
240.329855
 20
924.168852
 30
0.0
 11
246.329855
 21
924.168852
 31
0.0
  0
LINE
  5
13B0
330
70
100
AcDbEntity
  8
Visible
100
AcDbLine
 10
240.329855
 20
953.168852
 30
0.0
 11
240.329855
 21
924.168852
 31
0.0
  0
LINE
  5
13B1
330
70
100
AcDbEntity
  8
Visible
100
AcDbLine
 10
246.329855
 20
953.168852
 30
0.0
 11
240.329855
 21
953.168852
 31
0.0
  0
LINE
  5
13B2
330
70
100
AcDbEntity
  8
Visible
100
AcDbLine
 10
246.329855
 20
982.168852
 30
0.0
 11
246.329855
 21
953.168852
 31
0.0
  0
LINE
  5
13B3
330
70
100
AcDbEntity
  8
Visible
100
AcDbLine
 10
240.329855
 20
982.168852
 30
0.0
 11
246.329855
 21
982.168852
 31
0.0
  0
LINE
  5
13B4
330
70
100
AcDbEntity
  8
Visible
100
AcDbLine
 10
240.329855
 20
1011.168852
 30
0.0
 11
240.329855
 21
982.168852
 31
0.0
  0
LINE
  5
13B5
330
70
100
AcDbEntity
  8
Visible
100
AcDbLine
 10
246.329855
 20
1011.168852
 30
0.0
 11
240.329855
 21
1011.168852
 31
0.0
  0
LINE
  5
13B6
330
70
100
AcDbEntity
  8
Visible
100
AcDbLine
 10
246.329855
 20
1040.168852
 30
0.0
 11
246.329855
 21
1011.168852
 31
0.0
  0
LINE
  5
13B7
330
70
100
AcDbEntity
  8
Visible
100
AcDbLine
 10
240.329855
 20
1040.168852
 30
0.0
 11
246.329855
 21
1040.168852
 31
0.0
  0
LINE
  5
13B8
330
70
100
AcDbEntity
  8
Visible
100
AcDbLine
 10
240.329855
 20
1069.168852
 30
0.0
 11
240.329855
 21
1040.168852
 31
0.0
  0
LINE
  5
13B9
330
70
100
AcDbEntity
  8
Visible
100
AcDbLine
 10
246.329855
 20
1069.168852
 30
0.0
 11
240.329855
 21
1069.168852
 31
0.0
  0
LINE
  5
13BA
330
70
100
AcDbEntity
  8
Visible
100
AcDbLine
 10
246.329855
 20
1098.168852
 30
0.0
 11
246.329855
 21
1069.168852
 31
0.0
  0
LINE
  5
13BB
330
70
100
AcDbEntity
  8
Visible
100
AcDbLine
 10
240.329855
 20
1098.168852
 30
0.0
 11
246.329855
 21
1098.168852
 31
0.0
  0
LINE
  5
13BC
330
70
100
AcDbEntity
  8
Visible
100
AcDbLine
 10
240.329855
 20
1127.168852
 30
0.0
 11
240.329855
 21
1098.168852
 31
0.0
  0
LINE
  5
13BD
330
70
100
AcDbEntity
  8
Visible
100
AcDbLine
 10
246.329855
 20
1127.168852
 30
0.0
 11
240.329855
 21
1127.168852
 31
0.0
  0
LINE
  5
13BE
330
70
100
AcDbEntity
  8
Visible
100
AcDbLine
 10
246.329855
 20
1156.168852
 30
0.0
 11
246.329855
 21
1127.168852
 31
0.0
  0
LINE
  5
13BF
330
70
100
AcDbEntity
  8
Visible
100
AcDbLine
 10
240.329855
 20
1156.168852
 30
0.0
 11
246.329855
 21
1156.168852
 31
0.0
  0
LINE
  5
13C0
330
70
100
AcDbEntity
  8
Visible
100
AcDbLine
 10
240.329855
 20
1185.168852
 30
0.0
 11
240.329855
 21
1156.168852
 31
0.0
  0
LINE
  5
13C1
330
70
100
AcDbEntity
  8
Visible
100
AcDbLine
 10
246.329855
 20
1185.168852
 30
0.0
 11
240.329855
 21
1185.168852
 31
0.0
  0
LINE
  5
13C2
330
70
100
AcDbEntity
  8
Visible
100
AcDbLine
 10
246.329855
 20
1214.168852
 30
0.0
 11
246.329855
 21
1185.168852
 31
0.0
  0
LINE
  5
13C3
330
70
100
AcDbEntity
  8
Visible
100
AcDbLine
 10
240.329855
 20
1214.168852
 30
0.0
 11
246.329855
 21
1214.168852
 31
0.0
  0
LINE
  5
13C4
330
70
100
AcDbEntity
  8
Visible
100
AcDbLine
 10
240.329855
 20
1243.168852
 30
0.0
 11
240.329855
 21
1214.168852
 31
0.0
  0
LINE
  5
13C5
330
70
100
AcDbEntity
  8
Visible
100
AcDbLine
 10
246.329855
 20
1243.168852
 30
0.0
 11
240.329855
 21
1243.168852
 31
0.0
  0
LINE
  5
13C6
330
70
100
AcDbEntity
  8
Visible
100
AcDbLine
 10
246.329855
 20
1272.168852
 30
0.0
 11
246.329855
 21
1243.168852
 31
0.0
  0
LINE
  5
13C7
330
70
100
AcDbEntity
  8
Visible
100
AcDbLine
 10
240.329855
 20
1272.168852
 30
0.0
 11
246.329855
 21
1272.168852
 31
0.0
  0
LINE
  5
13C8
330
70
100
AcDbEntity
  8
Visible
100
AcDbLine
 10
240.329855
 20
1296.668852
 30
0.0
 11
240.329855
 21
1272.168852
 31
0.0
  0
LINE
  5
13C9
330
70
100
AcDbEntity
  8
Visible
100
AcDbLine
 10
280.829855
 20
1296.668852
 30
0.0
 11
240.329855
 21
1296.668852
 31
0.0
  0
LINE
  5
13CA
330
70
100
AcDbEntity
  8
Visible
100
AcDbLine
 10
280.829855
 20
1290.668852
 30
0.0
 11
280.829855
 21
1296.668852
 31
0.0
  0
LINE
  5
13CB
330
70
100
AcDbEntity
  8
Visible
100
AcDbLine
 10
309.829855
 20
1290.668852
 30
0.0
 11
280.829855
 21
1290.668852
 31
0.0
  0
LINE
  5
13CC
330
70
100
AcDbEntity
  8
Visible
100
AcDbLine
 10
309.829855
 20
1296.668852
 30
0.0
 11
309.829855
 21
1290.668852
 31
0.0
  0
LINE
  5
13CD
330
70
100
AcDbEntity
  8
Visible
100
AcDbLine
 10
338.829855
 20
1296.668852
 30
0.0
 11
309.829855
 21
1296.668852
 31
0.0
  0
LINE
  5
13CE
330
70
100
AcDbEntity
  8
Visible
100
AcDbLine
 10
338.829855
 20
1290.668852
 30
0.0
 11
338.829855
 21
1296.668852
 31
0.0
  0
LINE
  5
13CF
330
70
100
AcDbEntity
  8
Visible
100
AcDbLine
 10
367.829855
 20
1290.668852
 30
0.0
 11
338.829855
 21
1290.668852
 31
0.0
  0
LINE
  5
13D0
330
70
100
AcDbEntity
  8
Visible
100
AcDbLine
 10
367.829855
 20
1296.668852
 30
0.0
 11
367.829855
 21
1290.668852
 31
0.0
  0
LINE
  5
13D1
330
70
100
AcDbEntity
  8
Visible
100
AcDbLine
 10
396.829855
 20
1296.668852
 30
0.0
 11
367.829855
 21
1296.668852
 31
0.0
  0
LINE
  5
13D2
330
70
100
AcDbEntity
  8
Visible
100
AcDbLine
 10
396.829855
 20
1290.668852
 30
0.0
 11
396.829855
 21
1296.668852
 31
0.0
  0
LINE
  5
13D3
330
70
100
AcDbEntity
  8
Visible
100
AcDbLine
 10
425.829855
 20
1290.668852
 30
0.0
 11
396.829855
 21
1290.668852
 31
0.0
  0
LINE
  5
13D4
330
70
100
AcDbEntity
  8
Visible
100
AcDbLine
 10
425.829855
 20
1296.668852
 30
0.0
 11
425.829855
 21
1290.668852
 31
0.0
  0
LINE
  5
13D5
330
70
100
AcDbEntity
  8
Visible
100
AcDbLine
 10
454.829855
 20
1296.668852
 30
0.0
 11
425.829855
 21
1296.668852
 31
0.0
  0
LINE
  5
13D6
330
70
100
AcDbEntity
  8
Visible
100
AcDbLine
 10
454.829855
 20
1290.668852
 30
0.0
 11
454.829855
 21
1296.668852
 31
0.0
  0
LINE
  5
13D7
330
70
100
AcDbEntity
  8
Visible
100
AcDbLine
 10
483.829855
 20
1290.668852
 30
0.0
 11
454.829855
 21
1290.668852
 31
0.0
  0
LINE
  5
13D8
330
70
100
AcDbEntity
  8
Visible
100
AcDbLine
 10
483.829855
 20
1296.668852
 30
0.0
 11
483.829855
 21
1290.668852
 31
0.0
  0
LINE
  5
13D9
330
70
100
AcDbEntity
  8
Visible
100
AcDbLine
 10
512.829855
 20
1296.668852
 30
0.0
 11
483.829855
 21
1296.668852
 31
0.0
  0
LINE
  5
13DA
330
70
100
AcDbEntity
  8
Visible
100
AcDbLine
 10
512.829855
 20
1290.668852
 30
0.0
 11
512.829855
 21
1296.668852
 31
0.0
  0
LINE
  5
13DB
330
70
100
AcDbEntity
  8
Visible
100
AcDbLine
 10
541.829855
 20
1290.668852
 30
0.0
 11
512.829855
 21
1290.668852
 31
0.0
  0
LINE
  5
13DC
330
70
100
AcDbEntity
  8
Visible
100
AcDbLine
 10
541.829855
 20
1296.668852
 30
0.0
 11
541.829855
 21
1290.668852
 31
0.0
  0
LINE
  5
13DD
330
70
100
AcDbEntity
  8
Visible
100
AcDbLine
 10
570.829855
 20
1296.668852
 30
0.0
 11
541.829855
 21
1296.668852
 31
0.0
  0
LINE
  5
13DE
330
70
100
AcDbEntity
  8
Visible
100
AcDbLine
 10
570.829855
 20
1290.668852
 30
0.0
 11
570.829855
 21
1296.668852
 31
0.0
  0
LINE
  5
13DF
330
70
100
AcDbEntity
  8
Visible
100
AcDbLine
 10
599.829855
 20
1290.668852
 30
0.0
 11
570.829855
 21
1290.668852
 31
0.0
  0
LINE
  5
13E0
330
70
100
AcDbEntity
  8
Visible
100
AcDbLine
 10
599.829855
 20
1296.668852
 30
0.0
 11
599.829855
 21
1290.668852
 31
0.0
  0
LINE
  5
13E1
330
70
100
AcDbEntity
  8
Visible
100
AcDbLine
 10
640.329855
 20
1296.668852
 30
0.0
 11
599.829855
 21
1296.668852
 31
0.0
  0
LINE
  5
13E2
330
70
100
AcDbEntity
  8
Visible
100
AcDbLine
 10
640.329855
 20
1272.168852
 30
0.0
 11
640.329855
 21
1296.668852
 31
0.0
  0
LINE
  5
13E3
330
70
100
AcDbEntity
  8
Visible
100
AcDbLine
 10
834.138855
 20
389.583852
 30
0.0
 11
833.997855
 21
389.578852
 31
0.0
  0
LINE
  5
13E4
330
70
100
AcDbEntity
  8
Visible
100
AcDbLine
 10
834.273855
 20
389.592852
 30
0.0
 11
834.138855
 21
389.583852
 31
0.0
  0
LINE
  5
13E5
330
70
100
AcDbEntity
  8
Visible
100
AcDbLine
 10
834.404855
 20
389.604852
 30
0.0
 11
834.273855
 21
389.592852
 31
0.0
  0
LINE
  5
13E6
330
70
100
AcDbEntity
  8
Visible
100
AcDbLine
 10
834.530855
 20
389.620852
 30
0.0
 11
834.404855
 21
389.604852
 31
0.0
  0
LINE
  5
13E7
330
70
100
AcDbEntity
  8
Visible
100
AcDbLine
 10
834.651855
 20
389.639852
 30
0.0
 11
834.530855
 21
389.620852
 31
0.0
  0
LINE
  5
13E8
330
70
100
AcDbEntity
  8
Visible
100
AcDbLine
 10
834.768855
 20
389.661852
 30
0.0
 11
834.651855
 21
389.639852
 31
0.0
  0
LINE
  5
13E9
330
70
100
AcDbEntity
  8
Visible
100
AcDbLine
 10
834.879855
 20
389.687852
 30
0.0
 11
834.768855
 21
389.661852
 31
0.0
  0
LINE
  5
13EA
330
70
100
AcDbEntity
  8
Visible
100
AcDbLine
 10
834.986855
 20
389.717852
 30
0.0
 11
834.879855
 21
389.687852
 31
0.0
  0
LINE
  5
13EB
330
70
100
AcDbEntity
  8
Visible
100
AcDbLine
 10
835.088855
 20
389.750852
 30
0.0
 11
834.986855
 21
389.717852
 31
0.0
  0
LINE
  5
13EC
330
70
100
AcDbEntity
  8
Visible
100
AcDbLine
 10
835.186855
 20
389.786852
 30
0.0
 11
835.088855
 21
389.750852
 31
0.0
  0
LINE
  5
13ED
330
70
100
AcDbEntity
  8
Visible
100
AcDbLine
 10
835.279855
 20
389.824852
 30
0.0
 11
835.186855
 21
389.786852
 31
0.0
  0
LINE
  5
13EE
330
70
100
AcDbEntity
  8
Visible
100
AcDbLine
 10
835.369855
 20
389.865852
 30
0.0
 11
835.279855
 21
389.824852
 31
0.0
  0
LINE
  5
13EF
330
70
100
AcDbEntity
  8
Visible
100
AcDbLine
 10
835.455855
 20
389.908852
 30
0.0
 11
835.369855
 21
389.865852
 31
0.0
  0
LINE
  5
13F0
330
70
100
AcDbEntity
  8
Visible
100
AcDbLine
 10
835.536855
 20
389.954852
 30
0.0
 11
835.455855
 21
389.908852
 31
0.0
  0
LINE
  5
13F1
330
70
100
AcDbEntity
  8
Visible
100
AcDbLine
 10
835.614855
 20
390.002852
 30
0.0
 11
835.536855
 21
389.954852
 31
0.0
  0
LINE
  5
13F2
330
70
100
AcDbEntity
  8
Visible
100
AcDbLine
 10
835.688855
 20
390.052852
 30
0.0
 11
835.614855
 21
390.002852
 31
0.0
  0
LINE
  5
13F3
330
70
100
AcDbEntity
  8
Visible
100
AcDbLine
 10
835.758855
 20
390.105852
 30
0.0
 11
835.688855
 21
390.052852
 31
0.0
  0
LINE
  5
13F4
330
70
100
AcDbEntity
  8
Visible
100
AcDbLine
 10
835.824855
 20
390.160852
 30
0.0
 11
835.758855
 21
390.105852
 31
0.0
  0
LINE
  5
13F5
330
70
100
AcDbEntity
  8
Visible
100
AcDbLine
 10
835.886855
 20
390.218852
 30
0.0
 11
835.824855
 21
390.160852
 31
0.0
  0
LINE
  5
13F6
330
70
100
AcDbEntity
  8
Visible
100
AcDbLine
 10
835.944855
 20
390.278852
 30
0.0
 11
835.886855
 21
390.218852
 31
0.0
  0
LINE
  5
13F7
330
70
100
AcDbEntity
  8
Visible
100
AcDbLine
 10
835.999855
 20
390.338852
 30
0.0
 11
835.944855
 21
390.278852
 31
0.0
  0
LINE
  5
13F8
330
70
100
AcDbEntity
  8
Visible
100
AcDbLine
 10
836.051855
 20
390.401852
 30
0.0
 11
835.999855
 21
390.338852
 31
0.0
  0
LINE
  5
13F9
330
70
100
AcDbEntity
  8
Visible
100
AcDbLine
 10
836.099855
 20
390.465852
 30
0.0
 11
836.051855
 21
390.401852
 31
0.0
  0
LINE
  5
13FA
330
70
100
AcDbEntity
  8
Visible
100
AcDbLine
 10
836.143855
 20
390.530852
 30
0.0
 11
836.099855
 21
390.465852
 31
0.0
  0
LINE
  5
13FB
330
70
100
AcDbEntity
  8
Visible
100
AcDbLine
 10
836.184855
 20
390.597852
 30
0.0
 11
836.143855
 21
390.530852
 31
0.0
  0
LINE
  5
13FC
330
70
100
AcDbEntity
  8
Visible
100
AcDbLine
 10
836.222855
 20
390.665852
 30
0.0
 11
836.184855
 21
390.597852
 31
0.0
  0
LINE
  5
13FD
330
70
100
AcDbEntity
  8
Visible
100
AcDbLine
 10
836.257855
 20
390.734852
 30
0.0
 11
836.222855
 21
390.665852
 31
0.0
  0
LINE
  5
13FE
330
70
100
AcDbEntity
  8
Visible
100
AcDbLine
 10
836.287855
 20
390.806852
 30
0.0
 11
836.257855
 21
390.734852
 31
0.0
  0
LINE
  5
13FF
330
70
100
AcDbEntity
  8
Visible
100
AcDbLine
 10
836.315855
 20
390.878852
 30
0.0
 11
836.287855
 21
390.806852
 31
0.0
  0
LINE
  5
1400
330
70
100
AcDbEntity
  8
Visible
100
AcDbLine
 10
836.340855
 20
390.951852
 30
0.0
 11
836.315855
 21
390.878852
 31
0.0
  0
LINE
  5
1401
330
70
100
AcDbEntity
  8
Visible
100
AcDbLine
 10
836.361855
 20
391.025852
 30
0.0
 11
836.340855
 21
390.951852
 31
0.0
  0
LINE
  5
1402
330
70
100
AcDbEntity
  8
Visible
100
AcDbLine
 10
836.381855
 20
391.099852
 30
0.0
 11
836.361855
 21
391.025852
 31
0.0
  0
LINE
  5
1403
330
70
100
AcDbEntity
  8
Visible
100
AcDbLine
 10
836.398855
 20
391.174852
 30
0.0
 11
836.381855
 21
391.099852
 31
0.0
  0
LINE
  5
1404
330
70
100
AcDbEntity
  8
Visible
100
AcDbLine
 10
836.412855
 20
391.248852
 30
0.0
 11
836.398855
 21
391.174852
 31
0.0
  0
LINE
  5
1405
330
70
100
AcDbEntity
  8
Visible
100
AcDbLine
 10
836.423855
 20
391.324852
 30
0.0
 11
836.412855
 21
391.248852
 31
0.0
  0
LINE
  5
1406
330
70
100
AcDbEntity
  8
Visible
100
AcDbLine
 10
836.432855
 20
391.399852
 30
0.0
 11
836.423855
 21
391.324852
 31
0.0
  0
LINE
  5
1407
330
70
100
AcDbEntity
  8
Visible
100
AcDbLine
 10
836.439855
 20
391.475852
 30
0.0
 11
836.432855
 21
391.399852
 31
0.0
  0
LINE
  5
1408
330
70
100
AcDbEntity
  8
Visible
100
AcDbLine
 10
836.443855
 20
391.551852
 30
0.0
 11
836.439855
 21
391.475852
 31
0.0
  0
LINE
  5
1409
330
70
100
AcDbEntity
  8
Visible
100
AcDbLine
 10
836.444855
 20
391.628852
 30
0.0
 11
836.443855
 21
391.551852
 31
0.0
  0
LINE
  5
140A
330
70
100
AcDbEntity
  8
Visible
100
AcDbLine
 10
836.442855
 20
391.711852
 30
0.0
 11
836.444855
 21
391.628852
 31
0.0
  0
LINE
  5
140B
330
70
100
AcDbEntity
  8
Visible
100
AcDbLine
 10
836.436855
 20
391.794852
 30
0.0
 11
836.442855
 21
391.711852
 31
0.0
  0
LINE
  5
140C
330
70
100
AcDbEntity
  8
Visible
100
AcDbLine
 10
836.426855
 20
391.875852
 30
0.0
 11
836.436855
 21
391.794852
 31
0.0
  0
LINE
  5
140D
330
70
100
AcDbEntity
  8
Visible
100
AcDbLine
 10
836.412855
 20
391.956852
 30
0.0
 11
836.426855
 21
391.875852
 31
0.0
  0
LINE
  5
140E
330
70
100
AcDbEntity
  8
Visible
100
AcDbLine
 10
836.395855
 20
392.035852
 30
0.0
 11
836.412855
 21
391.956852
 31
0.0
  0
LINE
  5
140F
330
70
100
AcDbEntity
  8
Visible
100
AcDbLine
 10
836.373855
 20
392.114852
 30
0.0
 11
836.395855
 21
392.035852
 31
0.0
  0
LINE
  5
1410
330
70
100
AcDbEntity
  8
Visible
100
AcDbLine
 10
836.347855
 20
392.191852
 30
0.0
 11
836.373855
 21
392.114852
 31
0.0
  0
LINE
  5
1411
330
70
100
AcDbEntity
  8
Visible
100
AcDbLine
 10
836.317855
 20
392.267852
 30
0.0
 11
836.347855
 21
392.191852
 31
0.0
  0
LINE
  5
1412
330
70
100
AcDbEntity
  8
Visible
100
AcDbLine
 10
836.284855
 20
392.343852
 30
0.0
 11
836.317855
 21
392.267852
 31
0.0
  0
LINE
  5
1413
330
70
100
AcDbEntity
  8
Visible
100
AcDbLine
 10
836.246855
 20
392.417852
 30
0.0
 11
836.284855
 21
392.343852
 31
0.0
  0
LINE
  5
1414
330
70
100
AcDbEntity
  8
Visible
100
AcDbLine
 10
836.205855
 20
392.490852
 30
0.0
 11
836.246855
 21
392.417852
 31
0.0
  0
LINE
  5
1415
330
70
100
AcDbEntity
  8
Visible
100
AcDbLine
 10
836.161855
 20
392.560852
 30
0.0
 11
836.205855
 21
392.490852
 31
0.0
  0
LINE
  5
1416
330
70
100
AcDbEntity
  8
Visible
100
AcDbLine
 10
836.113855
 20
392.628852
 30
0.0
 11
836.161855
 21
392.560852
 31
0.0
  0
LINE
  5
1417
330
70
100
AcDbEntity
  8
Visible
100
AcDbLine
 10
836.063855
 20
392.694852
 30
0.0
 11
836.113855
 21
392.628852
 31
0.0
  0
LINE
  5
1418
330
70
100
AcDbEntity
  8
Visible
100
AcDbLine
 10
836.010855
 20
392.757852
 30
0.0
 11
836.063855
 21
392.694852
 31
0.0
  0
LINE
  5
1419
330
70
100
AcDbEntity
  8
Visible
100
AcDbLine
 10
835.953855
 20
392.819852
 30
0.0
 11
836.010855
 21
392.757852
 31
0.0
  0
LINE
  5
141A
330
70
100
AcDbEntity
  8
Visible
100
AcDbLine
 10
835.894855
 20
392.878852
 30
0.0
 11
835.953855
 21
392.819852
 31
0.0
  0
LINE
  5
141B
330
70
100
AcDbEntity
  8
Visible
100
AcDbLine
 10
835.831855
 20
392.934852
 30
0.0
 11
835.894855
 21
392.878852
 31
0.0
  0
LINE
  5
141C
330
70
100
AcDbEntity
  8
Visible
100
AcDbLine
 10
835.766855
 20
392.989852
 30
0.0
 11
835.831855
 21
392.934852
 31
0.0
  0
LINE
  5
141D
330
70
100
AcDbEntity
  8
Visible
100
AcDbLine
 10
835.697855
 20
393.041852
 30
0.0
 11
835.766855
 21
392.989852
 31
0.0
  0
LINE
  5
141E
330
70
100
AcDbEntity
  8
Visible
100
AcDbLine
 10
835.626855
 20
393.090852
 30
0.0
 11
835.697855
 21
393.041852
 31
0.0
  0
LINE
  5
141F
330
70
100
AcDbEntity
  8
Visible
100
AcDbLine
 10
835.552855
 20
393.136852
 30
0.0
 11
835.626855
 21
393.090852
 31
0.0
  0
LINE
  5
1420
330
70
100
AcDbEntity
  8
Visible
100
AcDbLine
 10
835.476855
 20
393.178852
 30
0.0
 11
835.552855
 21
393.136852
 31
0.0
  0
LINE
  5
1421
330
70
100
AcDbEntity
  8
Visible
100
AcDbLine
 10
835.398855
 20
393.216852
 30
0.0
 11
835.476855
 21
393.178852
 31
0.0
  0
LINE
  5
1422
330
70
100
AcDbEntity
  8
Visible
100
AcDbLine
 10
835.318855
 20
393.250852
 30
0.0
 11
835.398855
 21
393.216852
 31
0.0
  0
LINE
  5
1423
330
70
100
AcDbEntity
  8
Visible
100
AcDbLine
 10
835.236855
 20
393.281852
 30
0.0
 11
835.318855
 21
393.250852
 31
0.0
  0
LINE
  5
1424
330
70
100
AcDbEntity
  8
Visible
100
AcDbLine
 10
835.151855
 20
393.308852
 30
0.0
 11
835.236855
 21
393.281852
 31
0.0
  0
LINE
  5
1425
330
70
100
AcDbEntity
  8
Visible
100
AcDbLine
 10
835.064855
 20
393.332852
 30
0.0
 11
835.151855
 21
393.308852
 31
0.0
  0
LINE
  5
1426
330
70
100
AcDbEntity
  8
Visible
100
AcDbLine
 10
834.975855
 20
393.352852
 30
0.0
 11
835.064855
 21
393.332852
 31
0.0
  0
LINE
  5
1427
330
70
100
AcDbEntity
  8
Visible
100
AcDbLine
 10
834.884855
 20
393.368852
 30
0.0
 11
834.975855
 21
393.352852
 31
0.0
  0
LINE
  5
1428
330
70
100
AcDbEntity
  8
Visible
100
AcDbLine
 10
835.023855
 20
393.406852
 30
0.0
 11
834.884855
 21
393.368852
 31
0.0
  0
LINE
  5
1429
330
70
100
AcDbEntity
  8
Visible
100
AcDbLine
 10
835.155855
 20
393.450852
 30
0.0
 11
835.023855
 21
393.406852
 31
0.0
  0
LINE
  5
142A
330
70
100
AcDbEntity
  8
Visible
100
AcDbLine
 10
835.280855
 20
393.500852
 30
0.0
 11
835.155855
 21
393.450852
 31
0.0
  0
LINE
  5
142B
330
70
100
AcDbEntity
  8
Visible
100
AcDbLine
 10
835.398855
 20
393.556852
 30
0.0
 11
835.280855
 21
393.500852
 31
0.0
  0
LINE
  5
142C
330
70
100
AcDbEntity
  8
Visible
100
AcDbLine
 10
835.509855
 20
393.618852
 30
0.0
 11
835.398855
 21
393.556852
 31
0.0
  0
LINE
  5
142D
330
70
100
AcDbEntity
  8
Visible
100
AcDbLine
 10
835.612855
 20
393.686852
 30
0.0
 11
835.509855
 21
393.618852
 31
0.0
  0
LINE
  5
142E
330
70
100
AcDbEntity
  8
Visible
100
AcDbLine
 10
835.709855
 20
393.760852
 30
0.0
 11
835.612855
 21
393.686852
 31
0.0
  0
LINE
  5
142F
330
70
100
AcDbEntity
  8
Visible
100
AcDbLine
 10
835.798855
 20
393.840852
 30
0.0
 11
835.709855
 21
393.760852
 31
0.0
  0
LINE
  5
1430
330
70
100
AcDbEntity
  8
Visible
100
AcDbLine
 10
835.880855
 20
393.927852
 30
0.0
 11
835.798855
 21
393.840852
 31
0.0
  0
LINE
  5
1431
330
70
100
AcDbEntity
  8
Visible
100
AcDbLine
 10
835.955855
 20
394.019852
 30
0.0
 11
835.880855
 21
393.927852
 31
0.0
  0
LINE
  5
1432
330
70
100
AcDbEntity
  8
Visible
100
AcDbLine
 10
836.023855
 20
394.116852
 30
0.0
 11
835.955855
 21
394.019852
 31
0.0
  0
LINE
  5
1433
330
70
100
AcDbEntity
  8
Visible
100
AcDbLine
 10
836.084855
 20
394.217852
 30
0.0
 11
836.023855
 21
394.116852
 31
0.0
  0
LINE
  5
1434
330
70
100
AcDbEntity
  8
Visible
100
AcDbLine
 10
836.137855
 20
394.321852
 30
0.0
 11
836.084855
 21
394.217852
 31
0.0
  0
LINE
  5
1435
330
70
100
AcDbEntity
  8
Visible
100
AcDbLine
 10
836.183855
 20
394.428852
 30
0.0
 11
836.137855
 21
394.321852
 31
0.0
  0
LINE
  5
1436
330
70
100
AcDbEntity
  8
Visible
100
AcDbLine
 10
836.223855
 20
394.539852
 30
0.0
 11
836.183855
 21
394.428852
 31
0.0
  0
LINE
  5
1437
330
70
100
AcDbEntity
  8
Visible
100
AcDbLine
 10
836.255855
 20
394.653852
 30
0.0
 11
836.223855
 21
394.539852
 31
0.0
  0
LINE
  5
1438
330
70
100
AcDbEntity
  8
Visible
100
AcDbLine
 10
836.280855
 20
394.771852
 30
0.0
 11
836.255855
 21
394.653852
 31
0.0
  0
LINE
  5
1439
330
70
100
AcDbEntity
  8
Visible
100
AcDbLine
 10
836.298855
 20
394.892852
 30
0.0
 11
836.280855
 21
394.771852
 31
0.0
  0
LINE
  5
143A
330
70
100
AcDbEntity
  8
Visible
100
AcDbLine
 10
836.308855
 20
395.016852
 30
0.0
 11
836.298855
 21
394.892852
 31
0.0
  0
LINE
  5
143B
330
70
100
AcDbEntity
  8
Visible
100
AcDbLine
 10
836.312855
 20
395.144852
 30
0.0
 11
836.308855
 21
395.016852
 31
0.0
  0
LINE
  5
143C
330
70
100
AcDbEntity
  8
Visible
100
AcDbLine
 10
836.309855
 20
395.249852
 30
0.0
 11
836.312855
 21
395.144852
 31
0.0
  0
LINE
  5
143D
330
70
100
AcDbEntity
  8
Visible
100
AcDbLine
 10
836.301855
 20
395.352852
 30
0.0
 11
836.309855
 21
395.249852
 31
0.0
  0
LINE
  5
143E
330
70
100
AcDbEntity
  8
Visible
100
AcDbLine
 10
836.288855
 20
395.454852
 30
0.0
 11
836.301855
 21
395.352852
 31
0.0
  0
LINE
  5
143F
330
70
100
AcDbEntity
  8
Visible
100
AcDbLine
 10
836.269855
 20
395.553852
 30
0.0
 11
836.288855
 21
395.454852
 31
0.0
  0
LINE
  5
1440
330
70
100
AcDbEntity
  8
Visible
100
AcDbLine
 10
836.244855
 20
395.652852
 30
0.0
 11
836.269855
 21
395.553852
 31
0.0
  0
LINE
  5
1441
330
70
100
AcDbEntity
  8
Visible
100
AcDbLine
 10
836.215855
 20
395.748852
 30
0.0
 11
836.244855
 21
395.652852
 31
0.0
  0
LINE
  5
1442
330
70
100
AcDbEntity
  8
Visible
100
AcDbLine
 10
836.180855
 20
395.844852
 30
0.0
 11
836.215855
 21
395.748852
 31
0.0
  0
LINE
  5
1443
330
70
100
AcDbEntity
  8
Visible
100
AcDbLine
 10
836.139855
 20
395.937852
 30
0.0
 11
836.180855
 21
395.844852
 31
0.0
  0
LINE
  5
1444
330
70
100
AcDbEntity
  8
Visible
100
AcDbLine
 10
836.093855
 20
396.029852
 30
0.0
 11
836.139855
 21
395.937852
 31
0.0
  0
LINE
  5
1445
330
70
100
AcDbEntity
  8
Visible
100
AcDbLine
 10
836.042855
 20
396.119852
 30
0.0
 11
836.093855
 21
396.029852
 31
0.0
  0
LINE
  5
1446
330
70
100
AcDbEntity
  8
Visible
100
AcDbLine
 10
835.985855
 20
396.207852
 30
0.0
 11
836.042855
 21
396.119852
 31
0.0
  0
LINE
  5
1447
330
70
100
AcDbEntity
  8
Visible
100
AcDbLine
 10
835.923855
 20
396.291852
 30
0.0
 11
835.985855
 21
396.207852
 31
0.0
  0
LINE
  5
1448
330
70
100
AcDbEntity
  8
Visible
100
AcDbLine
 10
835.855855
 20
396.372852
 30
0.0
 11
835.923855
 21
396.291852
 31
0.0
  0
LINE
  5
1449
330
70
100
AcDbEntity
  8
Visible
100
AcDbLine
 10
835.782855
 20
396.449852
 30
0.0
 11
835.855855
 21
396.372852
 31
0.0
  0
LINE
  5
144A
330
70
100
AcDbEntity
  8
Visible
100
AcDbLine
 10
835.703855
 20
396.522852
 30
0.0
 11
835.782855
 21
396.449852
 31
0.0
  0
LINE
  5
144B
330
70
100
AcDbEntity
  8
Visible
100
AcDbLine
 10
835.619855
 20
396.593852
 30
0.0
 11
835.703855
 21
396.522852
 31
0.0
  0
LINE
  5
144C
330
70
100
AcDbEntity
  8
Visible
100
AcDbLine
 10
835.529855
 20
396.660852
 30
0.0
 11
835.619855
 21
396.593852
 31
0.0
  0
LINE
  5
144D
330
70
100
AcDbEntity
  8
Visible
100
AcDbLine
 10
835.433855
 20
396.723852
 30
0.0
 11
835.529855
 21
396.660852
 31
0.0
  0
LINE
  5
144E
330
70
100
AcDbEntity
  8
Visible
100
AcDbLine
 10
835.332855
 20
396.783852
 30
0.0
 11
835.433855
 21
396.723852
 31
0.0
  0
LINE
  5
144F
330
70
100
AcDbEntity
  8
Visible
100
AcDbLine
 10
835.226855
 20
396.839852
 30
0.0
 11
835.332855
 21
396.783852
 31
0.0
  0
LINE
  5
1450
330
70
100
AcDbEntity
  8
Visible
100
AcDbLine
 10
835.114855
 20
396.891852
 30
0.0
 11
835.226855
 21
396.839852
 31
0.0
  0
LINE
  5
1451
330
70
100
AcDbEntity
  8
Visible
100
AcDbLine
 10
834.996855
 20
396.937852
 30
0.0
 11
835.114855
 21
396.891852
 31
0.0
  0
LINE
  5
1452
330
70
100
AcDbEntity
  8
Visible
100
AcDbLine
 10
834.873855
 20
396.978852
 30
0.0
 11
834.996855
 21
396.937852
 31
0.0
  0
LINE
  5
1453
330
70
100
AcDbEntity
  8
Visible
100
AcDbLine
 10
834.744855
 20
397.014852
 30
0.0
 11
834.873855
 21
396.978852
 31
0.0
  0
LINE
  5
1454
330
70
100
AcDbEntity
  8
Visible
100
AcDbLine
 10
834.609855
 20
397.044852
 30
0.0
 11
834.744855
 21
397.014852
 31
0.0
  0
LINE
  5
1455
330
70
100
AcDbEntity
  8
Visible
100
AcDbLine
 10
834.469855
 20
397.068852
 30
0.0
 11
834.609855
 21
397.044852
 31
0.0
  0
LINE
  5
1456
330
70
100
AcDbEntity
  8
Visible
100
AcDbLine
 10
834.323855
 20
397.087852
 30
0.0
 11
834.469855
 21
397.068852
 31
0.0
  0
LINE
  5
1457
330
70
100
AcDbEntity
  8
Visible
100
AcDbLine
 10
834.172855
 20
397.101852
 30
0.0
 11
834.323855
 21
397.087852
 31
0.0
  0
LINE
  5
1458
330
70
100
AcDbEntity
  8
Visible
100
AcDbLine
 10
834.015855
 20
397.109852
 30
0.0
 11
834.172855
 21
397.101852
 31
0.0
  0
LINE
  5
1459
330
70
100
AcDbEntity
  8
Visible
100
AcDbLine
 10
833.852855
 20
397.112852
 30
0.0
 11
834.015855
 21
397.109852
 31
0.0
  0
LINE
  5
145A
330
70
100
AcDbEntity
  8
Visible
100
AcDbLine
 10
831.032855
 20
397.112852
 30
0.0
 11
833.852855
 21
397.112852
 31
0.0
  0
LINE
  5
145B
330
70
100
AcDbEntity
  8
Visible
100
AcDbLine
 10
831.032855
 20
389.576852
 30
0.0
 11
831.032855
 21
397.112852
 31
0.0
  0
LINE
  5
145C
330
70
100
AcDbEntity
  8
Visible
100
AcDbLine
 10
833.852855
 20
389.576852
 30
0.0
 11
831.032855
 21
389.576852
 31
0.0
  0
LINE
  5
145D
330
70
100
AcDbEntity
  8
Visible
100
AcDbLine
 10
833.997855
 20
389.578852
 30
0.0
 11
833.852855
 21
389.576852
 31
0.0
  0
LINE
  5
145E
330
70
100
AcDbEntity
  8
Visible
100
AcDbLine
 10
841.922855
 20
392.534783
 30
0.0
 11
841.922855
 21
393.296852
 31
0.0
  0
LINE
  5
145F
330
70
100
AcDbEntity
  8
Visible
100
AcDbLine
 10
841.919855
 20
392.535852
 30
0.0
 11
841.922855
 21
392.534783
 31
0.0
  0
LINE
  5
1460
330
70
100
AcDbEntity
  8
Visible
100
AcDbLine
 10
841.832855
 20
392.564852
 30
0.0
 11
841.919855
 21
392.535852
 31
0.0
  0
LINE
  5
1461
330
70
100
AcDbEntity
  8
Visible
100
AcDbLine
 10
841.745855
 20
392.592852
 30
0.0
 11
841.832855
 21
392.564852
 31
0.0
  0
LINE
  5
1462
330
70
100
AcDbEntity
  8
Visible
100
AcDbLine
 10
841.569855
 20
392.644852
 30
0.0
 11
841.745855
 21
392.592852
 31
0.0
  0
LINE
  5
1463
330
70
100
AcDbEntity
  8
Visible
100
AcDbLine
 10
841.391855
 20
392.690852
 30
0.0
 11
841.569855
 21
392.644852
 31
0.0
  0
LINE
  5
1464
330
70
100
AcDbEntity
  8
Visible
100
AcDbLine
 10
841.301855
 20
392.711852
 30
0.0
 11
841.391855
 21
392.690852
 31
0.0
  0
LINE
  5
1465
330
70
100
AcDbEntity
  8
Visible
100
AcDbLine
 10
841.211855
 20
392.731852
 30
0.0
 11
841.301855
 21
392.711852
 31
0.0
  0
LINE
  5
1466
330
70
100
AcDbEntity
  8
Visible
100
AcDbLine
 10
841.121855
 20
392.750852
 30
0.0
 11
841.211855
 21
392.731852
 31
0.0
  0
LINE
  5
1467
330
70
100
AcDbEntity
  8
Visible
100
AcDbLine
 10
841.030855
 20
392.767852
 30
0.0
 11
841.121855
 21
392.750852
 31
0.0
  0
LINE
  5
1468
330
70
100
AcDbEntity
  8
Visible
100
AcDbLine
 10
840.940855
 20
392.782852
 30
0.0
 11
841.030855
 21
392.767852
 31
0.0
  0
LINE
  5
1469
330
70
100
AcDbEntity
  8
Visible
100
AcDbLine
 10
840.849855
 20
392.796852
 30
0.0
 11
840.940855
 21
392.782852
 31
0.0
  0
LINE
  5
146A
330
70
100
AcDbEntity
  8
Visible
100
AcDbLine
 10
840.759855
 20
392.808852
 30
0.0
 11
840.849855
 21
392.796852
 31
0.0
  0
LINE
  5
146B
330
70
100
AcDbEntity
  8
Visible
100
AcDbLine
 10
840.669855
 20
392.817852
 30
0.0
 11
840.759855
 21
392.808852
 31
0.0
  0
LINE
  5
146C
330
70
100
AcDbEntity
  8
Visible
100
AcDbLine
 10
840.578855
 20
392.826852
 30
0.0
 11
840.669855
 21
392.817852
 31
0.0
  0
LINE
  5
146D
330
70
100
AcDbEntity
  8
Visible
100
AcDbLine
 10
840.488855
 20
392.832852
 30
0.0
 11
840.578855
 21
392.826852
 31
0.0
  0
LINE
  5
146E
330
70
100
AcDbEntity
  8
Visible
100
AcDbLine
 10
840.398855
 20
392.836852
 30
0.0
 11
840.488855
 21
392.832852
 31
0.0
  0
LINE
  5
146F
330
70
100
AcDbEntity
  8
Visible
100
AcDbLine
 10
840.308855
 20
392.839852
 30
0.0
 11
840.398855
 21
392.836852
 31
0.0
  0
LINE
  5
1470
330
70
100
AcDbEntity
  8
Visible
100
AcDbLine
 10
840.218855
 20
392.840852
 30
0.0
 11
840.308855
 21
392.839852
 31
0.0
  0
LINE
  5
1471
330
70
100
AcDbEntity
  8
Visible
100
AcDbLine
 10
840.093855
 20
392.838852
 30
0.0
 11
840.218855
 21
392.840852
 31
0.0
  0
LINE
  5
1472
330
70
100
AcDbEntity
  8
Visible
100
AcDbLine
 10
839.971855
 20
392.833852
 30
0.0
 11
840.093855
 21
392.838852
 31
0.0
  0
LINE
  5
1473
330
70
100
AcDbEntity
  8
Visible
100
AcDbLine
 10
839.851855
 20
392.825852
 30
0.0
 11
839.971855
 21
392.833852
 31
0.0
  0
LINE
  5
1474
330
70
100
AcDbEntity
  8
Visible
100
AcDbLine
 10
839.734855
 20
392.813852
 30
0.0
 11
839.851855
 21
392.825852
 31
0.0
  0
LINE
  5
1475
330
70
100
AcDbEntity
  8
Visible
100
AcDbLine
 10
839.619855
 20
392.797852
 30
0.0
 11
839.734855
 21
392.813852
 31
0.0
  0
LINE
  5
1476
330
70
100
AcDbEntity
  8
Visible
100
AcDbLine
 10
839.507855
 20
392.778852
 30
0.0
 11
839.619855
 21
392.797852
 31
0.0
  0
LINE
  5
1477
330
70
100
AcDbEntity
  8
Visible
100
AcDbLine
 10
839.398855
 20
392.756852
 30
0.0
 11
839.507855
 21
392.778852
 31
0.0
  0
LINE
  5
1478
330
70
100
AcDbEntity
  8
Visible
100
AcDbLine
 10
839.291855
 20
392.731852
 30
0.0
 11
839.398855
 21
392.756852
 31
0.0
  0
LINE
  5
1479
330
70
100
AcDbEntity
  8
Visible
100
AcDbLine
 10
839.186855
 20
392.701852
 30
0.0
 11
839.291855
 21
392.731852
 31
0.0
  0
LINE
  5
147A
330
70
100
AcDbEntity
  8
Visible
100
AcDbLine
 10
839.084855
 20
392.669852
 30
0.0
 11
839.186855
 21
392.701852
 31
0.0
  0
LINE
  5
147B
330
70
100
AcDbEntity
  8
Visible
100
AcDbLine
 10
838.985855
 20
392.633852
 30
0.0
 11
839.084855
 21
392.669852
 31
0.0
  0
LINE
  5
147C
330
70
100
AcDbEntity
  8
Visible
100
AcDbLine
 10
838.891855
 20
392.593852
 30
0.0
 11
838.985855
 21
392.633852
 31
0.0
  0
LINE
  5
147D
330
70
100
AcDbEntity
  8
Visible
100
AcDbLine
 10
838.801855
 20
392.549852
 30
0.0
 11
838.891855
 21
392.593852
 31
0.0
  0
LINE
  5
147E
330
70
100
AcDbEntity
  8
Visible
100
AcDbLine
 10
838.715855
 20
392.501852
 30
0.0
 11
838.801855
 21
392.549852
 31
0.0
  0
LINE
  5
147F
330
70
100
AcDbEntity
  8
Visible
100
AcDbLine
 10
838.633855
 20
392.449852
 30
0.0
 11
838.715855
 21
392.501852
 31
0.0
  0
LINE
  5
1480
330
70
100
AcDbEntity
  8
Visible
100
AcDbLine
 10
838.556855
 20
392.394852
 30
0.0
 11
838.633855
 21
392.449852
 31
0.0
  0
LINE
  5
1481
330
70
100
AcDbEntity
  8
Visible
100
AcDbLine
 10
838.483855
 20
392.334852
 30
0.0
 11
838.556855
 21
392.394852
 31
0.0
  0
LINE
  5
1482
330
70
100
AcDbEntity
  8
Visible
100
AcDbLine
 10
838.414855
 20
392.271852
 30
0.0
 11
838.483855
 21
392.334852
 31
0.0
  0
LINE
  5
1483
330
70
100
AcDbEntity
  8
Visible
100
AcDbLine
 10
838.349855
 20
392.203852
 30
0.0
 11
838.414855
 21
392.271852
 31
0.0
  0
LINE
  5
1484
330
70
100
AcDbEntity
  8
Visible
100
AcDbLine
 10
838.289855
 20
392.132852
 30
0.0
 11
838.349855
 21
392.203852
 31
0.0
  0
LINE
  5
1485
330
70
100
AcDbEntity
  8
Visible
100
AcDbLine
 10
838.234855
 20
392.057852
 30
0.0
 11
838.289855
 21
392.132852
 31
0.0
  0
LINE
  5
1486
330
70
100
AcDbEntity
  8
Visible
100
AcDbLine
 10
838.184855
 20
391.977852
 30
0.0
 11
838.234855
 21
392.057852
 31
0.0
  0
LINE
  5
1487
330
70
100
AcDbEntity
  8
Visible
100
AcDbLine
 10
838.141855
 20
391.893852
 30
0.0
 11
838.184855
 21
391.977852
 31
0.0
  0
LINE
  5
1488
330
70
100
AcDbEntity
  8
Visible
100
AcDbLine
 10
838.103855
 20
391.805852
 30
0.0
 11
838.141855
 21
391.893852
 31
0.0
  0
LINE
  5
1489
330
70
100
AcDbEntity
  8
Visible
100
AcDbLine
 10
838.071855
 20
391.712852
 30
0.0
 11
838.103855
 21
391.805852
 31
0.0
  0
LINE
  5
148A
330
70
100
AcDbEntity
  8
Visible
100
AcDbLine
 10
838.045855
 20
391.615852
 30
0.0
 11
838.071855
 21
391.712852
 31
0.0
  0
LINE
  5
148B
330
70
100
AcDbEntity
  8
Visible
100
AcDbLine
 10
838.024855
 20
391.514852
 30
0.0
 11
838.045855
 21
391.615852
 31
0.0
  0
LINE
  5
148C
330
70
100
AcDbEntity
  8
Visible
100
AcDbLine
 10
838.010855
 20
391.408852
 30
0.0
 11
838.024855
 21
391.514852
 31
0.0
  0
LINE
  5
148D
330
70
100
AcDbEntity
  8
Visible
100
AcDbLine
 10
838.001855
 20
391.298852
 30
0.0
 11
838.010855
 21
391.408852
 31
0.0
  0
LINE
  5
148E
330
70
100
AcDbEntity
  8
Visible
100
AcDbLine
 10
837.998855
 20
391.184852
 30
0.0
 11
838.001855
 21
391.298852
 31
0.0
  0
LINE
  5
148F
330
70
100
AcDbEntity
  8
Visible
100
AcDbLine
 10
838.000855
 20
391.096852
 30
0.0
 11
837.998855
 21
391.184852
 31
0.0
  0
LINE
  5
1490
330
70
100
AcDbEntity
  8
Visible
100
AcDbLine
 10
838.007855
 20
391.008852
 30
0.0
 11
838.000855
 21
391.096852
 31
0.0
  0
LINE
  5
1491
330
70
100
AcDbEntity
  8
Visible
100
AcDbLine
 10
838.019855
 20
390.921852
 30
0.0
 11
838.007855
 21
391.008852
 31
0.0
  0
LINE
  5
1492
330
70
100
AcDbEntity
  8
Visible
100
AcDbLine
 10
838.034855
 20
390.836852
 30
0.0
 11
838.019855
 21
390.921852
 31
0.0
  0
LINE
  5
1493
330
70
100
AcDbEntity
  8
Visible
100
AcDbLine
 10
838.055855
 20
390.750852
 30
0.0
 11
838.034855
 21
390.836852
 31
0.0
  0
LINE
  5
1494
330
70
100
AcDbEntity
  8
Visible
100
AcDbLine
 10
838.080855
 20
390.666852
 30
0.0
 11
838.055855
 21
390.750852
 31
0.0
  0
LINE
  5
1495
330
70
100
AcDbEntity
  8
Visible
100
AcDbLine
 10
838.110855
 20
390.583852
 30
0.0
 11
838.080855
 21
390.666852
 31
0.0
  0
LINE
  5
1496
330
70
100
AcDbEntity
  8
Visible
100
AcDbLine
 10
838.144855
 20
390.500852
 30
0.0
 11
838.110855
 21
390.583852
 31
0.0
  0
LINE
  5
1497
330
70
100
AcDbEntity
  8
Visible
100
AcDbLine
 10
838.183855
 20
390.419852
 30
0.0
 11
838.144855
 21
390.500852
 31
0.0
  0
LINE
  5
1498
330
70
100
AcDbEntity
  8
Visible
100
AcDbLine
 10
838.226855
 20
390.338852
 30
0.0
 11
838.183855
 21
390.419852
 31
0.0
  0
LINE
  5
1499
330
70
100
AcDbEntity
  8
Visible
100
AcDbLine
 10
838.274855
 20
390.259852
 30
0.0
 11
838.226855
 21
390.338852
 31
0.0
  0
LINE
  5
149A
330
70
100
AcDbEntity
  8
Visible
100
AcDbLine
 10
838.327855
 20
390.183852
 30
0.0
 11
838.274855
 21
390.259852
 31
0.0
  0
LINE
  5
149B
330
70
100
AcDbEntity
  8
Visible
100
AcDbLine
 10
838.384855
 20
390.110852
 30
0.0
 11
838.327855
 21
390.183852
 31
0.0
  0
LINE
  5
149C
330
70
100
AcDbEntity
  8
Visible
100
AcDbLine
 10
838.446855
 20
390.040852
 30
0.0
 11
838.384855
 21
390.110852
 31
0.0
  0
LINE
  5
149D
330
70
100
AcDbEntity
  8
Visible
100
AcDbLine
 10
838.512855
 20
389.973852
 30
0.0
 11
838.446855
 21
390.040852
 31
0.0
  0
LINE
  5
149E
330
70
100
AcDbEntity
  8
Visible
100
AcDbLine
 10
838.584855
 20
389.910852
 30
0.0
 11
838.512855
 21
389.973852
 31
0.0
  0
LINE
  5
149F
330
70
100
AcDbEntity
  8
Visible
100
AcDbLine
 10
838.660855
 20
389.849852
 30
0.0
 11
838.584855
 21
389.910852
 31
0.0
  0
LINE
  5
14A0
330
70
100
AcDbEntity
  8
Visible
100
AcDbLine
 10
838.741855
 20
389.791852
 30
0.0
 11
838.660855
 21
389.849852
 31
0.0
  0
LINE
  5
14A1
330
70
100
AcDbEntity
  8
Visible
100
AcDbLine
 10
838.826855
 20
389.736852
 30
0.0
 11
838.741855
 21
389.791852
 31
0.0
  0
LINE
  5
14A2
330
70
100
AcDbEntity
  8
Visible
100
AcDbLine
 10
838.916855
 20
389.684852
 30
0.0
 11
838.826855
 21
389.736852
 31
0.0
  0
LINE
  5
14A3
330
70
100
AcDbEntity
  8
Visible
100
AcDbLine
 10
839.011855
 20
389.636852
 30
0.0
 11
838.916855
 21
389.684852
 31
0.0
  0
LINE
  5
14A4
330
70
100
AcDbEntity
  8
Visible
100
AcDbLine
 10
839.111855
 20
389.593852
 30
0.0
 11
839.011855
 21
389.636852
 31
0.0
  0
LINE
  5
14A5
330
70
100
AcDbEntity
  8
Visible
100
AcDbLine
 10
839.215855
 20
389.555852
 30
0.0
 11
839.111855
 21
389.593852
 31
0.0
  0
LINE
  5
14A6
330
70
100
AcDbEntity
  8
Visible
100
AcDbLine
 10
839.325855
 20
389.523852
 30
0.0
 11
839.215855
 21
389.555852
 31
0.0
  0
LINE
  5
14A7
330
70
100
AcDbEntity
  8
Visible
100
AcDbLine
 10
839.440855
 20
389.495852
 30
0.0
 11
839.325855
 21
389.523852
 31
0.0
  0
LINE
  5
14A8
330
70
100
AcDbEntity
  8
Visible
100
AcDbLine
 10
839.559855
 20
389.472852
 30
0.0
 11
839.440855
 21
389.495852
 31
0.0
  0
LINE
  5
14A9
330
70
100
AcDbEntity
  8
Visible
100
AcDbLine
 10
839.683855
 20
389.455852
 30
0.0
 11
839.559855
 21
389.472852
 31
0.0
  0
LINE
  5
14AA
330
70
100
AcDbEntity
  8
Visible
100
AcDbLine
 10
839.813855
 20
389.442852
 30
0.0
 11
839.683855
 21
389.455852
 31
0.0
  0
LINE
  5
14AB
330
70
100
AcDbEntity
  8
Visible
100
AcDbLine
 10
839.947855
 20
389.435852
 30
0.0
 11
839.813855
 21
389.442852
 31
0.0
  0
LINE
  5
14AC
330
70
100
AcDbEntity
  8
Visible
100
AcDbLine
 10
840.086855
 20
389.432852
 30
0.0
 11
839.947855
 21
389.435852
 31
0.0
  0
LINE
  5
14AD
330
70
100
AcDbEntity
  8
Visible
100
AcDbLine
 10
840.213855
 20
389.435852
 30
0.0
 11
840.086855
 21
389.432852
 31
0.0
  0
LINE
  5
14AE
330
70
100
AcDbEntity
  8
Visible
100
AcDbLine
 10
840.336855
 20
389.444852
 30
0.0
 11
840.213855
 21
389.435852
 31
0.0
  0
LINE
  5
14AF
330
70
100
AcDbEntity
  8
Visible
100
AcDbLine
 10
840.455855
 20
389.459852
 30
0.0
 11
840.336855
 21
389.444852
 31
0.0
  0
LINE
  5
14B0
330
70
100
AcDbEntity
  8
Visible
100
AcDbLine
 10
840.571855
 20
389.480852
 30
0.0
 11
840.455855
 21
389.459852
 31
0.0
  0
LINE
  5
14B1
330
70
100
AcDbEntity
  8
Visible
100
AcDbLine
 10
840.683855
 20
389.507852
 30
0.0
 11
840.571855
 21
389.480852
 31
0.0
  0
LINE
  5
14B2
330
70
100
AcDbEntity
  8
Visible
100
AcDbLine
 10
840.792855
 20
389.540852
 30
0.0
 11
840.683855
 21
389.507852
 31
0.0
  0
LINE
  5
14B3
330
70
100
AcDbEntity
  8
Visible
100
AcDbLine
 10
840.897855
 20
389.579852
 30
0.0
 11
840.792855
 21
389.540852
 31
0.0
  0
LINE
  5
14B4
330
70
100
AcDbEntity
  8
Visible
100
AcDbLine
 10
840.998855
 20
389.624852
 30
0.0
 11
840.897855
 21
389.579852
 31
0.0
  0
LINE
  5
14B5
330
70
100
AcDbEntity
  8
Visible
100
AcDbLine
 10
841.096855
 20
389.675852
 30
0.0
 11
840.998855
 21
389.624852
 31
0.0
  0
LINE
  5
14B6
330
70
100
AcDbEntity
  8
Visible
100
AcDbLine
 10
841.190855
 20
389.732852
 30
0.0
 11
841.096855
 21
389.675852
 31
0.0
  0
LINE
  5
14B7
330
70
100
AcDbEntity
  8
Visible
100
AcDbLine
 10
841.280855
 20
389.794852
 30
0.0
 11
841.190855
 21
389.732852
 31
0.0
  0
LINE
  5
14B8
330
70
100
AcDbEntity
  8
Visible
100
AcDbLine
 10
841.366855
 20
389.860852
 30
0.0
 11
841.280855
 21
389.794852
 31
0.0
  0
LINE
  5
14B9
330
70
100
AcDbEntity
  8
Visible
100
AcDbLine
 10
841.448855
 20
389.929852
 30
0.0
 11
841.366855
 21
389.860852
 31
0.0
  0
LINE
  5
14BA
330
70
100
AcDbEntity
  8
Visible
100
AcDbLine
 10
841.526855
 20
390.003852
 30
0.0
 11
841.448855
 21
389.929852
 31
0.0
  0
LINE
  5
14BB
330
70
100
AcDbEntity
  8
Visible
100
AcDbLine
 10
841.599855
 20
390.080852
 30
0.0
 11
841.526855
 21
390.003852
 31
0.0
  0
LINE
  5
14BC
330
70
100
AcDbEntity
  8
Visible
100
AcDbLine
 10
841.668855
 20
390.161852
 30
0.0
 11
841.599855
 21
390.080852
 31
0.0
  0
LINE
  5
14BD
330
70
100
AcDbEntity
  8
Visible
100
AcDbLine
 10
841.732855
 20
390.246852
 30
0.0
 11
841.668855
 21
390.161852
 31
0.0
  0
LINE
  5
14BE
330
70
100
AcDbEntity
  8
Visible
100
AcDbLine
 10
841.793855
 20
390.335852
 30
0.0
 11
841.732855
 21
390.246852
 31
0.0
  0
LINE
  5
14BF
330
70
100
AcDbEntity
  8
Visible
100
AcDbLine
 10
841.849855
 20
390.428852
 30
0.0
 11
841.793855
 21
390.335852
 31
0.0
  0
LINE
  5
14C0
330
70
100
AcDbEntity
  8
Visible
100
AcDbLine
 10
841.901855
 20
390.524852
 30
0.0
 11
841.849855
 21
390.428852
 31
0.0
  0
LINE
  5
14C1
330
70
100
AcDbEntity
  8
Visible
100
AcDbLine
 10
841.944095
 20
390.613827
 30
0.0
 11
841.901855
 21
390.524852
 31
0.0
  0
LINE
  5
14C2
330
70
100
AcDbEntity
  8
Visible
100
AcDbLine
 10
842.042855
 20
389.576852
 30
0.0
 11
841.944095
 21
390.613827
 31
0.0
  0
LINE
  5
14C3
330
70
100
AcDbEntity
  8
Visible
100
AcDbLine
 10
842.858855
 20
389.576852
 30
0.0
 11
842.042855
 21
389.576852
 31
0.0
  0
LINE
  5
14C4
330
70
100
AcDbEntity
  8
Visible
100
AcDbLine
 10
842.858855
 20
393.272852
 30
0.0
 11
842.858855
 21
389.576852
 31
0.0
  0
LINE
  5
14C5
330
70
100
AcDbEntity
  8
Visible
100
AcDbLine
 10
842.855855
 20
393.424852
 30
0.0
 11
842.858855
 21
393.272852
 31
0.0
  0
LINE
  5
14C6
330
70
100
AcDbEntity
  8
Visible
100
AcDbLine
 10
842.846855
 20
393.570852
 30
0.0
 11
842.855855
 21
393.424852
 31
0.0
  0
LINE
  5
14C7
330
70
100
AcDbEntity
  8
Visible
100
AcDbLine
 10
842.832855
 20
393.710852
 30
0.0
 11
842.846855
 21
393.570852
 31
0.0
  0
LINE
  5
14C8
330
70
100
AcDbEntity
  8
Visible
100
AcDbLine
 10
842.812855
 20
393.845852
 30
0.0
 11
842.832855
 21
393.710852
 31
0.0
  0
LINE
  5
14C9
330
70
100
AcDbEntity
  8
Visible
100
AcDbLine
 10
842.786855
 20
393.973852
 30
0.0
 11
842.812855
 21
393.845852
 31
0.0
  0
LINE
  5
14CA
330
70
100
AcDbEntity
  8
Visible
100
AcDbLine
 10
842.754855
 20
394.096852
 30
0.0
 11
842.786855
 21
393.973852
 31
0.0
  0
LINE
  5
14CB
330
70
100
AcDbEntity
  8
Visible
100
AcDbLine
 10
842.717855
 20
394.213852
 30
0.0
 11
842.754855
 21
394.096852
 31
0.0
  0
LINE
  5
14CC
330
70
100
AcDbEntity
  8
Visible
100
AcDbLine
 10
842.674855
 20
394.324852
 30
0.0
 11
842.717855
 21
394.213852
 31
0.0
  0
LINE
  5
14CD
330
70
100
AcDbEntity
  8
Visible
100
AcDbLine
 10
842.625855
 20
394.429852
 30
0.0
 11
842.674855
 21
394.324852
 31
0.0
  0
LINE
  5
14CE
330
70
100
AcDbEntity
  8
Visible
100
AcDbLine
 10
842.570855
 20
394.529852
 30
0.0
 11
842.625855
 21
394.429852
 31
0.0
  0
LINE
  5
14CF
330
70
100
AcDbEntity
  8
Visible
100
AcDbLine
 10
842.510855
 20
394.623852
 30
0.0
 11
842.570855
 21
394.529852
 31
0.0
  0
LINE
  5
14D0
330
70
100
AcDbEntity
  8
Visible
100
AcDbLine
 10
842.446855
 20
394.712852
 30
0.0
 11
842.510855
 21
394.623852
 31
0.0
  0
LINE
  5
14D1
330
70
100
AcDbEntity
  8
Visible
100
AcDbLine
 10
842.377855
 20
394.795852
 30
0.0
 11
842.446855
 21
394.712852
 31
0.0
  0
LINE
  5
14D2
330
70
100
AcDbEntity
  8
Visible
100
AcDbLine
 10
842.304855
 20
394.874852
 30
0.0
 11
842.377855
 21
394.795852
 31
0.0
  0
LINE
  5
14D3
330
70
100
AcDbEntity
  8
Visible
100
AcDbLine
 10
842.227855
 20
394.947852
 30
0.0
 11
842.304855
 21
394.874852
 31
0.0
  0
LINE
  5
14D4
330
70
100
AcDbEntity
  8
Visible
100
AcDbLine
 10
842.144855
 20
395.015852
 30
0.0
 11
842.227855
 21
394.947852
 31
0.0
  0
LINE
  5
14D5
330
70
100
AcDbEntity
  8
Visible
100
AcDbLine
 10
842.058855
 20
395.077852
 30
0.0
 11
842.144855
 21
395.015852
 31
0.0
  0
LINE
  5
14D6
330
70
100
AcDbEntity
  8
Visible
100
AcDbLine
 10
841.967855
 20
395.135852
 30
0.0
 11
842.058855
 21
395.077852
 31
0.0
  0
LINE
  5
14D7
330
70
100
AcDbEntity
  8
Visible
100
AcDbLine
 10
841.872855
 20
395.187852
 30
0.0
 11
841.967855
 21
395.135852
 31
0.0
  0
LINE
  5
14D8
330
70
100
AcDbEntity
  8
Visible
100
AcDbLine
 10
841.772855
 20
395.234852
 30
0.0
 11
841.872855
 21
395.187852
 31
0.0
  0
LINE
  5
14D9
330
70
100
AcDbEntity
  8
Visible
100
AcDbLine
 10
841.669855
 20
395.276852
 30
0.0
 11
841.772855
 21
395.234852
 31
0.0
  0
LINE
  5
14DA
330
70
100
AcDbEntity
  8
Visible
100
AcDbLine
 10
841.562855
 20
395.314852
 30
0.0
 11
841.669855
 21
395.276852
 31
0.0
  0
LINE
  5
14DB
330
70
100
AcDbEntity
  8
Visible
100
AcDbLine
 10
841.453855
 20
395.347852
 30
0.0
 11
841.562855
 21
395.314852
 31
0.0
  0
LINE
  5
14DC
330
70
100
AcDbEntity
  8
Visible
100
AcDbLine
 10
841.340855
 20
395.376852
 30
0.0
 11
841.453855
 21
395.347852
 31
0.0
  0
LINE
  5
14DD
330
70
100
AcDbEntity
  8
Visible
100
AcDbLine
 10
841.224855
 20
395.401852
 30
0.0
 11
841.340855
 21
395.376852
 31
0.0
  0
LINE
  5
14DE
330
70
100
AcDbEntity
  8
Visible
100
AcDbLine
 10
841.106855
 20
395.420852
 30
0.0
 11
841.224855
 21
395.401852
 31
0.0
  0
LINE
  5
14DF
330
70
100
AcDbEntity
  8
Visible
100
AcDbLine
 10
840.984855
 20
395.436852
 30
0.0
 11
841.106855
 21
395.420852
 31
0.0
  0
LINE
  5
14E0
330
70
100
AcDbEntity
  8
Visible
100
AcDbLine
 10
840.860855
 20
395.447852
 30
0.0
 11
840.984855
 21
395.436852
 31
0.0
  0
LINE
  5
14E1
330
70
100
AcDbEntity
  8
Visible
100
AcDbLine
 10
840.733855
 20
395.454852
 30
0.0
 11
840.860855
 21
395.447852
 31
0.0
  0
LINE
  5
14E2
330
70
100
AcDbEntity
  8
Visible
100
AcDbLine
 10
840.602855
 20
395.456852
 30
0.0
 11
840.733855
 21
395.454852
 31
0.0
  0
LINE
  5
14E3
330
70
100
AcDbEntity
  8
Visible
100
AcDbLine
 10
840.466855
 20
395.454852
 30
0.0
 11
840.602855
 21
395.456852
 31
0.0
  0
LINE
  5
14E4
330
70
100
AcDbEntity
  8
Visible
100
AcDbLine
 10
840.332855
 20
395.449852
 30
0.0
 11
840.466855
 21
395.454852
 31
0.0
  0
LINE
  5
14E5
330
70
100
AcDbEntity
  8
Visible
100
AcDbLine
 10
840.202855
 20
395.441852
 30
0.0
 11
840.332855
 21
395.449852
 31
0.0
  0
LINE
  5
14E6
330
70
100
AcDbEntity
  8
Visible
100
AcDbLine
 10
840.074855
 20
395.429852
 30
0.0
 11
840.202855
 21
395.441852
 31
0.0
  0
LINE
  5
14E7
330
70
100
AcDbEntity
  8
Visible
100
AcDbLine
 10
839.950855
 20
395.413852
 30
0.0
 11
840.074855
 21
395.429852
 31
0.0
  0
LINE
  5
14E8
330
70
100
AcDbEntity
  8
Visible
100
AcDbLine
 10
839.829855
 20
395.394852
 30
0.0
 11
839.950855
 21
395.413852
 31
0.0
  0
LINE
  5
14E9
330
70
100
AcDbEntity
  8
Visible
100
AcDbLine
 10
839.711855
 20
395.372852
 30
0.0
 11
839.829855
 21
395.394852
 31
0.0
  0
LINE
  5
14EA
330
70
100
AcDbEntity
  8
Visible
100
AcDbLine
 10
839.596855
 20
395.347852
 30
0.0
 11
839.711855
 21
395.372852
 31
0.0
  0
LINE
  5
14EB
330
70
100
AcDbEntity
  8
Visible
100
AcDbLine
 10
839.484855
 20
395.317852
 30
0.0
 11
839.596855
 21
395.347852
 31
0.0
  0
LINE
  5
14EC
330
70
100
AcDbEntity
  8
Visible
100
AcDbLine
 10
839.375855
 20
395.285852
 30
0.0
 11
839.484855
 21
395.317852
 31
0.0
  0
LINE
  5
14ED
330
70
100
AcDbEntity
  8
Visible
100
AcDbLine
 10
839.270855
 20
395.249852
 30
0.0
 11
839.375855
 21
395.285852
 31
0.0
  0
LINE
  5
14EE
330
70
100
AcDbEntity
  8
Visible
100
AcDbLine
 10
839.169855
 20
395.208852
 30
0.0
 11
839.270855
 21
395.249852
 31
0.0
  0
LINE
  5
14EF
330
70
100
AcDbEntity
  8
Visible
100
AcDbLine
 10
839.074855
 20
395.163852
 30
0.0
 11
839.169855
 21
395.208852
 31
0.0
  0
LINE
  5
14F0
330
70
100
AcDbEntity
  8
Visible
100
AcDbLine
 10
838.982855
 20
395.115852
 30
0.0
 11
839.074855
 21
395.163852
 31
0.0
  0
LINE
  5
14F1
330
70
100
AcDbEntity
  8
Visible
100
AcDbLine
 10
838.896855
 20
395.062852
 30
0.0
 11
838.982855
 21
395.115852
 31
0.0
  0
LINE
  5
14F2
330
70
100
AcDbEntity
  8
Visible
100
AcDbLine
 10
838.814855
 20
395.004852
 30
0.0
 11
838.896855
 21
395.062852
 31
0.0
  0
LINE
  5
14F3
330
70
100
AcDbEntity
  8
Visible
100
AcDbLine
 10
838.736855
 20
394.943852
 30
0.0
 11
838.814855
 21
395.004852
 31
0.0
  0
LINE
  5
14F4
330
70
100
AcDbEntity
  8
Visible
100
AcDbLine
 10
838.664855
 20
394.877852
 30
0.0
 11
838.736855
 21
394.943852
 31
0.0
  0
LINE
  5
14F5
330
70
100
AcDbEntity
  8
Visible
100
AcDbLine
 10
838.596855
 20
394.807852
 30
0.0
 11
838.664855
 21
394.877852
 31
0.0
  0
LINE
  5
14F6
330
70
100
AcDbEntity
  8
Visible
100
AcDbLine
 10
838.532855
 20
394.733852
 30
0.0
 11
838.596855
 21
394.807852
 31
0.0
  0
LINE
  5
14F7
330
70
100
AcDbEntity
  8
Visible
100
AcDbLine
 10
838.474855
 20
394.654852
 30
0.0
 11
838.532855
 21
394.733852
 31
0.0
  0
LINE
  5
14F8
330
70
100
AcDbEntity
  8
Visible
100
AcDbLine
 10
838.422855
 20
394.571852
 30
0.0
 11
838.474855
 21
394.654852
 31
0.0
  0
LINE
  5
14F9
330
70
100
AcDbEntity
  8
Visible
100
AcDbLine
 10
838.376855
 20
394.483852
 30
0.0
 11
838.422855
 21
394.571852
 31
0.0
  0
LINE
  5
14FA
330
70
100
AcDbEntity
  8
Visible
100
AcDbLine
 10
838.336855
 20
394.389852
 30
0.0
 11
838.376855
 21
394.483852
 31
0.0
  0
LINE
  5
14FB
330
70
100
AcDbEntity
  8
Visible
100
AcDbLine
 10
838.302855
 20
394.291852
 30
0.0
 11
838.336855
 21
394.389852
 31
0.0
  0
LINE
  5
14FC
330
70
100
AcDbEntity
  8
Visible
100
AcDbLine
 10
838.275855
 20
394.188852
 30
0.0
 11
838.302855
 21
394.291852
 31
0.0
  0
LINE
  5
14FD
330
70
100
AcDbEntity
  8
Visible
100
AcDbLine
 10
838.254855
 20
394.081852
 30
0.0
 11
838.275855
 21
394.188852
 31
0.0
  0
LINE
  5
14FE
330
70
100
AcDbEntity
  8
Visible
100
AcDbLine
 10
838.238855
 20
393.968852
 30
0.0
 11
838.254855
 21
394.081852
 31
0.0
  0
LINE
  5
14FF
330
70
100
AcDbEntity
  8
Visible
100
AcDbLine
 10
838.229855
 20
393.850852
 30
0.0
 11
838.238855
 21
393.968852
 31
0.0
  0
LINE
  5
1500
330
70
100
AcDbEntity
  8
Visible
100
AcDbLine
 10
838.226855
 20
393.728852
 30
0.0
 11
838.229855
 21
393.850852
 31
0.0
  0
LINE
  5
1501
330
70
100
AcDbEntity
  8
Visible
100
AcDbLine
 10
839.270855
 20
393.728852
 30
0.0
 11
838.226855
 21
393.728852
 31
0.0
  0
LINE
  5
1502
330
70
100
AcDbEntity
  8
Visible
100
AcDbLine
 10
839.272855
 20
393.798852
 30
0.0
 11
839.270855
 21
393.728852
 31
0.0
  0
LINE
  5
1503
330
70
100
AcDbEntity
  8
Visible
100
AcDbLine
 10
839.277855
 20
393.864852
 30
0.0
 11
839.272855
 21
393.798852
 31
0.0
  0
LINE
  5
1504
330
70
100
AcDbEntity
  8
Visible
100
AcDbLine
 10
839.286855
 20
393.929852
 30
0.0
 11
839.277855
 21
393.864852
 31
0.0
  0
LINE
  5
1505
330
70
100
AcDbEntity
  8
Visible
100
AcDbLine
 10
839.298855
 20
393.991852
 30
0.0
 11
839.286855
 21
393.929852
 31
0.0
  0
LINE
  5
1506
330
70
100
AcDbEntity
  8
Visible
100
AcDbLine
 10
839.314855
 20
394.050852
 30
0.0
 11
839.298855
 21
393.991852
 31
0.0
  0
LINE
  5
1507
330
70
100
AcDbEntity
  8
Visible
100
AcDbLine
 10
839.334855
 20
394.106852
 30
0.0
 11
839.314855
 21
394.050852
 31
0.0
  0
LINE
  5
1508
330
70
100
AcDbEntity
  8
Visible
100
AcDbLine
 10
839.357855
 20
394.160852
 30
0.0
 11
839.334855
 21
394.106852
 31
0.0
  0
LINE
  5
1509
330
70
100
AcDbEntity
  8
Visible
100
AcDbLine
 10
839.383855
 20
394.212852
 30
0.0
 11
839.357855
 21
394.160852
 31
0.0
  0
LINE
  5
150A
330
70
100
AcDbEntity
  8
Visible
100
AcDbLine
 10
839.413855
 20
394.261852
 30
0.0
 11
839.383855
 21
394.212852
 31
0.0
  0
LINE
  5
150B
330
70
100
AcDbEntity
  8
Visible
100
AcDbLine
 10
839.447855
 20
394.307852
 30
0.0
 11
839.413855
 21
394.261852
 31
0.0
  0
LINE
  5
150C
330
70
100
AcDbEntity
  8
Visible
100
AcDbLine
 10
839.484855
 20
394.351852
 30
0.0
 11
839.447855
 21
394.307852
 31
0.0
  0
LINE
  5
150D
330
70
100
AcDbEntity
  8
Visible
100
AcDbLine
 10
839.523855
 20
394.392852
 30
0.0
 11
839.484855
 21
394.351852
 31
0.0
  0
LINE
  5
150E
330
70
100
AcDbEntity
  8
Visible
100
AcDbLine
 10
839.565855
 20
394.431852
 30
0.0
 11
839.523855
 21
394.392852
 31
0.0
  0
LINE
  5
150F
330
70
100
AcDbEntity
  8
Visible
100
AcDbLine
 10
839.609855
 20
394.468852
 30
0.0
 11
839.565855
 21
394.431852
 31
0.0
  0
LINE
  5
1510
330
70
100
AcDbEntity
  8
Visible
100
AcDbLine
 10
839.656855
 20
394.503852
 30
0.0
 11
839.609855
 21
394.468852
 31
0.0
  0
LINE
  5
1511
330
70
100
AcDbEntity
  8
Visible
100
AcDbLine
 10
839.705855
 20
394.535852
 30
0.0
 11
839.656855
 21
394.503852
 31
0.0
  0
LINE
  5
1512
330
70
100
AcDbEntity
  8
Visible
100
AcDbLine
 10
839.757855
 20
394.565852
 30
0.0
 11
839.705855
 21
394.535852
 31
0.0
  0
LINE
  5
1513
330
70
100
AcDbEntity
  8
Visible
100
AcDbLine
 10
839.811855
 20
394.592852
 30
0.0
 11
839.757855
 21
394.565852
 31
0.0
  0
LINE
  5
1514
330
70
100
AcDbEntity
  8
Visible
100
AcDbLine
 10
839.868855
 20
394.617852
 30
0.0
 11
839.811855
 21
394.592852
 31
0.0
  0
LINE
  5
1515
330
70
100
AcDbEntity
  8
Visible
100
AcDbLine
 10
839.927855
 20
394.640852
 30
0.0
 11
839.868855
 21
394.617852
 31
0.0
  0
LINE
  5
1516
330
70
100
AcDbEntity
  8
Visible
100
AcDbLine
 10
839.988855
 20
394.661852
 30
0.0
 11
839.927855
 21
394.640852
 31
0.0
  0
LINE
  5
1517
330
70
100
AcDbEntity
  8
Visible
100
AcDbLine
 10
840.051855
 20
394.679852
 30
0.0
 11
839.988855
 21
394.661852
 31
0.0
  0
LINE
  5
1518
330
70
100
AcDbEntity
  8
Visible
100
AcDbLine
 10
840.115855
 20
394.695852
 30
0.0
 11
840.051855
 21
394.679852
 31
0.0
  0
LINE
  5
1519
330
70
100
AcDbEntity
  8
Visible
100
AcDbLine
 10
840.180855
 20
394.709852
 30
0.0
 11
840.115855
 21
394.695852
 31
0.0
  0
LINE
  5
151A
330
70
100
AcDbEntity
  8
Visible
100
AcDbLine
 10
840.247855
 20
394.721852
 30
0.0
 11
840.180855
 21
394.709852
 31
0.0
  0
LINE
  5
151B
330
70
100
AcDbEntity
  8
Visible
100
AcDbLine
 10
840.315855
 20
394.731852
 30
0.0
 11
840.247855
 21
394.721852
 31
0.0
  0
LINE
  5
151C
330
70
100
AcDbEntity
  8
Visible
100
AcDbLine
 10
840.385855
 20
394.738852
 30
0.0
 11
840.315855
 21
394.731852
 31
0.0
  0
LINE
  5
151D
330
70
100
AcDbEntity
  8
Visible
100
AcDbLine
 10
840.456855
 20
394.744852
 30
0.0
 11
840.385855
 21
394.738852
 31
0.0
  0
LINE
  5
151E
330
70
100
AcDbEntity
  8
Visible
100
AcDbLine
 10
840.528855
 20
394.747852
 30
0.0
 11
840.456855
 21
394.744852
 31
0.0
  0
LINE
  5
151F
330
70
100
AcDbEntity
  8
Visible
100
AcDbLine
 10
840.602855
 20
394.748852
 30
0.0
 11
840.528855
 21
394.747852
 31
0.0
  0
LINE
  5
1520
330
70
100
AcDbEntity
  8
Visible
100
AcDbLine
 10
840.731855
 20
394.745852
 30
0.0
 11
840.602855
 21
394.748852
 31
0.0
  0
LINE
  5
1521
330
70
100
AcDbEntity
  8
Visible
100
AcDbLine
 10
840.853855
 20
394.734852
 30
0.0
 11
840.731855
 21
394.745852
 31
0.0
  0
LINE
  5
1522
330
70
100
AcDbEntity
  8
Visible
100
AcDbLine
 10
840.968855
 20
394.717852
 30
0.0
 11
840.853855
 21
394.734852
 31
0.0
  0
LINE
  5
1523
330
70
100
AcDbEntity
  8
Visible
100
AcDbLine
 10
841.077855
 20
394.694852
 30
0.0
 11
840.968855
 21
394.717852
 31
0.0
  0
LINE
  5
1524
330
70
100
AcDbEntity
  8
Visible
100
AcDbLine
 10
841.180855
 20
394.663852
 30
0.0
 11
841.077855
 21
394.694852
 31
0.0
  0
LINE
  5
1525
330
70
100
AcDbEntity
  8
Visible
100
AcDbLine
 10
841.275855
 20
394.626852
 30
0.0
 11
841.180855
 21
394.663852
 31
0.0
  0
LINE
  5
1526
330
70
100
AcDbEntity
  8
Visible
100
AcDbLine
 10
841.364855
 20
394.582852
 30
0.0
 11
841.275855
 21
394.626852
 31
0.0
  0
LINE
  5
1527
330
70
100
AcDbEntity
  8
Visible
100
AcDbLine
 10
841.447855
 20
394.531852
 30
0.0
 11
841.364855
 21
394.582852
 31
0.0
  0
LINE
  5
1528
330
70
100
AcDbEntity
  8
Visible
100
AcDbLine
 10
841.523855
 20
394.473852
 30
0.0
 11
841.447855
 21
394.531852
 31
0.0
  0
LINE
  5
1529
330
70
100
AcDbEntity
  8
Visible
100
AcDbLine
 10
841.592855
 20
394.409852
 30
0.0
 11
841.523855
 21
394.473852
 31
0.0
  0
LINE
  5
152A
330
70
100
AcDbEntity
  8
Visible
100
AcDbLine
 10
841.655855
 20
394.337852
 30
0.0
 11
841.592855
 21
394.409852
 31
0.0
  0
LINE
  5
152B
330
70
100
AcDbEntity
  8
Visible
100
AcDbLine
 10
841.711855
 20
394.256852
 30
0.0
 11
841.655855
 21
394.337852
 31
0.0
  0
LINE
  5
152C
330
70
100
AcDbEntity
  8
Visible
100
AcDbLine
 10
841.760855
 20
394.166852
 30
0.0
 11
841.711855
 21
394.256852
 31
0.0
  0
LINE
  5
152D
330
70
100
AcDbEntity
  8
Visible
100
AcDbLine
 10
841.803855
 20
394.068852
 30
0.0
 11
841.760855
 21
394.166852
 31
0.0
  0
LINE
  5
152E
330
70
100
AcDbEntity
  8
Visible
100
AcDbLine
 10
841.839855
 20
393.961852
 30
0.0
 11
841.803855
 21
394.068852
 31
0.0
  0
LINE
  5
152F
330
70
100
AcDbEntity
  8
Visible
100
AcDbLine
 10
841.869855
 20
393.846852
 30
0.0
 11
841.839855
 21
393.961852
 31
0.0
  0
LINE
  5
1530
330
70
100
AcDbEntity
  8
Visible
100
AcDbLine
 10
841.892855
 20
393.721852
 30
0.0
 11
841.869855
 21
393.846852
 31
0.0
  0
LINE
  5
1531
330
70
100
AcDbEntity
  8
Visible
100
AcDbLine
 10
841.909855
 20
393.588852
 30
0.0
 11
841.892855
 21
393.721852
 31
0.0
  0
LINE
  5
1532
330
70
100
AcDbEntity
  8
Visible
100
AcDbLine
 10
841.919855
 20
393.446852
 30
0.0
 11
841.909855
 21
393.588852
 31
0.0
  0
LINE
  5
1533
330
70
100
AcDbEntity
  8
Visible
100
AcDbLine
 10
841.922855
 20
393.296852
 30
0.0
 11
841.919855
 21
393.446852
 31
0.0
  0
LINE
  5
1534
330
70
100
AcDbEntity
  8
Visible
100
AcDbLine
 10
847.385855
 20
389.443852
 30
0.0
 11
847.251855
 21
389.435852
 31
0.0
  0
LINE
  5
1535
330
70
100
AcDbEntity
  8
Visible
100
AcDbLine
 10
847.517855
 20
389.456852
 30
0.0
 11
847.385855
 21
389.443852
 31
0.0
  0
LINE
  5
1536
330
70
100
AcDbEntity
  8
Visible
100
AcDbLine
 10
847.644855
 20
389.475852
 30
0.0
 11
847.517855
 21
389.456852
 31
0.0
  0
LINE
  5
1537
330
70
100
AcDbEntity
  8
Visible
100
AcDbLine
 10
847.768855
 20
389.500852
 30
0.0
 11
847.644855
 21
389.475852
 31
0.0
  0
LINE
  5
1538
330
70
100
AcDbEntity
  8
Visible
100
AcDbLine
 10
847.889855
 20
389.529852
 30
0.0
 11
847.768855
 21
389.500852
 31
0.0
  0
LINE
  5
1539
330
70
100
AcDbEntity
  8
Visible
100
AcDbLine
 10
848.005855
 20
389.564852
 30
0.0
 11
847.889855
 21
389.529852
 31
0.0
  0
LINE
  5
153A
330
70
100
AcDbEntity
  8
Visible
100
AcDbLine
 10
848.118855
 20
389.605852
 30
0.0
 11
848.005855
 21
389.564852
 31
0.0
  0
LINE
  5
153B
330
70
100
AcDbEntity
  8
Visible
100
AcDbLine
 10
848.227855
 20
389.651852
 30
0.0
 11
848.118855
 21
389.605852
 31
0.0
  0
LINE
  5
153C
330
70
100
AcDbEntity
  8
Visible
100
AcDbLine
 10
848.333855
 20
389.702852
 30
0.0
 11
848.227855
 21
389.651852
 31
0.0
  0
LINE
  5
153D
330
70
100
AcDbEntity
  8
Visible
100
AcDbLine
 10
848.434855
 20
389.758852
 30
0.0
 11
848.333855
 21
389.702852
 31
0.0
  0
LINE
  5
153E
330
70
100
AcDbEntity
  8
Visible
100
AcDbLine
 10
848.531855
 20
389.818852
 30
0.0
 11
848.434855
 21
389.758852
 31
0.0
  0
LINE
  5
153F
330
70
100
AcDbEntity
  8
Visible
100
AcDbLine
 10
848.623855
 20
389.882852
 30
0.0
 11
848.531855
 21
389.818852
 31
0.0
  0
LINE
  5
1540
330
70
100
AcDbEntity
  8
Visible
100
AcDbLine
 10
848.710855
 20
389.950852
 30
0.0
 11
848.623855
 21
389.882852
 31
0.0
  0
LINE
  5
1541
330
70
100
AcDbEntity
  8
Visible
100
AcDbLine
 10
848.793855
 20
390.021852
 30
0.0
 11
848.710855
 21
389.950852
 31
0.0
  0
LINE
  5
1542
330
70
100
AcDbEntity
  8
Visible
100
AcDbLine
 10
848.870855
 20
390.097852
 30
0.0
 11
848.793855
 21
390.021852
 31
0.0
  0
LINE
  5
1543
330
70
100
AcDbEntity
  8
Visible
100
AcDbLine
 10
848.943855
 20
390.177852
 30
0.0
 11
848.870855
 21
390.097852
 31
0.0
  0
LINE
  5
1544
330
70
100
AcDbEntity
  8
Visible
100
AcDbLine
 10
849.012855
 20
390.261852
 30
0.0
 11
848.943855
 21
390.177852
 31
0.0
  0
LINE
  5
1545
330
70
100
AcDbEntity
  8
Visible
100
AcDbLine
 10
849.075855
 20
390.348852
 30
0.0
 11
849.012855
 21
390.261852
 31
0.0
  0
LINE
  5
1546
330
70
100
AcDbEntity
  8
Visible
100
AcDbLine
 10
849.134855
 20
390.440852
 30
0.0
 11
849.075855
 21
390.348852
 31
0.0
  0
LINE
  5
1547
330
70
100
AcDbEntity
  8
Visible
100
AcDbLine
 10
849.188855
 20
390.535852
 30
0.0
 11
849.134855
 21
390.440852
 31
0.0
  0
LINE
  5
1548
330
70
100
AcDbEntity
  8
Visible
100
AcDbLine
 10
849.236855
 20
390.632852
 30
0.0
 11
849.188855
 21
390.535852
 31
0.0
  0
LINE
  5
1549
330
70
100
AcDbEntity
  8
Visible
100
AcDbLine
 10
849.278855
 20
390.733852
 30
0.0
 11
849.236855
 21
390.632852
 31
0.0
  0
LINE
  5
154A
330
70
100
AcDbEntity
  8
Visible
100
AcDbLine
 10
849.314855
 20
390.836852
 30
0.0
 11
849.278855
 21
390.733852
 31
0.0
  0
LINE
  5
154B
330
70
100
AcDbEntity
  8
Visible
100
AcDbLine
 10
849.345855
 20
390.941852
 30
0.0
 11
849.314855
 21
390.836852
 31
0.0
  0
LINE
  5
154C
330
70
100
AcDbEntity
  8
Visible
100
AcDbLine
 10
849.371855
 20
391.049852
 30
0.0
 11
849.345855
 21
390.941852
 31
0.0
  0
LINE
  5
154D
330
70
100
AcDbEntity
  8
Visible
100
AcDbLine
 10
849.391855
 20
391.160852
 30
0.0
 11
849.371855
 21
391.049852
 31
0.0
  0
LINE
  5
154E
330
70
100
AcDbEntity
  8
Visible
100
AcDbLine
 10
849.405855
 20
391.273852
 30
0.0
 11
849.391855
 21
391.160852
 31
0.0
  0
LINE
  5
154F
330
70
100
AcDbEntity
  8
Visible
100
AcDbLine
 10
849.413855
 20
391.389852
 30
0.0
 11
849.405855
 21
391.273852
 31
0.0
  0
LINE
  5
1550
330
70
100
AcDbEntity
  8
Visible
100
AcDbLine
 10
849.416855
 20
391.508852
 30
0.0
 11
849.413855
 21
391.389852
 31
0.0
  0
LINE
  5
1551
330
70
100
AcDbEntity
  8
Visible
100
AcDbLine
 10
848.456855
 20
391.508852
 30
0.0
 11
849.416855
 21
391.508852
 31
0.0
  0
LINE
  5
1552
330
70
100
AcDbEntity
  8
Visible
100
AcDbLine
 10
848.453855
 20
391.394852
 30
0.0
 11
848.456855
 21
391.508852
 31
0.0
  0
LINE
  5
1553
330
70
100
AcDbEntity
  8
Visible
100
AcDbLine
 10
848.442855
 20
391.285852
 30
0.0
 11
848.453855
 21
391.394852
 31
0.0
  0
LINE
  5
1554
330
70
100
AcDbEntity
  8
Visible
100
AcDbLine
 10
848.425855
 20
391.182852
 30
0.0
 11
848.442855
 21
391.285852
 31
0.0
  0
LINE
  5
1555
330
70
100
AcDbEntity
  8
Visible
100
AcDbLine
 10
848.401855
 20
391.083852
 30
0.0
 11
848.425855
 21
391.182852
 31
0.0
  0
LINE
  5
1556
330
70
100
AcDbEntity
  8
Visible
100
AcDbLine
 10
848.370855
 20
390.990852
 30
0.0
 11
848.401855
 21
391.083852
 31
0.0
  0
LINE
  5
1557
330
70
100
AcDbEntity
  8
Visible
100
AcDbLine
 10
848.332855
 20
390.901852
 30
0.0
 11
848.370855
 21
390.990852
 31
0.0
  0
LINE
  5
1558
330
70
100
AcDbEntity
  8
Visible
100
AcDbLine
 10
848.287855
 20
390.818852
 30
0.0
 11
848.332855
 21
390.901852
 31
0.0
  0
LINE
  5
1559
330
70
100
AcDbEntity
  8
Visible
100
AcDbLine
 10
848.235855
 20
390.740852
 30
0.0
 11
848.287855
 21
390.818852
 31
0.0
  0
LINE
  5
155A
330
70
100
AcDbEntity
  8
Visible
100
AcDbLine
 10
848.177855
 20
390.667852
 30
0.0
 11
848.235855
 21
390.740852
 31
0.0
  0
LINE
  5
155B
330
70
100
AcDbEntity
  8
Visible
100
AcDbLine
 10
848.111855
 20
390.599852
 30
0.0
 11
848.177855
 21
390.667852
 31
0.0
  0
LINE
  5
155C
330
70
100
AcDbEntity
  8
Visible
100
AcDbLine
 10
848.039855
 20
390.537852
 30
0.0
 11
848.111855
 21
390.599852
 31
0.0
  0
LINE
  5
155D
330
70
100
AcDbEntity
  8
Visible
100
AcDbLine
 10
847.960855
 20
390.481852
 30
0.0
 11
848.039855
 21
390.537852
 31
0.0
  0
LINE
  5
155E
330
70
100
AcDbEntity
  8
Visible
100
AcDbLine
 10
847.875855
 20
390.432852
 30
0.0
 11
847.960855
 21
390.481852
 31
0.0
  0
LINE
  5
155F
330
70
100
AcDbEntity
  8
Visible
100
AcDbLine
 10
847.784855
 20
390.390852
 30
0.0
 11
847.875855
 21
390.432852
 31
0.0
  0
LINE
  5
1560
330
70
100
AcDbEntity
  8
Visible
100
AcDbLine
 10
847.686855
 20
390.354852
 30
0.0
 11
847.784855
 21
390.390852
 31
0.0
  0
LINE
  5
1561
330
70
100
AcDbEntity
  8
Visible
100
AcDbLine
 10
847.581855
 20
390.324852
 30
0.0
 11
847.686855
 21
390.354852
 31
0.0
  0
LINE
  5
1562
330
70
100
AcDbEntity
  8
Visible
100
AcDbLine
 10
847.471855
 20
390.301852
 30
0.0
 11
847.581855
 21
390.324852
 31
0.0
  0
LINE
  5
1563
330
70
100
AcDbEntity
  8
Visible
100
AcDbLine
 10
847.354855
 20
390.285852
 30
0.0
 11
847.471855
 21
390.301852
 31
0.0
  0
LINE
  5
1564
330
70
100
AcDbEntity
  8
Visible
100
AcDbLine
 10
847.230855
 20
390.275852
 30
0.0
 11
847.354855
 21
390.285852
 31
0.0
  0
LINE
  5
1565
330
70
100
AcDbEntity
  8
Visible
100
AcDbLine
 10
847.100855
 20
390.272852
 30
0.0
 11
847.230855
 21
390.275852
 31
0.0
  0
LINE
  5
1566
330
70
100
AcDbEntity
  8
Visible
100
AcDbLine
 10
847.006855
 20
390.275852
 30
0.0
 11
847.100855
 21
390.272852
 31
0.0
  0
LINE
  5
1567
330
70
100
AcDbEntity
  8
Visible
100
AcDbLine
 10
846.914855
 20
390.283852
 30
0.0
 11
847.006855
 21
390.275852
 31
0.0
  0
LINE
  5
1568
330
70
100
AcDbEntity
  8
Visible
100
AcDbLine
 10
846.825855
 20
390.296852
 30
0.0
 11
846.914855
 21
390.283852
 31
0.0
  0
LINE
  5
1569
330
70
100
AcDbEntity
  8
Visible
100
AcDbLine
 10
846.737855
 20
390.315852
 30
0.0
 11
846.825855
 21
390.296852
 31
0.0
  0
LINE
  5
156A
330
70
100
AcDbEntity
  8
Visible
100
AcDbLine
 10
846.651855
 20
390.339852
 30
0.0
 11
846.737855
 21
390.315852
 31
0.0
  0
LINE
  5
156B
330
70
100
AcDbEntity
  8
Visible
100
AcDbLine
 10
846.568855
 20
390.369852
 30
0.0
 11
846.651855
 21
390.339852
 31
0.0
  0
LINE
  5
156C
330
70
100
AcDbEntity
  8
Visible
100
AcDbLine
 10
846.486855
 20
390.404852
 30
0.0
 11
846.568855
 21
390.369852
 31
0.0
  0
LINE
  5
156D
330
70
100
AcDbEntity
  8
Visible
100
AcDbLine
 10
846.407855
 20
390.445852
 30
0.0
 11
846.486855
 21
390.404852
 31
0.0
  0
LINE
  5
156E
330
70
100
AcDbEntity
  8
Visible
100
AcDbLine
 10
846.329855
 20
390.491852
 30
0.0
 11
846.407855
 21
390.445852
 31
0.0
  0
LINE
  5
156F
330
70
100
AcDbEntity
  8
Visible
100
AcDbLine
 10
846.254855
 20
390.542852
 30
0.0
 11
846.329855
 21
390.491852
 31
0.0
  0
LINE
  5
1570
330
70
100
AcDbEntity
  8
Visible
100
AcDbLine
 10
846.181855
 20
390.598852
 30
0.0
 11
846.254855
 21
390.542852
 31
0.0
  0
LINE
  5
1571
330
70
100
AcDbEntity
  8
Visible
100
AcDbLine
 10
846.112855
 20
390.659852
 30
0.0
 11
846.181855
 21
390.598852
 31
0.0
  0
LINE
  5
1572
330
70
100
AcDbEntity
  8
Visible
100
AcDbLine
 10
846.045855
 20
390.724852
 30
0.0
 11
846.112855
 21
390.659852
 31
0.0
  0
LINE
  5
1573
330
70
100
AcDbEntity
  8
Visible
100
AcDbLine
 10
845.982855
 20
390.793852
 30
0.0
 11
846.045855
 21
390.724852
 31
0.0
  0
LINE
  5
1574
330
70
100
AcDbEntity
  8
Visible
100
AcDbLine
 10
845.922855
 20
390.867852
 30
0.0
 11
845.982855
 21
390.793852
 31
0.0
  0
LINE
  5
1575
330
70
100
AcDbEntity
  8
Visible
100
AcDbLine
 10
845.865855
 20
390.945852
 30
0.0
 11
845.922855
 21
390.867852
 31
0.0
  0
LINE
  5
1576
330
70
100
AcDbEntity
  8
Visible
100
AcDbLine
 10
845.811855
 20
391.027852
 30
0.0
 11
845.865855
 21
390.945852
 31
0.0
  0
LINE
  5
1577
330
70
100
AcDbEntity
  8
Visible
100
AcDbLine
 10
845.761855
 20
391.114852
 30
0.0
 11
845.811855
 21
391.027852
 31
0.0
  0
LINE
  5
1578
330
70
100
AcDbEntity
  8
Visible
100
AcDbLine
 10
845.713855
 20
391.205852
 30
0.0
 11
845.761855
 21
391.114852
 31
0.0
  0
LINE
  5
1579
330
70
100
AcDbEntity
  8
Visible
100
AcDbLine
 10
845.669855
 20
391.301852
 30
0.0
 11
845.713855
 21
391.205852
 31
0.0
  0
LINE
  5
157A
330
70
100
AcDbEntity
  8
Visible
100
AcDbLine
 10
845.629855
 20
391.401852
 30
0.0
 11
845.669855
 21
391.301852
 31
0.0
  0
LINE
  5
157B
330
70
100
AcDbEntity
  8
Visible
100
AcDbLine
 10
845.592855
 20
391.504852
 30
0.0
 11
845.629855
 21
391.401852
 31
0.0
  0
LINE
  5
157C
330
70
100
AcDbEntity
  8
Visible
100
AcDbLine
 10
845.560855
 20
391.610852
 30
0.0
 11
845.592855
 21
391.504852
 31
0.0
  0
LINE
  5
157D
330
70
100
AcDbEntity
  8
Visible
100
AcDbLine
 10
845.533855
 20
391.721852
 30
0.0
 11
845.560855
 21
391.610852
 31
0.0
  0
LINE
  5
157E
330
70
100
AcDbEntity
  8
Visible
100
AcDbLine
 10
845.509855
 20
391.834852
 30
0.0
 11
845.533855
 21
391.721852
 31
0.0
  0
LINE
  5
157F
330
70
100
AcDbEntity
  8
Visible
100
AcDbLine
 10
845.490855
 20
391.952852
 30
0.0
 11
845.509855
 21
391.834852
 31
0.0
  0
LINE
  5
1580
330
70
100
AcDbEntity
  8
Visible
100
AcDbLine
 10
845.475855
 20
392.072852
 30
0.0
 11
845.490855
 21
391.952852
 31
0.0
  0
LINE
  5
1581
330
70
100
AcDbEntity
  8
Visible
100
AcDbLine
 10
845.465855
 20
392.197852
 30
0.0
 11
845.475855
 21
392.072852
 31
0.0
  0
LINE
  5
1582
330
70
100
AcDbEntity
  8
Visible
100
AcDbLine
 10
845.458855
 20
392.325852
 30
0.0
 11
845.465855
 21
392.197852
 31
0.0
  0
LINE
  5
1583
330
70
100
AcDbEntity
  8
Visible
100
AcDbLine
 10
845.456855
 20
392.456852
 30
0.0
 11
845.458855
 21
392.325852
 31
0.0
  0
LINE
  5
1584
330
70
100
AcDbEntity
  8
Visible
100
AcDbLine
 10
845.458855
 20
392.598852
 30
0.0
 11
845.456855
 21
392.456852
 31
0.0
  0
LINE
  5
1585
330
70
100
AcDbEntity
  8
Visible
100
AcDbLine
 10
845.465855
 20
392.735852
 30
0.0
 11
845.458855
 21
392.598852
 31
0.0
  0
LINE
  5
1586
330
70
100
AcDbEntity
  8
Visible
100
AcDbLine
 10
845.477855
 20
392.867852
 30
0.0
 11
845.465855
 21
392.735852
 31
0.0
  0
LINE
  5
1587
330
70
100
AcDbEntity
  8
Visible
100
AcDbLine
 10
845.493855
 20
392.994852
 30
0.0
 11
845.477855
 21
392.867852
 31
0.0
  0
LINE
  5
1588
330
70
100
AcDbEntity
  8
Visible
100
AcDbLine
 10
845.515855
 20
393.117852
 30
0.0
 11
845.493855
 21
392.994852
 31
0.0
  0
LINE
  5
1589
330
70
100
AcDbEntity
  8
Visible
100
AcDbLine
 10
845.540855
 20
393.235852
 30
0.0
 11
845.515855
 21
393.117852
 31
0.0
  0
LINE
  5
158A
330
70
100
AcDbEntity
  8
Visible
100
AcDbLine
 10
845.571855
 20
393.348852
 30
0.0
 11
845.540855
 21
393.235852
 31
0.0
  0
LINE
  5
158B
330
70
100
AcDbEntity
  8
Visible
100
AcDbLine
 10
845.606855
 20
393.456852
 30
0.0
 11
845.571855
 21
393.348852
 31
0.0
  0
LINE
  5
158C
330
70
100
AcDbEntity
  8
Visible
100
AcDbLine
 10
845.646855
 20
393.560852
 30
0.0
 11
845.606855
 21
393.456852
 31
0.0
  0
LINE
  5
158D
330
70
100
AcDbEntity
  8
Visible
100
AcDbLine
 10
845.690855
 20
393.659852
 30
0.0
 11
845.646855
 21
393.560852
 31
0.0
  0
LINE
  5
158E
330
70
100
AcDbEntity
  8
Visible
100
AcDbLine
 10
845.738855
 20
393.753852
 30
0.0
 11
845.690855
 21
393.659852
 31
0.0
  0
LINE
  5
158F
330
70
100
AcDbEntity
  8
Visible
100
AcDbLine
 10
845.789855
 20
393.843852
 30
0.0
 11
845.738855
 21
393.753852
 31
0.0
  0
LINE
  5
1590
330
70
100
AcDbEntity
  8
Visible
100
AcDbLine
 10
845.843855
 20
393.927852
 30
0.0
 11
845.789855
 21
393.843852
 31
0.0
  0
LINE
  5
1591
330
70
100
AcDbEntity
  8
Visible
100
AcDbLine
 10
845.900855
 20
394.007852
 30
0.0
 11
845.843855
 21
393.927852
 31
0.0
  0
LINE
  5
1592
330
70
100
AcDbEntity
  8
Visible
100
AcDbLine
 10
845.959855
 20
394.082852
 30
0.0
 11
845.900855
 21
394.007852
 31
0.0
  0
LINE
  5
1593
330
70
100
AcDbEntity
  8
Visible
100
AcDbLine
 10
846.022855
 20
394.152852
 30
0.0
 11
845.959855
 21
394.082852
 31
0.0
  0
LINE
  5
1594
330
70
100
AcDbEntity
  8
Visible
100
AcDbLine
 10
846.087855
 20
394.218852
 30
0.0
 11
846.022855
 21
394.152852
 31
0.0
  0
LINE
  5
1595
330
70
100
AcDbEntity
  8
Visible
100
AcDbLine
 10
846.155855
 20
394.278852
 30
0.0
 11
846.087855
 21
394.218852
 31
0.0
  0
LINE
  5
1596
330
70
100
AcDbEntity
  8
Visible
100
AcDbLine
 10
846.225855
 20
394.334852
 30
0.0
 11
846.155855
 21
394.278852
 31
0.0
  0
LINE
  5
1597
330
70
100
AcDbEntity
  8
Visible
100
AcDbLine
 10
846.299855
 20
394.385852
 30
0.0
 11
846.225855
 21
394.334852
 31
0.0
  0
LINE
  5
1598
330
70
100
AcDbEntity
  8
Visible
100
AcDbLine
 10
846.375855
 20
394.431852
 30
0.0
 11
846.299855
 21
394.385852
 31
0.0
  0
LINE
  5
1599
330
70
100
AcDbEntity
  8
Visible
100
AcDbLine
 10
846.451855
 20
394.472852
 30
0.0
 11
846.375855
 21
394.431852
 31
0.0
  0
LINE
  5
159A
330
70
100
AcDbEntity
  8
Visible
100
AcDbLine
 10
846.529855
 20
394.509852
 30
0.0
 11
846.451855
 21
394.472852
 31
0.0
  0
LINE
  5
159B
330
70
100
AcDbEntity
  8
Visible
100
AcDbLine
 10
846.607855
 20
394.541852
 30
0.0
 11
846.529855
 21
394.509852
 31
0.0
  0
LINE
  5
159C
330
70
100
AcDbEntity
  8
Visible
100
AcDbLine
 10
846.687855
 20
394.567852
 30
0.0
 11
846.607855
 21
394.541852
 31
0.0
  0
LINE
  5
159D
330
70
100
AcDbEntity
  8
Visible
100
AcDbLine
 10
846.767855
 20
394.589852
 30
0.0
 11
846.687855
 21
394.567852
 31
0.0
  0
LINE
  5
159E
330
70
100
AcDbEntity
  8
Visible
100
AcDbLine
 10
846.849855
 20
394.606852
 30
0.0
 11
846.767855
 21
394.589852
 31
0.0
  0
LINE
  5
159F
330
70
100
AcDbEntity
  8
Visible
100
AcDbLine
 10
846.932855
 20
394.618852
 30
0.0
 11
846.849855
 21
394.606852
 31
0.0
  0
LINE
  5
15A0
330
70
100
AcDbEntity
  8
Visible
100
AcDbLine
 10
847.015855
 20
394.626852
 30
0.0
 11
846.932855
 21
394.618852
 31
0.0
  0
LINE
  5
15A1
330
70
100
AcDbEntity
  8
Visible
100
AcDbLine
 10
847.100855
 20
394.628852
 30
0.0
 11
847.015855
 21
394.626852
 31
0.0
  0
LINE
  5
15A2
330
70
100
AcDbEntity
  8
Visible
100
AcDbLine
 10
847.199855
 20
394.625852
 30
0.0
 11
847.100855
 21
394.628852
 31
0.0
  0
LINE
  5
15A3
330
70
100
AcDbEntity
  8
Visible
100
AcDbLine
 10
847.295855
 20
394.616852
 30
0.0
 11
847.199855
 21
394.625852
 31
0.0
  0
LINE
  5
15A4
330
70
100
AcDbEntity
  8
Visible
100
AcDbLine
 10
847.389855
 20
394.602852
 30
0.0
 11
847.295855
 21
394.616852
 31
0.0
  0
LINE
  5
15A5
330
70
100
AcDbEntity
  8
Visible
100
AcDbLine
 10
847.479855
 20
394.581852
 30
0.0
 11
847.389855
 21
394.602852
 31
0.0
  0
LINE
  5
15A6
330
70
100
AcDbEntity
  8
Visible
100
AcDbLine
 10
847.566855
 20
394.555852
 30
0.0
 11
847.479855
 21
394.581852
 31
0.0
  0
LINE
  5
15A7
330
70
100
AcDbEntity
  8
Visible
100
AcDbLine
 10
847.650855
 20
394.523852
 30
0.0
 11
847.566855
 21
394.555852
 31
0.0
  0
LINE
  5
15A8
330
70
100
AcDbEntity
  8
Visible
100
AcDbLine
 10
847.731855
 20
394.485852
 30
0.0
 11
847.650855
 21
394.523852
 31
0.0
  0
LINE
  5
15A9
330
70
100
AcDbEntity
  8
Visible
100
AcDbLine
 10
847.808855
 20
394.442852
 30
0.0
 11
847.731855
 21
394.485852
 31
0.0
  0
LINE
  5
15AA
330
70
100
AcDbEntity
  8
Visible
100
AcDbLine
 10
847.883855
 20
394.392852
 30
0.0
 11
847.808855
 21
394.442852
 31
0.0
  0
LINE
  5
15AB
330
70
100
AcDbEntity
  8
Visible
100
AcDbLine
 10
847.955855
 20
394.337852
 30
0.0
 11
847.883855
 21
394.392852
 31
0.0
  0
LINE
  5
15AC
330
70
100
AcDbEntity
  8
Visible
100
AcDbLine
 10
848.023855
 20
394.277852
 30
0.0
 11
847.955855
 21
394.337852
 31
0.0
  0
LINE
  5
15AD
330
70
100
AcDbEntity
  8
Visible
100
AcDbLine
 10
848.087855
 20
394.212852
 30
0.0
 11
848.023855
 21
394.277852
 31
0.0
  0
LINE
  5
15AE
330
70
100
AcDbEntity
  8
Visible
100
AcDbLine
 10
848.148855
 20
394.144852
 30
0.0
 11
848.087855
 21
394.212852
 31
0.0
  0
LINE
  5
15AF
330
70
100
AcDbEntity
  8
Visible
100
AcDbLine
 10
848.204855
 20
394.071852
 30
0.0
 11
848.148855
 21
394.144852
 31
0.0
  0
LINE
  5
15B0
330
70
100
AcDbEntity
  8
Visible
100
AcDbLine
 10
848.256855
 20
393.994852
 30
0.0
 11
848.204855
 21
394.071852
 31
0.0
  0
LINE
  5
15B1
330
70
100
AcDbEntity
  8
Visible
100
AcDbLine
 10
848.304855
 20
393.913852
 30
0.0
 11
848.256855
 21
393.994852
 31
0.0
  0
LINE
  5
15B2
330
70
100
AcDbEntity
  8
Visible
100
AcDbLine
 10
848.348855
 20
393.828852
 30
0.0
 11
848.304855
 21
393.913852
 31
0.0
  0
LINE
  5
15B3
330
70
100
AcDbEntity
  8
Visible
100
AcDbLine
 10
848.388855
 20
393.739852
 30
0.0
 11
848.348855
 21
393.828852
 31
0.0
  0
LINE
  5
15B4
330
70
100
AcDbEntity
  8
Visible
100
AcDbLine
 10
848.424855
 20
393.646852
 30
0.0
 11
848.388855
 21
393.739852
 31
0.0
  0
LINE
  5
15B5
330
70
100
AcDbEntity
  8
Visible
100
AcDbLine
 10
848.456855
 20
393.548852
 30
0.0
 11
848.424855
 21
393.646852
 31
0.0
  0
LINE
  5
15B6
330
70
100
AcDbEntity
  8
Visible
100
AcDbLine
 10
849.416855
 20
393.632852
 30
0.0
 11
848.456855
 21
393.548852
 31
0.0
  0
LINE
  5
15B7
330
70
100
AcDbEntity
  8
Visible
100
AcDbLine
 10
849.397855
 20
393.704852
 30
0.0
 11
849.416855
 21
393.632852
 31
0.0
  0
LINE
  5
15B8
330
70
100
AcDbEntity
  8
Visible
100
AcDbLine
 10
849.376855
 20
393.775852
 30
0.0
 11
849.397855
 21
393.704852
 31
0.0
  0
LINE
  5
15B9
330
70
100
AcDbEntity
  8
Visible
100
AcDbLine
 10
849.353855
 20
393.845852
 30
0.0
 11
849.376855
 21
393.775852
 31
0.0
  0
LINE
  5
15BA
330
70
100
AcDbEntity
  8
Visible
100
AcDbLine
 10
849.328855
 20
393.915852
 30
0.0
 11
849.353855
 21
393.845852
 31
0.0
  0
LINE
  5
15BB
330
70
100
AcDbEntity
  8
Visible
100
AcDbLine
 10
849.301855
 20
393.984852
 30
0.0
 11
849.328855
 21
393.915852
 31
0.0
  0
LINE
  5
15BC
330
70
100
AcDbEntity
  8
Visible
100
AcDbLine
 10
849.272855
 20
394.052852
 30
0.0
 11
849.301855
 21
393.984852
 31
0.0
  0
LINE
  5
15BD
330
70
100
AcDbEntity
  8
Visible
100
AcDbLine
 10
849.241855
 20
394.120852
 30
0.0
 11
849.272855
 21
394.052852
 31
0.0
  0
LINE
  5
15BE
330
70
100
AcDbEntity
  8
Visible
100
AcDbLine
 10
849.209855
 20
394.187852
 30
0.0
 11
849.241855
 21
394.120852
 31
0.0
  0
LINE
  5
15BF
330
70
100
AcDbEntity
  8
Visible
100
AcDbLine
 10
849.174855
 20
394.253852
 30
0.0
 11
849.209855
 21
394.187852
 31
0.0
  0
LINE
  5
15C0
330
70
100
AcDbEntity
  8
Visible
100
AcDbLine
 10
849.137855
 20
394.319852
 30
0.0
 11
849.174855
 21
394.253852
 31
0.0
  0
LINE
  5
15C1
330
70
100
AcDbEntity
  8
Visible
100
AcDbLine
 10
849.098855
 20
394.384852
 30
0.0
 11
849.137855
 21
394.319852
 31
0.0
  0
LINE
  5
15C2
330
70
100
AcDbEntity
  8
Visible
100
AcDbLine
 10
849.057855
 20
394.447852
 30
0.0
 11
849.098855
 21
394.384852
 31
0.0
  0
LINE
  5
15C3
330
70
100
AcDbEntity
  8
Visible
100
AcDbLine
 10
849.015855
 20
394.509852
 30
0.0
 11
849.057855
 21
394.447852
 31
0.0
  0
LINE
  5
15C4
330
70
100
AcDbEntity
  8
Visible
100
AcDbLine
 10
848.970855
 20
394.570852
 30
0.0
 11
849.015855
 21
394.509852
 31
0.0
  0
LINE
  5
15C5
330
70
100
AcDbEntity
  8
Visible
100
AcDbLine
 10
848.923855
 20
394.629852
 30
0.0
 11
848.970855
 21
394.570852
 31
0.0
  0
LINE
  5
15C6
330
70
100
AcDbEntity
  8
Visible
100
AcDbLine
 10
848.875855
 20
394.687852
 30
0.0
 11
848.923855
 21
394.629852
 31
0.0
  0
LINE
  5
15C7
330
70
100
AcDbEntity
  8
Visible
100
AcDbLine
 10
848.824855
 20
394.743852
 30
0.0
 11
848.875855
 21
394.687852
 31
0.0
  0
LINE
  5
15C8
330
70
100
AcDbEntity
  8
Visible
100
AcDbLine
 10
848.771855
 20
394.798852
 30
0.0
 11
848.824855
 21
394.743852
 31
0.0
  0
LINE
  5
15C9
330
70
100
AcDbEntity
  8
Visible
100
AcDbLine
 10
848.717855
 20
394.852852
 30
0.0
 11
848.771855
 21
394.798852
 31
0.0
  0
LINE
  5
15CA
330
70
100
AcDbEntity
  8
Visible
100
AcDbLine
 10
848.660855
 20
394.904852
 30
0.0
 11
848.717855
 21
394.852852
 31
0.0
  0
LINE
  5
15CB
330
70
100
AcDbEntity
  8
Visible
100
AcDbLine
 10
848.601855
 20
394.954852
 30
0.0
 11
848.660855
 21
394.904852
 31
0.0
  0
LINE
  5
15CC
330
70
100
AcDbEntity
  8
Visible
100
AcDbLine
 10
848.541855
 20
395.003852
 30
0.0
 11
848.601855
 21
394.954852
 31
0.0
  0
LINE
  5
15CD
330
70
100
AcDbEntity
  8
Visible
100
AcDbLine
 10
848.478855
 20
395.049852
 30
0.0
 11
848.541855
 21
395.003852
 31
0.0
  0
LINE
  5
15CE
330
70
100
AcDbEntity
  8
Visible
100
AcDbLine
 10
848.414855
 20
395.093852
 30
0.0
 11
848.478855
 21
395.049852
 31
0.0
  0
LINE
  5
15CF
330
70
100
AcDbEntity
  8
Visible
100
AcDbLine
 10
848.347855
 20
395.134852
 30
0.0
 11
848.414855
 21
395.093852
 31
0.0
  0
LINE
  5
15D0
330
70
100
AcDbEntity
  8
Visible
100
AcDbLine
 10
848.279855
 20
395.174852
 30
0.0
 11
848.347855
 21
395.134852
 31
0.0
  0
LINE
  5
15D1
330
70
100
AcDbEntity
  8
Visible
100
AcDbLine
 10
848.208855
 20
395.211852
 30
0.0
 11
848.279855
 21
395.174852
 31
0.0
  0
LINE
  5
15D2
330
70
100
AcDbEntity
  8
Visible
100
AcDbLine
 10
848.136855
 20
395.246852
 30
0.0
 11
848.208855
 21
395.211852
 31
0.0
  0
LINE
  5
15D3
330
70
100
AcDbEntity
  8
Visible
100
AcDbLine
 10
848.061855
 20
395.278852
 30
0.0
 11
848.136855
 21
395.246852
 31
0.0
  0
LINE
  5
15D4
330
70
100
AcDbEntity
  8
Visible
100
AcDbLine
 10
847.985855
 20
395.309852
 30
0.0
 11
848.061855
 21
395.278852
 31
0.0
  0
LINE
  5
15D5
330
70
100
AcDbEntity
  8
Visible
100
AcDbLine
 10
847.907855
 20
395.337852
 30
0.0
 11
847.985855
 21
395.309852
 31
0.0
  0
LINE
  5
15D6
330
70
100
AcDbEntity
  8
Visible
100
AcDbLine
 10
847.826855
 20
395.362852
 30
0.0
 11
847.907855
 21
395.337852
 31
0.0
  0
LINE
  5
15D7
330
70
100
AcDbEntity
  8
Visible
100
AcDbLine
 10
847.744855
 20
395.384852
 30
0.0
 11
847.826855
 21
395.362852
 31
0.0
  0
LINE
  5
15D8
330
70
100
AcDbEntity
  8
Visible
100
AcDbLine
 10
847.660855
 20
395.403852
 30
0.0
 11
847.744855
 21
395.384852
 31
0.0
  0
LINE
  5
15D9
330
70
100
AcDbEntity
  8
Visible
100
AcDbLine
 10
847.573855
 20
395.419852
 30
0.0
 11
847.660855
 21
395.403852
 31
0.0
  0
LINE
  5
15DA
330
70
100
AcDbEntity
  8
Visible
100
AcDbLine
 10
847.485855
 20
395.432852
 30
0.0
 11
847.573855
 21
395.419852
 31
0.0
  0
LINE
  5
15DB
330
70
100
AcDbEntity
  8
Visible
100
AcDbLine
 10
847.395855
 20
395.443852
 30
0.0
 11
847.485855
 21
395.432852
 31
0.0
  0
LINE
  5
15DC
330
70
100
AcDbEntity
  8
Visible
100
AcDbLine
 10
847.302855
 20
395.450852
 30
0.0
 11
847.395855
 21
395.443852
 31
0.0
  0
LINE
  5
15DD
330
70
100
AcDbEntity
  8
Visible
100
AcDbLine
 10
847.208855
 20
395.455852
 30
0.0
 11
847.302855
 21
395.450852
 31
0.0
  0
LINE
  5
15DE
330
70
100
AcDbEntity
  8
Visible
100
AcDbLine
 10
847.112855
 20
395.456852
 30
0.0
 11
847.208855
 21
395.455852
 31
0.0
  0
LINE
  5
15DF
330
70
100
AcDbEntity
  8
Visible
100
AcDbLine
 10
846.975855
 20
395.452852
 30
0.0
 11
847.112855
 21
395.456852
 31
0.0
  0
LINE
  5
15E0
330
70
100
AcDbEntity
  8
Visible
100
AcDbLine
 10
846.840855
 20
395.442852
 30
0.0
 11
846.975855
 21
395.452852
 31
0.0
  0
LINE
  5
15E1
330
70
100
AcDbEntity
  8
Visible
100
AcDbLine
 10
846.706855
 20
395.424852
 30
0.0
 11
846.840855
 21
395.442852
 31
0.0
  0
LINE
  5
15E2
330
70
100
AcDbEntity
  8
Visible
100
AcDbLine
 10
846.575855
 20
395.399852
 30
0.0
 11
846.706855
 21
395.424852
 31
0.0
  0
LINE
  5
15E3
330
70
100
AcDbEntity
  8
Visible
100
AcDbLine
 10
846.445855
 20
395.368852
 30
0.0
 11
846.575855
 21
395.399852
 31
0.0
  0
LINE
  5
15E4
330
70
100
AcDbEntity
  8
Visible
100
AcDbLine
 10
846.317855
 20
395.329852
 30
0.0
 11
846.445855
 21
395.368852
 31
0.0
  0
LINE
  5
15E5
330
70
100
AcDbEntity
  8
Visible
100
AcDbLine
 10
846.192855
 20
395.283852
 30
0.0
 11
846.317855
 21
395.329852
 31
0.0
  0
LINE
  5
15E6
330
70
100
AcDbEntity
  8
Visible
100
AcDbLine
 10
846.068855
 20
395.229852
 30
0.0
 11
846.192855
 21
395.283852
 31
0.0
  0
LINE
  5
15E7
330
70
100
AcDbEntity
  8
Visible
100
AcDbLine
 10
845.945855
 20
395.169852
 30
0.0
 11
846.068855
 21
395.229852
 31
0.0
  0
LINE
  5
15E8
330
70
100
AcDbEntity
  8
Visible
100
AcDbLine
 10
845.825855
 20
395.102852
 30
0.0
 11
845.945855
 21
395.169852
 31
0.0
  0
LINE
  5
15E9
330
70
100
AcDbEntity
  8
Visible
100
AcDbLine
 10
845.708855
 20
395.028852
 30
0.0
 11
845.825855
 21
395.102852
 31
0.0
  0
LINE
  5
15EA
330
70
100
AcDbEntity
  8
Visible
100
AcDbLine
 10
845.595855
 20
394.948852
 30
0.0
 11
845.708855
 21
395.028852
 31
0.0
  0
LINE
  5
15EB
330
70
100
AcDbEntity
  8
Visible
100
AcDbLine
 10
845.488855
 20
394.861852
 30
0.0
 11
845.595855
 21
394.948852
 31
0.0
  0
LINE
  5
15EC
330
70
100
AcDbEntity
  8
Visible
100
AcDbLine
 10
845.384855
 20
394.768852
 30
0.0
 11
845.488855
 21
394.861852
 31
0.0
  0
LINE
  5
15ED
330
70
100
AcDbEntity
  8
Visible
100
AcDbLine
 10
845.286855
 20
394.668852
 30
0.0
 11
845.384855
 21
394.768852
 31
0.0
  0
LINE
  5
15EE
330
70
100
AcDbEntity
  8
Visible
100
AcDbLine
 10
845.192855
 20
394.563852
 30
0.0
 11
845.286855
 21
394.668852
 31
0.0
  0
LINE
  5
15EF
330
70
100
AcDbEntity
  8
Visible
100
AcDbLine
 10
845.102855
 20
394.451852
 30
0.0
 11
845.192855
 21
394.563852
 31
0.0
  0
LINE
  5
15F0
330
70
100
AcDbEntity
  8
Visible
100
AcDbLine
 10
845.018855
 20
394.332852
 30
0.0
 11
845.102855
 21
394.451852
 31
0.0
  0
LINE
  5
15F1
330
70
100
AcDbEntity
  8
Visible
100
AcDbLine
 10
844.938855
 20
394.207852
 30
0.0
 11
845.018855
 21
394.332852
 31
0.0
  0
LINE
  5
15F2
330
70
100
AcDbEntity
  8
Visible
100
AcDbLine
 10
844.862855
 20
394.076852
 30
0.0
 11
844.938855
 21
394.207852
 31
0.0
  0
LINE
  5
15F3
330
70
100
AcDbEntity
  8
Visible
100
AcDbLine
 10
844.792855
 20
393.939852
 30
0.0
 11
844.862855
 21
394.076852
 31
0.0
  0
LINE
  5
15F4
330
70
100
AcDbEntity
  8
Visible
100
AcDbLine
 10
844.730855
 20
393.796852
 30
0.0
 11
844.792855
 21
393.939852
 31
0.0
  0
LINE
  5
15F5
330
70
100
AcDbEntity
  8
Visible
100
AcDbLine
 10
844.675855
 20
393.648852
 30
0.0
 11
844.730855
 21
393.796852
 31
0.0
  0
LINE
  5
15F6
330
70
100
AcDbEntity
  8
Visible
100
AcDbLine
 10
844.628855
 20
393.494852
 30
0.0
 11
844.675855
 21
393.648852
 31
0.0
  0
LINE
  5
15F7
330
70
100
AcDbEntity
  8
Visible
100
AcDbLine
 10
844.588855
 20
393.335852
 30
0.0
 11
844.628855
 21
393.494852
 31
0.0
  0
LINE
  5
15F8
330
70
100
AcDbEntity
  8
Visible
100
AcDbLine
 10
844.555855
 20
393.170852
 30
0.0
 11
844.588855
 21
393.335852
 31
0.0
  0
LINE
  5
15F9
330
70
100
AcDbEntity
  8
Visible
100
AcDbLine
 10
844.529855
 20
393.000852
 30
0.0
 11
844.555855
 21
393.170852
 31
0.0
  0
LINE
  5
15FA
330
70
100
AcDbEntity
  8
Visible
100
AcDbLine
 10
844.511855
 20
392.824852
 30
0.0
 11
844.529855
 21
393.000852
 31
0.0
  0
LINE
  5
15FB
330
70
100
AcDbEntity
  8
Visible
100
AcDbLine
 10
844.500855
 20
392.643852
 30
0.0
 11
844.511855
 21
392.824852
 31
0.0
  0
LINE
  5
15FC
330
70
100
AcDbEntity
  8
Visible
100
AcDbLine
 10
844.496855
 20
392.456852
 30
0.0
 11
844.500855
 21
392.643852
 31
0.0
  0
LINE
  5
15FD
330
70
100
AcDbEntity
  8
Visible
100
AcDbLine
 10
844.500855
 20
392.274852
 30
0.0
 11
844.496855
 21
392.456852
 31
0.0
  0
LINE
  5
15FE
330
70
100
AcDbEntity
  8
Visible
100
AcDbLine
 10
844.511855
 20
392.096852
 30
0.0
 11
844.500855
 21
392.274852
 31
0.0
  0
LINE
  5
15FF
330
70
100
AcDbEntity
  8
Visible
100
AcDbLine
 10
844.529855
 20
391.924852
 30
0.0
 11
844.511855
 21
392.096852
 31
0.0
  0
LINE
  5
1600
330
70
100
AcDbEntity
  8
Visible
100
AcDbLine
 10
844.555855
 20
391.756852
 30
0.0
 11
844.529855
 21
391.924852
 31
0.0
  0
LINE
  5
1601
330
70
100
AcDbEntity
  8
Visible
100
AcDbLine
 10
844.588855
 20
391.593852
 30
0.0
 11
844.555855
 21
391.756852
 31
0.0
  0
LINE
  5
1602
330
70
100
AcDbEntity
  8
Visible
100
AcDbLine
 10
844.628855
 20
391.436852
 30
0.0
 11
844.588855
 21
391.593852
 31
0.0
  0
LINE
  5
1603
330
70
100
AcDbEntity
  8
Visible
100
AcDbLine
 10
844.675855
 20
391.283852
 30
0.0
 11
844.628855
 21
391.436852
 31
0.0
  0
LINE
  5
1604
330
70
100
AcDbEntity
  8
Visible
100
AcDbLine
 10
844.730855
 20
391.135852
 30
0.0
 11
844.675855
 21
391.283852
 31
0.0
  0
LINE
  5
1605
330
70
100
AcDbEntity
  8
Visible
100
AcDbLine
 10
844.792855
 20
390.992852
 30
0.0
 11
844.730855
 21
391.135852
 31
0.0
  0
LINE
  5
1606
330
70
100
AcDbEntity
  8
Visible
100
AcDbLine
 10
844.862855
 20
390.854852
 30
0.0
 11
844.792855
 21
390.992852
 31
0.0
  0
LINE
  5
1607
330
70
100
AcDbEntity
  8
Visible
100
AcDbLine
 10
844.938855
 20
390.721852
 30
0.0
 11
844.862855
 21
390.854852
 31
0.0
  0
LINE
  5
1608
330
70
100
AcDbEntity
  8
Visible
100
AcDbLine
 10
845.018855
 20
390.595852
 30
0.0
 11
844.938855
 21
390.721852
 31
0.0
  0
LINE
  5
1609
330
70
100
AcDbEntity
  8
Visible
100
AcDbLine
 10
845.102855
 20
390.475852
 30
0.0
 11
845.018855
 21
390.595852
 31
0.0
  0
LINE
  5
160A
330
70
100
AcDbEntity
  8
Visible
100
AcDbLine
 10
845.192855
 20
390.361852
 30
0.0
 11
845.102855
 21
390.475852
 31
0.0
  0
LINE
  5
160B
330
70
100
AcDbEntity
  8
Visible
100
AcDbLine
 10
845.286855
 20
390.252852
 30
0.0
 11
845.192855
 21
390.361852
 31
0.0
  0
LINE
  5
160C
330
70
100
AcDbEntity
  8
Visible
100
AcDbLine
 10
845.384855
 20
390.151852
 30
0.0
 11
845.286855
 21
390.252852
 31
0.0
  0
LINE
  5
160D
330
70
100
AcDbEntity
  8
Visible
100
AcDbLine
 10
845.488855
 20
390.055852
 30
0.0
 11
845.384855
 21
390.151852
 31
0.0
  0
LINE
  5
160E
330
70
100
AcDbEntity
  8
Visible
100
AcDbLine
 10
845.595855
 20
389.965852
 30
0.0
 11
845.488855
 21
390.055852
 31
0.0
  0
LINE
  5
160F
330
70
100
AcDbEntity
  8
Visible
100
AcDbLine
 10
845.708855
 20
389.881852
 30
0.0
 11
845.595855
 21
389.965852
 31
0.0
  0
LINE
  5
1610
330
70
100
AcDbEntity
  8
Visible
100
AcDbLine
 10
845.825855
 20
389.804852
 30
0.0
 11
845.708855
 21
389.881852
 31
0.0
  0
LINE
  5
1611
330
70
100
AcDbEntity
  8
Visible
100
AcDbLine
 10
845.945855
 20
389.733852
 30
0.0
 11
845.825855
 21
389.804852
 31
0.0
  0
LINE
  5
1612
330
70
100
AcDbEntity
  8
Visible
100
AcDbLine
 10
846.068855
 20
389.670852
 30
0.0
 11
845.945855
 21
389.733852
 31
0.0
  0
LINE
  5
1613
330
70
100
AcDbEntity
  8
Visible
100
AcDbLine
 10
846.192855
 20
389.614852
 30
0.0
 11
846.068855
 21
389.670852
 31
0.0
  0
LINE
  5
1614
330
70
100
AcDbEntity
  8
Visible
100
AcDbLine
 10
846.317855
 20
389.566852
 30
0.0
 11
846.192855
 21
389.614852
 31
0.0
  0
LINE
  5
1615
330
70
100
AcDbEntity
  8
Visible
100
AcDbLine
 10
846.445855
 20
389.525852
 30
0.0
 11
846.317855
 21
389.566852
 31
0.0
  0
LINE
  5
1616
330
70
100
AcDbEntity
  8
Visible
100
AcDbLine
 10
846.575855
 20
389.492852
 30
0.0
 11
846.445855
 21
389.525852
 31
0.0
  0
LINE
  5
1617
330
70
100
AcDbEntity
  8
Visible
100
AcDbLine
 10
846.706855
 20
389.465852
 30
0.0
 11
846.575855
 21
389.492852
 31
0.0
  0
LINE
  5
1618
330
70
100
AcDbEntity
  8
Visible
100
AcDbLine
 10
846.840855
 20
389.447852
 30
0.0
 11
846.706855
 21
389.465852
 31
0.0
  0
LINE
  5
1619
330
70
100
AcDbEntity
  8
Visible
100
AcDbLine
 10
846.975855
 20
389.436852
 30
0.0
 11
846.840855
 21
389.447852
 31
0.0
  0
LINE
  5
161A
330
70
100
AcDbEntity
  8
Visible
100
AcDbLine
 10
847.112855
 20
389.432852
 30
0.0
 11
846.975855
 21
389.436852
 31
0.0
  0
LINE
  5
161B
330
70
100
AcDbEntity
  8
Visible
100
AcDbLine
 10
847.251855
 20
389.435852
 30
0.0
 11
847.112855
 21
389.432852
 31
0.0
  0
LINE
  5
161C
330
70
100
AcDbEntity
  8
Visible
100
AcDbLine
 10
852.224855
 20
391.985929
 30
0.0
 11
852.224855
 21
389.576852
 31
0.0
  0
LINE
  5
161D
330
70
100
AcDbEntity
  8
Visible
100
AcDbLine
 10
853.007667
 20
392.62238
 30
0.0
 11
852.224855
 21
391.985929
 31
0.0
  0
LINE
  5
161E
330
70
100
AcDbEntity
  8
Visible
100
AcDbLine
 10
855.296855
 20
389.576852
 30
0.0
 11
853.007667
 21
392.62238
 31
0.0
  0
LINE
  5
161F
330
70
100
AcDbEntity
  8
Visible
100
AcDbLine
 10
856.448855
 20
389.576852
 30
0.0
 11
855.296855
 21
389.576852
 31
0.0
  0
LINE
  5
1620
330
70
100
AcDbEntity
  8
Visible
100
AcDbLine
 10
853.67703
 20
393.166593
 30
0.0
 11
856.448855
 21
389.576852
 31
0.0
  0
LINE
  5
1621
330
70
100
AcDbEntity
  8
Visible
100
AcDbLine
 10
856.316855
 20
395.312852
 30
0.0
 11
853.67703
 21
393.166593
 31
0.0
  0
LINE
  5
1622
330
70
100
AcDbEntity
  8
Visible
100
AcDbLine
 10
855.008855
 20
395.312852
 30
0.0
 11
856.316855
 21
395.312852
 31
0.0
  0
LINE
  5
1623
330
70
100
AcDbEntity
  8
Visible
100
AcDbLine
 10
852.224855
 20
392.985246
 30
0.0
 11
855.008855
 21
395.312852
 31
0.0
  0
LINE
  5
1624
330
70
100
AcDbEntity
  8
Visible
100
AcDbLine
 10
852.224855
 20
397.760852
 30
0.0
 11
852.224855
 21
392.985246
 31
0.0
  0
LINE
  5
1625
330
70
100
AcDbEntity
  8
Visible
100
AcDbLine
 10
851.288855
 20
397.760852
 30
0.0
 11
852.224855
 21
397.760852
 31
0.0
  0
LINE
  5
1626
330
70
100
AcDbEntity
  8
Visible
100
AcDbLine
 10
851.288855
 20
389.576852
 30
0.0
 11
851.288855
 21
397.760852
 31
0.0
  0
LINE
  5
1627
330
70
100
AcDbEntity
  8
Visible
100
AcDbLine
 10
852.224855
 20
389.576852
 30
0.0
 11
851.288855
 21
389.576852
 31
0.0
  0
LINE
  5
1628
330
70
100
AcDbEntity
  8
Visible
100
AcDbLine
 10
1043.329855
 20
669.168852
 30
0.0
 11
1037.329855
 21
669.168852
 31
0.0
  0
LINE
  5
1629
330
70
100
AcDbEntity
  8
Visible
100
AcDbLine
 10
1043.329855
 20
640.168852
 30
0.0
 11
1043.329855
 21
669.168852
 31
0.0
  0
LINE
  5
162A
330
70
100
AcDbEntity
  8
Visible
100
AcDbLine
 10
1037.329855
 20
640.168852
 30
0.0
 11
1043.329855
 21
640.168852
 31
0.0
  0
LINE
  5
162B
330
70
100
AcDbEntity
  8
Visible
100
AcDbLine
 10
1037.329855
 20
611.168852
 30
0.0
 11
1037.329855
 21
640.168852
 31
0.0
  0
LINE
  5
162C
330
70
100
AcDbEntity
  8
Visible
100
AcDbLine
 10
1043.329855
 20
611.168852
 30
0.0
 11
1037.329855
 21
611.168852
 31
0.0
  0
LINE
  5
162D
330
70
100
AcDbEntity
  8
Visible
100
AcDbLine
 10
1043.329855
 20
582.168852
 30
0.0
 11
1043.329855
 21
611.168852
 31
0.0
  0
LINE
  5
162E
330
70
100
AcDbEntity
  8
Visible
100
AcDbLine
 10
1037.329855
 20
582.168852
 30
0.0
 11
1043.329855
 21
582.168852
 31
0.0
  0
LINE
  5
162F
330
70
100
AcDbEntity
  8
Visible
100
AcDbLine
 10
1037.329855
 20
553.168852
 30
0.0
 11
1037.329855
 21
582.168852
 31
0.0
  0
LINE
  5
1630
330
70
100
AcDbEntity
  8
Visible
100
AcDbLine
 10
1043.329855
 20
553.168852
 30
0.0
 11
1037.329855
 21
553.168852
 31
0.0
  0
LINE
  5
1631
330
70
100
AcDbEntity
  8
Visible
100
AcDbLine
 10
1043.329855
 20
524.168852
 30
0.0
 11
1043.329855
 21
553.168852
 31
0.0
  0
LINE
  5
1632
330
70
100
AcDbEntity
  8
Visible
100
AcDbLine
 10
1037.329855
 20
524.168852
 30
0.0
 11
1043.329855
 21
524.168852
 31
0.0
  0
LINE
  5
1633
330
70
100
AcDbEntity
  8
Visible
100
AcDbLine
 10
1037.329855
 20
495.168852
 30
0.0
 11
1037.329855
 21
524.168852
 31
0.0
  0
LINE
  5
1634
330
70
100
AcDbEntity
  8
Visible
100
AcDbLine
 10
1043.329855
 20
495.168852
 30
0.0
 11
1037.329855
 21
495.168852
 31
0.0
  0
LINE
  5
1635
330
70
100
AcDbEntity
  8
Visible
100
AcDbLine
 10
1043.329855
 20
466.168852
 30
0.0
 11
1043.329855
 21
495.168852
 31
0.0
  0
LINE
  5
1636
330
70
100
AcDbEntity
  8
Visible
100
AcDbLine
 10
1037.329855
 20
466.168852
 30
0.0
 11
1043.329855
 21
466.168852
 31
0.0
  0
LINE
  5
1637
330
70
100
AcDbEntity
  8
Visible
100
AcDbLine
 10
1037.329855
 20
437.168852
 30
0.0
 11
1037.329855
 21
466.168852
 31
0.0
  0
LINE
  5
1638
330
70
100
AcDbEntity
  8
Visible
100
AcDbLine
 10
1043.329855
 20
437.168852
 30
0.0
 11
1037.329855
 21
437.168852
 31
0.0
  0
LINE
  5
1639
330
70
100
AcDbEntity
  8
Visible
100
AcDbLine
 10
1043.329855
 20
408.168852
 30
0.0
 11
1043.329855
 21
437.168852
 31
0.0
  0
LINE
  5
163A
330
70
100
AcDbEntity
  8
Visible
100
AcDbLine
 10
1037.329855
 20
408.168852
 30
0.0
 11
1043.329855
 21
408.168852
 31
0.0
  0
LINE
  5
163B
330
70
100
AcDbEntity
  8
Visible
100
AcDbLine
 10
1037.329855
 20
379.168852
 30
0.0
 11
1037.329855
 21
408.168852
 31
0.0
  0
LINE
  5
163C
330
70
100
AcDbEntity
  8
Visible
100
AcDbLine
 10
1043.329855
 20
379.168852
 30
0.0
 11
1037.329855
 21
379.168852
 31
0.0
  0
LINE
  5
163D
330
70
100
AcDbEntity
  8
Visible
100
AcDbLine
 10
1043.329855
 20
350.168852
 30
0.0
 11
1043.329855
 21
379.168852
 31
0.0
  0
LINE
  5
163E
330
70
100
AcDbEntity
  8
Visible
100
AcDbLine
 10
1037.329855
 20
350.168852
 30
0.0
 11
1043.329855
 21
350.168852
 31
0.0
  0
LINE
  5
163F
330
70
100
AcDbEntity
  8
Visible
100
AcDbLine
 10
1037.329855
 20
321.168852
 30
0.0
 11
1037.329855
 21
350.168852
 31
0.0
  0
LINE
  5
1640
330
70
100
AcDbEntity
  8
Visible
100
AcDbLine
 10
1043.329855
 20
321.168852
 30
0.0
 11
1037.329855
 21
321.168852
 31
0.0
  0
LINE
  5
1641
330
70
100
AcDbEntity
  8
Visible
100
AcDbLine
 10
1043.329855
 20
292.168852
 30
0.0
 11
1043.329855
 21
321.168852
 31
0.0
  0
LINE
  5
1642
330
70
100
AcDbEntity
  8
Visible
100
AcDbLine
 10
1037.329855
 20
292.168852
 30
0.0
 11
1043.329855
 21
292.168852
 31
0.0
  0
LINE
  5
1643
330
70
100
AcDbEntity
  8
Visible
100
AcDbLine
 10
1037.329855
 20
263.168852
 30
0.0
 11
1037.329855
 21
292.168852
 31
0.0
  0
LINE
  5
1644
330
70
100
AcDbEntity
  8
Visible
100
AcDbLine
 10
1043.329855
 20
263.168852
 30
0.0
 11
1037.329855
 21
263.168852
 31
0.0
  0
LINE
  5
1645
330
70
100
AcDbEntity
  8
Visible
100
AcDbLine
 10
1043.329855
 20
234.168852
 30
0.0
 11
1043.329855
 21
263.168852
 31
0.0
  0
LINE
  5
1646
330
70
100
AcDbEntity
  8
Visible
100
AcDbLine
 10
1037.329855
 20
234.168852
 30
0.0
 11
1043.329855
 21
234.168852
 31
0.0
  0
LINE
  5
1647
330
70
100
AcDbEntity
  8
Visible
100
AcDbLine
 10
1037.329855
 20
205.168852
 30
0.0
 11
1037.329855
 21
234.168852
 31
0.0
  0
LINE
  5
1648
330
70
100
AcDbEntity
  8
Visible
100
AcDbLine
 10
1043.329855
 20
205.168852
 30
0.0
 11
1037.329855
 21
205.168852
 31
0.0
  0
LINE
  5
1649
330
70
100
AcDbEntity
  8
Visible
100
AcDbLine
 10
1043.329855
 20
176.168852
 30
0.0
 11
1043.329855
 21
205.168852
 31
0.0
  0
LINE
  5
164A
330
70
100
AcDbEntity
  8
Visible
100
AcDbLine
 10
1037.329855
 20
176.168852
 30
0.0
 11
1043.329855
 21
176.168852
 31
0.0
  0
LINE
  5
164B
330
70
100
AcDbEntity
  8
Visible
100
AcDbLine
 10
1037.329855
 20
147.168852
 30
0.0
 11
1037.329855
 21
176.168852
 31
0.0
  0
LINE
  5
164C
330
70
100
AcDbEntity
  8
Visible
100
AcDbLine
 10
1043.329855
 20
147.168852
 30
0.0
 11
1037.329855
 21
147.168852
 31
0.0
  0
LINE
  5
164D
330
70
100
AcDbEntity
  8
Visible
100
AcDbLine
 10
1043.329855
 20
118.168852
 30
0.0
 11
1043.329855
 21
147.168852
 31
0.0
  0
LINE
  5
164E
330
70
100
AcDbEntity
  8
Visible
100
AcDbLine
 10
1037.329855
 20
118.168852
 30
0.0
 11
1043.329855
 21
118.168852
 31
0.0
  0
LINE
  5
164F
330
70
100
AcDbEntity
  8
Visible
100
AcDbLine
 10
1037.329855
 20
93.668852
 30
0.0
 11
1037.329855
 21
118.168852
 31
0.0
  0
LINE
  5
1650
330
70
100
AcDbEntity
  8
Visible
100
AcDbLine
 10
1002.829855
 20
93.668852
 30
0.0
 11
1037.329855
 21
93.668852
 31
0.0
  0
LINE
  5
1651
330
70
100
AcDbEntity
  8
Visible
100
AcDbLine
 10
1002.829855
 20
99.668852
 30
0.0
 11
1002.829855
 21
93.668852
 31
0.0
  0
LINE
  5
1652
330
70
100
AcDbEntity
  8
Visible
100
AcDbLine
 10
973.829855
 20
99.668852
 30
0.0
 11
1002.829855
 21
99.668852
 31
0.0
  0
LINE
  5
1653
330
70
100
AcDbEntity
  8
Visible
100
AcDbLine
 10
973.829855
 20
93.668852
 30
0.0
 11
973.829855
 21
99.668852
 31
0.0
  0
LINE
  5
1654
330
70
100
AcDbEntity
  8
Visible
100
AcDbLine
 10
944.829855
 20
93.668852
 30
0.0
 11
973.829855
 21
93.668852
 31
0.0
  0
LINE
  5
1655
330
70
100
AcDbEntity
  8
Visible
100
AcDbLine
 10
944.829855
 20
99.668852
 30
0.0
 11
944.829855
 21
93.668852
 31
0.0
  0
LINE
  5
1656
330
70
100
AcDbEntity
  8
Visible
100
AcDbLine
 10
915.829855
 20
99.668852
 30
0.0
 11
944.829855
 21
99.668852
 31
0.0
  0
LINE
  5
1657
330
70
100
AcDbEntity
  8
Visible
100
AcDbLine
 10
915.829855
 20
93.668852
 30
0.0
 11
915.829855
 21
99.668852
 31
0.0
  0
LINE
  5
1658
330
70
100
AcDbEntity
  8
Visible
100
AcDbLine
 10
886.829855
 20
93.668852
 30
0.0
 11
915.829855
 21
93.668852
 31
0.0
  0
LINE
  5
1659
330
70
100
AcDbEntity
  8
Visible
100
AcDbLine
 10
886.829855
 20
99.668852
 30
0.0
 11
886.829855
 21
93.668852
 31
0.0
  0
LINE
  5
165A
330
70
100
AcDbEntity
  8
Visible
100
AcDbLine
 10
857.829855
 20
99.668852
 30
0.0
 11
886.829855
 21
99.668852
 31
0.0
  0
LINE
  5
165B
330
70
100
AcDbEntity
  8
Visible
100
AcDbLine
 10
857.829855
 20
93.668852
 30
0.0
 11
857.829855
 21
99.668852
 31
0.0
  0
LINE
  5
165C
330
70
100
AcDbEntity
  8
Visible
100
AcDbLine
 10
828.829855
 20
93.668852
 30
0.0
 11
857.829855
 21
93.668852
 31
0.0
  0
LINE
  5
165D
330
70
100
AcDbEntity
  8
Visible
100
AcDbLine
 10
828.829855
 20
99.668852
 30
0.0
 11
828.829855
 21
93.668852
 31
0.0
  0
LINE
  5
165E
330
70
100
AcDbEntity
  8
Visible
100
AcDbLine
 10
799.829855
 20
99.668852
 30
0.0
 11
828.829855
 21
99.668852
 31
0.0
  0
LINE
  5
165F
330
70
100
AcDbEntity
  8
Visible
100
AcDbLine
 10
799.829855
 20
93.668852
 30
0.0
 11
799.829855
 21
99.668852
 31
0.0
  0
LINE
  5
1660
330
70
100
AcDbEntity
  8
Visible
100
AcDbLine
 10
770.829855
 20
93.668852
 30
0.0
 11
799.829855
 21
93.668852
 31
0.0
  0
LINE
  5
1661
330
70
100
AcDbEntity
  8
Visible
100
AcDbLine
 10
770.829855
 20
99.668852
 30
0.0
 11
770.829855
 21
93.668852
 31
0.0
  0
LINE
  5
1662
330
70
100
AcDbEntity
  8
Visible
100
AcDbLine
 10
741.829855
 20
99.668852
 30
0.0
 11
770.829855
 21
99.668852
 31
0.0
  0
LINE
  5
1663
330
70
100
AcDbEntity
  8
Visible
100
AcDbLine
 10
741.829855
 20
93.668852
 30
0.0
 11
741.829855
 21
99.668852
 31
0.0
  0
LINE
  5
1664
330
70
100
AcDbEntity
  8
Visible
100
AcDbLine
 10
712.829855
 20
93.668852
 30
0.0
 11
741.829855
 21
93.668852
 31
0.0
  0
LINE
  5
1665
330
70
100
AcDbEntity
  8
Visible
100
AcDbLine
 10
712.829855
 20
99.668852
 30
0.0
 11
712.829855
 21
93.668852
 31
0.0
  0
LINE
  5
1666
330
70
100
AcDbEntity
  8
Visible
100
AcDbLine
 10
683.829855
 20
99.668852
 30
0.0
 11
712.829855
 21
99.668852
 31
0.0
  0
LINE
  5
1667
330
70
100
AcDbEntity
  8
Visible
100
AcDbLine
 10
683.829855
 20
93.668852
 30
0.0
 11
683.829855
 21
99.668852
 31
0.0
  0
LINE
  5
1668
330
70
100
AcDbEntity
  8
Visible
100
AcDbLine
 10
649.329855
 20
93.668852
 30
0.0
 11
683.829855
 21
93.668852
 31
0.0
  0
LINE
  5
1669
330
70
100
AcDbEntity
  8
Visible
100
AcDbLine
 10
649.329855
 20
118.168852
 30
0.0
 11
649.329855
 21
93.668852
 31
0.0
  0
LINE
  5
166A
330
70
100
AcDbEntity
  8
Visible
100
AcDbLine
 10
643.329855
 20
118.168852
 30
0.0
 11
649.329855
 21
118.168852
 31
0.0
  0
LINE
  5
166B
330
70
100
AcDbEntity
  8
Visible
100
AcDbLine
 10
643.329855
 20
147.168852
 30
0.0
 11
643.329855
 21
118.168852
 31
0.0
  0
LINE
  5
166C
330
70
100
AcDbEntity
  8
Visible
100
AcDbLine
 10
649.329855
 20
147.168852
 30
0.0
 11
643.329855
 21
147.168852
 31
0.0
  0
LINE
  5
166D
330
70
100
AcDbEntity
  8
Visible
100
AcDbLine
 10
649.329855
 20
176.168852
 30
0.0
 11
649.329855
 21
147.168852
 31
0.0
  0
LINE
  5
166E
330
70
100
AcDbEntity
  8
Visible
100
AcDbLine
 10
643.329855
 20
176.168852
 30
0.0
 11
649.329855
 21
176.168852
 31
0.0
  0
LINE
  5
166F
330
70
100
AcDbEntity
  8
Visible
100
AcDbLine
 10
643.329855
 20
205.168852
 30
0.0
 11
643.329855
 21
176.168852
 31
0.0
  0
LINE
  5
1670
330
70
100
AcDbEntity
  8
Visible
100
AcDbLine
 10
649.329855
 20
205.168852
 30
0.0
 11
643.329855
 21
205.168852
 31
0.0
  0
LINE
  5
1671
330
70
100
AcDbEntity
  8
Visible
100
AcDbLine
 10
649.329855
 20
234.168852
 30
0.0
 11
649.329855
 21
205.168852
 31
0.0
  0
LINE
  5
1672
330
70
100
AcDbEntity
  8
Visible
100
AcDbLine
 10
643.329855
 20
234.168852
 30
0.0
 11
649.329855
 21
234.168852
 31
0.0
  0
LINE
  5
1673
330
70
100
AcDbEntity
  8
Visible
100
AcDbLine
 10
643.329855
 20
263.168852
 30
0.0
 11
643.329855
 21
234.168852
 31
0.0
  0
LINE
  5
1674
330
70
100
AcDbEntity
  8
Visible
100
AcDbLine
 10
649.329855
 20
263.168852
 30
0.0
 11
643.329855
 21
263.168852
 31
0.0
  0
LINE
  5
1675
330
70
100
AcDbEntity
  8
Visible
100
AcDbLine
 10
649.329855
 20
292.168852
 30
0.0
 11
649.329855
 21
263.168852
 31
0.0
  0
LINE
  5
1676
330
70
100
AcDbEntity
  8
Visible
100
AcDbLine
 10
643.329855
 20
292.168852
 30
0.0
 11
649.329855
 21
292.168852
 31
0.0
  0
LINE
  5
1677
330
70
100
AcDbEntity
  8
Visible
100
AcDbLine
 10
643.329855
 20
321.168852
 30
0.0
 11
643.329855
 21
292.168852
 31
0.0
  0
LINE
  5
1678
330
70
100
AcDbEntity
  8
Visible
100
AcDbLine
 10
649.329855
 20
321.168852
 30
0.0
 11
643.329855
 21
321.168852
 31
0.0
  0
LINE
  5
1679
330
70
100
AcDbEntity
  8
Visible
100
AcDbLine
 10
649.329855
 20
350.168852
 30
0.0
 11
649.329855
 21
321.168852
 31
0.0
  0
LINE
  5
167A
330
70
100
AcDbEntity
  8
Visible
100
AcDbLine
 10
643.329855
 20
350.168852
 30
0.0
 11
649.329855
 21
350.168852
 31
0.0
  0
LINE
  5
167B
330
70
100
AcDbEntity
  8
Visible
100
AcDbLine
 10
643.329855
 20
379.168852
 30
0.0
 11
643.329855
 21
350.168852
 31
0.0
  0
LINE
  5
167C
330
70
100
AcDbEntity
  8
Visible
100
AcDbLine
 10
649.329855
 20
379.168852
 30
0.0
 11
643.329855
 21
379.168852
 31
0.0
  0
LINE
  5
167D
330
70
100
AcDbEntity
  8
Visible
100
AcDbLine
 10
649.329855
 20
408.168852
 30
0.0
 11
649.329855
 21
379.168852
 31
0.0
  0
LINE
  5
167E
330
70
100
AcDbEntity
  8
Visible
100
AcDbLine
 10
643.329855
 20
408.168852
 30
0.0
 11
649.329855
 21
408.168852
 31
0.0
  0
LINE
  5
167F
330
70
100
AcDbEntity
  8
Visible
100
AcDbLine
 10
643.329855
 20
437.168852
 30
0.0
 11
643.329855
 21
408.168852
 31
0.0
  0
LINE
  5
1680
330
70
100
AcDbEntity
  8
Visible
100
AcDbLine
 10
649.329855
 20
437.168852
 30
0.0
 11
643.329855
 21
437.168852
 31
0.0
  0
LINE
  5
1681
330
70
100
AcDbEntity
  8
Visible
100
AcDbLine
 10
649.329855
 20
466.168852
 30
0.0
 11
649.329855
 21
437.168852
 31
0.0
  0
LINE
  5
1682
330
70
100
AcDbEntity
  8
Visible
100
AcDbLine
 10
643.329855
 20
466.168852
 30
0.0
 11
649.329855
 21
466.168852
 31
0.0
  0
LINE
  5
1683
330
70
100
AcDbEntity
  8
Visible
100
AcDbLine
 10
643.329855
 20
495.168852
 30
0.0
 11
643.329855
 21
466.168852
 31
0.0
  0
LINE
  5
1684
330
70
100
AcDbEntity
  8
Visible
100
AcDbLine
 10
649.329855
 20
495.168852
 30
0.0
 11
643.329855
 21
495.168852
 31
0.0
  0
LINE
  5
1685
330
70
100
AcDbEntity
  8
Visible
100
AcDbLine
 10
649.329855
 20
524.168852
 30
0.0
 11
649.329855
 21
495.168852
 31
0.0
  0
LINE
  5
1686
330
70
100
AcDbEntity
  8
Visible
100
AcDbLine
 10
643.329855
 20
524.168852
 30
0.0
 11
649.329855
 21
524.168852
 31
0.0
  0
LINE
  5
1687
330
70
100
AcDbEntity
  8
Visible
100
AcDbLine
 10
643.329855
 20
553.168852
 30
0.0
 11
643.329855
 21
524.168852
 31
0.0
  0
LINE
  5
1688
330
70
100
AcDbEntity
  8
Visible
100
AcDbLine
 10
649.329855
 20
553.168852
 30
0.0
 11
643.329855
 21
553.168852
 31
0.0
  0
LINE
  5
1689
330
70
100
AcDbEntity
  8
Visible
100
AcDbLine
 10
649.329855
 20
582.168852
 30
0.0
 11
649.329855
 21
553.168852
 31
0.0
  0
LINE
  5
168A
330
70
100
AcDbEntity
  8
Visible
100
AcDbLine
 10
643.329855
 20
582.168852
 30
0.0
 11
649.329855
 21
582.168852
 31
0.0
  0
LINE
  5
168B
330
70
100
AcDbEntity
  8
Visible
100
AcDbLine
 10
643.329855
 20
611.168852
 30
0.0
 11
643.329855
 21
582.168852
 31
0.0
  0
LINE
  5
168C
330
70
100
AcDbEntity
  8
Visible
100
AcDbLine
 10
649.329855
 20
611.168852
 30
0.0
 11
643.329855
 21
611.168852
 31
0.0
  0
LINE
  5
168D
330
70
100
AcDbEntity
  8
Visible
100
AcDbLine
 10
649.329855
 20
640.168852
 30
0.0
 11
649.329855
 21
611.168852
 31
0.0
  0
LINE
  5
168E
330
70
100
AcDbEntity
  8
Visible
100
AcDbLine
 10
643.329855
 20
640.168852
 30
0.0
 11
649.329855
 21
640.168852
 31
0.0
  0
LINE
  5
168F
330
70
100
AcDbEntity
  8
Visible
100
AcDbLine
 10
643.329855
 20
669.168852
 30
0.0
 11
643.329855
 21
640.168852
 31
0.0
  0
LINE
  5
1690
330
70
100
AcDbEntity
  8
Visible
100
AcDbLine
 10
649.329855
 20
669.168852
 30
0.0
 11
643.329855
 21
669.168852
 31
0.0
  0
LINE
  5
1691
330
70
100
AcDbEntity
  8
Visible
100
AcDbLine
 10
649.329855
 20
693.668852
 30
0.0
 11
649.329855
 21
669.168852
 31
0.0
  0
LINE
  5
1692
330
70
100
AcDbEntity
  8
Visible
100
AcDbLine
 10
683.829855
 20
693.668852
 30
0.0
 11
649.329855
 21
693.668852
 31
0.0
  0
LINE
  5
1693
330
70
100
AcDbEntity
  8
Visible
100
AcDbLine
 10
683.829855
 20
687.668852
 30
0.0
 11
683.829855
 21
693.668852
 31
0.0
  0
LINE
  5
1694
330
70
100
AcDbEntity
  8
Visible
100
AcDbLine
 10
712.829855
 20
687.668852
 30
0.0
 11
683.829855
 21
687.668852
 31
0.0
  0
LINE
  5
1695
330
70
100
AcDbEntity
  8
Visible
100
AcDbLine
 10
712.829855
 20
693.668852
 30
0.0
 11
712.829855
 21
687.668852
 31
0.0
  0
LINE
  5
1696
330
70
100
AcDbEntity
  8
Visible
100
AcDbLine
 10
741.829855
 20
693.668852
 30
0.0
 11
712.829855
 21
693.668852
 31
0.0
  0
LINE
  5
1697
330
70
100
AcDbEntity
  8
Visible
100
AcDbLine
 10
741.829855
 20
687.668852
 30
0.0
 11
741.829855
 21
693.668852
 31
0.0
  0
LINE
  5
1698
330
70
100
AcDbEntity
  8
Visible
100
AcDbLine
 10
770.829855
 20
687.668852
 30
0.0
 11
741.829855
 21
687.668852
 31
0.0
  0
LINE
  5
1699
330
70
100
AcDbEntity
  8
Visible
100
AcDbLine
 10
770.829855
 20
693.668852
 30
0.0
 11
770.829855
 21
687.668852
 31
0.0
  0
LINE
  5
169A
330
70
100
AcDbEntity
  8
Visible
100
AcDbLine
 10
799.829855
 20
693.668852
 30
0.0
 11
770.829855
 21
693.668852
 31
0.0
  0
LINE
  5
169B
330
70
100
AcDbEntity
  8
Visible
100
AcDbLine
 10
799.829855
 20
687.668852
 30
0.0
 11
799.829855
 21
693.668852
 31
0.0
  0
LINE
  5
169C
330
70
100
AcDbEntity
  8
Visible
100
AcDbLine
 10
828.829855
 20
687.668852
 30
0.0
 11
799.829855
 21
687.668852
 31
0.0
  0
LINE
  5
169D
330
70
100
AcDbEntity
  8
Visible
100
AcDbLine
 10
828.829855
 20
693.668852
 30
0.0
 11
828.829855
 21
687.668852
 31
0.0
  0
LINE
  5
169E
330
70
100
AcDbEntity
  8
Visible
100
AcDbLine
 10
857.829855
 20
693.668852
 30
0.0
 11
828.829855
 21
693.668852
 31
0.0
  0
LINE
  5
169F
330
70
100
AcDbEntity
  8
Visible
100
AcDbLine
 10
857.829855
 20
687.668852
 30
0.0
 11
857.829855
 21
693.668852
 31
0.0
  0
LINE
  5
16A0
330
70
100
AcDbEntity
  8
Visible
100
AcDbLine
 10
886.829855
 20
687.668852
 30
0.0
 11
857.829855
 21
687.668852
 31
0.0
  0
LINE
  5
16A1
330
70
100
AcDbEntity
  8
Visible
100
AcDbLine
 10
886.829855
 20
693.668852
 30
0.0
 11
886.829855
 21
687.668852
 31
0.0
  0
LINE
  5
16A2
330
70
100
AcDbEntity
  8
Visible
100
AcDbLine
 10
915.829855
 20
693.668852
 30
0.0
 11
886.829855
 21
693.668852
 31
0.0
  0
LINE
  5
16A3
330
70
100
AcDbEntity
  8
Visible
100
AcDbLine
 10
915.829855
 20
687.668852
 30
0.0
 11
915.829855
 21
693.668852
 31
0.0
  0
LINE
  5
16A4
330
70
100
AcDbEntity
  8
Visible
100
AcDbLine
 10
944.829855
 20
687.668852
 30
0.0
 11
915.829855
 21
687.668852
 31
0.0
  0
LINE
  5
16A5
330
70
100
AcDbEntity
  8
Visible
100
AcDbLine
 10
944.829855
 20
693.668852
 30
0.0
 11
944.829855
 21
687.668852
 31
0.0
  0
LINE
  5
16A6
330
70
100
AcDbEntity
  8
Visible
100
AcDbLine
 10
973.829855
 20
693.668852
 30
0.0
 11
944.829855
 21
693.668852
 31
0.0
  0
LINE
  5
16A7
330
70
100
AcDbEntity
  8
Visible
100
AcDbLine
 10
973.829855
 20
687.668852
 30
0.0
 11
973.829855
 21
693.668852
 31
0.0
  0
LINE
  5
16A8
330
70
100
AcDbEntity
  8
Visible
100
AcDbLine
 10
1002.829855
 20
687.668852
 30
0.0
 11
973.829855
 21
687.668852
 31
0.0
  0
LINE
  5
16A9
330
70
100
AcDbEntity
  8
Visible
100
AcDbLine
 10
1002.829855
 20
693.668852
 30
0.0
 11
1002.829855
 21
687.668852
 31
0.0
  0
LINE
  5
16AA
330
70
100
AcDbEntity
  8
Visible
100
AcDbLine
 10
1037.329855
 20
693.668852
 30
0.0
 11
1002.829855
 21
693.668852
 31
0.0
  0
LINE
  5
16AB
330
70
100
AcDbEntity
  8
Visible
100
AcDbLine
 10
1037.329855
 20
669.168852
 30
0.0
 11
1037.329855
 21
693.668852
 31
0.0
  0
CIRCLE
  5
16AC
330
70
100
AcDbEntity
  8
Visible
100
AcDbCircle
 10
-843.329867
 20
1299.668821
 30
0.0
 40
11.50000000000005
210
0.0
220
0.0
230
-1.0
  0
LINE
  5
16AD
330
70
100
AcDbEntity
  8
Visible
100
AcDbLine
 10
1037.329855
 20
1493.668852
 30
0.0
 11
1002.829855
 21
1493.668852
 31
0.0
  0
LINE
  5
16AE
330
70
100
AcDbEntity
  8
Visible
100
AcDbLine
 10
1037.329855
 20
1459.168852
 30
0.0
 11
1037.329855
 21
1493.668852
 31
0.0
  0
LINE
  5
16AF
330
70
100
AcDbEntity
  8
Visible
100
AcDbLine
 10
1043.329855
 20
1459.168852
 30
0.0
 11
1037.329855
 21
1459.168852
 31
0.0
  0
LINE
  5
16B0
330
70
100
AcDbEntity
  8
Visible
100
AcDbLine
 10
1043.329855
 20
1430.168852
 30
0.0
 11
1043.329855
 21
1459.168852
 31
0.0
  0
LINE
  5
16B1
330
70
100
AcDbEntity
  8
Visible
100
AcDbLine
 10
1037.329855
 20
1430.168852
 30
0.0
 11
1043.329855
 21
1430.168852
 31
0.0
  0
LINE
  5
16B2
330
70
100
AcDbEntity
  8
Visible
100
AcDbLine
 10
1037.329855
 20
1401.168852
 30
0.0
 11
1037.329855
 21
1430.168852
 31
0.0
  0
LINE
  5
16B3
330
70
100
AcDbEntity
  8
Visible
100
AcDbLine
 10
1043.329855
 20
1401.168852
 30
0.0
 11
1037.329855
 21
1401.168852
 31
0.0
  0
LINE
  5
16B4
330
70
100
AcDbEntity
  8
Visible
100
AcDbLine
 10
1043.329855
 20
1372.168852
 30
0.0
 11
1043.329855
 21
1401.168852
 31
0.0
  0
LINE
  5
16B5
330
70
100
AcDbEntity
  8
Visible
100
AcDbLine
 10
1037.329855
 20
1372.168852
 30
0.0
 11
1043.329855
 21
1372.168852
 31
0.0
  0
LINE
  5
16B6
330
70
100
AcDbEntity
  8
Visible
100
AcDbLine
 10
1037.329855
 20
1343.168852
 30
0.0
 11
1037.329855
 21
1372.168852
 31
0.0
  0
LINE
  5
16B7
330
70
100
AcDbEntity
  8
Visible
100
AcDbLine
 10
1043.329855
 20
1343.168852
 30
0.0
 11
1037.329855
 21
1343.168852
 31
0.0
  0
LINE
  5
16B8
330
70
100
AcDbEntity
  8
Visible
100
AcDbLine
 10
1043.329855
 20
1314.168852
 30
0.0
 11
1043.329855
 21
1343.168852
 31
0.0
  0
LINE
  5
16B9
330
70
100
AcDbEntity
  8
Visible
100
AcDbLine
 10
1037.329855
 20
1314.168852
 30
0.0
 11
1043.329855
 21
1314.168852
 31
0.0
  0
LINE
  5
16BA
330
70
100
AcDbEntity
  8
Visible
100
AcDbLine
 10
1037.329855
 20
1285.168852
 30
0.0
 11
1037.329855
 21
1314.168852
 31
0.0
  0
LINE
  5
16BB
330
70
100
AcDbEntity
  8
Visible
100
AcDbLine
 10
1043.329855
 20
1285.168852
 30
0.0
 11
1037.329855
 21
1285.168852
 31
0.0
  0
LINE
  5
16BC
330
70
100
AcDbEntity
  8
Visible
100
AcDbLine
 10
1043.329855
 20
1256.168852
 30
0.0
 11
1043.329855
 21
1285.168852
 31
0.0
  0
LINE
  5
16BD
330
70
100
AcDbEntity
  8
Visible
100
AcDbLine
 10
1037.329855
 20
1256.168852
 30
0.0
 11
1043.329855
 21
1256.168852
 31
0.0
  0
LINE
  5
16BE
330
70
100
AcDbEntity
  8
Visible
100
AcDbLine
 10
1037.329855
 20
1227.168852
 30
0.0
 11
1037.329855
 21
1256.168852
 31
0.0
  0
LINE
  5
16BF
330
70
100
AcDbEntity
  8
Visible
100
AcDbLine
 10
1043.329855
 20
1227.168852
 30
0.0
 11
1037.329855
 21
1227.168852
 31
0.0
  0
LINE
  5
16C0
330
70
100
AcDbEntity
  8
Visible
100
AcDbLine
 10
1043.329855
 20
1198.168852
 30
0.0
 11
1043.329855
 21
1227.168852
 31
0.0
  0
LINE
  5
16C1
330
70
100
AcDbEntity
  8
Visible
100
AcDbLine
 10
1037.329855
 20
1198.168852
 30
0.0
 11
1043.329855
 21
1198.168852
 31
0.0
  0
LINE
  5
16C2
330
70
100
AcDbEntity
  8
Visible
100
AcDbLine
 10
1037.329855
 20
1169.168852
 30
0.0
 11
1037.329855
 21
1198.168852
 31
0.0
  0
LINE
  5
16C3
330
70
100
AcDbEntity
  8
Visible
100
AcDbLine
 10
1043.329855
 20
1169.168852
 30
0.0
 11
1037.329855
 21
1169.168852
 31
0.0
  0
LINE
  5
16C4
330
70
100
AcDbEntity
  8
Visible
100
AcDbLine
 10
1043.329855
 20
1140.168852
 30
0.0
 11
1043.329855
 21
1169.168852
 31
0.0
  0
LINE
  5
16C5
330
70
100
AcDbEntity
  8
Visible
100
AcDbLine
 10
1037.329855
 20
1140.168852
 30
0.0
 11
1043.329855
 21
1140.168852
 31
0.0
  0
LINE
  5
16C6
330
70
100
AcDbEntity
  8
Visible
100
AcDbLine
 10
1037.329855
 20
1105.668852
 30
0.0
 11
1037.329855
 21
1140.168852
 31
0.0
  0
LINE
  5
16C7
330
70
100
AcDbEntity
  8
Visible
100
AcDbLine
 10
1002.829855
 20
1105.668852
 30
0.0
 11
1037.329855
 21
1105.668852
 31
0.0
  0
LINE
  5
16C8
330
70
100
AcDbEntity
  8
Visible
100
AcDbLine
 10
1002.829855
 20
1099.668852
 30
0.0
 11
1002.829855
 21
1105.668852
 31
0.0
  0
LINE
  5
16C9
330
70
100
AcDbEntity
  8
Visible
100
AcDbLine
 10
973.829855
 20
1099.668852
 30
0.0
 11
1002.829855
 21
1099.668852
 31
0.0
  0
LINE
  5
16CA
330
70
100
AcDbEntity
  8
Visible
100
AcDbLine
 10
973.829855
 20
1105.668852
 30
0.0
 11
973.829855
 21
1099.668852
 31
0.0
  0
LINE
  5
16CB
330
70
100
AcDbEntity
  8
Visible
100
AcDbLine
 10
944.829855
 20
1105.668852
 30
0.0
 11
973.829855
 21
1105.668852
 31
0.0
  0
LINE
  5
16CC
330
70
100
AcDbEntity
  8
Visible
100
AcDbLine
 10
944.829855
 20
1099.668852
 30
0.0
 11
944.829855
 21
1105.668852
 31
0.0
  0
LINE
  5
16CD
330
70
100
AcDbEntity
  8
Visible
100
AcDbLine
 10
915.829855
 20
1099.668852
 30
0.0
 11
944.829855
 21
1099.668852
 31
0.0
  0
LINE
  5
16CE
330
70
100
AcDbEntity
  8
Visible
100
AcDbLine
 10
915.829855
 20
1105.668852
 30
0.0
 11
915.829855
 21
1099.668852
 31
0.0
  0
LINE
  5
16CF
330
70
100
AcDbEntity
  8
Visible
100
AcDbLine
 10
886.829855
 20
1105.668852
 30
0.0
 11
915.829855
 21
1105.668852
 31
0.0
  0
LINE
  5
16D0
330
70
100
AcDbEntity
  8
Visible
100
AcDbLine
 10
886.829855
 20
1099.668852
 30
0.0
 11
886.829855
 21
1105.668852
 31
0.0
  0
LINE
  5
16D1
330
70
100
AcDbEntity
  8
Visible
100
AcDbLine
 10
857.829855
 20
1099.668852
 30
0.0
 11
886.829855
 21
1099.668852
 31
0.0
  0
LINE
  5
16D2
330
70
100
AcDbEntity
  8
Visible
100
AcDbLine
 10
857.829855
 20
1105.668852
 30
0.0
 11
857.829855
 21
1099.668852
 31
0.0
  0
LINE
  5
16D3
330
70
100
AcDbEntity
  8
Visible
100
AcDbLine
 10
828.829855
 20
1105.668852
 30
0.0
 11
857.829855
 21
1105.668852
 31
0.0
  0
LINE
  5
16D4
330
70
100
AcDbEntity
  8
Visible
100
AcDbLine
 10
828.829855
 20
1099.668852
 30
0.0
 11
828.829855
 21
1105.668852
 31
0.0
  0
LINE
  5
16D5
330
70
100
AcDbEntity
  8
Visible
100
AcDbLine
 10
799.829855
 20
1099.668852
 30
0.0
 11
828.829855
 21
1099.668852
 31
0.0
  0
LINE
  5
16D6
330
70
100
AcDbEntity
  8
Visible
100
AcDbLine
 10
799.829855
 20
1105.668852
 30
0.0
 11
799.829855
 21
1099.668852
 31
0.0
  0
LINE
  5
16D7
330
70
100
AcDbEntity
  8
Visible
100
AcDbLine
 10
770.829855
 20
1105.668852
 30
0.0
 11
799.829855
 21
1105.668852
 31
0.0
  0
LINE
  5
16D8
330
70
100
AcDbEntity
  8
Visible
100
AcDbLine
 10
770.829855
 20
1099.668852
 30
0.0
 11
770.829855
 21
1105.668852
 31
0.0
  0
LINE
  5
16D9
330
70
100
AcDbEntity
  8
Visible
100
AcDbLine
 10
741.829855
 20
1099.668852
 30
0.0
 11
770.829855
 21
1099.668852
 31
0.0
  0
LINE
  5
16DA
330
70
100
AcDbEntity
  8
Visible
100
AcDbLine
 10
741.829855
 20
1105.668852
 30
0.0
 11
741.829855
 21
1099.668852
 31
0.0
  0
LINE
  5
16DB
330
70
100
AcDbEntity
  8
Visible
100
AcDbLine
 10
712.829855
 20
1105.668852
 30
0.0
 11
741.829855
 21
1105.668852
 31
0.0
  0
LINE
  5
16DC
330
70
100
AcDbEntity
  8
Visible
100
AcDbLine
 10
712.829855
 20
1099.668852
 30
0.0
 11
712.829855
 21
1105.668852
 31
0.0
  0
LINE
  5
16DD
330
70
100
AcDbEntity
  8
Visible
100
AcDbLine
 10
683.829855
 20
1099.668852
 30
0.0
 11
712.829855
 21
1099.668852
 31
0.0
  0
LINE
  5
16DE
330
70
100
AcDbEntity
  8
Visible
100
AcDbLine
 10
683.829855
 20
1105.668852
 30
0.0
 11
683.829855
 21
1099.668852
 31
0.0
  0
LINE
  5
16DF
330
70
100
AcDbEntity
  8
Visible
100
AcDbLine
 10
649.329855
 20
1105.668852
 30
0.0
 11
683.829855
 21
1105.668852
 31
0.0
  0
LINE
  5
16E0
330
70
100
AcDbEntity
  8
Visible
100
AcDbLine
 10
649.329855
 20
1140.168852
 30
0.0
 11
649.329855
 21
1105.668852
 31
0.0
  0
LINE
  5
16E1
330
70
100
AcDbEntity
  8
Visible
100
AcDbLine
 10
643.329855
 20
1140.168852
 30
0.0
 11
649.329855
 21
1140.168852
 31
0.0
  0
LINE
  5
16E2
330
70
100
AcDbEntity
  8
Visible
100
AcDbLine
 10
643.329855
 20
1169.168852
 30
0.0
 11
643.329855
 21
1140.168852
 31
0.0
  0
LINE
  5
16E3
330
70
100
AcDbEntity
  8
Visible
100
AcDbLine
 10
649.329855
 20
1169.168852
 30
0.0
 11
643.329855
 21
1169.168852
 31
0.0
  0
LINE
  5
16E4
330
70
100
AcDbEntity
  8
Visible
100
AcDbLine
 10
649.329855
 20
1198.168852
 30
0.0
 11
649.329855
 21
1169.168852
 31
0.0
  0
LINE
  5
16E5
330
70
100
AcDbEntity
  8
Visible
100
AcDbLine
 10
643.329855
 20
1198.168852
 30
0.0
 11
649.329855
 21
1198.168852
 31
0.0
  0
LINE
  5
16E6
330
70
100
AcDbEntity
  8
Visible
100
AcDbLine
 10
643.329855
 20
1227.168852
 30
0.0
 11
643.329855
 21
1198.168852
 31
0.0
  0
LINE
  5
16E7
330
70
100
AcDbEntity
  8
Visible
100
AcDbLine
 10
649.329855
 20
1227.168852
 30
0.0
 11
643.329855
 21
1227.168852
 31
0.0
  0
LINE
  5
16E8
330
70
100
AcDbEntity
  8
Visible
100
AcDbLine
 10
649.329855
 20
1256.168852
 30
0.0
 11
649.329855
 21
1227.168852
 31
0.0
  0
LINE
  5
16E9
330
70
100
AcDbEntity
  8
Visible
100
AcDbLine
 10
643.329855
 20
1256.168852
 30
0.0
 11
649.329855
 21
1256.168852
 31
0.0
  0
LINE
  5
16EA
330
70
100
AcDbEntity
  8
Visible
100
AcDbLine
 10
643.329855
 20
1285.168852
 30
0.0
 11
643.329855
 21
1256.168852
 31
0.0
  0
LINE
  5
16EB
330
70
100
AcDbEntity
  8
Visible
100
AcDbLine
 10
649.329855
 20
1285.168852
 30
0.0
 11
643.329855
 21
1285.168852
 31
0.0
  0
LINE
  5
16EC
330
70
100
AcDbEntity
  8
Visible
100
AcDbLine
 10
649.329855
 20
1314.168852
 30
0.0
 11
649.329855
 21
1285.168852
 31
0.0
  0
LINE
  5
16ED
330
70
100
AcDbEntity
  8
Visible
100
AcDbLine
 10
643.329855
 20
1314.168852
 30
0.0
 11
649.329855
 21
1314.168852
 31
0.0
  0
LINE
  5
16EE
330
70
100
AcDbEntity
  8
Visible
100
AcDbLine
 10
643.329855
 20
1343.168852
 30
0.0
 11
643.329855
 21
1314.168852
 31
0.0
  0
LINE
  5
16EF
330
70
100
AcDbEntity
  8
Visible
100
AcDbLine
 10
649.329855
 20
1343.168852
 30
0.0
 11
643.329855
 21
1343.168852
 31
0.0
  0
LINE
  5
16F0
330
70
100
AcDbEntity
  8
Visible
100
AcDbLine
 10
649.329855
 20
1372.168852
 30
0.0
 11
649.329855
 21
1343.168852
 31
0.0
  0
LINE
  5
16F1
330
70
100
AcDbEntity
  8
Visible
100
AcDbLine
 10
643.329855
 20
1372.168852
 30
0.0
 11
649.329855
 21
1372.168852
 31
0.0
  0
LINE
  5
16F2
330
70
100
AcDbEntity
  8
Visible
100
AcDbLine
 10
643.329855
 20
1401.168852
 30
0.0
 11
643.329855
 21
1372.168852
 31
0.0
  0
LINE
  5
16F3
330
70
100
AcDbEntity
  8
Visible
100
AcDbLine
 10
649.329855
 20
1401.168852
 30
0.0
 11
643.329855
 21
1401.168852
 31
0.0
  0
LINE
  5
16F4
330
70
100
AcDbEntity
  8
Visible
100
AcDbLine
 10
649.329855
 20
1430.168852
 30
0.0
 11
649.329855
 21
1401.168852
 31
0.0
  0
LINE
  5
16F5
330
70
100
AcDbEntity
  8
Visible
100
AcDbLine
 10
643.329855
 20
1430.168852
 30
0.0
 11
649.329855
 21
1430.168852
 31
0.0
  0
LINE
  5
16F6
330
70
100
AcDbEntity
  8
Visible
100
AcDbLine
 10
643.329855
 20
1459.168852
 30
0.0
 11
643.329855
 21
1430.168852
 31
0.0
  0
LINE
  5
16F7
330
70
100
AcDbEntity
  8
Visible
100
AcDbLine
 10
649.329855
 20
1459.168852
 30
0.0
 11
643.329855
 21
1459.168852
 31
0.0
  0
LINE
  5
16F8
330
70
100
AcDbEntity
  8
Visible
100
AcDbLine
 10
649.329855
 20
1493.668852
 30
0.0
 11
649.329855
 21
1459.168852
 31
0.0
  0
LINE
  5
16F9
330
70
100
AcDbEntity
  8
Visible
100
AcDbLine
 10
683.829855
 20
1493.668852
 30
0.0
 11
649.329855
 21
1493.668852
 31
0.0
  0
LINE
  5
16FA
330
70
100
AcDbEntity
  8
Visible
100
AcDbLine
 10
683.829855
 20
1499.668852
 30
0.0
 11
683.829855
 21
1493.668852
 31
0.0
  0
LINE
  5
16FB
330
70
100
AcDbEntity
  8
Visible
100
AcDbLine
 10
712.829855
 20
1499.668852
 30
0.0
 11
683.829855
 21
1499.668852
 31
0.0
  0
LINE
  5
16FC
330
70
100
AcDbEntity
  8
Visible
100
AcDbLine
 10
712.829855
 20
1493.668852
 30
0.0
 11
712.829855
 21
1499.668852
 31
0.0
  0
LINE
  5
16FD
330
70
100
AcDbEntity
  8
Visible
100
AcDbLine
 10
741.829855
 20
1493.668852
 30
0.0
 11
712.829855
 21
1493.668852
 31
0.0
  0
LINE
  5
16FE
330
70
100
AcDbEntity
  8
Visible
100
AcDbLine
 10
741.829855
 20
1499.668852
 30
0.0
 11
741.829855
 21
1493.668852
 31
0.0
  0
LINE
  5
16FF
330
70
100
AcDbEntity
  8
Visible
100
AcDbLine
 10
770.829855
 20
1499.668852
 30
0.0
 11
741.829855
 21
1499.668852
 31
0.0
  0
LINE
  5
1700
330
70
100
AcDbEntity
  8
Visible
100
AcDbLine
 10
770.829855
 20
1493.668852
 30
0.0
 11
770.829855
 21
1499.668852
 31
0.0
  0
LINE
  5
1701
330
70
100
AcDbEntity
  8
Visible
100
AcDbLine
 10
799.829855
 20
1493.668852
 30
0.0
 11
770.829855
 21
1493.668852
 31
0.0
  0
LINE
  5
1702
330
70
100
AcDbEntity
  8
Visible
100
AcDbLine
 10
799.829855
 20
1499.668852
 30
0.0
 11
799.829855
 21
1493.668852
 31
0.0
  0
LINE
  5
1703
330
70
100
AcDbEntity
  8
Visible
100
AcDbLine
 10
828.829855
 20
1499.668852
 30
0.0
 11
799.829855
 21
1499.668852
 31
0.0
  0
LINE
  5
1704
330
70
100
AcDbEntity
  8
Visible
100
AcDbLine
 10
828.829855
 20
1493.668852
 30
0.0
 11
828.829855
 21
1499.668852
 31
0.0
  0
LINE
  5
1705
330
70
100
AcDbEntity
  8
Visible
100
AcDbLine
 10
857.829855
 20
1493.668852
 30
0.0
 11
828.829855
 21
1493.668852
 31
0.0
  0
LINE
  5
1706
330
70
100
AcDbEntity
  8
Visible
100
AcDbLine
 10
857.829855
 20
1499.668852
 30
0.0
 11
857.829855
 21
1493.668852
 31
0.0
  0
LINE
  5
1707
330
70
100
AcDbEntity
  8
Visible
100
AcDbLine
 10
886.829855
 20
1499.668852
 30
0.0
 11
857.829855
 21
1499.668852
 31
0.0
  0
LINE
  5
1708
330
70
100
AcDbEntity
  8
Visible
100
AcDbLine
 10
886.829855
 20
1493.668852
 30
0.0
 11
886.829855
 21
1499.668852
 31
0.0
  0
LINE
  5
1709
330
70
100
AcDbEntity
  8
Visible
100
AcDbLine
 10
915.829855
 20
1493.668852
 30
0.0
 11
886.829855
 21
1493.668852
 31
0.0
  0
LINE
  5
170A
330
70
100
AcDbEntity
  8
Visible
100
AcDbLine
 10
915.829855
 20
1499.668852
 30
0.0
 11
915.829855
 21
1493.668852
 31
0.0
  0
LINE
  5
170B
330
70
100
AcDbEntity
  8
Visible
100
AcDbLine
 10
944.829855
 20
1499.668852
 30
0.0
 11
915.829855
 21
1499.668852
 31
0.0
  0
LINE
  5
170C
330
70
100
AcDbEntity
  8
Visible
100
AcDbLine
 10
944.829855
 20
1493.668852
 30
0.0
 11
944.829855
 21
1499.668852
 31
0.0
  0
LINE
  5
170D
330
70
100
AcDbEntity
  8
Visible
100
AcDbLine
 10
973.829855
 20
1493.668852
 30
0.0
 11
944.829855
 21
1493.668852
 31
0.0
  0
LINE
  5
170E
330
70
100
AcDbEntity
  8
Visible
100
AcDbLine
 10
973.829855
 20
1499.668852
 30
0.0
 11
973.829855
 21
1493.668852
 31
0.0
  0
LINE
  5
170F
330
70
100
AcDbEntity
  8
Visible
100
AcDbLine
 10
1002.829855
 20
1499.668852
 30
0.0
 11
973.829855
 21
1499.668852
 31
0.0
  0
LINE
  5
1710
330
70
100
AcDbEntity
  8
Visible
100
AcDbLine
 10
1002.829855
 20
1493.668852
 30
0.0
 11
1002.829855
 21
1499.668852
 31
0.0
  0
LINE
  5
1711
330
70
100
AcDbEntity
  8
Visible
100
AcDbLine
 10
827.235855
 20
892.907852
 30
0.0
 11
827.094855
 21
892.902852
 31
0.0
  0
LINE
  5
1712
330
70
100
AcDbEntity
  8
Visible
100
AcDbLine
 10
827.370855
 20
892.916852
 30
0.0
 11
827.235855
 21
892.907852
 31
0.0
  0
LINE
  5
1713
330
70
100
AcDbEntity
  8
Visible
100
AcDbLine
 10
827.501855
 20
892.928852
 30
0.0
 11
827.370855
 21
892.916852
 31
0.0
  0
LINE
  5
1714
330
70
100
AcDbEntity
  8
Visible
100
AcDbLine
 10
827.627855
 20
892.943852
 30
0.0
 11
827.501855
 21
892.928852
 31
0.0
  0
LINE
  5
1715
330
70
100
AcDbEntity
  8
Visible
100
AcDbLine
 10
827.748855
 20
892.963852
 30
0.0
 11
827.627855
 21
892.943852
 31
0.0
  0
LINE
  5
1716
330
70
100
AcDbEntity
  8
Visible
100
AcDbLine
 10
827.865855
 20
892.985852
 30
0.0
 11
827.748855
 21
892.963852
 31
0.0
  0
LINE
  5
1717
330
70
100
AcDbEntity
  8
Visible
100
AcDbLine
 10
827.976855
 20
893.011852
 30
0.0
 11
827.865855
 21
892.985852
 31
0.0
  0
LINE
  5
1718
330
70
100
AcDbEntity
  8
Visible
100
AcDbLine
 10
828.083855
 20
893.041852
 30
0.0
 11
827.976855
 21
893.011852
 31
0.0
  0
LINE
  5
1719
330
70
100
AcDbEntity
  8
Visible
100
AcDbLine
 10
828.185855
 20
893.074852
 30
0.0
 11
828.083855
 21
893.041852
 31
0.0
  0
LINE
  5
171A
330
70
100
AcDbEntity
  8
Visible
100
AcDbLine
 10
828.283855
 20
893.110852
 30
0.0
 11
828.185855
 21
893.074852
 31
0.0
  0
LINE
  5
171B
330
70
100
AcDbEntity
  8
Visible
100
AcDbLine
 10
828.376855
 20
893.148852
 30
0.0
 11
828.283855
 21
893.110852
 31
0.0
  0
LINE
  5
171C
330
70
100
AcDbEntity
  8
Visible
100
AcDbLine
 10
828.466855
 20
893.189852
 30
0.0
 11
828.376855
 21
893.148852
 31
0.0
  0
LINE
  5
171D
330
70
100
AcDbEntity
  8
Visible
100
AcDbLine
 10
828.552855
 20
893.232852
 30
0.0
 11
828.466855
 21
893.189852
 31
0.0
  0
LINE
  5
171E
330
70
100
AcDbEntity
  8
Visible
100
AcDbLine
 10
828.633855
 20
893.278852
 30
0.0
 11
828.552855
 21
893.232852
 31
0.0
  0
LINE
  5
171F
330
70
100
AcDbEntity
  8
Visible
100
AcDbLine
 10
828.711855
 20
893.326852
 30
0.0
 11
828.633855
 21
893.278852
 31
0.0
  0
LINE
  5
1720
330
70
100
AcDbEntity
  8
Visible
100
AcDbLine
 10
828.785855
 20
893.376852
 30
0.0
 11
828.711855
 21
893.326852
 31
0.0
  0
LINE
  5
1721
330
70
100
AcDbEntity
  8
Visible
100
AcDbLine
 10
828.855855
 20
893.429852
 30
0.0
 11
828.785855
 21
893.376852
 31
0.0
  0
LINE
  5
1722
330
70
100
AcDbEntity
  8
Visible
100
AcDbLine
 10
828.921855
 20
893.484852
 30
0.0
 11
828.855855
 21
893.429852
 31
0.0
  0
LINE
  5
1723
330
70
100
AcDbEntity
  8
Visible
100
AcDbLine
 10
828.983855
 20
893.542852
 30
0.0
 11
828.921855
 21
893.484852
 31
0.0
  0
LINE
  5
1724
330
70
100
AcDbEntity
  8
Visible
100
AcDbLine
 10
829.041855
 20
893.602852
 30
0.0
 11
828.983855
 21
893.542852
 31
0.0
  0
LINE
  5
1725
330
70
100
AcDbEntity
  8
Visible
100
AcDbLine
 10
829.096855
 20
893.662852
 30
0.0
 11
829.041855
 21
893.602852
 31
0.0
  0
LINE
  5
1726
330
70
100
AcDbEntity
  8
Visible
100
AcDbLine
 10
829.148855
 20
893.725852
 30
0.0
 11
829.096855
 21
893.662852
 31
0.0
  0
LINE
  5
1727
330
70
100
AcDbEntity
  8
Visible
100
AcDbLine
 10
829.196855
 20
893.789852
 30
0.0
 11
829.148855
 21
893.725852
 31
0.0
  0
LINE
  5
1728
330
70
100
AcDbEntity
  8
Visible
100
AcDbLine
 10
829.240855
 20
893.854852
 30
0.0
 11
829.196855
 21
893.789852
 31
0.0
  0
LINE
  5
1729
330
70
100
AcDbEntity
  8
Visible
100
AcDbLine
 10
829.281855
 20
893.921852
 30
0.0
 11
829.240855
 21
893.854852
 31
0.0
  0
LINE
  5
172A
330
70
100
AcDbEntity
  8
Visible
100
AcDbLine
 10
829.319855
 20
893.989852
 30
0.0
 11
829.281855
 21
893.921852
 31
0.0
  0
LINE
  5
172B
330
70
100
AcDbEntity
  8
Visible
100
AcDbLine
 10
829.354855
 20
894.058852
 30
0.0
 11
829.319855
 21
893.989852
 31
0.0
  0
LINE
  5
172C
330
70
100
AcDbEntity
  8
Visible
100
AcDbLine
 10
829.384855
 20
894.130852
 30
0.0
 11
829.354855
 21
894.058852
 31
0.0
  0
LINE
  5
172D
330
70
100
AcDbEntity
  8
Visible
100
AcDbLine
 10
829.412855
 20
894.202852
 30
0.0
 11
829.384855
 21
894.130852
 31
0.0
  0
LINE
  5
172E
330
70
100
AcDbEntity
  8
Visible
100
AcDbLine
 10
829.437855
 20
894.275852
 30
0.0
 11
829.412855
 21
894.202852
 31
0.0
  0
LINE
  5
172F
330
70
100
AcDbEntity
  8
Visible
100
AcDbLine
 10
829.458855
 20
894.349852
 30
0.0
 11
829.437855
 21
894.275852
 31
0.0
  0
LINE
  5
1730
330
70
100
AcDbEntity
  8
Visible
100
AcDbLine
 10
829.478855
 20
894.423852
 30
0.0
 11
829.458855
 21
894.349852
 31
0.0
  0
LINE
  5
1731
330
70
100
AcDbEntity
  8
Visible
100
AcDbLine
 10
829.495855
 20
894.498852
 30
0.0
 11
829.478855
 21
894.423852
 31
0.0
  0
LINE
  5
1732
330
70
100
AcDbEntity
  8
Visible
100
AcDbLine
 10
829.509855
 20
894.572852
 30
0.0
 11
829.495855
 21
894.498852
 31
0.0
  0
LINE
  5
1733
330
70
100
AcDbEntity
  8
Visible
100
AcDbLine
 10
829.520855
 20
894.648852
 30
0.0
 11
829.509855
 21
894.572852
 31
0.0
  0
LINE
  5
1734
330
70
100
AcDbEntity
  8
Visible
100
AcDbLine
 10
829.529855
 20
894.723852
 30
0.0
 11
829.520855
 21
894.648852
 31
0.0
  0
LINE
  5
1735
330
70
100
AcDbEntity
  8
Visible
100
AcDbLine
 10
829.536855
 20
894.799852
 30
0.0
 11
829.529855
 21
894.723852
 31
0.0
  0
LINE
  5
1736
330
70
100
AcDbEntity
  8
Visible
100
AcDbLine
 10
829.540855
 20
894.875852
 30
0.0
 11
829.536855
 21
894.799852
 31
0.0
  0
LINE
  5
1737
330
70
100
AcDbEntity
  8
Visible
100
AcDbLine
 10
829.541855
 20
894.952852
 30
0.0
 11
829.540855
 21
894.875852
 31
0.0
  0
LINE
  5
1738
330
70
100
AcDbEntity
  8
Visible
100
AcDbLine
 10
829.539855
 20
895.035852
 30
0.0
 11
829.541855
 21
894.952852
 31
0.0
  0
LINE
  5
1739
330
70
100
AcDbEntity
  8
Visible
100
AcDbLine
 10
829.533855
 20
895.118852
 30
0.0
 11
829.539855
 21
895.035852
 31
0.0
  0
LINE
  5
173A
330
70
100
AcDbEntity
  8
Visible
100
AcDbLine
 10
829.523855
 20
895.199852
 30
0.0
 11
829.533855
 21
895.118852
 31
0.0
  0
LINE
  5
173B
330
70
100
AcDbEntity
  8
Visible
100
AcDbLine
 10
829.509855
 20
895.280852
 30
0.0
 11
829.523855
 21
895.199852
 31
0.0
  0
LINE
  5
173C
330
70
100
AcDbEntity
  8
Visible
100
AcDbLine
 10
829.492855
 20
895.359852
 30
0.0
 11
829.509855
 21
895.280852
 31
0.0
  0
LINE
  5
173D
330
70
100
AcDbEntity
  8
Visible
100
AcDbLine
 10
829.470855
 20
895.438852
 30
0.0
 11
829.492855
 21
895.359852
 31
0.0
  0
LINE
  5
173E
330
70
100
AcDbEntity
  8
Visible
100
AcDbLine
 10
829.444855
 20
895.515852
 30
0.0
 11
829.470855
 21
895.438852
 31
0.0
  0
LINE
  5
173F
330
70
100
AcDbEntity
  8
Visible
100
AcDbLine
 10
829.414855
 20
895.591852
 30
0.0
 11
829.444855
 21
895.515852
 31
0.0
  0
LINE
  5
1740
330
70
100
AcDbEntity
  8
Visible
100
AcDbLine
 10
829.381855
 20
895.667852
 30
0.0
 11
829.414855
 21
895.591852
 31
0.0
  0
LINE
  5
1741
330
70
100
AcDbEntity
  8
Visible
100
AcDbLine
 10
829.343855
 20
895.741852
 30
0.0
 11
829.381855
 21
895.667852
 31
0.0
  0
LINE
  5
1742
330
70
100
AcDbEntity
  8
Visible
100
AcDbLine
 10
829.302855
 20
895.814852
 30
0.0
 11
829.343855
 21
895.741852
 31
0.0
  0
LINE
  5
1743
330
70
100
AcDbEntity
  8
Visible
100
AcDbLine
 10
829.258855
 20
895.884852
 30
0.0
 11
829.302855
 21
895.814852
 31
0.0
  0
LINE
  5
1744
330
70
100
AcDbEntity
  8
Visible
100
AcDbLine
 10
829.210855
 20
895.952852
 30
0.0
 11
829.258855
 21
895.884852
 31
0.0
  0
LINE
  5
1745
330
70
100
AcDbEntity
  8
Visible
100
AcDbLine
 10
829.160855
 20
896.018852
 30
0.0
 11
829.210855
 21
895.952852
 31
0.0
  0
LINE
  5
1746
330
70
100
AcDbEntity
  8
Visible
100
AcDbLine
 10
829.107855
 20
896.081852
 30
0.0
 11
829.160855
 21
896.018852
 31
0.0
  0
LINE
  5
1747
330
70
100
AcDbEntity
  8
Visible
100
AcDbLine
 10
829.050855
 20
896.143852
 30
0.0
 11
829.107855
 21
896.081852
 31
0.0
  0
LINE
  5
1748
330
70
100
AcDbEntity
  8
Visible
100
AcDbLine
 10
828.991855
 20
896.202852
 30
0.0
 11
829.050855
 21
896.143852
 31
0.0
  0
LINE
  5
1749
330
70
100
AcDbEntity
  8
Visible
100
AcDbLine
 10
828.928855
 20
896.258852
 30
0.0
 11
828.991855
 21
896.202852
 31
0.0
  0
LINE
  5
174A
330
70
100
AcDbEntity
  8
Visible
100
AcDbLine
 10
828.863855
 20
896.313852
 30
0.0
 11
828.928855
 21
896.258852
 31
0.0
  0
LINE
  5
174B
330
70
100
AcDbEntity
  8
Visible
100
AcDbLine
 10
828.794855
 20
896.365852
 30
0.0
 11
828.863855
 21
896.313852
 31
0.0
  0
LINE
  5
174C
330
70
100
AcDbEntity
  8
Visible
100
AcDbLine
 10
828.723855
 20
896.414852
 30
0.0
 11
828.794855
 21
896.365852
 31
0.0
  0
LINE
  5
174D
330
70
100
AcDbEntity
  8
Visible
100
AcDbLine
 10
828.649855
 20
896.460852
 30
0.0
 11
828.723855
 21
896.414852
 31
0.0
  0
LINE
  5
174E
330
70
100
AcDbEntity
  8
Visible
100
AcDbLine
 10
828.573855
 20
896.502852
 30
0.0
 11
828.649855
 21
896.460852
 31
0.0
  0
LINE
  5
174F
330
70
100
AcDbEntity
  8
Visible
100
AcDbLine
 10
828.495855
 20
896.540852
 30
0.0
 11
828.573855
 21
896.502852
 31
0.0
  0
LINE
  5
1750
330
70
100
AcDbEntity
  8
Visible
100
AcDbLine
 10
828.415855
 20
896.574852
 30
0.0
 11
828.495855
 21
896.540852
 31
0.0
  0
LINE
  5
1751
330
70
100
AcDbEntity
  8
Visible
100
AcDbLine
 10
828.333855
 20
896.605852
 30
0.0
 11
828.415855
 21
896.574852
 31
0.0
  0
LINE
  5
1752
330
70
100
AcDbEntity
  8
Visible
100
AcDbLine
 10
828.248855
 20
896.632852
 30
0.0
 11
828.333855
 21
896.605852
 31
0.0
  0
LINE
  5
1753
330
70
100
AcDbEntity
  8
Visible
100
AcDbLine
 10
828.161855
 20
896.656852
 30
0.0
 11
828.248855
 21
896.632852
 31
0.0
  0
LINE
  5
1754
330
70
100
AcDbEntity
  8
Visible
100
AcDbLine
 10
828.072855
 20
896.676852
 30
0.0
 11
828.161855
 21
896.656852
 31
0.0
  0
LINE
  5
1755
330
70
100
AcDbEntity
  8
Visible
100
AcDbLine
 10
827.981855
 20
896.692852
 30
0.0
 11
828.072855
 21
896.676852
 31
0.0
  0
LINE
  5
1756
330
70
100
AcDbEntity
  8
Visible
100
AcDbLine
 10
828.120855
 20
896.730852
 30
0.0
 11
827.981855
 21
896.692852
 31
0.0
  0
LINE
  5
1757
330
70
100
AcDbEntity
  8
Visible
100
AcDbLine
 10
828.252855
 20
896.774852
 30
0.0
 11
828.120855
 21
896.730852
 31
0.0
  0
LINE
  5
1758
330
70
100
AcDbEntity
  8
Visible
100
AcDbLine
 10
828.377855
 20
896.824852
 30
0.0
 11
828.252855
 21
896.774852
 31
0.0
  0
LINE
  5
1759
330
70
100
AcDbEntity
  8
Visible
100
AcDbLine
 10
828.495855
 20
896.880852
 30
0.0
 11
828.377855
 21
896.824852
 31
0.0
  0
LINE
  5
175A
330
70
100
AcDbEntity
  8
Visible
100
AcDbLine
 10
828.606855
 20
896.942852
 30
0.0
 11
828.495855
 21
896.880852
 31
0.0
  0
LINE
  5
175B
330
70
100
AcDbEntity
  8
Visible
100
AcDbLine
 10
828.709855
 20
897.010852
 30
0.0
 11
828.606855
 21
896.942852
 31
0.0
  0
LINE
  5
175C
330
70
100
AcDbEntity
  8
Visible
100
AcDbLine
 10
828.806855
 20
897.084852
 30
0.0
 11
828.709855
 21
897.010852
 31
0.0
  0
LINE
  5
175D
330
70
100
AcDbEntity
  8
Visible
100
AcDbLine
 10
828.895855
 20
897.164852
 30
0.0
 11
828.806855
 21
897.084852
 31
0.0
  0
LINE
  5
175E
330
70
100
AcDbEntity
  8
Visible
100
AcDbLine
 10
828.977855
 20
897.251852
 30
0.0
 11
828.895855
 21
897.164852
 31
0.0
  0
LINE
  5
175F
330
70
100
AcDbEntity
  8
Visible
100
AcDbLine
 10
829.052855
 20
897.343852
 30
0.0
 11
828.977855
 21
897.251852
 31
0.0
  0
LINE
  5
1760
330
70
100
AcDbEntity
  8
Visible
100
AcDbLine
 10
829.120855
 20
897.440852
 30
0.0
 11
829.052855
 21
897.343852
 31
0.0
  0
LINE
  5
1761
330
70
100
AcDbEntity
  8
Visible
100
AcDbLine
 10
829.181855
 20
897.541852
 30
0.0
 11
829.120855
 21
897.440852
 31
0.0
  0
LINE
  5
1762
330
70
100
AcDbEntity
  8
Visible
100
AcDbLine
 10
829.234855
 20
897.645852
 30
0.0
 11
829.181855
 21
897.541852
 31
0.0
  0
LINE
  5
1763
330
70
100
AcDbEntity
  8
Visible
100
AcDbLine
 10
829.280855
 20
897.752852
 30
0.0
 11
829.234855
 21
897.645852
 31
0.0
  0
LINE
  5
1764
330
70
100
AcDbEntity
  8
Visible
100
AcDbLine
 10
829.320855
 20
897.863852
 30
0.0
 11
829.280855
 21
897.752852
 31
0.0
  0
LINE
  5
1765
330
70
100
AcDbEntity
  8
Visible
100
AcDbLine
 10
829.352855
 20
897.977852
 30
0.0
 11
829.320855
 21
897.863852
 31
0.0
  0
LINE
  5
1766
330
70
100
AcDbEntity
  8
Visible
100
AcDbLine
 10
829.377855
 20
898.095852
 30
0.0
 11
829.352855
 21
897.977852
 31
0.0
  0
LINE
  5
1767
330
70
100
AcDbEntity
  8
Visible
100
AcDbLine
 10
829.395855
 20
898.216852
 30
0.0
 11
829.377855
 21
898.095852
 31
0.0
  0
LINE
  5
1768
330
70
100
AcDbEntity
  8
Visible
100
AcDbLine
 10
829.405855
 20
898.340852
 30
0.0
 11
829.395855
 21
898.216852
 31
0.0
  0
LINE
  5
1769
330
70
100
AcDbEntity
  8
Visible
100
AcDbLine
 10
829.409855
 20
898.468852
 30
0.0
 11
829.405855
 21
898.340852
 31
0.0
  0
LINE
  5
176A
330
70
100
AcDbEntity
  8
Visible
100
AcDbLine
 10
829.406855
 20
898.573852
 30
0.0
 11
829.409855
 21
898.468852
 31
0.0
  0
LINE
  5
176B
330
70
100
AcDbEntity
  8
Visible
100
AcDbLine
 10
829.398855
 20
898.676852
 30
0.0
 11
829.406855
 21
898.573852
 31
0.0
  0
LINE
  5
176C
330
70
100
AcDbEntity
  8
Visible
100
AcDbLine
 10
829.385855
 20
898.778852
 30
0.0
 11
829.398855
 21
898.676852
 31
0.0
  0
LINE
  5
176D
330
70
100
AcDbEntity
  8
Visible
100
AcDbLine
 10
829.366855
 20
898.877852
 30
0.0
 11
829.385855
 21
898.778852
 31
0.0
  0
LINE
  5
176E
330
70
100
AcDbEntity
  8
Visible
100
AcDbLine
 10
829.342855
 20
898.976852
 30
0.0
 11
829.366855
 21
898.877852
 31
0.0
  0
LINE
  5
176F
330
70
100
AcDbEntity
  8
Visible
100
AcDbLine
 10
829.312855
 20
899.072852
 30
0.0
 11
829.342855
 21
898.976852
 31
0.0
  0
LINE
  5
1770
330
70
100
AcDbEntity
  8
Visible
100
AcDbLine
 10
829.277855
 20
899.168852
 30
0.0
 11
829.312855
 21
899.072852
 31
0.0
  0
LINE
  5
1771
330
70
100
AcDbEntity
  8
Visible
100
AcDbLine
 10
829.236855
 20
899.261852
 30
0.0
 11
829.277855
 21
899.168852
 31
0.0
  0
LINE
  5
1772
330
70
100
AcDbEntity
  8
Visible
100
AcDbLine
 10
829.190855
 20
899.353852
 30
0.0
 11
829.236855
 21
899.261852
 31
0.0
  0
LINE
  5
1773
330
70
100
AcDbEntity
  8
Visible
100
AcDbLine
 10
829.139855
 20
899.443852
 30
0.0
 11
829.190855
 21
899.353852
 31
0.0
  0
LINE
  5
1774
330
70
100
AcDbEntity
  8
Visible
100
AcDbLine
 10
829.082855
 20
899.531852
 30
0.0
 11
829.139855
 21
899.443852
 31
0.0
  0
LINE
  5
1775
330
70
100
AcDbEntity
  8
Visible
100
AcDbLine
 10
829.020855
 20
899.615852
 30
0.0
 11
829.082855
 21
899.531852
 31
0.0
  0
LINE
  5
1776
330
70
100
AcDbEntity
  8
Visible
100
AcDbLine
 10
828.952855
 20
899.696852
 30
0.0
 11
829.020855
 21
899.615852
 31
0.0
  0
LINE
  5
1777
330
70
100
AcDbEntity
  8
Visible
100
AcDbLine
 10
828.879855
 20
899.773852
 30
0.0
 11
828.952855
 21
899.696852
 31
0.0
  0
LINE
  5
1778
330
70
100
AcDbEntity
  8
Visible
100
AcDbLine
 10
828.800855
 20
899.846852
 30
0.0
 11
828.879855
 21
899.773852
 31
0.0
  0
LINE
  5
1779
330
70
100
AcDbEntity
  8
Visible
100
AcDbLine
 10
828.716855
 20
899.917852
 30
0.0
 11
828.800855
 21
899.846852
 31
0.0
  0
LINE
  5
177A
330
70
100
AcDbEntity
  8
Visible
100
AcDbLine
 10
828.626855
 20
899.984852
 30
0.0
 11
828.716855
 21
899.917852
 31
0.0
  0
LINE
  5
177B
330
70
100
AcDbEntity
  8
Visible
100
AcDbLine
 10
828.530855
 20
900.047852
 30
0.0
 11
828.626855
 21
899.984852
 31
0.0
  0
LINE
  5
177C
330
70
100
AcDbEntity
  8
Visible
100
AcDbLine
 10
828.429855
 20
900.107852
 30
0.0
 11
828.530855
 21
900.047852
 31
0.0
  0
LINE
  5
177D
330
70
100
AcDbEntity
  8
Visible
100
AcDbLine
 10
828.323855
 20
900.163852
 30
0.0
 11
828.429855
 21
900.107852
 31
0.0
  0
LINE
  5
177E
330
70
100
AcDbEntity
  8
Visible
100
AcDbLine
 10
828.211855
 20
900.215852
 30
0.0
 11
828.323855
 21
900.163852
 31
0.0
  0
LINE
  5
177F
330
70
100
AcDbEntity
  8
Visible
100
AcDbLine
 10
828.093855
 20
900.261852
 30
0.0
 11
828.211855
 21
900.215852
 31
0.0
  0
LINE
  5
1780
330
70
100
AcDbEntity
  8
Visible
100
AcDbLine
 10
827.970855
 20
900.302852
 30
0.0
 11
828.093855
 21
900.261852
 31
0.0
  0
LINE
  5
1781
330
70
100
AcDbEntity
  8
Visible
100
AcDbLine
 10
827.841855
 20
900.338852
 30
0.0
 11
827.970855
 21
900.302852
 31
0.0
  0
LINE
  5
1782
330
70
100
AcDbEntity
  8
Visible
100
AcDbLine
 10
827.707855
 20
900.368852
 30
0.0
 11
827.841855
 21
900.338852
 31
0.0
  0
LINE
  5
1783
330
70
100
AcDbEntity
  8
Visible
100
AcDbLine
 10
827.566855
 20
900.392852
 30
0.0
 11
827.707855
 21
900.368852
 31
0.0
  0
LINE
  5
1784
330
70
100
AcDbEntity
  8
Visible
100
AcDbLine
 10
827.420855
 20
900.411852
 30
0.0
 11
827.566855
 21
900.392852
 31
0.0
  0
LINE
  5
1785
330
70
100
AcDbEntity
  8
Visible
100
AcDbLine
 10
827.269855
 20
900.425852
 30
0.0
 11
827.420855
 21
900.411852
 31
0.0
  0
LINE
  5
1786
330
70
100
AcDbEntity
  8
Visible
100
AcDbLine
 10
827.112855
 20
900.433852
 30
0.0
 11
827.269855
 21
900.425852
 31
0.0
  0
LINE
  5
1787
330
70
100
AcDbEntity
  8
Visible
100
AcDbLine
 10
826.949855
 20
900.436852
 30
0.0
 11
827.112855
 21
900.433852
 31
0.0
  0
LINE
  5
1788
330
70
100
AcDbEntity
  8
Visible
100
AcDbLine
 10
824.129855
 20
900.436852
 30
0.0
 11
826.949855
 21
900.436852
 31
0.0
  0
LINE
  5
1789
330
70
100
AcDbEntity
  8
Visible
100
AcDbLine
 10
824.129855
 20
892.900852
 30
0.0
 11
824.129855
 21
900.436852
 31
0.0
  0
LINE
  5
178A
330
70
100
AcDbEntity
  8
Visible
100
AcDbLine
 10
826.949855
 20
892.900852
 30
0.0
 11
824.129855
 21
892.900852
 31
0.0
  0
LINE
  5
178B
330
70
100
AcDbEntity
  8
Visible
100
AcDbLine
 10
827.094855
 20
892.902852
 30
0.0
 11
826.949855
 21
892.900852
 31
0.0
  0
LINE
  5
178C
330
70
100
AcDbEntity
  8
Visible
100
AcDbLine
 10
833.964855
 20
892.770852
 30
0.0
 11
833.815855
 21
892.759852
 31
0.0
  0
LINE
  5
178D
330
70
100
AcDbEntity
  8
Visible
100
AcDbLine
 10
834.109855
 20
892.787852
 30
0.0
 11
833.964855
 21
892.770852
 31
0.0
  0
LINE
  5
178E
330
70
100
AcDbEntity
  8
Visible
100
AcDbLine
 10
834.251855
 20
892.811852
 30
0.0
 11
834.109855
 21
892.787852
 31
0.0
  0
LINE
  5
178F
330
70
100
AcDbEntity
  8
Visible
100
AcDbLine
 10
834.390855
 20
892.841852
 30
0.0
 11
834.251855
 21
892.811852
 31
0.0
  0
LINE
  5
1790
330
70
100
AcDbEntity
  8
Visible
100
AcDbLine
 10
834.525855
 20
892.879852
 30
0.0
 11
834.390855
 21
892.841852
 31
0.0
  0
LINE
  5
1791
330
70
100
AcDbEntity
  8
Visible
100
AcDbLine
 10
834.657855
 20
892.924852
 30
0.0
 11
834.525855
 21
892.879852
 31
0.0
  0
LINE
  5
1792
330
70
100
AcDbEntity
  8
Visible
100
AcDbLine
 10
834.786855
 20
892.975852
 30
0.0
 11
834.657855
 21
892.924852
 31
0.0
  0
LINE
  5
1793
330
70
100
AcDbEntity
  8
Visible
100
AcDbLine
 10
834.912855
 20
893.033852
 30
0.0
 11
834.786855
 21
892.975852
 31
0.0
  0
LINE
  5
1794
330
70
100
AcDbEntity
  8
Visible
100
AcDbLine
 10
835.034855
 20
893.098852
 30
0.0
 11
834.912855
 21
893.033852
 31
0.0
  0
LINE
  5
1795
330
70
100
AcDbEntity
  8
Visible
100
AcDbLine
 10
835.152855
 20
893.170852
 30
0.0
 11
835.034855
 21
893.098852
 31
0.0
  0
LINE
  5
1796
330
70
100
AcDbEntity
  8
Visible
100
AcDbLine
 10
835.265855
 20
893.248852
 30
0.0
 11
835.152855
 21
893.170852
 31
0.0
  0
LINE
  5
1797
330
70
100
AcDbEntity
  8
Visible
100
AcDbLine
 10
835.373855
 20
893.333852
 30
0.0
 11
835.265855
 21
893.248852
 31
0.0
  0
LINE
  5
1798
330
70
100
AcDbEntity
  8
Visible
100
AcDbLine
 10
835.475855
 20
893.424852
 30
0.0
 11
835.373855
 21
893.333852
 31
0.0
  0
LINE
  5
1799
330
70
100
AcDbEntity
  8
Visible
100
AcDbLine
 10
835.573855
 20
893.523852
 30
0.0
 11
835.475855
 21
893.424852
 31
0.0
  0
LINE
  5
179A
330
70
100
AcDbEntity
  8
Visible
100
AcDbLine
 10
835.665855
 20
893.627852
 30
0.0
 11
835.573855
 21
893.523852
 31
0.0
  0
LINE
  5
179B
330
70
100
AcDbEntity
  8
Visible
100
AcDbLine
 10
835.752855
 20
893.739852
 30
0.0
 11
835.665855
 21
893.627852
 31
0.0
  0
LINE
  5
179C
330
70
100
AcDbEntity
  8
Visible
100
AcDbLine
 10
835.834855
 20
893.856852
 30
0.0
 11
835.752855
 21
893.739852
 31
0.0
  0
LINE
  5
179D
330
70
100
AcDbEntity
  8
Visible
100
AcDbLine
 10
835.910855
 20
893.981852
 30
0.0
 11
835.834855
 21
893.856852
 31
0.0
  0
LINE
  5
179E
330
70
100
AcDbEntity
  8
Visible
100
AcDbLine
 10
835.982855
 20
894.112852
 30
0.0
 11
835.910855
 21
893.981852
 31
0.0
  0
LINE
  5
179F
330
70
100
AcDbEntity
  8
Visible
100
AcDbLine
 10
836.048855
 20
894.250852
 30
0.0
 11
835.982855
 21
894.112852
 31
0.0
  0
LINE
  5
17A0
330
70
100
AcDbEntity
  8
Visible
100
AcDbLine
 10
836.106855
 20
894.393852
 30
0.0
 11
836.048855
 21
894.250852
 31
0.0
  0
LINE
  5
17A1
330
70
100
AcDbEntity
  8
Visible
100
AcDbLine
 10
836.158855
 20
894.543852
 30
0.0
 11
836.106855
 21
894.393852
 31
0.0
  0
LINE
  5
17A2
330
70
100
AcDbEntity
  8
Visible
100
AcDbLine
 10
836.203855
 20
894.700852
 30
0.0
 11
836.158855
 21
894.543852
 31
0.0
  0
LINE
  5
17A3
330
70
100
AcDbEntity
  8
Visible
100
AcDbLine
 10
836.241855
 20
894.862852
 30
0.0
 11
836.203855
 21
894.700852
 31
0.0
  0
LINE
  5
17A4
330
70
100
AcDbEntity
  8
Visible
100
AcDbLine
 10
836.272855
 20
895.031852
 30
0.0
 11
836.241855
 21
894.862852
 31
0.0
  0
LINE
  5
17A5
330
70
100
AcDbEntity
  8
Visible
100
AcDbLine
 10
836.296855
 20
895.206852
 30
0.0
 11
836.272855
 21
895.031852
 31
0.0
  0
LINE
  5
17A6
330
70
100
AcDbEntity
  8
Visible
100
AcDbLine
 10
836.313855
 20
895.387852
 30
0.0
 11
836.296855
 21
895.206852
 31
0.0
  0
LINE
  5
17A7
330
70
100
AcDbEntity
  8
Visible
100
AcDbLine
 10
836.324855
 20
895.574852
 30
0.0
 11
836.313855
 21
895.387852
 31
0.0
  0
LINE
  5
17A8
330
70
100
AcDbEntity
  8
Visible
100
AcDbLine
 10
836.327855
 20
895.768852
 30
0.0
 11
836.324855
 21
895.574852
 31
0.0
  0
LINE
  5
17A9
330
70
100
AcDbEntity
  8
Visible
100
AcDbLine
 10
836.324855
 20
895.963852
 30
0.0
 11
836.327855
 21
895.768852
 31
0.0
  0
LINE
  5
17AA
330
70
100
AcDbEntity
  8
Visible
100
AcDbLine
 10
836.313855
 20
896.151852
 30
0.0
 11
836.324855
 21
895.963852
 31
0.0
  0
LINE
  5
17AB
330
70
100
AcDbEntity
  8
Visible
100
AcDbLine
 10
836.296855
 20
896.333852
 30
0.0
 11
836.313855
 21
896.151852
 31
0.0
  0
LINE
  5
17AC
330
70
100
AcDbEntity
  8
Visible
100
AcDbLine
 10
836.272855
 20
896.509852
 30
0.0
 11
836.296855
 21
896.333852
 31
0.0
  0
LINE
  5
17AD
330
70
100
AcDbEntity
  8
Visible
100
AcDbLine
 10
836.241855
 20
896.678852
 30
0.0
 11
836.272855
 21
896.509852
 31
0.0
  0
LINE
  5
17AE
330
70
100
AcDbEntity
  8
Visible
100
AcDbLine
 10
836.203855
 20
896.840852
 30
0.0
 11
836.241855
 21
896.678852
 31
0.0
  0
LINE
  5
17AF
330
70
100
AcDbEntity
  8
Visible
100
AcDbLine
 10
836.158855
 20
896.997852
 30
0.0
 11
836.203855
 21
896.840852
 31
0.0
  0
LINE
  5
17B0
330
70
100
AcDbEntity
  8
Visible
100
AcDbLine
 10
836.106855
 20
897.147852
 30
0.0
 11
836.158855
 21
896.997852
 31
0.0
  0
LINE
  5
17B1
330
70
100
AcDbEntity
  8
Visible
100
AcDbLine
 10
836.048855
 20
897.290852
 30
0.0
 11
836.106855
 21
897.147852
 31
0.0
  0
LINE
  5
17B2
330
70
100
AcDbEntity
  8
Visible
100
AcDbLine
 10
835.982855
 20
897.427852
 30
0.0
 11
836.048855
 21
897.290852
 31
0.0
  0
LINE
  5
17B3
330
70
100
AcDbEntity
  8
Visible
100
AcDbLine
 10
835.910855
 20
897.558852
 30
0.0
 11
835.982855
 21
897.427852
 31
0.0
  0
LINE
  5
17B4
330
70
100
AcDbEntity
  8
Visible
100
AcDbLine
 10
835.834855
 20
897.682852
 30
0.0
 11
835.910855
 21
897.558852
 31
0.0
  0
LINE
  5
17B5
330
70
100
AcDbEntity
  8
Visible
100
AcDbLine
 10
835.752855
 20
897.799852
 30
0.0
 11
835.834855
 21
897.682852
 31
0.0
  0
LINE
  5
17B6
330
70
100
AcDbEntity
  8
Visible
100
AcDbLine
 10
835.665855
 20
897.910852
 30
0.0
 11
835.752855
 21
897.799852
 31
0.0
  0
LINE
  5
17B7
330
70
100
AcDbEntity
  8
Visible
100
AcDbLine
 10
835.573855
 20
898.014852
 30
0.0
 11
835.665855
 21
897.910852
 31
0.0
  0
LINE
  5
17B8
330
70
100
AcDbEntity
  8
Visible
100
AcDbLine
 10
835.475855
 20
898.112852
 30
0.0
 11
835.573855
 21
898.014852
 31
0.0
  0
LINE
  5
17B9
330
70
100
AcDbEntity
  8
Visible
100
AcDbLine
 10
835.373855
 20
898.203852
 30
0.0
 11
835.475855
 21
898.112852
 31
0.0
  0
LINE
  5
17BA
330
70
100
AcDbEntity
  8
Visible
100
AcDbLine
 10
835.265855
 20
898.288852
 30
0.0
 11
835.373855
 21
898.203852
 31
0.0
  0
LINE
  5
17BB
330
70
100
AcDbEntity
  8
Visible
100
AcDbLine
 10
835.152855
 20
898.366852
 30
0.0
 11
835.265855
 21
898.288852
 31
0.0
  0
LINE
  5
17BC
330
70
100
AcDbEntity
  8
Visible
100
AcDbLine
 10
835.034855
 20
898.438852
 30
0.0
 11
835.152855
 21
898.366852
 31
0.0
  0
LINE
  5
17BD
330
70
100
AcDbEntity
  8
Visible
100
AcDbLine
 10
834.912855
 20
898.503852
 30
0.0
 11
835.034855
 21
898.438852
 31
0.0
  0
LINE
  5
17BE
330
70
100
AcDbEntity
  8
Visible
100
AcDbLine
 10
834.786855
 20
898.561852
 30
0.0
 11
834.912855
 21
898.503852
 31
0.0
  0
LINE
  5
17BF
330
70
100
AcDbEntity
  8
Visible
100
AcDbLine
 10
834.657855
 20
898.612852
 30
0.0
 11
834.786855
 21
898.561852
 31
0.0
  0
LINE
  5
17C0
330
70
100
AcDbEntity
  8
Visible
100
AcDbLine
 10
834.525855
 20
898.657852
 30
0.0
 11
834.657855
 21
898.612852
 31
0.0
  0
LINE
  5
17C1
330
70
100
AcDbEntity
  8
Visible
100
AcDbLine
 10
834.390855
 20
898.695852
 30
0.0
 11
834.525855
 21
898.657852
 31
0.0
  0
LINE
  5
17C2
330
70
100
AcDbEntity
  8
Visible
100
AcDbLine
 10
834.251855
 20
898.725852
 30
0.0
 11
834.390855
 21
898.695852
 31
0.0
  0
LINE
  5
17C3
330
70
100
AcDbEntity
  8
Visible
100
AcDbLine
 10
834.109855
 20
898.749852
 30
0.0
 11
834.251855
 21
898.725852
 31
0.0
  0
LINE
  5
17C4
330
70
100
AcDbEntity
  8
Visible
100
AcDbLine
 10
833.964855
 20
898.766852
 30
0.0
 11
834.109855
 21
898.749852
 31
0.0
  0
LINE
  5
17C5
330
70
100
AcDbEntity
  8
Visible
100
AcDbLine
 10
833.815855
 20
898.777852
 30
0.0
 11
833.964855
 21
898.766852
 31
0.0
  0
LINE
  5
17C6
330
70
100
AcDbEntity
  8
Visible
100
AcDbLine
 10
833.663855
 20
898.780852
 30
0.0
 11
833.815855
 21
898.777852
 31
0.0
  0
LINE
  5
17C7
330
70
100
AcDbEntity
  8
Visible
100
AcDbLine
 10
833.510855
 20
898.777852
 30
0.0
 11
833.663855
 21
898.780852
 31
0.0
  0
LINE
  5
17C8
330
70
100
AcDbEntity
  8
Visible
100
AcDbLine
 10
833.360855
 20
898.766852
 30
0.0
 11
833.510855
 21
898.777852
 31
0.0
  0
LINE
  5
17C9
330
70
100
AcDbEntity
  8
Visible
100
AcDbLine
 10
833.214855
 20
898.749852
 30
0.0
 11
833.360855
 21
898.766852
 31
0.0
  0
LINE
  5
17CA
330
70
100
AcDbEntity
  8
Visible
100
AcDbLine
 10
833.071855
 20
898.725852
 30
0.0
 11
833.214855
 21
898.749852
 31
0.0
  0
LINE
  5
17CB
330
70
100
AcDbEntity
  8
Visible
100
AcDbLine
 10
832.932855
 20
898.695852
 30
0.0
 11
833.071855
 21
898.725852
 31
0.0
  0
LINE
  5
17CC
330
70
100
AcDbEntity
  8
Visible
100
AcDbLine
 10
832.796855
 20
898.657852
 30
0.0
 11
832.932855
 21
898.695852
 31
0.0
  0
LINE
  5
17CD
330
70
100
AcDbEntity
  8
Visible
100
AcDbLine
 10
832.663855
 20
898.612852
 30
0.0
 11
832.796855
 21
898.657852
 31
0.0
  0
LINE
  5
17CE
330
70
100
AcDbEntity
  8
Visible
100
AcDbLine
 10
832.534855
 20
898.561852
 30
0.0
 11
832.663855
 21
898.612852
 31
0.0
  0
LINE
  5
17CF
330
70
100
AcDbEntity
  8
Visible
100
AcDbLine
 10
832.408855
 20
898.503852
 30
0.0
 11
832.534855
 21
898.561852
 31
0.0
  0
LINE
  5
17D0
330
70
100
AcDbEntity
  8
Visible
100
AcDbLine
 10
832.286855
 20
898.438852
 30
0.0
 11
832.408855
 21
898.503852
 31
0.0
  0
LINE
  5
17D1
330
70
100
AcDbEntity
  8
Visible
100
AcDbLine
 10
832.168855
 20
898.366852
 30
0.0
 11
832.286855
 21
898.438852
 31
0.0
  0
LINE
  5
17D2
330
70
100
AcDbEntity
  8
Visible
100
AcDbLine
 10
832.055855
 20
898.288852
 30
0.0
 11
832.168855
 21
898.366852
 31
0.0
  0
LINE
  5
17D3
330
70
100
AcDbEntity
  8
Visible
100
AcDbLine
 10
831.947855
 20
898.203852
 30
0.0
 11
832.055855
 21
898.288852
 31
0.0
  0
LINE
  5
17D4
330
70
100
AcDbEntity
  8
Visible
100
AcDbLine
 10
831.844855
 20
898.112852
 30
0.0
 11
831.947855
 21
898.203852
 31
0.0
  0
LINE
  5
17D5
330
70
100
AcDbEntity
  8
Visible
100
AcDbLine
 10
831.747855
 20
898.014852
 30
0.0
 11
831.844855
 21
898.112852
 31
0.0
  0
LINE
  5
17D6
330
70
100
AcDbEntity
  8
Visible
100
AcDbLine
 10
831.654855
 20
897.910852
 30
0.0
 11
831.747855
 21
898.014852
 31
0.0
  0
LINE
  5
17D7
330
70
100
AcDbEntity
  8
Visible
100
AcDbLine
 10
831.567855
 20
897.799852
 30
0.0
 11
831.654855
 21
897.910852
 31
0.0
  0
LINE
  5
17D8
330
70
100
AcDbEntity
  8
Visible
100
AcDbLine
 10
831.484855
 20
897.682852
 30
0.0
 11
831.567855
 21
897.799852
 31
0.0
  0
LINE
  5
17D9
330
70
100
AcDbEntity
  8
Visible
100
AcDbLine
 10
831.407855
 20
897.558852
 30
0.0
 11
831.484855
 21
897.682852
 31
0.0
  0
LINE
  5
17DA
330
70
100
AcDbEntity
  8
Visible
100
AcDbLine
 10
831.335855
 20
897.427852
 30
0.0
 11
831.407855
 21
897.558852
 31
0.0
  0
LINE
  5
17DB
330
70
100
AcDbEntity
  8
Visible
100
AcDbLine
 10
831.269855
 20
897.290852
 30
0.0
 11
831.335855
 21
897.427852
 31
0.0
  0
LINE
  5
17DC
330
70
100
AcDbEntity
  8
Visible
100
AcDbLine
 10
831.210855
 20
897.147852
 30
0.0
 11
831.269855
 21
897.290852
 31
0.0
  0
LINE
  5
17DD
330
70
100
AcDbEntity
  8
Visible
100
AcDbLine
 10
831.158855
 20
896.997852
 30
0.0
 11
831.210855
 21
897.147852
 31
0.0
  0
LINE
  5
17DE
330
70
100
AcDbEntity
  8
Visible
100
AcDbLine
 10
831.112855
 20
896.840852
 30
0.0
 11
831.158855
 21
896.997852
 31
0.0
  0
LINE
  5
17DF
330
70
100
AcDbEntity
  8
Visible
100
AcDbLine
 10
831.074855
 20
896.678852
 30
0.0
 11
831.112855
 21
896.840852
 31
0.0
  0
LINE
  5
17E0
330
70
100
AcDbEntity
  8
Visible
100
AcDbLine
 10
831.043855
 20
896.509852
 30
0.0
 11
831.074855
 21
896.678852
 31
0.0
  0
LINE
  5
17E1
330
70
100
AcDbEntity
  8
Visible
100
AcDbLine
 10
831.018855
 20
896.333852
 30
0.0
 11
831.043855
 21
896.509852
 31
0.0
  0
LINE
  5
17E2
330
70
100
AcDbEntity
  8
Visible
100
AcDbLine
 10
831.001855
 20
896.151852
 30
0.0
 11
831.018855
 21
896.333852
 31
0.0
  0
LINE
  5
17E3
330
70
100
AcDbEntity
  8
Visible
100
AcDbLine
 10
830.990855
 20
895.963852
 30
0.0
 11
831.001855
 21
896.151852
 31
0.0
  0
LINE
  5
17E4
330
70
100
AcDbEntity
  8
Visible
100
AcDbLine
 10
830.987855
 20
895.768852
 30
0.0
 11
830.990855
 21
895.963852
 31
0.0
  0
LINE
  5
17E5
330
70
100
AcDbEntity
  8
Visible
100
AcDbLine
 10
830.990855
 20
895.574852
 30
0.0
 11
830.987855
 21
895.768852
 31
0.0
  0
LINE
  5
17E6
330
70
100
AcDbEntity
  8
Visible
100
AcDbLine
 10
831.001855
 20
895.387852
 30
0.0
 11
830.990855
 21
895.574852
 31
0.0
  0
LINE
  5
17E7
330
70
100
AcDbEntity
  8
Visible
100
AcDbLine
 10
831.018855
 20
895.206852
 30
0.0
 11
831.001855
 21
895.387852
 31
0.0
  0
LINE
  5
17E8
330
70
100
AcDbEntity
  8
Visible
100
AcDbLine
 10
831.043855
 20
895.031852
 30
0.0
 11
831.018855
 21
895.206852
 31
0.0
  0
LINE
  5
17E9
330
70
100
AcDbEntity
  8
Visible
100
AcDbLine
 10
831.074855
 20
894.862852
 30
0.0
 11
831.043855
 21
895.031852
 31
0.0
  0
LINE
  5
17EA
330
70
100
AcDbEntity
  8
Visible
100
AcDbLine
 10
831.112855
 20
894.700852
 30
0.0
 11
831.074855
 21
894.862852
 31
0.0
  0
LINE
  5
17EB
330
70
100
AcDbEntity
  8
Visible
100
AcDbLine
 10
831.158855
 20
894.543852
 30
0.0
 11
831.112855
 21
894.700852
 31
0.0
  0
LINE
  5
17EC
330
70
100
AcDbEntity
  8
Visible
100
AcDbLine
 10
831.210855
 20
894.393852
 30
0.0
 11
831.158855
 21
894.543852
 31
0.0
  0
LINE
  5
17ED
330
70
100
AcDbEntity
  8
Visible
100
AcDbLine
 10
831.269855
 20
894.250852
 30
0.0
 11
831.210855
 21
894.393852
 31
0.0
  0
LINE
  5
17EE
330
70
100
AcDbEntity
  8
Visible
100
AcDbLine
 10
831.335855
 20
894.112852
 30
0.0
 11
831.269855
 21
894.250852
 31
0.0
  0
LINE
  5
17EF
330
70
100
AcDbEntity
  8
Visible
100
AcDbLine
 10
831.407855
 20
893.981852
 30
0.0
 11
831.335855
 21
894.112852
 31
0.0
  0
LINE
  5
17F0
330
70
100
AcDbEntity
  8
Visible
100
AcDbLine
 10
831.484855
 20
893.856852
 30
0.0
 11
831.407855
 21
893.981852
 31
0.0
  0
LINE
  5
17F1
330
70
100
AcDbEntity
  8
Visible
100
AcDbLine
 10
831.567855
 20
893.739852
 30
0.0
 11
831.484855
 21
893.856852
 31
0.0
  0
LINE
  5
17F2
330
70
100
AcDbEntity
  8
Visible
100
AcDbLine
 10
831.654855
 20
893.627852
 30
0.0
 11
831.567855
 21
893.739852
 31
0.0
  0
LINE
  5
17F3
330
70
100
AcDbEntity
  8
Visible
100
AcDbLine
 10
831.747855
 20
893.523852
 30
0.0
 11
831.654855
 21
893.627852
 31
0.0
  0
LINE
  5
17F4
330
70
100
AcDbEntity
  8
Visible
100
AcDbLine
 10
831.844855
 20
893.424852
 30
0.0
 11
831.747855
 21
893.523852
 31
0.0
  0
LINE
  5
17F5
330
70
100
AcDbEntity
  8
Visible
100
AcDbLine
 10
831.947855
 20
893.333852
 30
0.0
 11
831.844855
 21
893.424852
 31
0.0
  0
LINE
  5
17F6
330
70
100
AcDbEntity
  8
Visible
100
AcDbLine
 10
832.055855
 20
893.248852
 30
0.0
 11
831.947855
 21
893.333852
 31
0.0
  0
LINE
  5
17F7
330
70
100
AcDbEntity
  8
Visible
100
AcDbLine
 10
832.168855
 20
893.170852
 30
0.0
 11
832.055855
 21
893.248852
 31
0.0
  0
LINE
  5
17F8
330
70
100
AcDbEntity
  8
Visible
100
AcDbLine
 10
832.286855
 20
893.098852
 30
0.0
 11
832.168855
 21
893.170852
 31
0.0
  0
LINE
  5
17F9
330
70
100
AcDbEntity
  8
Visible
100
AcDbLine
 10
832.408855
 20
893.033852
 30
0.0
 11
832.286855
 21
893.098852
 31
0.0
  0
LINE
  5
17FA
330
70
100
AcDbEntity
  8
Visible
100
AcDbLine
 10
832.534855
 20
892.975852
 30
0.0
 11
832.408855
 21
893.033852
 31
0.0
  0
LINE
  5
17FB
330
70
100
AcDbEntity
  8
Visible
100
AcDbLine
 10
832.663855
 20
892.924852
 30
0.0
 11
832.534855
 21
892.975852
 31
0.0
  0
LINE
  5
17FC
330
70
100
AcDbEntity
  8
Visible
100
AcDbLine
 10
832.796855
 20
892.879852
 30
0.0
 11
832.663855
 21
892.924852
 31
0.0
  0
LINE
  5
17FD
330
70
100
AcDbEntity
  8
Visible
100
AcDbLine
 10
832.932855
 20
892.841852
 30
0.0
 11
832.796855
 21
892.879852
 31
0.0
  0
LINE
  5
17FE
330
70
100
AcDbEntity
  8
Visible
100
AcDbLine
 10
833.071855
 20
892.811852
 30
0.0
 11
832.932855
 21
892.841852
 31
0.0
  0
LINE
  5
17FF
330
70
100
AcDbEntity
  8
Visible
100
AcDbLine
 10
833.214855
 20
892.787852
 30
0.0
 11
833.071855
 21
892.811852
 31
0.0
  0
LINE
  5
1800
330
70
100
AcDbEntity
  8
Visible
100
AcDbLine
 10
833.360855
 20
892.770852
 30
0.0
 11
833.214855
 21
892.787852
 31
0.0
  0
LINE
  5
1801
330
70
100
AcDbEntity
  8
Visible
100
AcDbLine
 10
833.510855
 20
892.759852
 30
0.0
 11
833.360855
 21
892.770852
 31
0.0
  0
LINE
  5
1802
330
70
100
AcDbEntity
  8
Visible
100
AcDbLine
 10
833.663855
 20
892.756852
 30
0.0
 11
833.510855
 21
892.759852
 31
0.0
  0
LINE
  5
1803
330
70
100
AcDbEntity
  8
Visible
100
AcDbLine
 10
833.815855
 20
892.759852
 30
0.0
 11
833.663855
 21
892.756852
 31
0.0
  0
LINE
  5
1804
330
70
100
AcDbEntity
  8
Visible
100
AcDbLine
 10
838.265855
 20
898.636852
 30
0.0
 11
838.265855
 21
900.232852
 31
0.0
  0
LINE
  5
1805
330
70
100
AcDbEntity
  8
Visible
100
AcDbLine
 10
837.341855
 20
898.636852
 30
0.0
 11
838.265855
 21
898.636852
 31
0.0
  0
LINE
  5
1806
330
70
100
AcDbEntity
  8
Visible
100
AcDbLine
 10
837.341855
 20
897.988852
 30
0.0
 11
837.341855
 21
898.636852
 31
0.0
  0
LINE
  5
1807
330
70
100
AcDbEntity
  8
Visible
100
AcDbLine
 10
838.265855
 20
897.988852
 30
0.0
 11
837.341855
 21
897.988852
 31
0.0
  0
LINE
  5
1808
330
70
100
AcDbEntity
  8
Visible
100
AcDbLine
 10
838.265855
 20
894.376852
 30
0.0
 11
838.265855
 21
897.988852
 31
0.0
  0
LINE
  5
1809
330
70
100
AcDbEntity
  8
Visible
100
AcDbLine
 10
838.267855
 20
894.270852
 30
0.0
 11
838.265855
 21
894.376852
 31
0.0
  0
LINE
  5
180A
330
70
100
AcDbEntity
  8
Visible
100
AcDbLine
 10
838.274855
 20
894.167852
 30
0.0
 11
838.267855
 21
894.270852
 31
0.0
  0
LINE
  5
180B
330
70
100
AcDbEntity
  8
Visible
100
AcDbLine
 10
838.284855
 20
894.068852
 30
0.0
 11
838.274855
 21
894.167852
 31
0.0
  0
LINE
  5
180C
330
70
100
AcDbEntity
  8
Visible
100
AcDbLine
 10
838.300855
 20
893.973852
 30
0.0
 11
838.284855
 21
894.068852
 31
0.0
  0
LINE
  5
180D
330
70
100
AcDbEntity
  8
Visible
100
AcDbLine
 10
838.319855
 20
893.881852
 30
0.0
 11
838.300855
 21
893.973852
 31
0.0
  0
LINE
  5
180E
330
70
100
AcDbEntity
  8
Visible
100
AcDbLine
 10
838.343855
 20
893.793852
 30
0.0
 11
838.319855
 21
893.881852
 31
0.0
  0
LINE
  5
180F
330
70
100
AcDbEntity
  8
Visible
100
AcDbLine
 10
838.371855
 20
893.708852
 30
0.0
 11
838.343855
 21
893.793852
 31
0.0
  0
LINE
  5
1810
330
70
100
AcDbEntity
  8
Visible
100
AcDbLine
 10
838.403855
 20
893.627852
 30
0.0
 11
838.371855
 21
893.708852
 31
0.0
  0
LINE
  5
1811
330
70
100
AcDbEntity
  8
Visible
100
AcDbLine
 10
838.440855
 20
893.550852
 30
0.0
 11
838.403855
 21
893.627852
 31
0.0
  0
LINE
  5
1812
330
70
100
AcDbEntity
  8
Visible
100
AcDbLine
 10
838.481855
 20
893.476852
 30
0.0
 11
838.440855
 21
893.550852
 31
0.0
  0
LINE
  5
1813
330
70
100
AcDbEntity
  8
Visible
100
AcDbLine
 10
838.526855
 20
893.406852
 30
0.0
 11
838.481855
 21
893.476852
 31
0.0
  0
LINE
  5
1814
330
70
100
AcDbEntity
  8
Visible
100
AcDbLine
 10
838.574855
 20
893.339852
 30
0.0
 11
838.526855
 21
893.406852
 31
0.0
  0
LINE
  5
1815
330
70
100
AcDbEntity
  8
Visible
100
AcDbLine
 10
838.625855
 20
893.276852
 30
0.0
 11
838.574855
 21
893.339852
 31
0.0
  0
LINE
  5
1816
330
70
100
AcDbEntity
  8
Visible
100
AcDbLine
 10
838.679855
 20
893.217852
 30
0.0
 11
838.625855
 21
893.276852
 31
0.0
  0
LINE
  5
1817
330
70
100
AcDbEntity
  8
Visible
100
AcDbLine
 10
838.736855
 20
893.161852
 30
0.0
 11
838.679855
 21
893.217852
 31
0.0
  0
LINE
  5
1818
330
70
100
AcDbEntity
  8
Visible
100
AcDbLine
 10
838.796855
 20
893.109852
 30
0.0
 11
838.736855
 21
893.161852
 31
0.0
  0
LINE
  5
1819
330
70
100
AcDbEntity
  8
Visible
100
AcDbLine
 10
838.860855
 20
893.060852
 30
0.0
 11
838.796855
 21
893.109852
 31
0.0
  0
LINE
  5
181A
330
70
100
AcDbEntity
  8
Visible
100
AcDbLine
 10
838.926855
 20
893.015852
 30
0.0
 11
838.860855
 21
893.060852
 31
0.0
  0
LINE
  5
181B
330
70
100
AcDbEntity
  8
Visible
100
AcDbLine
 10
838.996855
 20
892.974852
 30
0.0
 11
838.926855
 21
893.015852
 31
0.0
  0
LINE
  5
181C
330
70
100
AcDbEntity
  8
Visible
100
AcDbLine
 10
839.069855
 20
892.936852
 30
0.0
 11
838.996855
 21
892.974852
 31
0.0
  0
LINE
  5
181D
330
70
100
AcDbEntity
  8
Visible
100
AcDbLine
 10
839.144855
 20
892.902852
 30
0.0
 11
839.069855
 21
892.936852
 31
0.0
  0
LINE
  5
181E
330
70
100
AcDbEntity
  8
Visible
100
AcDbLine
 10
839.222855
 20
892.871852
 30
0.0
 11
839.144855
 21
892.902852
 31
0.0
  0
LINE
  5
181F
330
70
100
AcDbEntity
  8
Visible
100
AcDbLine
 10
839.301855
 20
892.844852
 30
0.0
 11
839.222855
 21
892.871852
 31
0.0
  0
LINE
  5
1820
330
70
100
AcDbEntity
  8
Visible
100
AcDbLine
 10
839.382855
 20
892.821852
 30
0.0
 11
839.301855
 21
892.844852
 31
0.0
  0
LINE
  5
1821
330
70
100
AcDbEntity
  8
Visible
100
AcDbLine
 10
839.465855
 20
892.801852
 30
0.0
 11
839.382855
 21
892.821852
 31
0.0
  0
LINE
  5
1822
330
70
100
AcDbEntity
  8
Visible
100
AcDbLine
 10
839.550855
 20
892.785852
 30
0.0
 11
839.465855
 21
892.801852
 31
0.0
  0
LINE
  5
1823
330
70
100
AcDbEntity
  8
Visible
100
AcDbLine
 10
839.637855
 20
892.772852
 30
0.0
 11
839.550855
 21
892.785852
 31
0.0
  0
LINE
  5
1824
330
70
100
AcDbEntity
  8
Visible
100
AcDbLine
 10
839.726855
 20
892.763852
 30
0.0
 11
839.637855
 21
892.772852
 31
0.0
  0
LINE
  5
1825
330
70
100
AcDbEntity
  8
Visible
100
AcDbLine
 10
839.816855
 20
892.758852
 30
0.0
 11
839.726855
 21
892.763852
 31
0.0
  0
LINE
  5
1826
330
70
100
AcDbEntity
  8
Visible
100
AcDbLine
 10
839.909855
 20
892.756852
 30
0.0
 11
839.816855
 21
892.758852
 31
0.0
  0
LINE
  5
1827
330
70
100
AcDbEntity
  8
Visible
100
AcDbLine
 10
839.974855
 20
892.757852
 30
0.0
 11
839.909855
 21
892.756852
 31
0.0
  0
LINE
  5
1828
330
70
100
AcDbEntity
  8
Visible
100
AcDbLine
 10
840.038855
 20
892.759852
 30
0.0
 11
839.974855
 21
892.757852
 31
0.0
  0
LINE
  5
1829
330
70
100
AcDbEntity
  8
Visible
100
AcDbLine
 10
840.102855
 20
892.764852
 30
0.0
 11
840.038855
 21
892.759852
 31
0.0
  0
LINE
  5
182A
330
70
100
AcDbEntity
  8
Visible
100
AcDbLine
 10
840.165855
 20
892.769852
 30
0.0
 11
840.102855
 21
892.764852
 31
0.0
  0
LINE
  5
182B
330
70
100
AcDbEntity
  8
Visible
100
AcDbLine
 10
840.228855
 20
892.777852
 30
0.0
 11
840.165855
 21
892.769852
 31
0.0
  0
LINE
  5
182C
330
70
100
AcDbEntity
  8
Visible
100
AcDbLine
 10
840.290855
 20
892.786852
 30
0.0
 11
840.228855
 21
892.777852
 31
0.0
  0
LINE
  5
182D
330
70
100
AcDbEntity
  8
Visible
100
AcDbLine
 10
840.352855
 20
892.797852
 30
0.0
 11
840.290855
 21
892.786852
 31
0.0
  0
LINE
  5
182E
330
70
100
AcDbEntity
  8
Visible
100
AcDbLine
 10
840.414855
 20
892.810852
 30
0.0
 11
840.352855
 21
892.797852
 31
0.0
  0
LINE
  5
182F
330
70
100
AcDbEntity
  8
Visible
100
AcDbLine
 10
840.475855
 20
892.824852
 30
0.0
 11
840.414855
 21
892.810852
 31
0.0
  0
LINE
  5
1830
330
70
100
AcDbEntity
  8
Visible
100
AcDbLine
 10
840.536855
 20
892.840852
 30
0.0
 11
840.475855
 21
892.824852
 31
0.0
  0
LINE
  5
1831
330
70
100
AcDbEntity
  8
Visible
100
AcDbLine
 10
840.597855
 20
892.857852
 30
0.0
 11
840.536855
 21
892.840852
 31
0.0
  0
LINE
  5
1832
330
70
100
AcDbEntity
  8
Visible
100
AcDbLine
 10
840.657855
 20
892.876852
 30
0.0
 11
840.597855
 21
892.857852
 31
0.0
  0
LINE
  5
1833
330
70
100
AcDbEntity
  8
Visible
100
AcDbLine
 10
840.718855
 20
892.895852
 30
0.0
 11
840.657855
 21
892.876852
 31
0.0
  0
LINE
  5
1834
330
70
100
AcDbEntity
  8
Visible
100
AcDbLine
 10
840.779855
 20
892.915852
 30
0.0
 11
840.718855
 21
892.895852
 31
0.0
  0
LINE
  5
1835
330
70
100
AcDbEntity
  8
Visible
100
AcDbLine
 10
840.840855
 20
892.936852
 30
0.0
 11
840.779855
 21
892.915852
 31
0.0
  0
LINE
  5
1836
330
70
100
AcDbEntity
  8
Visible
100
AcDbLine
 10
840.901855
 20
892.958852
 30
0.0
 11
840.840855
 21
892.936852
 31
0.0
  0
LINE
  5
1837
330
70
100
AcDbEntity
  8
Visible
100
AcDbLine
 10
840.962855
 20
892.981852
 30
0.0
 11
840.901855
 21
892.958852
 31
0.0
  0
LINE
  5
1838
330
70
100
AcDbEntity
  8
Visible
100
AcDbLine
 10
841.023855
 20
893.005852
 30
0.0
 11
840.962855
 21
892.981852
 31
0.0
  0
LINE
  5
1839
330
70
100
AcDbEntity
  8
Visible
100
AcDbLine
 10
841.084855
 20
893.030852
 30
0.0
 11
841.023855
 21
893.005852
 31
0.0
  0
LINE
  5
183A
330
70
100
AcDbEntity
  8
Visible
100
AcDbLine
 10
841.145855
 20
893.056852
 30
0.0
 11
841.084855
 21
893.030852
 31
0.0
  0
LINE
  5
183B
330
70
100
AcDbEntity
  8
Visible
100
AcDbLine
 10
841.013855
 20
893.728852
 30
0.0
 11
841.145855
 21
893.056852
 31
0.0
  0
LINE
  5
183C
330
70
100
AcDbEntity
  8
Visible
100
AcDbLine
 10
840.956855
 20
893.707852
 30
0.0
 11
841.013855
 21
893.728852
 31
0.0
  0
LINE
  5
183D
330
70
100
AcDbEntity
  8
Visible
100
AcDbLine
 10
840.900855
 20
893.687852
 30
0.0
 11
840.956855
 21
893.707852
 31
0.0
  0
LINE
  5
183E
330
70
100
AcDbEntity
  8
Visible
100
AcDbLine
 10
840.845855
 20
893.668852
 30
0.0
 11
840.900855
 21
893.687852
 31
0.0
  0
LINE
  5
183F
330
70
100
AcDbEntity
  8
Visible
100
AcDbLine
 10
840.792855
 20
893.650852
 30
0.0
 11
840.845855
 21
893.668852
 31
0.0
  0
LINE
  5
1840
330
70
100
AcDbEntity
  8
Visible
100
AcDbLine
 10
840.739855
 20
893.634852
 30
0.0
 11
840.792855
 21
893.650852
 31
0.0
  0
LINE
  5
1841
330
70
100
AcDbEntity
  8
Visible
100
AcDbLine
 10
840.688855
 20
893.618852
 30
0.0
 11
840.739855
 21
893.634852
 31
0.0
  0
LINE
  5
1842
330
70
100
AcDbEntity
  8
Visible
100
AcDbLine
 10
840.638855
 20
893.603852
 30
0.0
 11
840.688855
 21
893.618852
 31
0.0
  0
LINE
  5
1843
330
70
100
AcDbEntity
  8
Visible
100
AcDbLine
 10
840.589855
 20
893.590852
 30
0.0
 11
840.638855
 21
893.603852
 31
0.0
  0
LINE
  5
1844
330
70
100
AcDbEntity
  8
Visible
100
AcDbLine
 10
840.541855
 20
893.577852
 30
0.0
 11
840.589855
 21
893.590852
 31
0.0
  0
LINE
  5
1845
330
70
100
AcDbEntity
  8
Visible
100
AcDbLine
 10
840.494855
 20
893.566852
 30
0.0
 11
840.541855
 21
893.577852
 31
0.0
  0
LINE
  5
1846
330
70
100
AcDbEntity
  8
Visible
100
AcDbLine
 10
840.448855
 20
893.556852
 30
0.0
 11
840.494855
 21
893.566852
 31
0.0
  0
LINE
  5
1847
330
70
100
AcDbEntity
  8
Visible
100
AcDbLine
 10
840.354855
 20
893.538852
 30
0.0
 11
840.448855
 21
893.556852
 31
0.0
  0
LINE
  5
1848
330
70
100
AcDbEntity
  8
Visible
100
AcDbLine
 10
840.307855
 20
893.531852
 30
0.0
 11
840.354855
 21
893.538852
 31
0.0
  0
LINE
  5
1849
330
70
100
AcDbEntity
  8
Visible
100
AcDbLine
 10
840.259855
 20
893.525852
 30
0.0
 11
840.307855
 21
893.531852
 31
0.0
  0
LINE
  5
184A
330
70
100
AcDbEntity
  8
Visible
100
AcDbLine
 10
840.163855
 20
893.517852
 30
0.0
 11
840.259855
 21
893.525852
 31
0.0
  0
LINE
  5
184B
330
70
100
AcDbEntity
  8
Visible
100
AcDbLine
 10
840.115855
 20
893.514852
 30
0.0
 11
840.163855
 21
893.517852
 31
0.0
  0
LINE
  5
184C
330
70
100
AcDbEntity
  8
Visible
100
AcDbLine
 10
840.017855
 20
893.512852
 30
0.0
 11
840.115855
 21
893.514852
 31
0.0
  0
LINE
  5
184D
330
70
100
AcDbEntity
  8
Visible
100
AcDbLine
 10
839.860855
 20
893.521852
 30
0.0
 11
840.017855
 21
893.512852
 31
0.0
  0
LINE
  5
184E
330
70
100
AcDbEntity
  8
Visible
100
AcDbLine
 10
839.719855
 20
893.548852
 30
0.0
 11
839.860855
 21
893.521852
 31
0.0
  0
LINE
  5
184F
330
70
100
AcDbEntity
  8
Visible
100
AcDbLine
 10
839.595855
 20
893.592852
 30
0.0
 11
839.719855
 21
893.548852
 31
0.0
  0
LINE
  5
1850
330
70
100
AcDbEntity
  8
Visible
100
AcDbLine
 10
839.487855
 20
893.654852
 30
0.0
 11
839.595855
 21
893.592852
 31
0.0
  0
LINE
  5
1851
330
70
100
AcDbEntity
  8
Visible
100
AcDbLine
 10
839.396855
 20
893.734852
 30
0.0
 11
839.487855
 21
893.654852
 31
0.0
  0
LINE
  5
1852
330
70
100
AcDbEntity
  8
Visible
100
AcDbLine
 10
839.321855
 20
893.832852
 30
0.0
 11
839.396855
 21
893.734852
 31
0.0
  0
LINE
  5
1853
330
70
100
AcDbEntity
  8
Visible
100
AcDbLine
 10
839.264855
 20
893.947852
 30
0.0
 11
839.321855
 21
893.832852
 31
0.0
  0
LINE
  5
1854
330
70
100
AcDbEntity
  8
Visible
100
AcDbLine
 10
839.222855
 20
894.080852
 30
0.0
 11
839.264855
 21
893.947852
 31
0.0
  0
LINE
  5
1855
330
70
100
AcDbEntity
  8
Visible
100
AcDbLine
 10
839.197855
 20
894.231852
 30
0.0
 11
839.222855
 21
894.080852
 31
0.0
  0
LINE
  5
1856
330
70
100
AcDbEntity
  8
Visible
100
AcDbLine
 10
839.189855
 20
894.400852
 30
0.0
 11
839.197855
 21
894.231852
 31
0.0
  0
LINE
  5
1857
330
70
100
AcDbEntity
  8
Visible
100
AcDbLine
 10
839.189855
 20
897.988852
 30
0.0
 11
839.189855
 21
894.400852
 31
0.0
  0
LINE
  5
1858
330
70
100
AcDbEntity
  8
Visible
100
AcDbLine
 10
841.001855
 20
897.988852
 30
0.0
 11
839.189855
 21
897.988852
 31
0.0
  0
LINE
  5
1859
330
70
100
AcDbEntity
  8
Visible
100
AcDbLine
 10
841.001855
 20
898.636852
 30
0.0
 11
841.001855
 21
897.988852
 31
0.0
  0
LINE
  5
185A
330
70
100
AcDbEntity
  8
Visible
100
AcDbLine
 10
839.189855
 20
898.636852
 30
0.0
 11
841.001855
 21
898.636852
 31
0.0
  0
LINE
  5
185B
330
70
100
AcDbEntity
  8
Visible
100
AcDbLine
 10
839.189855
 20
900.232852
 30
0.0
 11
839.189855
 21
898.636852
 31
0.0
  0
LINE
  5
185C
330
70
100
AcDbEntity
  8
Visible
100
AcDbLine
 10
838.265855
 20
900.232852
 30
0.0
 11
839.189855
 21
900.232852
 31
0.0
  0
LINE
  5
185D
330
70
100
AcDbEntity
  8
Visible
100
AcDbLine
 10
842.777855
 20
898.636852
 30
0.0
 11
842.777855
 21
900.232852
 31
0.0
  0
LINE
  5
185E
330
70
100
AcDbEntity
  8
Visible
100
AcDbLine
 10
841.853855
 20
898.636852
 30
0.0
 11
842.777855
 21
898.636852
 31
0.0
  0
LINE
  5
185F
330
70
100
AcDbEntity
  8
Visible
100
AcDbLine
 10
841.853855
 20
897.988852
 30
0.0
 11
841.853855
 21
898.636852
 31
0.0
  0
LINE
  5
1860
330
70
100
AcDbEntity
  8
Visible
100
AcDbLine
 10
842.777855
 20
897.988852
 30
0.0
 11
841.853855
 21
897.988852
 31
0.0
  0
LINE
  5
1861
330
70
100
AcDbEntity
  8
Visible
100
AcDbLine
 10
842.777855
 20
894.376852
 30
0.0
 11
842.777855
 21
897.988852
 31
0.0
  0
LINE
  5
1862
330
70
100
AcDbEntity
  8
Visible
100
AcDbLine
 10
842.779855
 20
894.270852
 30
0.0
 11
842.777855
 21
894.376852
 31
0.0
  0
LINE
  5
1863
330
70
100
AcDbEntity
  8
Visible
100
AcDbLine
 10
842.786855
 20
894.167852
 30
0.0
 11
842.779855
 21
894.270852
 31
0.0
  0
LINE
  5
1864
330
70
100
AcDbEntity
  8
Visible
100
AcDbLine
 10
842.796855
 20
894.068852
 30
0.0
 11
842.786855
 21
894.167852
 31
0.0
  0
LINE
  5
1865
330
70
100
AcDbEntity
  8
Visible
100
AcDbLine
 10
842.812855
 20
893.973852
 30
0.0
 11
842.796855
 21
894.068852
 31
0.0
  0
LINE
  5
1866
330
70
100
AcDbEntity
  8
Visible
100
AcDbLine
 10
842.831855
 20
893.881852
 30
0.0
 11
842.812855
 21
893.973852
 31
0.0
  0
LINE
  5
1867
330
70
100
AcDbEntity
  8
Visible
100
AcDbLine
 10
842.855855
 20
893.793852
 30
0.0
 11
842.831855
 21
893.881852
 31
0.0
  0
LINE
  5
1868
330
70
100
AcDbEntity
  8
Visible
100
AcDbLine
 10
842.883855
 20
893.708852
 30
0.0
 11
842.855855
 21
893.793852
 31
0.0
  0
LINE
  5
1869
330
70
100
AcDbEntity
  8
Visible
100
AcDbLine
 10
842.915855
 20
893.627852
 30
0.0
 11
842.883855
 21
893.708852
 31
0.0
  0
LINE
  5
186A
330
70
100
AcDbEntity
  8
Visible
100
AcDbLine
 10
842.952855
 20
893.550852
 30
0.0
 11
842.915855
 21
893.627852
 31
0.0
  0
LINE
  5
186B
330
70
100
AcDbEntity
  8
Visible
100
AcDbLine
 10
842.993855
 20
893.476852
 30
0.0
 11
842.952855
 21
893.550852
 31
0.0
  0
LINE
  5
186C
330
70
100
AcDbEntity
  8
Visible
100
AcDbLine
 10
843.038855
 20
893.406852
 30
0.0
 11
842.993855
 21
893.476852
 31
0.0
  0
LINE
  5
186D
330
70
100
AcDbEntity
  8
Visible
100
AcDbLine
 10
843.086855
 20
893.339852
 30
0.0
 11
843.038855
 21
893.406852
 31
0.0
  0
LINE
  5
186E
330
70
100
AcDbEntity
  8
Visible
100
AcDbLine
 10
843.137855
 20
893.276852
 30
0.0
 11
843.086855
 21
893.339852
 31
0.0
  0
LINE
  5
186F
330
70
100
AcDbEntity
  8
Visible
100
AcDbLine
 10
843.191855
 20
893.217852
 30
0.0
 11
843.137855
 21
893.276852
 31
0.0
  0
LINE
  5
1870
330
70
100
AcDbEntity
  8
Visible
100
AcDbLine
 10
843.248855
 20
893.161852
 30
0.0
 11
843.191855
 21
893.217852
 31
0.0
  0
LINE
  5
1871
330
70
100
AcDbEntity
  8
Visible
100
AcDbLine
 10
843.308855
 20
893.109852
 30
0.0
 11
843.248855
 21
893.161852
 31
0.0
  0
LINE
  5
1872
330
70
100
AcDbEntity
  8
Visible
100
AcDbLine
 10
843.372855
 20
893.060852
 30
0.0
 11
843.308855
 21
893.109852
 31
0.0
  0
LINE
  5
1873
330
70
100
AcDbEntity
  8
Visible
100
AcDbLine
 10
843.438855
 20
893.015852
 30
0.0
 11
843.372855
 21
893.060852
 31
0.0
  0
LINE
  5
1874
330
70
100
AcDbEntity
  8
Visible
100
AcDbLine
 10
843.508855
 20
892.974852
 30
0.0
 11
843.438855
 21
893.015852
 31
0.0
  0
LINE
  5
1875
330
70
100
AcDbEntity
  8
Visible
100
AcDbLine
 10
843.581855
 20
892.936852
 30
0.0
 11
843.508855
 21
892.974852
 31
0.0
  0
LINE
  5
1876
330
70
100
AcDbEntity
  8
Visible
100
AcDbLine
 10
843.656855
 20
892.902852
 30
0.0
 11
843.581855
 21
892.936852
 31
0.0
  0
LINE
  5
1877
330
70
100
AcDbEntity
  8
Visible
100
AcDbLine
 10
843.734855
 20
892.871852
 30
0.0
 11
843.656855
 21
892.902852
 31
0.0
  0
LINE
  5
1878
330
70
100
AcDbEntity
  8
Visible
100
AcDbLine
 10
843.813855
 20
892.844852
 30
0.0
 11
843.734855
 21
892.871852
 31
0.0
  0
LINE
  5
1879
330
70
100
AcDbEntity
  8
Visible
100
AcDbLine
 10
843.894855
 20
892.821852
 30
0.0
 11
843.813855
 21
892.844852
 31
0.0
  0
LINE
  5
187A
330
70
100
AcDbEntity
  8
Visible
100
AcDbLine
 10
843.977855
 20
892.801852
 30
0.0
 11
843.894855
 21
892.821852
 31
0.0
  0
LINE
  5
187B
330
70
100
AcDbEntity
  8
Visible
100
AcDbLine
 10
844.062855
 20
892.785852
 30
0.0
 11
843.977855
 21
892.801852
 31
0.0
  0
LINE
  5
187C
330
70
100
AcDbEntity
  8
Visible
100
AcDbLine
 10
844.149855
 20
892.772852
 30
0.0
 11
844.062855
 21
892.785852
 31
0.0
  0
LINE
  5
187D
330
70
100
AcDbEntity
  8
Visible
100
AcDbLine
 10
844.238855
 20
892.763852
 30
0.0
 11
844.149855
 21
892.772852
 31
0.0
  0
LINE
  5
187E
330
70
100
AcDbEntity
  8
Visible
100
AcDbLine
 10
844.328855
 20
892.758852
 30
0.0
 11
844.238855
 21
892.763852
 31
0.0
  0
LINE
  5
187F
330
70
100
AcDbEntity
  8
Visible
100
AcDbLine
 10
844.421855
 20
892.756852
 30
0.0
 11
844.328855
 21
892.758852
 31
0.0
  0
LINE
  5
1880
330
70
100
AcDbEntity
  8
Visible
100
AcDbLine
 10
844.486855
 20
892.757852
 30
0.0
 11
844.421855
 21
892.756852
 31
0.0
  0
LINE
  5
1881
330
70
100
AcDbEntity
  8
Visible
100
AcDbLine
 10
844.550855
 20
892.759852
 30
0.0
 11
844.486855
 21
892.757852
 31
0.0
  0
LINE
  5
1882
330
70
100
AcDbEntity
  8
Visible
100
AcDbLine
 10
844.614855
 20
892.764852
 30
0.0
 11
844.550855
 21
892.759852
 31
0.0
  0
LINE
  5
1883
330
70
100
AcDbEntity
  8
Visible
100
AcDbLine
 10
844.677855
 20
892.769852
 30
0.0
 11
844.614855
 21
892.764852
 31
0.0
  0
LINE
  5
1884
330
70
100
AcDbEntity
  8
Visible
100
AcDbLine
 10
844.740855
 20
892.777852
 30
0.0
 11
844.677855
 21
892.769852
 31
0.0
  0
LINE
  5
1885
330
70
100
AcDbEntity
  8
Visible
100
AcDbLine
 10
844.802855
 20
892.786852
 30
0.0
 11
844.740855
 21
892.777852
 31
0.0
  0
LINE
  5
1886
330
70
100
AcDbEntity
  8
Visible
100
AcDbLine
 10
844.864855
 20
892.797852
 30
0.0
 11
844.802855
 21
892.786852
 31
0.0
  0
LINE
  5
1887
330
70
100
AcDbEntity
  8
Visible
100
AcDbLine
 10
844.926855
 20
892.810852
 30
0.0
 11
844.864855
 21
892.797852
 31
0.0
  0
LINE
  5
1888
330
70
100
AcDbEntity
  8
Visible
100
AcDbLine
 10
844.987855
 20
892.824852
 30
0.0
 11
844.926855
 21
892.810852
 31
0.0
  0
LINE
  5
1889
330
70
100
AcDbEntity
  8
Visible
100
AcDbLine
 10
845.048855
 20
892.840852
 30
0.0
 11
844.987855
 21
892.824852
 31
0.0
  0
LINE
  5
188A
330
70
100
AcDbEntity
  8
Visible
100
AcDbLine
 10
845.109855
 20
892.857852
 30
0.0
 11
845.048855
 21
892.840852
 31
0.0
  0
LINE
  5
188B
330
70
100
AcDbEntity
  8
Visible
100
AcDbLine
 10
845.169855
 20
892.876852
 30
0.0
 11
845.109855
 21
892.857852
 31
0.0
  0
LINE
  5
188C
330
70
100
AcDbEntity
  8
Visible
100
AcDbLine
 10
845.230855
 20
892.895852
 30
0.0
 11
845.169855
 21
892.876852
 31
0.0
  0
LINE
  5
188D
330
70
100
AcDbEntity
  8
Visible
100
AcDbLine
 10
845.291855
 20
892.915852
 30
0.0
 11
845.230855
 21
892.895852
 31
0.0
  0
LINE
  5
188E
330
70
100
AcDbEntity
  8
Visible
100
AcDbLine
 10
845.352855
 20
892.936852
 30
0.0
 11
845.291855
 21
892.915852
 31
0.0
  0
LINE
  5
188F
330
70
100
AcDbEntity
  8
Visible
100
AcDbLine
 10
845.413855
 20
892.958852
 30
0.0
 11
845.352855
 21
892.936852
 31
0.0
  0
LINE
  5
1890
330
70
100
AcDbEntity
  8
Visible
100
AcDbLine
 10
845.474855
 20
892.981852
 30
0.0
 11
845.413855
 21
892.958852
 31
0.0
  0
LINE
  5
1891
330
70
100
AcDbEntity
  8
Visible
100
AcDbLine
 10
845.535855
 20
893.005852
 30
0.0
 11
845.474855
 21
892.981852
 31
0.0
  0
LINE
  5
1892
330
70
100
AcDbEntity
  8
Visible
100
AcDbLine
 10
845.596855
 20
893.030852
 30
0.0
 11
845.535855
 21
893.005852
 31
0.0
  0
LINE
  5
1893
330
70
100
AcDbEntity
  8
Visible
100
AcDbLine
 10
845.657855
 20
893.056852
 30
0.0
 11
845.596855
 21
893.030852
 31
0.0
  0
LINE
  5
1894
330
70
100
AcDbEntity
  8
Visible
100
AcDbLine
 10
845.525855
 20
893.728852
 30
0.0
 11
845.657855
 21
893.056852
 31
0.0
  0
LINE
  5
1895
330
70
100
AcDbEntity
  8
Visible
100
AcDbLine
 10
845.468855
 20
893.707852
 30
0.0
 11
845.525855
 21
893.728852
 31
0.0
  0
LINE
  5
1896
330
70
100
AcDbEntity
  8
Visible
100
AcDbLine
 10
845.412855
 20
893.687852
 30
0.0
 11
845.468855
 21
893.707852
 31
0.0
  0
LINE
  5
1897
330
70
100
AcDbEntity
  8
Visible
100
AcDbLine
 10
845.357855
 20
893.668852
 30
0.0
 11
845.412855
 21
893.687852
 31
0.0
  0
LINE
  5
1898
330
70
100
AcDbEntity
  8
Visible
100
AcDbLine
 10
845.304855
 20
893.650852
 30
0.0
 11
845.357855
 21
893.668852
 31
0.0
  0
LINE
  5
1899
330
70
100
AcDbEntity
  8
Visible
100
AcDbLine
 10
845.251855
 20
893.634852
 30
0.0
 11
845.304855
 21
893.650852
 31
0.0
  0
LINE
  5
189A
330
70
100
AcDbEntity
  8
Visible
100
AcDbLine
 10
845.200855
 20
893.618852
 30
0.0
 11
845.251855
 21
893.634852
 31
0.0
  0
LINE
  5
189B
330
70
100
AcDbEntity
  8
Visible
100
AcDbLine
 10
845.150855
 20
893.603852
 30
0.0
 11
845.200855
 21
893.618852
 31
0.0
  0
LINE
  5
189C
330
70
100
AcDbEntity
  8
Visible
100
AcDbLine
 10
845.101855
 20
893.590852
 30
0.0
 11
845.150855
 21
893.603852
 31
0.0
  0
LINE
  5
189D
330
70
100
AcDbEntity
  8
Visible
100
AcDbLine
 10
845.053855
 20
893.577852
 30
0.0
 11
845.101855
 21
893.590852
 31
0.0
  0
LINE
  5
189E
330
70
100
AcDbEntity
  8
Visible
100
AcDbLine
 10
845.006855
 20
893.566852
 30
0.0
 11
845.053855
 21
893.577852
 31
0.0
  0
LINE
  5
189F
330
70
100
AcDbEntity
  8
Visible
100
AcDbLine
 10
844.960855
 20
893.556852
 30
0.0
 11
845.006855
 21
893.566852
 31
0.0
  0
LINE
  5
18A0
330
70
100
AcDbEntity
  8
Visible
100
AcDbLine
 10
844.866855
 20
893.538852
 30
0.0
 11
844.960855
 21
893.556852
 31
0.0
  0
LINE
  5
18A1
330
70
100
AcDbEntity
  8
Visible
100
AcDbLine
 10
844.819855
 20
893.531852
 30
0.0
 11
844.866855
 21
893.538852
 31
0.0
  0
LINE
  5
18A2
330
70
100
AcDbEntity
  8
Visible
100
AcDbLine
 10
844.771855
 20
893.525852
 30
0.0
 11
844.819855
 21
893.531852
 31
0.0
  0
LINE
  5
18A3
330
70
100
AcDbEntity
  8
Visible
100
AcDbLine
 10
844.675855
 20
893.517852
 30
0.0
 11
844.771855
 21
893.525852
 31
0.0
  0
LINE
  5
18A4
330
70
100
AcDbEntity
  8
Visible
100
AcDbLine
 10
844.627855
 20
893.514852
 30
0.0
 11
844.675855
 21
893.517852
 31
0.0
  0
LINE
  5
18A5
330
70
100
AcDbEntity
  8
Visible
100
AcDbLine
 10
844.529855
 20
893.512852
 30
0.0
 11
844.627855
 21
893.514852
 31
0.0
  0
LINE
  5
18A6
330
70
100
AcDbEntity
  8
Visible
100
AcDbLine
 10
844.372855
 20
893.521852
 30
0.0
 11
844.529855
 21
893.512852
 31
0.0
  0
LINE
  5
18A7
330
70
100
AcDbEntity
  8
Visible
100
AcDbLine
 10
844.231855
 20
893.548852
 30
0.0
 11
844.372855
 21
893.521852
 31
0.0
  0
LINE
  5
18A8
330
70
100
AcDbEntity
  8
Visible
100
AcDbLine
 10
844.107855
 20
893.592852
 30
0.0
 11
844.231855
 21
893.548852
 31
0.0
  0
LINE
  5
18A9
330
70
100
AcDbEntity
  8
Visible
100
AcDbLine
 10
843.999855
 20
893.654852
 30
0.0
 11
844.107855
 21
893.592852
 31
0.0
  0
LINE
  5
18AA
330
70
100
AcDbEntity
  8
Visible
100
AcDbLine
 10
843.908855
 20
893.734852
 30
0.0
 11
843.999855
 21
893.654852
 31
0.0
  0
LINE
  5
18AB
330
70
100
AcDbEntity
  8
Visible
100
AcDbLine
 10
843.833855
 20
893.832852
 30
0.0
 11
843.908855
 21
893.734852
 31
0.0
  0
LINE
  5
18AC
330
70
100
AcDbEntity
  8
Visible
100
AcDbLine
 10
843.776855
 20
893.947852
 30
0.0
 11
843.833855
 21
893.832852
 31
0.0
  0
LINE
  5
18AD
330
70
100
AcDbEntity
  8
Visible
100
AcDbLine
 10
843.734855
 20
894.080852
 30
0.0
 11
843.776855
 21
893.947852
 31
0.0
  0
LINE
  5
18AE
330
70
100
AcDbEntity
  8
Visible
100
AcDbLine
 10
843.709855
 20
894.231852
 30
0.0
 11
843.734855
 21
894.080852
 31
0.0
  0
LINE
  5
18AF
330
70
100
AcDbEntity
  8
Visible
100
AcDbLine
 10
843.701855
 20
894.400852
 30
0.0
 11
843.709855
 21
894.231852
 31
0.0
  0
LINE
  5
18B0
330
70
100
AcDbEntity
  8
Visible
100
AcDbLine
 10
843.701855
 20
897.988852
 30
0.0
 11
843.701855
 21
894.400852
 31
0.0
  0
LINE
  5
18B1
330
70
100
AcDbEntity
  8
Visible
100
AcDbLine
 10
845.513855
 20
897.988852
 30
0.0
 11
843.701855
 21
897.988852
 31
0.0
  0
LINE
  5
18B2
330
70
100
AcDbEntity
  8
Visible
100
AcDbLine
 10
845.513855
 20
898.636852
 30
0.0
 11
845.513855
 21
897.988852
 31
0.0
  0
LINE
  5
18B3
330
70
100
AcDbEntity
  8
Visible
100
AcDbLine
 10
843.701855
 20
898.636852
 30
0.0
 11
845.513855
 21
898.636852
 31
0.0
  0
LINE
  5
18B4
330
70
100
AcDbEntity
  8
Visible
100
AcDbLine
 10
843.701855
 20
900.232852
 30
0.0
 11
843.701855
 21
898.636852
 31
0.0
  0
LINE
  5
18B5
330
70
100
AcDbEntity
  8
Visible
100
AcDbLine
 10
842.777855
 20
900.232852
 30
0.0
 11
843.701855
 21
900.232852
 31
0.0
  0
LINE
  5
18B6
330
70
100
AcDbEntity
  8
Visible
100
AcDbLine
 10
849.546855
 20
892.770852
 30
0.0
 11
849.397855
 21
892.759852
 31
0.0
  0
LINE
  5
18B7
330
70
100
AcDbEntity
  8
Visible
100
AcDbLine
 10
849.691855
 20
892.787852
 30
0.0
 11
849.546855
 21
892.770852
 31
0.0
  0
LINE
  5
18B8
330
70
100
AcDbEntity
  8
Visible
100
AcDbLine
 10
849.833855
 20
892.811852
 30
0.0
 11
849.691855
 21
892.787852
 31
0.0
  0
LINE
  5
18B9
330
70
100
AcDbEntity
  8
Visible
100
AcDbLine
 10
849.972855
 20
892.841852
 30
0.0
 11
849.833855
 21
892.811852
 31
0.0
  0
LINE
  5
18BA
330
70
100
AcDbEntity
  8
Visible
100
AcDbLine
 10
850.107855
 20
892.879852
 30
0.0
 11
849.972855
 21
892.841852
 31
0.0
  0
LINE
  5
18BB
330
70
100
AcDbEntity
  8
Visible
100
AcDbLine
 10
850.239855
 20
892.924852
 30
0.0
 11
850.107855
 21
892.879852
 31
0.0
  0
LINE
  5
18BC
330
70
100
AcDbEntity
  8
Visible
100
AcDbLine
 10
850.368855
 20
892.975852
 30
0.0
 11
850.239855
 21
892.924852
 31
0.0
  0
LINE
  5
18BD
330
70
100
AcDbEntity
  8
Visible
100
AcDbLine
 10
850.494855
 20
893.033852
 30
0.0
 11
850.368855
 21
892.975852
 31
0.0
  0
LINE
  5
18BE
330
70
100
AcDbEntity
  8
Visible
100
AcDbLine
 10
850.616855
 20
893.098852
 30
0.0
 11
850.494855
 21
893.033852
 31
0.0
  0
LINE
  5
18BF
330
70
100
AcDbEntity
  8
Visible
100
AcDbLine
 10
850.734855
 20
893.170852
 30
0.0
 11
850.616855
 21
893.098852
 31
0.0
  0
LINE
  5
18C0
330
70
100
AcDbEntity
  8
Visible
100
AcDbLine
 10
850.847855
 20
893.248852
 30
0.0
 11
850.734855
 21
893.170852
 31
0.0
  0
LINE
  5
18C1
330
70
100
AcDbEntity
  8
Visible
100
AcDbLine
 10
850.955855
 20
893.333852
 30
0.0
 11
850.847855
 21
893.248852
 31
0.0
  0
LINE
  5
18C2
330
70
100
AcDbEntity
  8
Visible
100
AcDbLine
 10
851.057855
 20
893.424852
 30
0.0
 11
850.955855
 21
893.333852
 31
0.0
  0
LINE
  5
18C3
330
70
100
AcDbEntity
  8
Visible
100
AcDbLine
 10
851.155855
 20
893.523852
 30
0.0
 11
851.057855
 21
893.424852
 31
0.0
  0
LINE
  5
18C4
330
70
100
AcDbEntity
  8
Visible
100
AcDbLine
 10
851.247855
 20
893.627852
 30
0.0
 11
851.155855
 21
893.523852
 31
0.0
  0
LINE
  5
18C5
330
70
100
AcDbEntity
  8
Visible
100
AcDbLine
 10
851.334855
 20
893.739852
 30
0.0
 11
851.247855
 21
893.627852
 31
0.0
  0
LINE
  5
18C6
330
70
100
AcDbEntity
  8
Visible
100
AcDbLine
 10
851.416855
 20
893.856852
 30
0.0
 11
851.334855
 21
893.739852
 31
0.0
  0
LINE
  5
18C7
330
70
100
AcDbEntity
  8
Visible
100
AcDbLine
 10
851.492855
 20
893.981852
 30
0.0
 11
851.416855
 21
893.856852
 31
0.0
  0
LINE
  5
18C8
330
70
100
AcDbEntity
  8
Visible
100
AcDbLine
 10
851.564855
 20
894.112852
 30
0.0
 11
851.492855
 21
893.981852
 31
0.0
  0
LINE
  5
18C9
330
70
100
AcDbEntity
  8
Visible
100
AcDbLine
 10
851.630855
 20
894.250852
 30
0.0
 11
851.564855
 21
894.112852
 31
0.0
  0
LINE
  5
18CA
330
70
100
AcDbEntity
  8
Visible
100
AcDbLine
 10
851.688855
 20
894.393852
 30
0.0
 11
851.630855
 21
894.250852
 31
0.0
  0
LINE
  5
18CB
330
70
100
AcDbEntity
  8
Visible
100
AcDbLine
 10
851.740855
 20
894.543852
 30
0.0
 11
851.688855
 21
894.393852
 31
0.0
  0
LINE
  5
18CC
330
70
100
AcDbEntity
  8
Visible
100
AcDbLine
 10
851.785855
 20
894.700852
 30
0.0
 11
851.740855
 21
894.543852
 31
0.0
  0
LINE
  5
18CD
330
70
100
AcDbEntity
  8
Visible
100
AcDbLine
 10
851.823855
 20
894.862852
 30
0.0
 11
851.785855
 21
894.700852
 31
0.0
  0
LINE
  5
18CE
330
70
100
AcDbEntity
  8
Visible
100
AcDbLine
 10
851.854855
 20
895.031852
 30
0.0
 11
851.823855
 21
894.862852
 31
0.0
  0
LINE
  5
18CF
330
70
100
AcDbEntity
  8
Visible
100
AcDbLine
 10
851.878855
 20
895.206852
 30
0.0
 11
851.854855
 21
895.031852
 31
0.0
  0
LINE
  5
18D0
330
70
100
AcDbEntity
  8
Visible
100
AcDbLine
 10
851.895855
 20
895.387852
 30
0.0
 11
851.878855
 21
895.206852
 31
0.0
  0
LINE
  5
18D1
330
70
100
AcDbEntity
  8
Visible
100
AcDbLine
 10
851.906855
 20
895.574852
 30
0.0
 11
851.895855
 21
895.387852
 31
0.0
  0
LINE
  5
18D2
330
70
100
AcDbEntity
  8
Visible
100
AcDbLine
 10
851.909855
 20
895.768852
 30
0.0
 11
851.906855
 21
895.574852
 31
0.0
  0
LINE
  5
18D3
330
70
100
AcDbEntity
  8
Visible
100
AcDbLine
 10
851.906855
 20
895.963852
 30
0.0
 11
851.909855
 21
895.768852
 31
0.0
  0
LINE
  5
18D4
330
70
100
AcDbEntity
  8
Visible
100
AcDbLine
 10
851.895855
 20
896.151852
 30
0.0
 11
851.906855
 21
895.963852
 31
0.0
  0
LINE
  5
18D5
330
70
100
AcDbEntity
  8
Visible
100
AcDbLine
 10
851.878855
 20
896.333852
 30
0.0
 11
851.895855
 21
896.151852
 31
0.0
  0
LINE
  5
18D6
330
70
100
AcDbEntity
  8
Visible
100
AcDbLine
 10
851.854855
 20
896.509852
 30
0.0
 11
851.878855
 21
896.333852
 31
0.0
  0
LINE
  5
18D7
330
70
100
AcDbEntity
  8
Visible
100
AcDbLine
 10
851.823855
 20
896.678852
 30
0.0
 11
851.854855
 21
896.509852
 31
0.0
  0
LINE
  5
18D8
330
70
100
AcDbEntity
  8
Visible
100
AcDbLine
 10
851.785855
 20
896.840852
 30
0.0
 11
851.823855
 21
896.678852
 31
0.0
  0
LINE
  5
18D9
330
70
100
AcDbEntity
  8
Visible
100
AcDbLine
 10
851.740855
 20
896.997852
 30
0.0
 11
851.785855
 21
896.840852
 31
0.0
  0
LINE
  5
18DA
330
70
100
AcDbEntity
  8
Visible
100
AcDbLine
 10
851.688855
 20
897.147852
 30
0.0
 11
851.740855
 21
896.997852
 31
0.0
  0
LINE
  5
18DB
330
70
100
AcDbEntity
  8
Visible
100
AcDbLine
 10
851.630855
 20
897.290852
 30
0.0
 11
851.688855
 21
897.147852
 31
0.0
  0
LINE
  5
18DC
330
70
100
AcDbEntity
  8
Visible
100
AcDbLine
 10
851.564855
 20
897.427852
 30
0.0
 11
851.630855
 21
897.290852
 31
0.0
  0
LINE
  5
18DD
330
70
100
AcDbEntity
  8
Visible
100
AcDbLine
 10
851.492855
 20
897.558852
 30
0.0
 11
851.564855
 21
897.427852
 31
0.0
  0
LINE
  5
18DE
330
70
100
AcDbEntity
  8
Visible
100
AcDbLine
 10
851.416855
 20
897.682852
 30
0.0
 11
851.492855
 21
897.558852
 31
0.0
  0
LINE
  5
18DF
330
70
100
AcDbEntity
  8
Visible
100
AcDbLine
 10
851.334855
 20
897.799852
 30
0.0
 11
851.416855
 21
897.682852
 31
0.0
  0
LINE
  5
18E0
330
70
100
AcDbEntity
  8
Visible
100
AcDbLine
 10
851.247855
 20
897.910852
 30
0.0
 11
851.334855
 21
897.799852
 31
0.0
  0
LINE
  5
18E1
330
70
100
AcDbEntity
  8
Visible
100
AcDbLine
 10
851.155855
 20
898.014852
 30
0.0
 11
851.247855
 21
897.910852
 31
0.0
  0
LINE
  5
18E2
330
70
100
AcDbEntity
  8
Visible
100
AcDbLine
 10
851.057855
 20
898.112852
 30
0.0
 11
851.155855
 21
898.014852
 31
0.0
  0
LINE
  5
18E3
330
70
100
AcDbEntity
  8
Visible
100
AcDbLine
 10
850.955855
 20
898.203852
 30
0.0
 11
851.057855
 21
898.112852
 31
0.0
  0
LINE
  5
18E4
330
70
100
AcDbEntity
  8
Visible
100
AcDbLine
 10
850.847855
 20
898.288852
 30
0.0
 11
850.955855
 21
898.203852
 31
0.0
  0
LINE
  5
18E5
330
70
100
AcDbEntity
  8
Visible
100
AcDbLine
 10
850.734855
 20
898.366852
 30
0.0
 11
850.847855
 21
898.288852
 31
0.0
  0
LINE
  5
18E6
330
70
100
AcDbEntity
  8
Visible
100
AcDbLine
 10
850.616855
 20
898.438852
 30
0.0
 11
850.734855
 21
898.366852
 31
0.0
  0
LINE
  5
18E7
330
70
100
AcDbEntity
  8
Visible
100
AcDbLine
 10
850.494855
 20
898.503852
 30
0.0
 11
850.616855
 21
898.438852
 31
0.0
  0
LINE
  5
18E8
330
70
100
AcDbEntity
  8
Visible
100
AcDbLine
 10
850.368855
 20
898.561852
 30
0.0
 11
850.494855
 21
898.503852
 31
0.0
  0
LINE
  5
18E9
330
70
100
AcDbEntity
  8
Visible
100
AcDbLine
 10
850.239855
 20
898.612852
 30
0.0
 11
850.368855
 21
898.561852
 31
0.0
  0
LINE
  5
18EA
330
70
100
AcDbEntity
  8
Visible
100
AcDbLine
 10
850.107855
 20
898.657852
 30
0.0
 11
850.239855
 21
898.612852
 31
0.0
  0
LINE
  5
18EB
330
70
100
AcDbEntity
  8
Visible
100
AcDbLine
 10
849.972855
 20
898.695852
 30
0.0
 11
850.107855
 21
898.657852
 31
0.0
  0
LINE
  5
18EC
330
70
100
AcDbEntity
  8
Visible
100
AcDbLine
 10
849.833855
 20
898.725852
 30
0.0
 11
849.972855
 21
898.695852
 31
0.0
  0
LINE
  5
18ED
330
70
100
AcDbEntity
  8
Visible
100
AcDbLine
 10
849.691855
 20
898.749852
 30
0.0
 11
849.833855
 21
898.725852
 31
0.0
  0
LINE
  5
18EE
330
70
100
AcDbEntity
  8
Visible
100
AcDbLine
 10
849.546855
 20
898.766852
 30
0.0
 11
849.691855
 21
898.749852
 31
0.0
  0
LINE
  5
18EF
330
70
100
AcDbEntity
  8
Visible
100
AcDbLine
 10
849.397855
 20
898.777852
 30
0.0
 11
849.546855
 21
898.766852
 31
0.0
  0
LINE
  5
18F0
330
70
100
AcDbEntity
  8
Visible
100
AcDbLine
 10
849.245855
 20
898.780852
 30
0.0
 11
849.397855
 21
898.777852
 31
0.0
  0
LINE
  5
18F1
330
70
100
AcDbEntity
  8
Visible
100
AcDbLine
 10
849.092855
 20
898.777852
 30
0.0
 11
849.245855
 21
898.780852
 31
0.0
  0
LINE
  5
18F2
330
70
100
AcDbEntity
  8
Visible
100
AcDbLine
 10
848.942855
 20
898.766852
 30
0.0
 11
849.092855
 21
898.777852
 31
0.0
  0
LINE
  5
18F3
330
70
100
AcDbEntity
  8
Visible
100
AcDbLine
 10
848.796855
 20
898.749852
 30
0.0
 11
848.942855
 21
898.766852
 31
0.0
  0
LINE
  5
18F4
330
70
100
AcDbEntity
  8
Visible
100
AcDbLine
 10
848.653855
 20
898.725852
 30
0.0
 11
848.796855
 21
898.749852
 31
0.0
  0
LINE
  5
18F5
330
70
100
AcDbEntity
  8
Visible
100
AcDbLine
 10
848.514855
 20
898.695852
 30
0.0
 11
848.653855
 21
898.725852
 31
0.0
  0
LINE
  5
18F6
330
70
100
AcDbEntity
  8
Visible
100
AcDbLine
 10
848.378855
 20
898.657852
 30
0.0
 11
848.514855
 21
898.695852
 31
0.0
  0
LINE
  5
18F7
330
70
100
AcDbEntity
  8
Visible
100
AcDbLine
 10
848.245855
 20
898.612852
 30
0.0
 11
848.378855
 21
898.657852
 31
0.0
  0
LINE
  5
18F8
330
70
100
AcDbEntity
  8
Visible
100
AcDbLine
 10
848.116855
 20
898.561852
 30
0.0
 11
848.245855
 21
898.612852
 31
0.0
  0
LINE
  5
18F9
330
70
100
AcDbEntity
  8
Visible
100
AcDbLine
 10
847.990855
 20
898.503852
 30
0.0
 11
848.116855
 21
898.561852
 31
0.0
  0
LINE
  5
18FA
330
70
100
AcDbEntity
  8
Visible
100
AcDbLine
 10
847.868855
 20
898.438852
 30
0.0
 11
847.990855
 21
898.503852
 31
0.0
  0
LINE
  5
18FB
330
70
100
AcDbEntity
  8
Visible
100
AcDbLine
 10
847.750855
 20
898.366852
 30
0.0
 11
847.868855
 21
898.438852
 31
0.0
  0
LINE
  5
18FC
330
70
100
AcDbEntity
  8
Visible
100
AcDbLine
 10
847.637855
 20
898.288852
 30
0.0
 11
847.750855
 21
898.366852
 31
0.0
  0
LINE
  5
18FD
330
70
100
AcDbEntity
  8
Visible
100
AcDbLine
 10
847.529855
 20
898.203852
 30
0.0
 11
847.637855
 21
898.288852
 31
0.0
  0
LINE
  5
18FE
330
70
100
AcDbEntity
  8
Visible
100
AcDbLine
 10
847.426855
 20
898.112852
 30
0.0
 11
847.529855
 21
898.203852
 31
0.0
  0
LINE
  5
18FF
330
70
100
AcDbEntity
  8
Visible
100
AcDbLine
 10
847.329855
 20
898.014852
 30
0.0
 11
847.426855
 21
898.112852
 31
0.0
  0
LINE
  5
1900
330
70
100
AcDbEntity
  8
Visible
100
AcDbLine
 10
847.236855
 20
897.910852
 30
0.0
 11
847.329855
 21
898.014852
 31
0.0
  0
LINE
  5
1901
330
70
100
AcDbEntity
  8
Visible
100
AcDbLine
 10
847.149855
 20
897.799852
 30
0.0
 11
847.236855
 21
897.910852
 31
0.0
  0
LINE
  5
1902
330
70
100
AcDbEntity
  8
Visible
100
AcDbLine
 10
847.066855
 20
897.682852
 30
0.0
 11
847.149855
 21
897.799852
 31
0.0
  0
LINE
  5
1903
330
70
100
AcDbEntity
  8
Visible
100
AcDbLine
 10
846.989855
 20
897.558852
 30
0.0
 11
847.066855
 21
897.682852
 31
0.0
  0
LINE
  5
1904
330
70
100
AcDbEntity
  8
Visible
100
AcDbLine
 10
846.917855
 20
897.427852
 30
0.0
 11
846.989855
 21
897.558852
 31
0.0
  0
LINE
  5
1905
330
70
100
AcDbEntity
  8
Visible
100
AcDbLine
 10
846.851855
 20
897.290852
 30
0.0
 11
846.917855
 21
897.427852
 31
0.0
  0
LINE
  5
1906
330
70
100
AcDbEntity
  8
Visible
100
AcDbLine
 10
846.792855
 20
897.147852
 30
0.0
 11
846.851855
 21
897.290852
 31
0.0
  0
LINE
  5
1907
330
70
100
AcDbEntity
  8
Visible
100
AcDbLine
 10
846.740855
 20
896.997852
 30
0.0
 11
846.792855
 21
897.147852
 31
0.0
  0
LINE
  5
1908
330
70
100
AcDbEntity
  8
Visible
100
AcDbLine
 10
846.694855
 20
896.840852
 30
0.0
 11
846.740855
 21
896.997852
 31
0.0
  0
LINE
  5
1909
330
70
100
AcDbEntity
  8
Visible
100
AcDbLine
 10
846.656855
 20
896.678852
 30
0.0
 11
846.694855
 21
896.840852
 31
0.0
  0
LINE
  5
190A
330
70
100
AcDbEntity
  8
Visible
100
AcDbLine
 10
846.625855
 20
896.509852
 30
0.0
 11
846.656855
 21
896.678852
 31
0.0
  0
LINE
  5
190B
330
70
100
AcDbEntity
  8
Visible
100
AcDbLine
 10
846.600855
 20
896.333852
 30
0.0
 11
846.625855
 21
896.509852
 31
0.0
  0
LINE
  5
190C
330
70
100
AcDbEntity
  8
Visible
100
AcDbLine
 10
846.583855
 20
896.151852
 30
0.0
 11
846.600855
 21
896.333852
 31
0.0
  0
LINE
  5
190D
330
70
100
AcDbEntity
  8
Visible
100
AcDbLine
 10
846.572855
 20
895.963852
 30
0.0
 11
846.583855
 21
896.151852
 31
0.0
  0
LINE
  5
190E
330
70
100
AcDbEntity
  8
Visible
100
AcDbLine
 10
846.569855
 20
895.768852
 30
0.0
 11
846.572855
 21
895.963852
 31
0.0
  0
LINE
  5
190F
330
70
100
AcDbEntity
  8
Visible
100
AcDbLine
 10
846.572855
 20
895.574852
 30
0.0
 11
846.569855
 21
895.768852
 31
0.0
  0
LINE
  5
1910
330
70
100
AcDbEntity
  8
Visible
100
AcDbLine
 10
846.583855
 20
895.387852
 30
0.0
 11
846.572855
 21
895.574852
 31
0.0
  0
LINE
  5
1911
330
70
100
AcDbEntity
  8
Visible
100
AcDbLine
 10
846.600855
 20
895.206852
 30
0.0
 11
846.583855
 21
895.387852
 31
0.0
  0
LINE
  5
1912
330
70
100
AcDbEntity
  8
Visible
100
AcDbLine
 10
846.625855
 20
895.031852
 30
0.0
 11
846.600855
 21
895.206852
 31
0.0
  0
LINE
  5
1913
330
70
100
AcDbEntity
  8
Visible
100
AcDbLine
 10
846.656855
 20
894.862852
 30
0.0
 11
846.625855
 21
895.031852
 31
0.0
  0
LINE
  5
1914
330
70
100
AcDbEntity
  8
Visible
100
AcDbLine
 10
846.694855
 20
894.700852
 30
0.0
 11
846.656855
 21
894.862852
 31
0.0
  0
LINE
  5
1915
330
70
100
AcDbEntity
  8
Visible
100
AcDbLine
 10
846.740855
 20
894.543852
 30
0.0
 11
846.694855
 21
894.700852
 31
0.0
  0
LINE
  5
1916
330
70
100
AcDbEntity
  8
Visible
100
AcDbLine
 10
846.792855
 20
894.393852
 30
0.0
 11
846.740855
 21
894.543852
 31
0.0
  0
LINE
  5
1917
330
70
100
AcDbEntity
  8
Visible
100
AcDbLine
 10
846.851855
 20
894.250852
 30
0.0
 11
846.792855
 21
894.393852
 31
0.0
  0
LINE
  5
1918
330
70
100
AcDbEntity
  8
Visible
100
AcDbLine
 10
846.917855
 20
894.112852
 30
0.0
 11
846.851855
 21
894.250852
 31
0.0
  0
LINE
  5
1919
330
70
100
AcDbEntity
  8
Visible
100
AcDbLine
 10
846.989855
 20
893.981852
 30
0.0
 11
846.917855
 21
894.112852
 31
0.0
  0
LINE
  5
191A
330
70
100
AcDbEntity
  8
Visible
100
AcDbLine
 10
847.066855
 20
893.856852
 30
0.0
 11
846.989855
 21
893.981852
 31
0.0
  0
LINE
  5
191B
330
70
100
AcDbEntity
  8
Visible
100
AcDbLine
 10
847.149855
 20
893.739852
 30
0.0
 11
847.066855
 21
893.856852
 31
0.0
  0
LINE
  5
191C
330
70
100
AcDbEntity
  8
Visible
100
AcDbLine
 10
847.236855
 20
893.627852
 30
0.0
 11
847.149855
 21
893.739852
 31
0.0
  0
LINE
  5
191D
330
70
100
AcDbEntity
  8
Visible
100
AcDbLine
 10
847.329855
 20
893.523852
 30
0.0
 11
847.236855
 21
893.627852
 31
0.0
  0
LINE
  5
191E
330
70
100
AcDbEntity
  8
Visible
100
AcDbLine
 10
847.426855
 20
893.424852
 30
0.0
 11
847.329855
 21
893.523852
 31
0.0
  0
LINE
  5
191F
330
70
100
AcDbEntity
  8
Visible
100
AcDbLine
 10
847.529855
 20
893.333852
 30
0.0
 11
847.426855
 21
893.424852
 31
0.0
  0
LINE
  5
1920
330
70
100
AcDbEntity
  8
Visible
100
AcDbLine
 10
847.637855
 20
893.248852
 30
0.0
 11
847.529855
 21
893.333852
 31
0.0
  0
LINE
  5
1921
330
70
100
AcDbEntity
  8
Visible
100
AcDbLine
 10
847.750855
 20
893.170852
 30
0.0
 11
847.637855
 21
893.248852
 31
0.0
  0
LINE
  5
1922
330
70
100
AcDbEntity
  8
Visible
100
AcDbLine
 10
847.868855
 20
893.098852
 30
0.0
 11
847.750855
 21
893.170852
 31
0.0
  0
LINE
  5
1923
330
70
100
AcDbEntity
  8
Visible
100
AcDbLine
 10
847.990855
 20
893.033852
 30
0.0
 11
847.868855
 21
893.098852
 31
0.0
  0
LINE
  5
1924
330
70
100
AcDbEntity
  8
Visible
100
AcDbLine
 10
848.116855
 20
892.975852
 30
0.0
 11
847.990855
 21
893.033852
 31
0.0
  0
LINE
  5
1925
330
70
100
AcDbEntity
  8
Visible
100
AcDbLine
 10
848.245855
 20
892.924852
 30
0.0
 11
848.116855
 21
892.975852
 31
0.0
  0
LINE
  5
1926
330
70
100
AcDbEntity
  8
Visible
100
AcDbLine
 10
848.378855
 20
892.879852
 30
0.0
 11
848.245855
 21
892.924852
 31
0.0
  0
LINE
  5
1927
330
70
100
AcDbEntity
  8
Visible
100
AcDbLine
 10
848.514855
 20
892.841852
 30
0.0
 11
848.378855
 21
892.879852
 31
0.0
  0
LINE
  5
1928
330
70
100
AcDbEntity
  8
Visible
100
AcDbLine
 10
848.653855
 20
892.811852
 30
0.0
 11
848.514855
 21
892.841852
 31
0.0
  0
LINE
  5
1929
330
70
100
AcDbEntity
  8
Visible
100
AcDbLine
 10
848.796855
 20
892.787852
 30
0.0
 11
848.653855
 21
892.811852
 31
0.0
  0
LINE
  5
192A
330
70
100
AcDbEntity
  8
Visible
100
AcDbLine
 10
848.942855
 20
892.770852
 30
0.0
 11
848.796855
 21
892.787852
 31
0.0
  0
LINE
  5
192B
330
70
100
AcDbEntity
  8
Visible
100
AcDbLine
 10
849.092855
 20
892.759852
 30
0.0
 11
848.942855
 21
892.770852
 31
0.0
  0
LINE
  5
192C
330
70
100
AcDbEntity
  8
Visible
100
AcDbLine
 10
849.245855
 20
892.756852
 30
0.0
 11
849.092855
 21
892.759852
 31
0.0
  0
LINE
  5
192D
330
70
100
AcDbEntity
  8
Visible
100
AcDbLine
 10
849.397855
 20
892.759852
 30
0.0
 11
849.245855
 21
892.756852
 31
0.0
  0
LINE
  5
192E
330
70
100
AcDbEntity
  8
Visible
100
AcDbLine
 10
858.522855
 20
897.495852
 30
0.0
 11
858.562834
 21
897.387727
 31
0.0
  0
LINE
  5
192F
330
70
100
AcDbEntity
  8
Visible
100
AcDbLine
 10
858.473855
 20
897.610852
 30
0.0
 11
858.522855
 21
897.495852
 31
0.0
  0
LINE
  5
1930
330
70
100
AcDbEntity
  8
Visible
100
AcDbLine
 10
858.419855
 20
897.720852
 30
0.0
 11
858.473855
 21
897.610852
 31
0.0
  0
LINE
  5
1931
330
70
100
AcDbEntity
  8
Visible
100
AcDbLine
 10
858.361855
 20
897.825852
 30
0.0
 11
858.419855
 21
897.720852
 31
0.0
  0
LINE
  5
1932
330
70
100
AcDbEntity
  8
Visible
100
AcDbLine
 10
858.298855
 20
897.925852
 30
0.0
 11
858.361855
 21
897.825852
 31
0.0
  0
LINE
  5
1933
330
70
100
AcDbEntity
  8
Visible
100
AcDbLine
 10
858.231855
 20
898.019852
 30
0.0
 11
858.298855
 21
897.925852
 31
0.0
  0
LINE
  5
1934
330
70
100
AcDbEntity
  8
Visible
100
AcDbLine
 10
858.159855
 20
898.109852
 30
0.0
 11
858.231855
 21
898.019852
 31
0.0
  0
LINE
  5
1935
330
70
100
AcDbEntity
  8
Visible
100
AcDbLine
 10
858.082855
 20
898.193852
 30
0.0
 11
858.159855
 21
898.109852
 31
0.0
  0
LINE
  5
1936
330
70
100
AcDbEntity
  8
Visible
100
AcDbLine
 10
858.002855
 20
898.272852
 30
0.0
 11
858.082855
 21
898.193852
 31
0.0
  0
LINE
  5
1937
330
70
100
AcDbEntity
  8
Visible
100
AcDbLine
 10
857.916855
 20
898.345852
 30
0.0
 11
858.002855
 21
898.272852
 31
0.0
  0
LINE
  5
1938
330
70
100
AcDbEntity
  8
Visible
100
AcDbLine
 10
857.826855
 20
898.414852
 30
0.0
 11
857.916855
 21
898.345852
 31
0.0
  0
LINE
  5
1939
330
70
100
AcDbEntity
  8
Visible
100
AcDbLine
 10
857.732855
 20
898.477852
 30
0.0
 11
857.826855
 21
898.414852
 31
0.0
  0
LINE
  5
193A
330
70
100
AcDbEntity
  8
Visible
100
AcDbLine
 10
857.633855
 20
898.535852
 30
0.0
 11
857.732855
 21
898.477852
 31
0.0
  0
LINE
  5
193B
330
70
100
AcDbEntity
  8
Visible
100
AcDbLine
 10
857.531855
 20
898.586852
 30
0.0
 11
857.633855
 21
898.535852
 31
0.0
  0
LINE
  5
193C
330
70
100
AcDbEntity
  8
Visible
100
AcDbLine
 10
857.425855
 20
898.632852
 30
0.0
 11
857.531855
 21
898.586852
 31
0.0
  0
LINE
  5
193D
330
70
100
AcDbEntity
  8
Visible
100
AcDbLine
 10
857.314855
 20
898.671852
 30
0.0
 11
857.425855
 21
898.632852
 31
0.0
  0
LINE
  5
193E
330
70
100
AcDbEntity
  8
Visible
100
AcDbLine
 10
857.200855
 20
898.704852
 30
0.0
 11
857.314855
 21
898.671852
 31
0.0
  0
LINE
  5
193F
330
70
100
AcDbEntity
  8
Visible
100
AcDbLine
 10
857.082855
 20
898.732852
 30
0.0
 11
857.200855
 21
898.704852
 31
0.0
  0
LINE
  5
1940
330
70
100
AcDbEntity
  8
Visible
100
AcDbLine
 10
856.960855
 20
898.753852
 30
0.0
 11
857.082855
 21
898.732852
 31
0.0
  0
LINE
  5
1941
330
70
100
AcDbEntity
  8
Visible
100
AcDbLine
 10
856.834855
 20
898.768852
 30
0.0
 11
856.960855
 21
898.753852
 31
0.0
  0
LINE
  5
1942
330
70
100
AcDbEntity
  8
Visible
100
AcDbLine
 10
856.705855
 20
898.777852
 30
0.0
 11
856.834855
 21
898.768852
 31
0.0
  0
LINE
  5
1943
330
70
100
AcDbEntity
  8
Visible
100
AcDbLine
 10
856.571855
 20
898.780852
 30
0.0
 11
856.705855
 21
898.777852
 31
0.0
  0
LINE
  5
1944
330
70
100
AcDbEntity
  8
Visible
100
AcDbLine
 10
856.436855
 20
898.777852
 30
0.0
 11
856.571855
 21
898.780852
 31
0.0
  0
LINE
  5
1945
330
70
100
AcDbEntity
  8
Visible
100
AcDbLine
 10
856.305855
 20
898.767852
 30
0.0
 11
856.436855
 21
898.777852
 31
0.0
  0
LINE
  5
1946
330
70
100
AcDbEntity
  8
Visible
100
AcDbLine
 10
856.178855
 20
898.750852
 30
0.0
 11
856.305855
 21
898.767852
 31
0.0
  0
LINE
  5
1947
330
70
100
AcDbEntity
  8
Visible
100
AcDbLine
 10
856.055855
 20
898.726852
 30
0.0
 11
856.178855
 21
898.750852
 31
0.0
  0
LINE
  5
1948
330
70
100
AcDbEntity
  8
Visible
100
AcDbLine
 10
855.936855
 20
898.696852
 30
0.0
 11
856.055855
 21
898.726852
 31
0.0
  0
LINE
  5
1949
330
70
100
AcDbEntity
  8
Visible
100
AcDbLine
 10
855.820855
 20
898.659852
 30
0.0
 11
855.936855
 21
898.696852
 31
0.0
  0
LINE
  5
194A
330
70
100
AcDbEntity
  8
Visible
100
AcDbLine
 10
855.709855
 20
898.615852
 30
0.0
 11
855.820855
 21
898.659852
 31
0.0
  0
LINE
  5
194B
330
70
100
AcDbEntity
  8
Visible
100
AcDbLine
 10
855.601855
 20
898.565852
 30
0.0
 11
855.709855
 21
898.615852
 31
0.0
  0
LINE
  5
194C
330
70
100
AcDbEntity
  8
Visible
100
AcDbLine
 10
855.498855
 20
898.508852
 30
0.0
 11
855.601855
 21
898.565852
 31
0.0
  0
LINE
  5
194D
330
70
100
AcDbEntity
  8
Visible
100
AcDbLine
 10
855.398855
 20
898.444852
 30
0.0
 11
855.498855
 21
898.508852
 31
0.0
  0
LINE
  5
194E
330
70
100
AcDbEntity
  8
Visible
100
AcDbLine
 10
855.302855
 20
898.374852
 30
0.0
 11
855.398855
 21
898.444852
 31
0.0
  0
LINE
  5
194F
330
70
100
AcDbEntity
  8
Visible
100
AcDbLine
 10
855.211855
 20
898.298852
 30
0.0
 11
855.302855
 21
898.374852
 31
0.0
  0
LINE
  5
1950
330
70
100
AcDbEntity
  8
Visible
100
AcDbLine
 10
855.124855
 20
898.216852
 30
0.0
 11
855.211855
 21
898.298852
 31
0.0
  0
LINE
  5
1951
330
70
100
AcDbEntity
  8
Visible
100
AcDbLine
 10
855.042855
 20
898.129852
 30
0.0
 11
855.124855
 21
898.216852
 31
0.0
  0
LINE
  5
1952
330
70
100
AcDbEntity
  8
Visible
100
AcDbLine
 10
854.964855
 20
898.036852
 30
0.0
 11
855.042855
 21
898.129852
 31
0.0
  0
LINE
  5
1953
330
70
100
AcDbEntity
  8
Visible
100
AcDbLine
 10
854.890855
 20
897.937852
 30
0.0
 11
854.964855
 21
898.036852
 31
0.0
  0
LINE
  5
1954
330
70
100
AcDbEntity
  8
Visible
100
AcDbLine
 10
854.821855
 20
897.832852
 30
0.0
 11
854.890855
 21
897.937852
 31
0.0
  0
LINE
  5
1955
330
70
100
AcDbEntity
  8
Visible
100
AcDbLine
 10
854.756855
 20
897.722852
 30
0.0
 11
854.821855
 21
897.832852
 31
0.0
  0
LINE
  5
1956
330
70
100
AcDbEntity
  8
Visible
100
AcDbLine
 10
854.695855
 20
897.606852
 30
0.0
 11
854.756855
 21
897.722852
 31
0.0
  0
LINE
  5
1957
330
70
100
AcDbEntity
  8
Visible
100
AcDbLine
 10
854.639855
 20
897.484852
 30
0.0
 11
854.695855
 21
897.606852
 31
0.0
  0
LINE
  5
1958
330
70
100
AcDbEntity
  8
Visible
100
AcDbLine
 10
854.531855
 20
898.636852
 30
0.0
 11
854.639855
 21
897.484852
 31
0.0
  0
LINE
  5
1959
330
70
100
AcDbEntity
  8
Visible
100
AcDbLine
 10
853.727855
 20
898.636852
 30
0.0
 11
854.531855
 21
898.636852
 31
0.0
  0
LINE
  5
195A
330
70
100
AcDbEntity
  8
Visible
100
AcDbLine
 10
853.727855
 20
892.900852
 30
0.0
 11
853.727855
 21
898.636852
 31
0.0
  0
LINE
  5
195B
330
70
100
AcDbEntity
  8
Visible
100
AcDbLine
 10
854.663855
 20
892.900852
 30
0.0
 11
853.727855
 21
892.900852
 31
0.0
  0
LINE
  5
195C
330
70
100
AcDbEntity
  8
Visible
100
AcDbLine
 10
854.663855
 20
895.612852
 30
0.0
 11
854.663855
 21
892.900852
 31
0.0
  0
LINE
  5
195D
330
70
100
AcDbEntity
  8
Visible
100
AcDbLine
 10
854.665855
 20
895.755852
 30
0.0
 11
854.663855
 21
895.612852
 31
0.0
  0
LINE
  5
195E
330
70
100
AcDbEntity
  8
Visible
100
AcDbLine
 10
854.671855
 20
895.894852
 30
0.0
 11
854.665855
 21
895.755852
 31
0.0
  0
LINE
  5
195F
330
70
100
AcDbEntity
  8
Visible
100
AcDbLine
 10
854.681855
 20
896.030852
 30
0.0
 11
854.671855
 21
895.894852
 31
0.0
  0
LINE
  5
1960
330
70
100
AcDbEntity
  8
Visible
100
AcDbLine
 10
854.696855
 20
896.161852
 30
0.0
 11
854.681855
 21
896.030852
 31
0.0
  0
LINE
  5
1961
330
70
100
AcDbEntity
  8
Visible
100
AcDbLine
 10
854.714855
 20
896.288852
 30
0.0
 11
854.696855
 21
896.161852
 31
0.0
  0
LINE
  5
1962
330
70
100
AcDbEntity
  8
Visible
100
AcDbLine
 10
854.736855
 20
896.411852
 30
0.0
 11
854.714855
 21
896.288852
 31
0.0
  0
LINE
  5
1963
330
70
100
AcDbEntity
  8
Visible
100
AcDbLine
 10
854.763855
 20
896.530852
 30
0.0
 11
854.736855
 21
896.411852
 31
0.0
  0
LINE
  5
1964
330
70
100
AcDbEntity
  8
Visible
100
AcDbLine
 10
854.794855
 20
896.645852
 30
0.0
 11
854.763855
 21
896.530852
 31
0.0
  0
LINE
  5
1965
330
70
100
AcDbEntity
  8
Visible
100
AcDbLine
 10
854.828855
 20
896.756852
 30
0.0
 11
854.794855
 21
896.645852
 31
0.0
  0
LINE
  5
1966
330
70
100
AcDbEntity
  8
Visible
100
AcDbLine
 10
854.867855
 20
896.863852
 30
0.0
 11
854.828855
 21
896.756852
 31
0.0
  0
LINE
  5
1967
330
70
100
AcDbEntity
  8
Visible
100
AcDbLine
 10
854.910855
 20
896.966852
 30
0.0
 11
854.867855
 21
896.863852
 31
0.0
  0
LINE
  5
1968
330
70
100
AcDbEntity
  8
Visible
100
AcDbLine
 10
854.956855
 20
897.063852
 30
0.0
 11
854.910855
 21
896.966852
 31
0.0
  0
LINE
  5
1969
330
70
100
AcDbEntity
  8
Visible
100
AcDbLine
 10
855.005855
 20
897.156852
 30
0.0
 11
854.956855
 21
897.063852
 31
0.0
  0
LINE
  5
196A
330
70
100
AcDbEntity
  8
Visible
100
AcDbLine
 10
855.058855
 20
897.244852
 30
0.0
 11
855.005855
 21
897.156852
 31
0.0
  0
LINE
  5
196B
330
70
100
AcDbEntity
  8
Visible
100
AcDbLine
 10
855.114855
 20
897.327852
 30
0.0
 11
855.058855
 21
897.244852
 31
0.0
  0
LINE
  5
196C
330
70
100
AcDbEntity
  8
Visible
100
AcDbLine
 10
855.174855
 20
897.406852
 30
0.0
 11
855.114855
 21
897.327852
 31
0.0
  0
LINE
  5
196D
330
70
100
AcDbEntity
  8
Visible
100
AcDbLine
 10
855.238855
 20
897.479852
 30
0.0
 11
855.174855
 21
897.406852
 31
0.0
  0
LINE
  5
196E
330
70
100
AcDbEntity
  8
Visible
100
AcDbLine
 10
855.305855
 20
897.547852
 30
0.0
 11
855.238855
 21
897.479852
 31
0.0
  0
LINE
  5
196F
330
70
100
AcDbEntity
  8
Visible
100
AcDbLine
 10
855.375855
 20
897.611852
 30
0.0
 11
855.305855
 21
897.547852
 31
0.0
  0
LINE
  5
1970
330
70
100
AcDbEntity
  8
Visible
100
AcDbLine
 10
855.449855
 20
897.670852
 30
0.0
 11
855.375855
 21
897.611852
 31
0.0
  0
LINE
  5
1971
330
70
100
AcDbEntity
  8
Visible
100
AcDbLine
 10
855.526855
 20
897.724852
 30
0.0
 11
855.449855
 21
897.670852
 31
0.0
  0
LINE
  5
1972
330
70
100
AcDbEntity
  8
Visible
100
AcDbLine
 10
855.606855
 20
897.772852
 30
0.0
 11
855.526855
 21
897.724852
 31
0.0
  0
LINE
  5
1973
330
70
100
AcDbEntity
  8
Visible
100
AcDbLine
 10
855.688855
 20
897.814852
 30
0.0
 11
855.606855
 21
897.772852
 31
0.0
  0
LINE
  5
1974
330
70
100
AcDbEntity
  8
Visible
100
AcDbLine
 10
855.773855
 20
897.850852
 30
0.0
 11
855.688855
 21
897.814852
 31
0.0
  0
LINE
  5
1975
330
70
100
AcDbEntity
  8
Visible
100
AcDbLine
 10
855.862855
 20
897.881852
 30
0.0
 11
855.773855
 21
897.850852
 31
0.0
  0
LINE
  5
1976
330
70
100
AcDbEntity
  8
Visible
100
AcDbLine
 10
855.952855
 20
897.907852
 30
0.0
 11
855.862855
 21
897.881852
 31
0.0
  0
LINE
  5
1977
330
70
100
AcDbEntity
  8
Visible
100
AcDbLine
 10
856.046855
 20
897.927852
 30
0.0
 11
855.952855
 21
897.907852
 31
0.0
  0
LINE
  5
1978
330
70
100
AcDbEntity
  8
Visible
100
AcDbLine
 10
856.142855
 20
897.941852
 30
0.0
 11
856.046855
 21
897.927852
 31
0.0
  0
LINE
  5
1979
330
70
100
AcDbEntity
  8
Visible
100
AcDbLine
 10
856.241855
 20
897.949852
 30
0.0
 11
856.142855
 21
897.941852
 31
0.0
  0
LINE
  5
197A
330
70
100
AcDbEntity
  8
Visible
100
AcDbLine
 10
856.343855
 20
897.952852
 30
0.0
 11
856.241855
 21
897.949852
 31
0.0
  0
LINE
  5
197B
330
70
100
AcDbEntity
  8
Visible
100
AcDbLine
 10
856.476855
 20
897.948852
 30
0.0
 11
856.343855
 21
897.952852
 31
0.0
  0
LINE
  5
197C
330
70
100
AcDbEntity
  8
Visible
100
AcDbLine
 10
856.603855
 20
897.935852
 30
0.0
 11
856.476855
 21
897.948852
 31
0.0
  0
LINE
  5
197D
330
70
100
AcDbEntity
  8
Visible
100
AcDbLine
 10
856.724855
 20
897.913852
 30
0.0
 11
856.603855
 21
897.935852
 31
0.0
  0
LINE
  5
197E
330
70
100
AcDbEntity
  8
Visible
100
AcDbLine
 10
856.840855
 20
897.883852
 30
0.0
 11
856.724855
 21
897.913852
 31
0.0
  0
LINE
  5
197F
330
70
100
AcDbEntity
  8
Visible
100
AcDbLine
 10
856.950855
 20
897.845852
 30
0.0
 11
856.840855
 21
897.883852
 31
0.0
  0
LINE
  5
1980
330
70
100
AcDbEntity
  8
Visible
100
AcDbLine
 10
857.054855
 20
897.798852
 30
0.0
 11
856.950855
 21
897.845852
 31
0.0
  0
LINE
  5
1981
330
70
100
AcDbEntity
  8
Visible
100
AcDbLine
 10
857.153855
 20
897.742852
 30
0.0
 11
857.054855
 21
897.798852
 31
0.0
  0
LINE
  5
1982
330
70
100
AcDbEntity
  8
Visible
100
AcDbLine
 10
857.245855
 20
897.677852
 30
0.0
 11
857.153855
 21
897.742852
 31
0.0
  0
LINE
  5
1983
330
70
100
AcDbEntity
  8
Visible
100
AcDbLine
 10
857.333855
 20
897.605852
 30
0.0
 11
857.245855
 21
897.677852
 31
0.0
  0
LINE
  5
1984
330
70
100
AcDbEntity
  8
Visible
100
AcDbLine
 10
857.414855
 20
897.523852
 30
0.0
 11
857.333855
 21
897.605852
 31
0.0
  0
LINE
  5
1985
330
70
100
AcDbEntity
  8
Visible
100
AcDbLine
 10
857.489855
 20
897.433852
 30
0.0
 11
857.414855
 21
897.523852
 31
0.0
  0
LINE
  5
1986
330
70
100
AcDbEntity
  8
Visible
100
AcDbLine
 10
857.555855
 20
897.336852
 30
0.0
 11
857.489855
 21
897.433852
 31
0.0
  0
LINE
  5
1987
330
70
100
AcDbEntity
  8
Visible
100
AcDbLine
 10
857.614855
 20
897.230852
 30
0.0
 11
857.555855
 21
897.336852
 31
0.0
  0
LINE
  5
1988
330
70
100
AcDbEntity
  8
Visible
100
AcDbLine
 10
857.666855
 20
897.117852
 30
0.0
 11
857.614855
 21
897.230852
 31
0.0
  0
LINE
  5
1989
330
70
100
AcDbEntity
  8
Visible
100
AcDbLine
 10
857.709855
 20
896.996852
 30
0.0
 11
857.666855
 21
897.117852
 31
0.0
  0
LINE
  5
198A
330
70
100
AcDbEntity
  8
Visible
100
AcDbLine
 10
857.744855
 20
896.867852
 30
0.0
 11
857.709855
 21
896.996852
 31
0.0
  0
LINE
  5
198B
330
70
100
AcDbEntity
  8
Visible
100
AcDbLine
 10
857.772855
 20
896.730852
 30
0.0
 11
857.744855
 21
896.867852
 31
0.0
  0
LINE
  5
198C
330
70
100
AcDbEntity
  8
Visible
100
AcDbLine
 10
857.791855
 20
896.585852
 30
0.0
 11
857.772855
 21
896.730852
 31
0.0
  0
LINE
  5
198D
330
70
100
AcDbEntity
  8
Visible
100
AcDbLine
 10
857.803855
 20
896.432852
 30
0.0
 11
857.791855
 21
896.585852
 31
0.0
  0
LINE
  5
198E
330
70
100
AcDbEntity
  8
Visible
100
AcDbLine
 10
857.807855
 20
896.272852
 30
0.0
 11
857.803855
 21
896.432852
 31
0.0
  0
LINE
  5
198F
330
70
100
AcDbEntity
  8
Visible
100
AcDbLine
 10
857.807855
 20
892.900852
 30
0.0
 11
857.807855
 21
896.272852
 31
0.0
  0
LINE
  5
1990
330
70
100
AcDbEntity
  8
Visible
100
AcDbLine
 10
858.731855
 20
892.900852
 30
0.0
 11
857.807855
 21
892.900852
 31
0.0
  0
LINE
  5
1991
330
70
100
AcDbEntity
  8
Visible
100
AcDbLine
 10
858.731855
 20
895.684852
 30
0.0
 11
858.731855
 21
892.900852
 31
0.0
  0
LINE
  5
1992
330
70
100
AcDbEntity
  8
Visible
100
AcDbLine
 10
858.735855
 20
895.892852
 30
0.0
 11
858.731855
 21
895.684852
 31
0.0
  0
LINE
  5
1993
330
70
100
AcDbEntity
  8
Visible
100
AcDbLine
 10
858.748855
 20
896.090852
 30
0.0
 11
858.735855
 21
895.892852
 31
0.0
  0
LINE
  5
1994
330
70
100
AcDbEntity
  8
Visible
100
AcDbLine
 10
858.768855
 20
896.280852
 30
0.0
 11
858.748855
 21
896.090852
 31
0.0
  0
LINE
  5
1995
330
70
100
AcDbEntity
  8
Visible
100
AcDbLine
 10
858.797855
 20
896.460852
 30
0.0
 11
858.768855
 21
896.280852
 31
0.0
  0
LINE
  5
1996
330
70
100
AcDbEntity
  8
Visible
100
AcDbLine
 10
858.834855
 20
896.631852
 30
0.0
 11
858.797855
 21
896.460852
 31
0.0
  0
LINE
  5
1997
330
70
100
AcDbEntity
  8
Visible
100
AcDbLine
 10
858.880855
 20
896.793852
 30
0.0
 11
858.834855
 21
896.631852
 31
0.0
  0
LINE
  5
1998
330
70
100
AcDbEntity
  8
Visible
100
AcDbLine
 10
858.934855
 20
896.946852
 30
0.0
 11
858.880855
 21
896.793852
 31
0.0
  0
LINE
  5
1999
330
70
100
AcDbEntity
  8
Visible
100
AcDbLine
 10
858.996855
 20
897.089852
 30
0.0
 11
858.934855
 21
896.946852
 31
0.0
  0
LINE
  5
199A
330
70
100
AcDbEntity
  8
Visible
100
AcDbLine
 10
859.066855
 20
897.224852
 30
0.0
 11
858.996855
 21
897.089852
 31
0.0
  0
LINE
  5
199B
330
70
100
AcDbEntity
  8
Visible
100
AcDbLine
 10
859.145855
 20
897.349852
 30
0.0
 11
859.066855
 21
897.224852
 31
0.0
  0
LINE
  5
199C
330
70
100
AcDbEntity
  8
Visible
100
AcDbLine
 10
859.231855
 20
897.464852
 30
0.0
 11
859.145855
 21
897.349852
 31
0.0
  0
LINE
  5
199D
330
70
100
AcDbEntity
  8
Visible
100
AcDbLine
 10
859.325855
 20
897.566852
 30
0.0
 11
859.231855
 21
897.464852
 31
0.0
  0
LINE
  5
199E
330
70
100
AcDbEntity
  8
Visible
100
AcDbLine
 10
859.426855
 20
897.657852
 30
0.0
 11
859.325855
 21
897.566852
 31
0.0
  0
LINE
  5
199F
330
70
100
AcDbEntity
  8
Visible
100
AcDbLine
 10
859.535855
 20
897.735852
 30
0.0
 11
859.426855
 21
897.657852
 31
0.0
  0
LINE
  5
19A0
330
70
100
AcDbEntity
  8
Visible
100
AcDbLine
 10
859.651855
 20
897.801852
 30
0.0
 11
859.535855
 21
897.735852
 31
0.0
  0
LINE
  5
19A1
330
70
100
AcDbEntity
  8
Visible
100
AcDbLine
 10
859.774855
 20
897.856852
 30
0.0
 11
859.651855
 21
897.801852
 31
0.0
  0
LINE
  5
19A2
330
70
100
AcDbEntity
  8
Visible
100
AcDbLine
 10
859.904855
 20
897.898852
 30
0.0
 11
859.774855
 21
897.856852
 31
0.0
  0
LINE
  5
19A3
330
70
100
AcDbEntity
  8
Visible
100
AcDbLine
 10
860.042855
 20
897.928852
 30
0.0
 11
859.904855
 21
897.898852
 31
0.0
  0
LINE
  5
19A4
330
70
100
AcDbEntity
  8
Visible
100
AcDbLine
 10
860.187855
 20
897.946852
 30
0.0
 11
860.042855
 21
897.928852
 31
0.0
  0
LINE
  5
19A5
330
70
100
AcDbEntity
  8
Visible
100
AcDbLine
 10
860.339855
 20
897.952852
 30
0.0
 11
860.187855
 21
897.946852
 31
0.0
  0
LINE
  5
19A6
330
70
100
AcDbEntity
  8
Visible
100
AcDbLine
 10
860.469855
 20
897.948852
 30
0.0
 11
860.339855
 21
897.952852
 31
0.0
  0
LINE
  5
19A7
330
70
100
AcDbEntity
  8
Visible
100
AcDbLine
 10
860.594855
 20
897.935852
 30
0.0
 11
860.469855
 21
897.948852
 31
0.0
  0
LINE
  5
19A8
330
70
100
AcDbEntity
  8
Visible
100
AcDbLine
 10
860.714855
 20
897.913852
 30
0.0
 11
860.594855
 21
897.935852
 31
0.0
  0
LINE
  5
19A9
330
70
100
AcDbEntity
  8
Visible
100
AcDbLine
 10
860.828855
 20
897.883852
 30
0.0
 11
860.714855
 21
897.913852
 31
0.0
  0
LINE
  5
19AA
330
70
100
AcDbEntity
  8
Visible
100
AcDbLine
 10
860.937855
 20
897.845852
 30
0.0
 11
860.828855
 21
897.883852
 31
0.0
  0
LINE
  5
19AB
330
70
100
AcDbEntity
  8
Visible
100
AcDbLine
 10
861.040855
 20
897.798852
 30
0.0
 11
860.937855
 21
897.845852
 31
0.0
  0
LINE
  5
19AC
330
70
100
AcDbEntity
  8
Visible
100
AcDbLine
 10
861.138855
 20
897.742852
 30
0.0
 11
861.040855
 21
897.798852
 31
0.0
  0
LINE
  5
19AD
330
70
100
AcDbEntity
  8
Visible
100
AcDbLine
 10
861.230855
 20
897.677852
 30
0.0
 11
861.138855
 21
897.742852
 31
0.0
  0
LINE
  5
19AE
330
70
100
AcDbEntity
  8
Visible
100
AcDbLine
 10
861.317855
 20
897.605852
 30
0.0
 11
861.230855
 21
897.677852
 31
0.0
  0
LINE
  5
19AF
330
70
100
AcDbEntity
  8
Visible
100
AcDbLine
 10
861.398855
 20
897.523852
 30
0.0
 11
861.317855
 21
897.605852
 31
0.0
  0
LINE
  5
19B0
330
70
100
AcDbEntity
  8
Visible
100
AcDbLine
 10
861.473855
 20
897.433852
 30
0.0
 11
861.398855
 21
897.523852
 31
0.0
  0
LINE
  5
19B1
330
70
100
AcDbEntity
  8
Visible
100
AcDbLine
 10
861.539855
 20
897.336852
 30
0.0
 11
861.473855
 21
897.433852
 31
0.0
  0
LINE
  5
19B2
330
70
100
AcDbEntity
  8
Visible
100
AcDbLine
 10
861.598855
 20
897.230852
 30
0.0
 11
861.539855
 21
897.336852
 31
0.0
  0
LINE
  5
19B3
330
70
100
AcDbEntity
  8
Visible
100
AcDbLine
 10
861.650855
 20
897.117852
 30
0.0
 11
861.598855
 21
897.230852
 31
0.0
  0
LINE
  5
19B4
330
70
100
AcDbEntity
  8
Visible
100
AcDbLine
 10
861.693855
 20
896.996852
 30
0.0
 11
861.650855
 21
897.117852
 31
0.0
  0
LINE
  5
19B5
330
70
100
AcDbEntity
  8
Visible
100
AcDbLine
 10
861.728855
 20
896.867852
 30
0.0
 11
861.693855
 21
896.996852
 31
0.0
  0
LINE
  5
19B6
330
70
100
AcDbEntity
  8
Visible
100
AcDbLine
 10
861.756855
 20
896.730852
 30
0.0
 11
861.728855
 21
896.867852
 31
0.0
  0
LINE
  5
19B7
330
70
100
AcDbEntity
  8
Visible
100
AcDbLine
 10
861.775855
 20
896.585852
 30
0.0
 11
861.756855
 21
896.730852
 31
0.0
  0
LINE
  5
19B8
330
70
100
AcDbEntity
  8
Visible
100
AcDbLine
 10
861.787855
 20
896.432852
 30
0.0
 11
861.775855
 21
896.585852
 31
0.0
  0
LINE
  5
19B9
330
70
100
AcDbEntity
  8
Visible
100
AcDbLine
 10
861.791855
 20
896.272852
 30
0.0
 11
861.787855
 21
896.432852
 31
0.0
  0
LINE
  5
19BA
330
70
100
AcDbEntity
  8
Visible
100
AcDbLine
 10
861.791855
 20
892.900852
 30
0.0
 11
861.791855
 21
896.272852
 31
0.0
  0
LINE
  5
19BB
330
70
100
AcDbEntity
  8
Visible
100
AcDbLine
 10
862.727855
 20
892.900852
 30
0.0
 11
861.791855
 21
892.900852
 31
0.0
  0
LINE
  5
19BC
330
70
100
AcDbEntity
  8
Visible
100
AcDbLine
 10
862.727855
 20
896.272852
 30
0.0
 11
862.727855
 21
892.900852
 31
0.0
  0
LINE
  5
19BD
330
70
100
AcDbEntity
  8
Visible
100
AcDbLine
 10
862.724855
 20
896.425852
 30
0.0
 11
862.727855
 21
896.272852
 31
0.0
  0
LINE
  5
19BE
330
70
100
AcDbEntity
  8
Visible
100
AcDbLine
 10
862.717855
 20
896.573852
 30
0.0
 11
862.724855
 21
896.425852
 31
0.0
  0
LINE
  5
19BF
330
70
100
AcDbEntity
  8
Visible
100
AcDbLine
 10
862.704855
 20
896.717852
 30
0.0
 11
862.717855
 21
896.573852
 31
0.0
  0
LINE
  5
19C0
330
70
100
AcDbEntity
  8
Visible
100
AcDbLine
 10
862.686855
 20
896.858852
 30
0.0
 11
862.704855
 21
896.717852
 31
0.0
  0
LINE
  5
19C1
330
70
100
AcDbEntity
  8
Visible
100
AcDbLine
 10
862.662855
 20
896.994852
 30
0.0
 11
862.686855
 21
896.858852
 31
0.0
  0
LINE
  5
19C2
330
70
100
AcDbEntity
  8
Visible
100
AcDbLine
 10
862.634855
 20
897.125852
 30
0.0
 11
862.662855
 21
896.994852
 31
0.0
  0
LINE
  5
19C3
330
70
100
AcDbEntity
  8
Visible
100
AcDbLine
 10
862.601855
 20
897.253852
 30
0.0
 11
862.634855
 21
897.125852
 31
0.0
  0
LINE
  5
19C4
330
70
100
AcDbEntity
  8
Visible
100
AcDbLine
 10
862.562855
 20
897.376852
 30
0.0
 11
862.601855
 21
897.253852
 31
0.0
  0
LINE
  5
19C5
330
70
100
AcDbEntity
  8
Visible
100
AcDbLine
 10
862.518855
 20
897.495852
 30
0.0
 11
862.562855
 21
897.376852
 31
0.0
  0
LINE
  5
19C6
330
70
100
AcDbEntity
  8
Visible
100
AcDbLine
 10
862.469855
 20
897.610852
 30
0.0
 11
862.518855
 21
897.495852
 31
0.0
  0
LINE
  5
19C7
330
70
100
AcDbEntity
  8
Visible
100
AcDbLine
 10
862.415855
 20
897.720852
 30
0.0
 11
862.469855
 21
897.610852
 31
0.0
  0
LINE
  5
19C8
330
70
100
AcDbEntity
  8
Visible
100
AcDbLine
 10
862.357855
 20
897.825852
 30
0.0
 11
862.415855
 21
897.720852
 31
0.0
  0
LINE
  5
19C9
330
70
100
AcDbEntity
  8
Visible
100
AcDbLine
 10
862.294855
 20
897.925852
 30
0.0
 11
862.357855
 21
897.825852
 31
0.0
  0
LINE
  5
19CA
330
70
100
AcDbEntity
  8
Visible
100
AcDbLine
 10
862.227855
 20
898.019852
 30
0.0
 11
862.294855
 21
897.925852
 31
0.0
  0
LINE
  5
19CB
330
70
100
AcDbEntity
  8
Visible
100
AcDbLine
 10
862.155855
 20
898.109852
 30
0.0
 11
862.227855
 21
898.019852
 31
0.0
  0
LINE
  5
19CC
330
70
100
AcDbEntity
  8
Visible
100
AcDbLine
 10
862.078855
 20
898.193852
 30
0.0
 11
862.155855
 21
898.109852
 31
0.0
  0
LINE
  5
19CD
330
70
100
AcDbEntity
  8
Visible
100
AcDbLine
 10
861.998855
 20
898.272852
 30
0.0
 11
862.078855
 21
898.193852
 31
0.0
  0
LINE
  5
19CE
330
70
100
AcDbEntity
  8
Visible
100
AcDbLine
 10
861.912855
 20
898.345852
 30
0.0
 11
861.998855
 21
898.272852
 31
0.0
  0
LINE
  5
19CF
330
70
100
AcDbEntity
  8
Visible
100
AcDbLine
 10
861.822855
 20
898.414852
 30
0.0
 11
861.912855
 21
898.345852
 31
0.0
  0
LINE
  5
19D0
330
70
100
AcDbEntity
  8
Visible
100
AcDbLine
 10
861.728855
 20
898.477852
 30
0.0
 11
861.822855
 21
898.414852
 31
0.0
  0
LINE
  5
19D1
330
70
100
AcDbEntity
  8
Visible
100
AcDbLine
 10
861.629855
 20
898.535852
 30
0.0
 11
861.728855
 21
898.477852
 31
0.0
  0
LINE
  5
19D2
330
70
100
AcDbEntity
  8
Visible
100
AcDbLine
 10
861.527855
 20
898.586852
 30
0.0
 11
861.629855
 21
898.535852
 31
0.0
  0
LINE
  5
19D3
330
70
100
AcDbEntity
  8
Visible
100
AcDbLine
 10
861.421855
 20
898.632852
 30
0.0
 11
861.527855
 21
898.586852
 31
0.0
  0
LINE
  5
19D4
330
70
100
AcDbEntity
  8
Visible
100
AcDbLine
 10
861.310855
 20
898.671852
 30
0.0
 11
861.421855
 21
898.632852
 31
0.0
  0
LINE
  5
19D5
330
70
100
AcDbEntity
  8
Visible
100
AcDbLine
 10
861.196855
 20
898.704852
 30
0.0
 11
861.310855
 21
898.671852
 31
0.0
  0
LINE
  5
19D6
330
70
100
AcDbEntity
  8
Visible
100
AcDbLine
 10
861.078855
 20
898.732852
 30
0.0
 11
861.196855
 21
898.704852
 31
0.0
  0
LINE
  5
19D7
330
70
100
AcDbEntity
  8
Visible
100
AcDbLine
 10
860.956855
 20
898.753852
 30
0.0
 11
861.078855
 21
898.732852
 31
0.0
  0
LINE
  5
19D8
330
70
100
AcDbEntity
  8
Visible
100
AcDbLine
 10
860.830855
 20
898.768852
 30
0.0
 11
860.956855
 21
898.753852
 31
0.0
  0
LINE
  5
19D9
330
70
100
AcDbEntity
  8
Visible
100
AcDbLine
 10
860.701855
 20
898.777852
 30
0.0
 11
860.830855
 21
898.768852
 31
0.0
  0
LINE
  5
19DA
330
70
100
AcDbEntity
  8
Visible
100
AcDbLine
 10
860.567855
 20
898.780852
 30
0.0
 11
860.701855
 21
898.777852
 31
0.0
  0
LINE
  5
19DB
330
70
100
AcDbEntity
  8
Visible
100
AcDbLine
 10
860.461855
 20
898.778852
 30
0.0
 11
860.567855
 21
898.780852
 31
0.0
  0
LINE
  5
19DC
330
70
100
AcDbEntity
  8
Visible
100
AcDbLine
 10
860.358855
 20
898.772852
 30
0.0
 11
860.461855
 21
898.778852
 31
0.0
  0
LINE
  5
19DD
330
70
100
AcDbEntity
  8
Visible
100
AcDbLine
 10
860.257855
 20
898.763852
 30
0.0
 11
860.358855
 21
898.772852
 31
0.0
  0
LINE
  5
19DE
330
70
100
AcDbEntity
  8
Visible
100
AcDbLine
 10
860.158855
 20
898.749852
 30
0.0
 11
860.257855
 21
898.763852
 31
0.0
  0
LINE
  5
19DF
330
70
100
AcDbEntity
  8
Visible
100
AcDbLine
 10
860.061855
 20
898.732852
 30
0.0
 11
860.158855
 21
898.749852
 31
0.0
  0
LINE
  5
19E0
330
70
100
AcDbEntity
  8
Visible
100
AcDbLine
 10
859.967855
 20
898.711852
 30
0.0
 11
860.061855
 21
898.732852
 31
0.0
  0
LINE
  5
19E1
330
70
100
AcDbEntity
  8
Visible
100
AcDbLine
 10
859.875855
 20
898.686852
 30
0.0
 11
859.967855
 21
898.711852
 31
0.0
  0
LINE
  5
19E2
330
70
100
AcDbEntity
  8
Visible
100
AcDbLine
 10
859.786855
 20
898.657852
 30
0.0
 11
859.875855
 21
898.686852
 31
0.0
  0
LINE
  5
19E3
330
70
100
AcDbEntity
  8
Visible
100
AcDbLine
 10
859.698855
 20
898.624852
 30
0.0
 11
859.786855
 21
898.657852
 31
0.0
  0
LINE
  5
19E4
330
70
100
AcDbEntity
  8
Visible
100
AcDbLine
 10
859.613855
 20
898.588852
 30
0.0
 11
859.698855
 21
898.624852
 31
0.0
  0
LINE
  5
19E5
330
70
100
AcDbEntity
  8
Visible
100
AcDbLine
 10
859.530855
 20
898.548852
 30
0.0
 11
859.613855
 21
898.588852
 31
0.0
  0
LINE
  5
19E6
330
70
100
AcDbEntity
  8
Visible
100
AcDbLine
 10
859.450855
 20
898.503852
 30
0.0
 11
859.530855
 21
898.548852
 31
0.0
  0
LINE
  5
19E7
330
70
100
AcDbEntity
  8
Visible
100
AcDbLine
 10
859.372855
 20
898.455852
 30
0.0
 11
859.450855
 21
898.503852
 31
0.0
  0
LINE
  5
19E8
330
70
100
AcDbEntity
  8
Visible
100
AcDbLine
 10
859.297855
 20
898.403852
 30
0.0
 11
859.372855
 21
898.455852
 31
0.0
  0
LINE
  5
19E9
330
70
100
AcDbEntity
  8
Visible
100
AcDbLine
 10
859.224855
 20
898.347852
 30
0.0
 11
859.297855
 21
898.403852
 31
0.0
  0
LINE
  5
19EA
330
70
100
AcDbEntity
  8
Visible
100
AcDbLine
 10
859.154855
 20
898.287852
 30
0.0
 11
859.224855
 21
898.347852
 31
0.0
  0
LINE
  5
19EB
330
70
100
AcDbEntity
  8
Visible
100
AcDbLine
 10
859.087855
 20
898.224852
 30
0.0
 11
859.154855
 21
898.287852
 31
0.0
  0
LINE
  5
19EC
330
70
100
AcDbEntity
  8
Visible
100
AcDbLine
 10
859.022855
 20
898.156852
 30
0.0
 11
859.087855
 21
898.224852
 31
0.0
  0
LINE
  5
19ED
330
70
100
AcDbEntity
  8
Visible
100
AcDbLine
 10
858.959855
 20
898.084852
 30
0.0
 11
859.022855
 21
898.156852
 31
0.0
  0
LINE
  5
19EE
330
70
100
AcDbEntity
  8
Visible
100
AcDbLine
 10
858.899855
 20
898.009852
 30
0.0
 11
858.959855
 21
898.084852
 31
0.0
  0
LINE
  5
19EF
330
70
100
AcDbEntity
  8
Visible
100
AcDbLine
 10
858.842855
 20
897.930852
 30
0.0
 11
858.899855
 21
898.009852
 31
0.0
  0
LINE
  5
19F0
330
70
100
AcDbEntity
  8
Visible
100
AcDbLine
 10
858.787855
 20
897.846852
 30
0.0
 11
858.842855
 21
897.930852
 31
0.0
  0
LINE
  5
19F1
330
70
100
AcDbEntity
  8
Visible
100
AcDbLine
 10
858.735855
 20
897.759852
 30
0.0
 11
858.787855
 21
897.846852
 31
0.0
  0
LINE
  5
19F2
330
70
100
AcDbEntity
  8
Visible
100
AcDbLine
 10
858.686855
 20
897.668852
 30
0.0
 11
858.735855
 21
897.759852
 31
0.0
  0
LINE
  5
19F3
330
70
100
AcDbEntity
  8
Visible
100
AcDbLine
 10
858.640855
 20
897.573852
 30
0.0
 11
858.686855
 21
897.668852
 31
0.0
  0
LINE
  5
19F4
330
70
100
AcDbEntity
  8
Visible
100
AcDbLine
 10
858.597855
 20
897.474852
 30
0.0
 11
858.640855
 21
897.573852
 31
0.0
  0
LINE
  5
19F5
330
70
100
AcDbEntity
  8
Visible
100
AcDbLine
 10
858.562834
 20
897.387727
 30
0.0
 11
858.597855
 21
897.474852
 31
0.0
  0
CIRCLE
  5
19F6
330
70
100
AcDbEntity
  8
Visible
100
AcDbCircle
 10
-1000.829846
 20
1055.16883
 30
0.0
 40
2.999999999999971
210
0.0
220
0.0
230
-1.0
  0
CIRCLE
  5
19F7
330
70
100
AcDbEntity
  8
Visible
100
AcDbCircle
 10
-1000.829846
 20
738.16883
 30
0.0
 40
2.999999999999971
210
0.0
220
0.0
230
-1.0
  0
CIRCLE
  5
19F8
330
70
100
AcDbEntity
  8
Visible
100
AcDbCircle
 10
-685.829846
 20
1055.16883
 30
0.0
 40
2.999999999999971
210
0.0
220
0.0
230
-1.0
  0
CIRCLE
  5
19F9
330
70
100
AcDbEntity
  8
Visible
100
AcDbCircle
 10
-685.829846
 20
738.16883
 30
0.0
 40
2.999999999999971
210
0.0
220
0.0
230
-1.0
  0
LINE
  5
19FA
330
70
100
AcDbEntity
  8
Visible
100
AcDbLine
 10
1037.329855
 20
1090.668852
 30
0.0
 11
1002.829855
 21
1090.668852
 31
0.0
  0
LINE
  5
19FB
330
70
100
AcDbEntity
  8
Visible
100
AcDbLine
 10
1037.329855
 20
1056.168852
 30
0.0
 11
1037.329855
 21
1090.668852
 31
0.0
  0
LINE
  5
19FC
330
70
100
AcDbEntity
  8
Visible
100
AcDbLine
 10
1043.329855
 20
1056.168852
 30
0.0
 11
1037.329855
 21
1056.168852
 31
0.0
  0
LINE
  5
19FD
330
70
100
AcDbEntity
  8
Visible
100
AcDbLine
 10
1043.329855
 20
1027.168852
 30
0.0
 11
1043.329855
 21
1056.168852
 31
0.0
  0
LINE
  5
19FE
330
70
100
AcDbEntity
  8
Visible
100
AcDbLine
 10
1037.329855
 20
1027.168852
 30
0.0
 11
1043.329855
 21
1027.168852
 31
0.0
  0
LINE
  5
19FF
330
70
100
AcDbEntity
  8
Visible
100
AcDbLine
 10
1037.329855
 20
998.168852
 30
0.0
 11
1037.329855
 21
1027.168852
 31
0.0
  0
LINE
  5
1A00
330
70
100
AcDbEntity
  8
Visible
100
AcDbLine
 10
1043.329855
 20
998.168852
 30
0.0
 11
1037.329855
 21
998.168852
 31
0.0
  0
LINE
  5
1A01
330
70
100
AcDbEntity
  8
Visible
100
AcDbLine
 10
1043.329855
 20
969.168852
 30
0.0
 11
1043.329855
 21
998.168852
 31
0.0
  0
LINE
  5
1A02
330
70
100
AcDbEntity
  8
Visible
100
AcDbLine
 10
1037.329855
 20
969.168852
 30
0.0
 11
1043.329855
 21
969.168852
 31
0.0
  0
LINE
  5
1A03
330
70
100
AcDbEntity
  8
Visible
100
AcDbLine
 10
1037.329855
 20
940.168852
 30
0.0
 11
1037.329855
 21
969.168852
 31
0.0
  0
LINE
  5
1A04
330
70
100
AcDbEntity
  8
Visible
100
AcDbLine
 10
1043.329855
 20
940.168852
 30
0.0
 11
1037.329855
 21
940.168852
 31
0.0
  0
LINE
  5
1A05
330
70
100
AcDbEntity
  8
Visible
100
AcDbLine
 10
1043.329855
 20
911.168852
 30
0.0
 11
1043.329855
 21
940.168852
 31
0.0
  0
LINE
  5
1A06
330
70
100
AcDbEntity
  8
Visible
100
AcDbLine
 10
1037.329855
 20
911.168852
 30
0.0
 11
1043.329855
 21
911.168852
 31
0.0
  0
LINE
  5
1A07
330
70
100
AcDbEntity
  8
Visible
100
AcDbLine
 10
1037.329855
 20
882.168852
 30
0.0
 11
1037.329855
 21
911.168852
 31
0.0
  0
LINE
  5
1A08
330
70
100
AcDbEntity
  8
Visible
100
AcDbLine
 10
1043.329855
 20
882.168852
 30
0.0
 11
1037.329855
 21
882.168852
 31
0.0
  0
LINE
  5
1A09
330
70
100
AcDbEntity
  8
Visible
100
AcDbLine
 10
1043.329855
 20
853.168852
 30
0.0
 11
1043.329855
 21
882.168852
 31
0.0
  0
LINE
  5
1A0A
330
70
100
AcDbEntity
  8
Visible
100
AcDbLine
 10
1037.329855
 20
853.168852
 30
0.0
 11
1043.329855
 21
853.168852
 31
0.0
  0
LINE
  5
1A0B
330
70
100
AcDbEntity
  8
Visible
100
AcDbLine
 10
1037.329855
 20
824.168852
 30
0.0
 11
1037.329855
 21
853.168852
 31
0.0
  0
LINE
  5
1A0C
330
70
100
AcDbEntity
  8
Visible
100
AcDbLine
 10
1043.329855
 20
824.168852
 30
0.0
 11
1037.329855
 21
824.168852
 31
0.0
  0
LINE
  5
1A0D
330
70
100
AcDbEntity
  8
Visible
100
AcDbLine
 10
1043.329855
 20
795.168852
 30
0.0
 11
1043.329855
 21
824.168852
 31
0.0
  0
LINE
  5
1A0E
330
70
100
AcDbEntity
  8
Visible
100
AcDbLine
 10
1037.329855
 20
795.168852
 30
0.0
 11
1043.329855
 21
795.168852
 31
0.0
  0
LINE
  5
1A0F
330
70
100
AcDbEntity
  8
Visible
100
AcDbLine
 10
1037.329855
 20
766.168852
 30
0.0
 11
1037.329855
 21
795.168852
 31
0.0
  0
LINE
  5
1A10
330
70
100
AcDbEntity
  8
Visible
100
AcDbLine
 10
1043.329855
 20
766.168852
 30
0.0
 11
1037.329855
 21
766.168852
 31
0.0
  0
LINE
  5
1A11
330
70
100
AcDbEntity
  8
Visible
100
AcDbLine
 10
1043.329855
 20
737.168852
 30
0.0
 11
1043.329855
 21
766.168852
 31
0.0
  0
LINE
  5
1A12
330
70
100
AcDbEntity
  8
Visible
100
AcDbLine
 10
1037.329855
 20
737.168852
 30
0.0
 11
1043.329855
 21
737.168852
 31
0.0
  0
LINE
  5
1A13
330
70
100
AcDbEntity
  8
Visible
100
AcDbLine
 10
1037.329855
 20
702.668852
 30
0.0
 11
1037.329855
 21
737.168852
 31
0.0
  0
LINE
  5
1A14
330
70
100
AcDbEntity
  8
Visible
100
AcDbLine
 10
1002.829855
 20
702.668852
 30
0.0
 11
1037.329855
 21
702.668852
 31
0.0
  0
LINE
  5
1A15
330
70
100
AcDbEntity
  8
Visible
100
AcDbLine
 10
1002.829855
 20
696.668852
 30
0.0
 11
1002.829855
 21
702.668852
 31
0.0
  0
LINE
  5
1A16
330
70
100
AcDbEntity
  8
Visible
100
AcDbLine
 10
973.829855
 20
696.668852
 30
0.0
 11
1002.829855
 21
696.668852
 31
0.0
  0
LINE
  5
1A17
330
70
100
AcDbEntity
  8
Visible
100
AcDbLine
 10
973.829855
 20
702.668852
 30
0.0
 11
973.829855
 21
696.668852
 31
0.0
  0
LINE
  5
1A18
330
70
100
AcDbEntity
  8
Visible
100
AcDbLine
 10
944.829855
 20
702.668852
 30
0.0
 11
973.829855
 21
702.668852
 31
0.0
  0
LINE
  5
1A19
330
70
100
AcDbEntity
  8
Visible
100
AcDbLine
 10
944.829855
 20
696.668852
 30
0.0
 11
944.829855
 21
702.668852
 31
0.0
  0
LINE
  5
1A1A
330
70
100
AcDbEntity
  8
Visible
100
AcDbLine
 10
915.829855
 20
696.668852
 30
0.0
 11
944.829855
 21
696.668852
 31
0.0
  0
LINE
  5
1A1B
330
70
100
AcDbEntity
  8
Visible
100
AcDbLine
 10
915.829855
 20
702.668852
 30
0.0
 11
915.829855
 21
696.668852
 31
0.0
  0
LINE
  5
1A1C
330
70
100
AcDbEntity
  8
Visible
100
AcDbLine
 10
886.829855
 20
702.668852
 30
0.0
 11
915.829855
 21
702.668852
 31
0.0
  0
LINE
  5
1A1D
330
70
100
AcDbEntity
  8
Visible
100
AcDbLine
 10
886.829855
 20
696.668852
 30
0.0
 11
886.829855
 21
702.668852
 31
0.0
  0
LINE
  5
1A1E
330
70
100
AcDbEntity
  8
Visible
100
AcDbLine
 10
857.829855
 20
696.668852
 30
0.0
 11
886.829855
 21
696.668852
 31
0.0
  0
LINE
  5
1A1F
330
70
100
AcDbEntity
  8
Visible
100
AcDbLine
 10
857.829855
 20
702.668852
 30
0.0
 11
857.829855
 21
696.668852
 31
0.0
  0
LINE
  5
1A20
330
70
100
AcDbEntity
  8
Visible
100
AcDbLine
 10
828.829855
 20
702.668852
 30
0.0
 11
857.829855
 21
702.668852
 31
0.0
  0
LINE
  5
1A21
330
70
100
AcDbEntity
  8
Visible
100
AcDbLine
 10
828.829855
 20
696.668852
 30
0.0
 11
828.829855
 21
702.668852
 31
0.0
  0
LINE
  5
1A22
330
70
100
AcDbEntity
  8
Visible
100
AcDbLine
 10
799.829855
 20
696.668852
 30
0.0
 11
828.829855
 21
696.668852
 31
0.0
  0
LINE
  5
1A23
330
70
100
AcDbEntity
  8
Visible
100
AcDbLine
 10
799.829855
 20
702.668852
 30
0.0
 11
799.829855
 21
696.668852
 31
0.0
  0
LINE
  5
1A24
330
70
100
AcDbEntity
  8
Visible
100
AcDbLine
 10
770.829855
 20
702.668852
 30
0.0
 11
799.829855
 21
702.668852
 31
0.0
  0
LINE
  5
1A25
330
70
100
AcDbEntity
  8
Visible
100
AcDbLine
 10
770.829855
 20
696.668852
 30
0.0
 11
770.829855
 21
702.668852
 31
0.0
  0
LINE
  5
1A26
330
70
100
AcDbEntity
  8
Visible
100
AcDbLine
 10
741.829855
 20
696.668852
 30
0.0
 11
770.829855
 21
696.668852
 31
0.0
  0
LINE
  5
1A27
330
70
100
AcDbEntity
  8
Visible
100
AcDbLine
 10
741.829855
 20
702.668852
 30
0.0
 11
741.829855
 21
696.668852
 31
0.0
  0
LINE
  5
1A28
330
70
100
AcDbEntity
  8
Visible
100
AcDbLine
 10
712.829855
 20
702.668852
 30
0.0
 11
741.829855
 21
702.668852
 31
0.0
  0
LINE
  5
1A29
330
70
100
AcDbEntity
  8
Visible
100
AcDbLine
 10
712.829855
 20
696.668852
 30
0.0
 11
712.829855
 21
702.668852
 31
0.0
  0
LINE
  5
1A2A
330
70
100
AcDbEntity
  8
Visible
100
AcDbLine
 10
683.829855
 20
696.668852
 30
0.0
 11
712.829855
 21
696.668852
 31
0.0
  0
LINE
  5
1A2B
330
70
100
AcDbEntity
  8
Visible
100
AcDbLine
 10
683.829855
 20
702.668852
 30
0.0
 11
683.829855
 21
696.668852
 31
0.0
  0
LINE
  5
1A2C
330
70
100
AcDbEntity
  8
Visible
100
AcDbLine
 10
649.329855
 20
702.668852
 30
0.0
 11
683.829855
 21
702.668852
 31
0.0
  0
LINE
  5
1A2D
330
70
100
AcDbEntity
  8
Visible
100
AcDbLine
 10
649.329855
 20
737.168852
 30
0.0
 11
649.329855
 21
702.668852
 31
0.0
  0
LINE
  5
1A2E
330
70
100
AcDbEntity
  8
Visible
100
AcDbLine
 10
643.329855
 20
737.168852
 30
0.0
 11
649.329855
 21
737.168852
 31
0.0
  0
LINE
  5
1A2F
330
70
100
AcDbEntity
  8
Visible
100
AcDbLine
 10
643.329855
 20
766.168852
 30
0.0
 11
643.329855
 21
737.168852
 31
0.0
  0
LINE
  5
1A30
330
70
100
AcDbEntity
  8
Visible
100
AcDbLine
 10
649.329855
 20
766.168852
 30
0.0
 11
643.329855
 21
766.168852
 31
0.0
  0
LINE
  5
1A31
330
70
100
AcDbEntity
  8
Visible
100
AcDbLine
 10
649.329855
 20
795.168852
 30
0.0
 11
649.329855
 21
766.168852
 31
0.0
  0
LINE
  5
1A32
330
70
100
AcDbEntity
  8
Visible
100
AcDbLine
 10
643.329855
 20
795.168852
 30
0.0
 11
649.329855
 21
795.168852
 31
0.0
  0
LINE
  5
1A33
330
70
100
AcDbEntity
  8
Visible
100
AcDbLine
 10
643.329855
 20
824.168852
 30
0.0
 11
643.329855
 21
795.168852
 31
0.0
  0
LINE
  5
1A34
330
70
100
AcDbEntity
  8
Visible
100
AcDbLine
 10
649.329855
 20
824.168852
 30
0.0
 11
643.329855
 21
824.168852
 31
0.0
  0
LINE
  5
1A35
330
70
100
AcDbEntity
  8
Visible
100
AcDbLine
 10
649.329855
 20
853.168852
 30
0.0
 11
649.329855
 21
824.168852
 31
0.0
  0
LINE
  5
1A36
330
70
100
AcDbEntity
  8
Visible
100
AcDbLine
 10
643.329855
 20
853.168852
 30
0.0
 11
649.329855
 21
853.168852
 31
0.0
  0
LINE
  5
1A37
330
70
100
AcDbEntity
  8
Visible
100
AcDbLine
 10
643.329855
 20
882.168852
 30
0.0
 11
643.329855
 21
853.168852
 31
0.0
  0
LINE
  5
1A38
330
70
100
AcDbEntity
  8
Visible
100
AcDbLine
 10
649.329855
 20
882.168852
 30
0.0
 11
643.329855
 21
882.168852
 31
0.0
  0
LINE
  5
1A39
330
70
100
AcDbEntity
  8
Visible
100
AcDbLine
 10
649.329855
 20
911.168852
 30
0.0
 11
649.329855
 21
882.168852
 31
0.0
  0
LINE
  5
1A3A
330
70
100
AcDbEntity
  8
Visible
100
AcDbLine
 10
643.329855
 20
911.168852
 30
0.0
 11
649.329855
 21
911.168852
 31
0.0
  0
LINE
  5
1A3B
330
70
100
AcDbEntity
  8
Visible
100
AcDbLine
 10
643.329855
 20
940.168852
 30
0.0
 11
643.329855
 21
911.168852
 31
0.0
  0
LINE
  5
1A3C
330
70
100
AcDbEntity
  8
Visible
100
AcDbLine
 10
649.329855
 20
940.168852
 30
0.0
 11
643.329855
 21
940.168852
 31
0.0
  0
LINE
  5
1A3D
330
70
100
AcDbEntity
  8
Visible
100
AcDbLine
 10
649.329855
 20
969.168852
 30
0.0
 11
649.329855
 21
940.168852
 31
0.0
  0
LINE
  5
1A3E
330
70
100
AcDbEntity
  8
Visible
100
AcDbLine
 10
643.329855
 20
969.168852
 30
0.0
 11
649.329855
 21
969.168852
 31
0.0
  0
LINE
  5
1A3F
330
70
100
AcDbEntity
  8
Visible
100
AcDbLine
 10
643.329855
 20
998.168852
 30
0.0
 11
643.329855
 21
969.168852
 31
0.0
  0
LINE
  5
1A40
330
70
100
AcDbEntity
  8
Visible
100
AcDbLine
 10
649.329855
 20
998.168852
 30
0.0
 11
643.329855
 21
998.168852
 31
0.0
  0
LINE
  5
1A41
330
70
100
AcDbEntity
  8
Visible
100
AcDbLine
 10
649.329855
 20
1027.168852
 30
0.0
 11
649.329855
 21
998.168852
 31
0.0
  0
LINE
  5
1A42
330
70
100
AcDbEntity
  8
Visible
100
AcDbLine
 10
643.329855
 20
1027.168852
 30
0.0
 11
649.329855
 21
1027.168852
 31
0.0
  0
LINE
  5
1A43
330
70
100
AcDbEntity
  8
Visible
100
AcDbLine
 10
643.329855
 20
1056.168852
 30
0.0
 11
643.329855
 21
1027.168852
 31
0.0
  0
LINE
  5
1A44
330
70
100
AcDbEntity
  8
Visible
100
AcDbLine
 10
649.329855
 20
1056.168852
 30
0.0
 11
643.329855
 21
1056.168852
 31
0.0
  0
LINE
  5
1A45
330
70
100
AcDbEntity
  8
Visible
100
AcDbLine
 10
649.329855
 20
1090.668852
 30
0.0
 11
649.329855
 21
1056.168852
 31
0.0
  0
LINE
  5
1A46
330
70
100
AcDbEntity
  8
Visible
100
AcDbLine
 10
683.829855
 20
1090.668852
 30
0.0
 11
649.329855
 21
1090.668852
 31
0.0
  0
LINE
  5
1A47
330
70
100
AcDbEntity
  8
Visible
100
AcDbLine
 10
683.829855
 20
1096.668852
 30
0.0
 11
683.829855
 21
1090.668852
 31
0.0
  0
LINE
  5
1A48
330
70
100
AcDbEntity
  8
Visible
100
AcDbLine
 10
712.829855
 20
1096.668852
 30
0.0
 11
683.829855
 21
1096.668852
 31
0.0
  0
LINE
  5
1A49
330
70
100
AcDbEntity
  8
Visible
100
AcDbLine
 10
712.829855
 20
1090.668852
 30
0.0
 11
712.829855
 21
1096.668852
 31
0.0
  0
LINE
  5
1A4A
330
70
100
AcDbEntity
  8
Visible
100
AcDbLine
 10
741.829855
 20
1090.668852
 30
0.0
 11
712.829855
 21
1090.668852
 31
0.0
  0
LINE
  5
1A4B
330
70
100
AcDbEntity
  8
Visible
100
AcDbLine
 10
741.829855
 20
1096.668852
 30
0.0
 11
741.829855
 21
1090.668852
 31
0.0
  0
LINE
  5
1A4C
330
70
100
AcDbEntity
  8
Visible
100
AcDbLine
 10
770.829855
 20
1096.668852
 30
0.0
 11
741.829855
 21
1096.668852
 31
0.0
  0
LINE
  5
1A4D
330
70
100
AcDbEntity
  8
Visible
100
AcDbLine
 10
770.829855
 20
1090.668852
 30
0.0
 11
770.829855
 21
1096.668852
 31
0.0
  0
LINE
  5
1A4E
330
70
100
AcDbEntity
  8
Visible
100
AcDbLine
 10
799.829855
 20
1090.668852
 30
0.0
 11
770.829855
 21
1090.668852
 31
0.0
  0
LINE
  5
1A4F
330
70
100
AcDbEntity
  8
Visible
100
AcDbLine
 10
799.829855
 20
1096.668852
 30
0.0
 11
799.829855
 21
1090.668852
 31
0.0
  0
LINE
  5
1A50
330
70
100
AcDbEntity
  8
Visible
100
AcDbLine
 10
828.829855
 20
1096.668852
 30
0.0
 11
799.829855
 21
1096.668852
 31
0.0
  0
LINE
  5
1A51
330
70
100
AcDbEntity
  8
Visible
100
AcDbLine
 10
828.829855
 20
1090.668852
 30
0.0
 11
828.829855
 21
1096.668852
 31
0.0
  0
LINE
  5
1A52
330
70
100
AcDbEntity
  8
Visible
100
AcDbLine
 10
857.829855
 20
1090.668852
 30
0.0
 11
828.829855
 21
1090.668852
 31
0.0
  0
LINE
  5
1A53
330
70
100
AcDbEntity
  8
Visible
100
AcDbLine
 10
857.829855
 20
1096.668852
 30
0.0
 11
857.829855
 21
1090.668852
 31
0.0
  0
LINE
  5
1A54
330
70
100
AcDbEntity
  8
Visible
100
AcDbLine
 10
886.829855
 20
1096.668852
 30
0.0
 11
857.829855
 21
1096.668852
 31
0.0
  0
LINE
  5
1A55
330
70
100
AcDbEntity
  8
Visible
100
AcDbLine
 10
886.829855
 20
1090.668852
 30
0.0
 11
886.829855
 21
1096.668852
 31
0.0
  0
LINE
  5
1A56
330
70
100
AcDbEntity
  8
Visible
100
AcDbLine
 10
915.829855
 20
1090.668852
 30
0.0
 11
886.829855
 21
1090.668852
 31
0.0
  0
LINE
  5
1A57
330
70
100
AcDbEntity
  8
Visible
100
AcDbLine
 10
915.829855
 20
1096.668852
 30
0.0
 11
915.829855
 21
1090.668852
 31
0.0
  0
LINE
  5
1A58
330
70
100
AcDbEntity
  8
Visible
100
AcDbLine
 10
944.829855
 20
1096.668852
 30
0.0
 11
915.829855
 21
1096.668852
 31
0.0
  0
LINE
  5
1A59
330
70
100
AcDbEntity
  8
Visible
100
AcDbLine
 10
944.829855
 20
1090.668852
 30
0.0
 11
944.829855
 21
1096.668852
 31
0.0
  0
LINE
  5
1A5A
330
70
100
AcDbEntity
  8
Visible
100
AcDbLine
 10
973.829855
 20
1090.668852
 30
0.0
 11
944.829855
 21
1090.668852
 31
0.0
  0
LINE
  5
1A5B
330
70
100
AcDbEntity
  8
Visible
100
AcDbLine
 10
973.829855
 20
1096.668852
 30
0.0
 11
973.829855
 21
1090.668852
 31
0.0
  0
LINE
  5
1A5C
330
70
100
AcDbEntity
  8
Visible
100
AcDbLine
 10
1002.829855
 20
1096.668852
 30
0.0
 11
973.829855
 21
1096.668852
 31
0.0
  0
LINE
  5
1A5D
330
70
100
AcDbEntity
  8
Visible
100
AcDbLine
 10
1002.829855
 20
1090.668852
 30
0.0
 11
1002.829855
 21
1096.668852
 31
0.0
  0
LINE
  5
1A5E
330
70
100
AcDbEntity
  8
Visible
100
AcDbLine
 10
1241.640855
 20
389.534852
 30
0.0
 11
1237.344855
 21
389.534852
 31
0.0
  0
LINE
  5
1A5F
330
70
100
AcDbEntity
  8
Visible
100
AcDbLine
 10
1241.640855
 20
390.350852
 30
0.0
 11
1241.640855
 21
389.534852
 31
0.0
  0
LINE
  5
1A60
330
70
100
AcDbEntity
  8
Visible
100
AcDbLine
 10
1238.280855
 20
390.350852
 30
0.0
 11
1241.640855
 21
390.350852
 31
0.0
  0
LINE
  5
1A61
330
70
100
AcDbEntity
  8
Visible
100
AcDbLine
 10
1238.280855
 20
397.070852
 30
0.0
 11
1238.280855
 21
390.350852
 31
0.0
  0
LINE
  5
1A62
330
70
100
AcDbEntity
  8
Visible
100
AcDbLine
 10
1237.344855
 20
397.070852
 30
0.0
 11
1238.280855
 21
397.070852
 31
0.0
  0
LINE
  5
1A63
330
70
100
AcDbEntity
  8
Visible
100
AcDbLine
 10
1237.344855
 20
389.534852
 30
0.0
 11
1237.344855
 21
397.070852
 31
0.0
  0
LINE
  5
1A64
330
70
100
AcDbEntity
  8
Visible
100
AcDbLine
 10
1247.262855
 20
392.246852
 30
0.0
 11
1243.291057
 21
392.246852
 31
0.0
  0
LINE
  5
1A65
330
70
100
AcDbEntity
  8
Visible
100
AcDbLine
 10
1247.270855
 20
392.367852
 30
0.0
 11
1247.262855
 21
392.246852
 31
0.0
  0
LINE
  5
1A66
330
70
100
AcDbEntity
  8
Visible
100
AcDbLine
 10
1247.275855
 20
392.487852
 30
0.0
 11
1247.270855
 21
392.367852
 31
0.0
  0
LINE
  5
1A67
330
70
100
AcDbEntity
  8
Visible
100
AcDbLine
 10
1247.276855
 20
392.606852
 30
0.0
 11
1247.275855
 21
392.487852
 31
0.0
  0
LINE
  5
1A68
330
70
100
AcDbEntity
  8
Visible
100
AcDbLine
 10
1247.275855
 20
392.725852
 30
0.0
 11
1247.276855
 21
392.606852
 31
0.0
  0
LINE
  5
1A69
330
70
100
AcDbEntity
  8
Visible
100
AcDbLine
 10
1247.270855
 20
392.842852
 30
0.0
 11
1247.275855
 21
392.725852
 31
0.0
  0
LINE
  5
1A6A
330
70
100
AcDbEntity
  8
Visible
100
AcDbLine
 10
1247.262855
 20
392.959852
 30
0.0
 11
1247.270855
 21
392.842852
 31
0.0
  0
LINE
  5
1A6B
330
70
100
AcDbEntity
  8
Visible
100
AcDbLine
 10
1247.251855
 20
393.075852
 30
0.0
 11
1247.262855
 21
392.959852
 31
0.0
  0
LINE
  5
1A6C
330
70
100
AcDbEntity
  8
Visible
100
AcDbLine
 10
1247.237855
 20
393.191852
 30
0.0
 11
1247.251855
 21
393.075852
 31
0.0
  0
LINE
  5
1A6D
330
70
100
AcDbEntity
  8
Visible
100
AcDbLine
 10
1247.220855
 20
393.305852
 30
0.0
 11
1247.237855
 21
393.191852
 31
0.0
  0
LINE
  5
1A6E
330
70
100
AcDbEntity
  8
Visible
100
AcDbLine
 10
1247.199855
 20
393.419852
 30
0.0
 11
1247.220855
 21
393.305852
 31
0.0
  0
LINE
  5
1A6F
330
70
100
AcDbEntity
  8
Visible
100
AcDbLine
 10
1247.175855
 20
393.531852
 30
0.0
 11
1247.199855
 21
393.419852
 31
0.0
  0
LINE
  5
1A70
330
70
100
AcDbEntity
  8
Visible
100
AcDbLine
 10
1247.148855
 20
393.641852
 30
0.0
 11
1247.175855
 21
393.531852
 31
0.0
  0
LINE
  5
1A71
330
70
100
AcDbEntity
  8
Visible
100
AcDbLine
 10
1247.117855
 20
393.749852
 30
0.0
 11
1247.148855
 21
393.641852
 31
0.0
  0
LINE
  5
1A72
330
70
100
AcDbEntity
  8
Visible
100
AcDbLine
 10
1247.083855
 20
393.854852
 30
0.0
 11
1247.117855
 21
393.749852
 31
0.0
  0
LINE
  5
1A73
330
70
100
AcDbEntity
  8
Visible
100
AcDbLine
 10
1247.045855
 20
393.957852
 30
0.0
 11
1247.083855
 21
393.854852
 31
0.0
  0
LINE
  5
1A74
330
70
100
AcDbEntity
  8
Visible
100
AcDbLine
 10
1247.004855
 20
394.057852
 30
0.0
 11
1247.045855
 21
393.957852
 31
0.0
  0
LINE
  5
1A75
330
70
100
AcDbEntity
  8
Visible
100
AcDbLine
 10
1246.960855
 20
394.155852
 30
0.0
 11
1247.004855
 21
394.057852
 31
0.0
  0
LINE
  5
1A76
330
70
100
AcDbEntity
  8
Visible
100
AcDbLine
 10
1246.912855
 20
394.251852
 30
0.0
 11
1246.960855
 21
394.155852
 31
0.0
  0
LINE
  5
1A77
330
70
100
AcDbEntity
  8
Visible
100
AcDbLine
 10
1246.861855
 20
394.345852
 30
0.0
 11
1246.912855
 21
394.251852
 31
0.0
  0
LINE
  5
1A78
330
70
100
AcDbEntity
  8
Visible
100
AcDbLine
 10
1246.806855
 20
394.436852
 30
0.0
 11
1246.861855
 21
394.345852
 31
0.0
  0
LINE
  5
1A79
330
70
100
AcDbEntity
  8
Visible
100
AcDbLine
 10
1246.748855
 20
394.524852
 30
0.0
 11
1246.806855
 21
394.436852
 31
0.0
  0
LINE
  5
1A7A
330
70
100
AcDbEntity
  8
Visible
100
AcDbLine
 10
1246.686855
 20
394.609852
 30
0.0
 11
1246.748855
 21
394.524852
 31
0.0
  0
LINE
  5
1A7B
330
70
100
AcDbEntity
  8
Visible
100
AcDbLine
 10
1246.621855
 20
394.689852
 30
0.0
 11
1246.686855
 21
394.609852
 31
0.0
  0
LINE
  5
1A7C
330
70
100
AcDbEntity
  8
Visible
100
AcDbLine
 10
1246.552855
 20
394.766852
 30
0.0
 11
1246.621855
 21
394.689852
 31
0.0
  0
LINE
  5
1A7D
330
70
100
AcDbEntity
  8
Visible
100
AcDbLine
 10
1246.479855
 20
394.839852
 30
0.0
 11
1246.552855
 21
394.766852
 31
0.0
  0
LINE
  5
1A7E
330
70
100
AcDbEntity
  8
Visible
100
AcDbLine
 10
1246.403855
 20
394.909852
 30
0.0
 11
1246.479855
 21
394.839852
 31
0.0
  0
LINE
  5
1A7F
330
70
100
AcDbEntity
  8
Visible
100
AcDbLine
 10
1246.323855
 20
394.975852
 30
0.0
 11
1246.403855
 21
394.909852
 31
0.0
  0
LINE
  5
1A80
330
70
100
AcDbEntity
  8
Visible
100
AcDbLine
 10
1246.240855
 20
395.037852
 30
0.0
 11
1246.323855
 21
394.975852
 31
0.0
  0
LINE
  5
1A81
330
70
100
AcDbEntity
  8
Visible
100
AcDbLine
 10
1246.153855
 20
395.095852
 30
0.0
 11
1246.240855
 21
395.037852
 31
0.0
  0
LINE
  5
1A82
330
70
100
AcDbEntity
  8
Visible
100
AcDbLine
 10
1246.062855
 20
395.150852
 30
0.0
 11
1246.153855
 21
395.095852
 31
0.0
  0
LINE
  5
1A83
330
70
100
AcDbEntity
  8
Visible
100
AcDbLine
 10
1245.968855
 20
395.200852
 30
0.0
 11
1246.062855
 21
395.150852
 31
0.0
  0
LINE
  5
1A84
330
70
100
AcDbEntity
  8
Visible
100
AcDbLine
 10
1245.870855
 20
395.245852
 30
0.0
 11
1245.968855
 21
395.200852
 31
0.0
  0
LINE
  5
1A85
330
70
100
AcDbEntity
  8
Visible
100
AcDbLine
 10
1245.768855
 20
395.285852
 30
0.0
 11
1245.870855
 21
395.245852
 31
0.0
  0
LINE
  5
1A86
330
70
100
AcDbEntity
  8
Visible
100
AcDbLine
 10
1245.662855
 20
395.319852
 30
0.0
 11
1245.768855
 21
395.285852
 31
0.0
  0
LINE
  5
1A87
330
70
100
AcDbEntity
  8
Visible
100
AcDbLine
 10
1245.552855
 20
395.348852
 30
0.0
 11
1245.662855
 21
395.319852
 31
0.0
  0
LINE
  5
1A88
330
70
100
AcDbEntity
  8
Visible
100
AcDbLine
 10
1245.438855
 20
395.372852
 30
0.0
 11
1245.552855
 21
395.348852
 31
0.0
  0
LINE
  5
1A89
330
70
100
AcDbEntity
  8
Visible
100
AcDbLine
 10
1245.321855
 20
395.390852
 30
0.0
 11
1245.438855
 21
395.372852
 31
0.0
  0
LINE
  5
1A8A
330
70
100
AcDbEntity
  8
Visible
100
AcDbLine
 10
1245.200855
 20
395.403852
 30
0.0
 11
1245.321855
 21
395.390852
 31
0.0
  0
LINE
  5
1A8B
330
70
100
AcDbEntity
  8
Visible
100
AcDbLine
 10
1245.075855
 20
395.411852
 30
0.0
 11
1245.200855
 21
395.403852
 31
0.0
  0
LINE
  5
1A8C
330
70
100
AcDbEntity
  8
Visible
100
AcDbLine
 10
1244.946855
 20
395.414852
 30
0.0
 11
1245.075855
 21
395.411852
 31
0.0
  0
LINE
  5
1A8D
330
70
100
AcDbEntity
  8
Visible
100
AcDbLine
 10
1244.798855
 20
395.410852
 30
0.0
 11
1244.946855
 21
395.414852
 31
0.0
  0
LINE
  5
1A8E
330
70
100
AcDbEntity
  8
Visible
100
AcDbLine
 10
1244.653855
 20
395.399852
 30
0.0
 11
1244.798855
 21
395.410852
 31
0.0
  0
LINE
  5
1A8F
330
70
100
AcDbEntity
  8
Visible
100
AcDbLine
 10
1244.511855
 20
395.381852
 30
0.0
 11
1244.653855
 21
395.399852
 31
0.0
  0
LINE
  5
1A90
330
70
100
AcDbEntity
  8
Visible
100
AcDbLine
 10
1244.372855
 20
395.356852
 30
0.0
 11
1244.511855
 21
395.381852
 31
0.0
  0
LINE
  5
1A91
330
70
100
AcDbEntity
  8
Visible
100
AcDbLine
 10
1244.237855
 20
395.323852
 30
0.0
 11
1244.372855
 21
395.356852
 31
0.0
  0
LINE
  5
1A92
330
70
100
AcDbEntity
  8
Visible
100
AcDbLine
 10
1244.105855
 20
395.283852
 30
0.0
 11
1244.237855
 21
395.323852
 31
0.0
  0
LINE
  5
1A93
330
70
100
AcDbEntity
  8
Visible
100
AcDbLine
 10
1243.977855
 20
395.236852
 30
0.0
 11
1244.105855
 21
395.283852
 31
0.0
  0
LINE
  5
1A94
330
70
100
AcDbEntity
  8
Visible
100
AcDbLine
 10
1243.852855
 20
395.182852
 30
0.0
 11
1243.977855
 21
395.236852
 31
0.0
  0
LINE
  5
1A95
330
70
100
AcDbEntity
  8
Visible
100
AcDbLine
 10
1243.730855
 20
395.120852
 30
0.0
 11
1243.852855
 21
395.182852
 31
0.0
  0
LINE
  5
1A96
330
70
100
AcDbEntity
  8
Visible
100
AcDbLine
 10
1243.611855
 20
395.051852
 30
0.0
 11
1243.730855
 21
395.120852
 31
0.0
  0
LINE
  5
1A97
330
70
100
AcDbEntity
  8
Visible
100
AcDbLine
 10
1243.496855
 20
394.975852
 30
0.0
 11
1243.611855
 21
395.051852
 31
0.0
  0
LINE
  5
1A98
330
70
100
AcDbEntity
  8
Visible
100
AcDbLine
 10
1243.387855
 20
394.893852
 30
0.0
 11
1243.496855
 21
394.975852
 31
0.0
  0
LINE
  5
1A99
330
70
100
AcDbEntity
  8
Visible
100
AcDbLine
 10
1243.282855
 20
394.805852
 30
0.0
 11
1243.387855
 21
394.893852
 31
0.0
  0
LINE
  5
1A9A
330
70
100
AcDbEntity
  8
Visible
100
AcDbLine
 10
1243.183855
 20
394.710852
 30
0.0
 11
1243.282855
 21
394.805852
 31
0.0
  0
LINE
  5
1A9B
330
70
100
AcDbEntity
  8
Visible
100
AcDbLine
 10
1243.088855
 20
394.609852
 30
0.0
 11
1243.183855
 21
394.710852
 31
0.0
  0
LINE
  5
1A9C
330
70
100
AcDbEntity
  8
Visible
100
AcDbLine
 10
1242.999855
 20
394.502852
 30
0.0
 11
1243.088855
 21
394.609852
 31
0.0
  0
LINE
  5
1A9D
330
70
100
AcDbEntity
  8
Visible
100
AcDbLine
 10
1242.914855
 20
394.388852
 30
0.0
 11
1242.999855
 21
394.502852
 31
0.0
  0
LINE
  5
1A9E
330
70
100
AcDbEntity
  8
Visible
100
AcDbLine
 10
1242.834855
 20
394.269852
 30
0.0
 11
1242.914855
 21
394.388852
 31
0.0
  0
LINE
  5
1A9F
330
70
100
AcDbEntity
  8
Visible
100
AcDbLine
 10
1242.760855
 20
394.142852
 30
0.0
 11
1242.834855
 21
394.269852
 31
0.0
  0
LINE
  5
1AA0
330
70
100
AcDbEntity
  8
Visible
100
AcDbLine
 10
1242.690855
 20
394.010852
 30
0.0
 11
1242.760855
 21
394.142852
 31
0.0
  0
LINE
  5
1AA1
330
70
100
AcDbEntity
  8
Visible
100
AcDbLine
 10
1242.626855
 20
393.872852
 30
0.0
 11
1242.690855
 21
394.010852
 31
0.0
  0
LINE
  5
1AA2
330
70
100
AcDbEntity
  8
Visible
100
AcDbLine
 10
1242.569855
 20
393.728852
 30
0.0
 11
1242.626855
 21
393.872852
 31
0.0
  0
LINE
  5
1AA3
330
70
100
AcDbEntity
  8
Visible
100
AcDbLine
 10
1242.519855
 20
393.579852
 30
0.0
 11
1242.569855
 21
393.728852
 31
0.0
  0
LINE
  5
1AA4
330
70
100
AcDbEntity
  8
Visible
100
AcDbLine
 10
1242.475855
 20
393.425852
 30
0.0
 11
1242.519855
 21
393.579852
 31
0.0
  0
LINE
  5
1AA5
330
70
100
AcDbEntity
  8
Visible
100
AcDbLine
 10
1242.438855
 20
393.266852
 30
0.0
 11
1242.475855
 21
393.425852
 31
0.0
  0
LINE
  5
1AA6
330
70
100
AcDbEntity
  8
Visible
100
AcDbLine
 10
1242.408855
 20
393.101852
 30
0.0
 11
1242.438855
 21
393.266852
 31
0.0
  0
LINE
  5
1AA7
330
70
100
AcDbEntity
  8
Visible
100
AcDbLine
 10
1242.384855
 20
392.931852
 30
0.0
 11
1242.408855
 21
393.101852
 31
0.0
  0
LINE
  5
1AA8
330
70
100
AcDbEntity
  8
Visible
100
AcDbLine
 10
1242.367855
 20
392.756852
 30
0.0
 11
1242.384855
 21
392.931852
 31
0.0
  0
LINE
  5
1AA9
330
70
100
AcDbEntity
  8
Visible
100
AcDbLine
 10
1242.357855
 20
392.576852
 30
0.0
 11
1242.367855
 21
392.756852
 31
0.0
  0
LINE
  5
1AAA
330
70
100
AcDbEntity
  8
Visible
100
AcDbLine
 10
1242.354855
 20
392.390852
 30
0.0
 11
1242.357855
 21
392.576852
 31
0.0
  0
LINE
  5
1AAB
330
70
100
AcDbEntity
  8
Visible
100
AcDbLine
 10
1242.357855
 20
392.216852
 30
0.0
 11
1242.354855
 21
392.390852
 31
0.0
  0
LINE
  5
1AAC
330
70
100
AcDbEntity
  8
Visible
100
AcDbLine
 10
1242.368855
 20
392.045852
 30
0.0
 11
1242.357855
 21
392.216852
 31
0.0
  0
LINE
  5
1AAD
330
70
100
AcDbEntity
  8
Visible
100
AcDbLine
 10
1242.385855
 20
391.879852
 30
0.0
 11
1242.368855
 21
392.045852
 31
0.0
  0
LINE
  5
1AAE
330
70
100
AcDbEntity
  8
Visible
100
AcDbLine
 10
1242.408855
 20
391.717852
 30
0.0
 11
1242.385855
 21
391.879852
 31
0.0
  0
LINE
  5
1AAF
330
70
100
AcDbEntity
  8
Visible
100
AcDbLine
 10
1242.439855
 20
391.559852
 30
0.0
 11
1242.408855
 21
391.717852
 31
0.0
  0
LINE
  5
1AB0
330
70
100
AcDbEntity
  8
Visible
100
AcDbLine
 10
1242.476855
 20
391.405852
 30
0.0
 11
1242.439855
 21
391.559852
 31
0.0
  0
LINE
  5
1AB1
330
70
100
AcDbEntity
  8
Visible
100
AcDbLine
 10
1242.520855
 20
391.255852
 30
0.0
 11
1242.476855
 21
391.405852
 31
0.0
  0
LINE
  5
1AB2
330
70
100
AcDbEntity
  8
Visible
100
AcDbLine
 10
1242.571855
 20
391.109852
 30
0.0
 11
1242.520855
 21
391.255852
 31
0.0
  0
LINE
  5
1AB3
330
70
100
AcDbEntity
  8
Visible
100
AcDbLine
 10
1242.629855
 20
390.968852
 30
0.0
 11
1242.571855
 21
391.109852
 31
0.0
  0
LINE
  5
1AB4
330
70
100
AcDbEntity
  8
Visible
100
AcDbLine
 10
1242.693855
 20
390.830852
 30
0.0
 11
1242.629855
 21
390.968852
 31
0.0
  0
LINE
  5
1AB5
330
70
100
AcDbEntity
  8
Visible
100
AcDbLine
 10
1242.763855
 20
390.697852
 30
0.0
 11
1242.693855
 21
390.830852
 31
0.0
  0
LINE
  5
1AB6
330
70
100
AcDbEntity
  8
Visible
100
AcDbLine
 10
1242.838855
 20
390.571852
 30
0.0
 11
1242.763855
 21
390.697852
 31
0.0
  0
LINE
  5
1AB7
330
70
100
AcDbEntity
  8
Visible
100
AcDbLine
 10
1242.919855
 20
390.450852
 30
0.0
 11
1242.838855
 21
390.571852
 31
0.0
  0
LINE
  5
1AB8
330
70
100
AcDbEntity
  8
Visible
100
AcDbLine
 10
1243.004855
 20
390.335852
 30
0.0
 11
1242.919855
 21
390.450852
 31
0.0
  0
LINE
  5
1AB9
330
70
100
AcDbEntity
  8
Visible
100
AcDbLine
 10
1243.093855
 20
390.226852
 30
0.0
 11
1243.004855
 21
390.335852
 31
0.0
  0
LINE
  5
1ABA
330
70
100
AcDbEntity
  8
Visible
100
AcDbLine
 10
1243.188855
 20
390.123852
 30
0.0
 11
1243.093855
 21
390.226852
 31
0.0
  0
LINE
  5
1ABB
330
70
100
AcDbEntity
  8
Visible
100
AcDbLine
 10
1243.288855
 20
390.026852
 30
0.0
 11
1243.188855
 21
390.123852
 31
0.0
  0
LINE
  5
1ABC
330
70
100
AcDbEntity
  8
Visible
100
AcDbLine
 10
1243.393855
 20
389.935852
 30
0.0
 11
1243.288855
 21
390.026852
 31
0.0
  0
LINE
  5
1ABD
330
70
100
AcDbEntity
  8
Visible
100
AcDbLine
 10
1243.502855
 20
389.850852
 30
0.0
 11
1243.393855
 21
389.935852
 31
0.0
  0
LINE
  5
1ABE
330
70
100
AcDbEntity
  8
Visible
100
AcDbLine
 10
1243.617855
 20
389.771852
 30
0.0
 11
1243.502855
 21
389.850852
 31
0.0
  0
LINE
  5
1ABF
330
70
100
AcDbEntity
  8
Visible
100
AcDbLine
 10
1243.736855
 20
389.699852
 30
0.0
 11
1243.617855
 21
389.771852
 31
0.0
  0
LINE
  5
1AC0
330
70
100
AcDbEntity
  8
Visible
100
AcDbLine
 10
1243.857855
 20
389.634852
 30
0.0
 11
1243.736855
 21
389.699852
 31
0.0
  0
LINE
  5
1AC1
330
70
100
AcDbEntity
  8
Visible
100
AcDbLine
 10
1243.982855
 20
389.577852
 30
0.0
 11
1243.857855
 21
389.634852
 31
0.0
  0
LINE
  5
1AC2
330
70
100
AcDbEntity
  8
Visible
100
AcDbLine
 10
1244.110855
 20
389.527852
 30
0.0
 11
1243.982855
 21
389.577852
 31
0.0
  0
LINE
  5
1AC3
330
70
100
AcDbEntity
  8
Visible
100
AcDbLine
 10
1244.242855
 20
389.485852
 30
0.0
 11
1244.110855
 21
389.527852
 31
0.0
  0
LINE
  5
1AC4
330
70
100
AcDbEntity
  8
Visible
100
AcDbLine
 10
1244.376855
 20
389.451852
 30
0.0
 11
1244.242855
 21
389.485852
 31
0.0
  0
LINE
  5
1AC5
330
70
100
AcDbEntity
  8
Visible
100
AcDbLine
 10
1244.514855
 20
389.424852
 30
0.0
 11
1244.376855
 21
389.451852
 31
0.0
  0
LINE
  5
1AC6
330
70
100
AcDbEntity
  8
Visible
100
AcDbLine
 10
1244.655855
 20
389.405852
 30
0.0
 11
1244.514855
 21
389.424852
 31
0.0
  0
LINE
  5
1AC7
330
70
100
AcDbEntity
  8
Visible
100
AcDbLine
 10
1244.799855
 20
389.394852
 30
0.0
 11
1244.655855
 21
389.405852
 31
0.0
  0
LINE
  5
1AC8
330
70
100
AcDbEntity
  8
Visible
100
AcDbLine
 10
1244.946855
 20
389.390852
 30
0.0
 11
1244.799855
 21
389.394852
 31
0.0
  0
LINE
  5
1AC9
330
70
100
AcDbEntity
  8
Visible
100
AcDbLine
 10
1245.068855
 20
389.392852
 30
0.0
 11
1244.946855
 21
389.390852
 31
0.0
  0
LINE
  5
1ACA
330
70
100
AcDbEntity
  8
Visible
100
AcDbLine
 10
1245.188855
 20
389.399852
 30
0.0
 11
1245.068855
 21
389.392852
 31
0.0
  0
LINE
  5
1ACB
330
70
100
AcDbEntity
  8
Visible
100
AcDbLine
 10
1245.305855
 20
389.410852
 30
0.0
 11
1245.188855
 21
389.399852
 31
0.0
  0
LINE
  5
1ACC
330
70
100
AcDbEntity
  8
Visible
100
AcDbLine
 10
1245.420855
 20
389.426852
 30
0.0
 11
1245.305855
 21
389.410852
 31
0.0
  0
LINE
  5
1ACD
330
70
100
AcDbEntity
  8
Visible
100
AcDbLine
 10
1245.532855
 20
389.445852
 30
0.0
 11
1245.420855
 21
389.426852
 31
0.0
  0
LINE
  5
1ACE
330
70
100
AcDbEntity
  8
Visible
100
AcDbLine
 10
1245.642855
 20
389.470852
 30
0.0
 11
1245.532855
 21
389.445852
 31
0.0
  0
LINE
  5
1ACF
330
70
100
AcDbEntity
  8
Visible
100
AcDbLine
 10
1245.749855
 20
389.499852
 30
0.0
 11
1245.642855
 21
389.470852
 31
0.0
  0
LINE
  5
1AD0
330
70
100
AcDbEntity
  8
Visible
100
AcDbLine
 10
1245.854855
 20
389.532852
 30
0.0
 11
1245.749855
 21
389.499852
 31
0.0
  0
LINE
  5
1AD1
330
70
100
AcDbEntity
  8
Visible
100
AcDbLine
 10
1245.956855
 20
389.570852
 30
0.0
 11
1245.854855
 21
389.532852
 31
0.0
  0
LINE
  5
1AD2
330
70
100
AcDbEntity
  8
Visible
100
AcDbLine
 10
1246.056855
 20
389.612852
 30
0.0
 11
1245.956855
 21
389.570852
 31
0.0
  0
LINE
  5
1AD3
330
70
100
AcDbEntity
  8
Visible
100
AcDbLine
 10
1246.153855
 20
389.658852
 30
0.0
 11
1246.056855
 21
389.612852
 31
0.0
  0
LINE
  5
1AD4
330
70
100
AcDbEntity
  8
Visible
100
AcDbLine
 10
1246.246855
 20
389.708852
 30
0.0
 11
1246.153855
 21
389.658852
 31
0.0
  0
LINE
  5
1AD5
330
70
100
AcDbEntity
  8
Visible
100
AcDbLine
 10
1246.336855
 20
389.762852
 30
0.0
 11
1246.246855
 21
389.708852
 31
0.0
  0
LINE
  5
1AD6
330
70
100
AcDbEntity
  8
Visible
100
AcDbLine
 10
1246.422855
 20
389.820852
 30
0.0
 11
1246.336855
 21
389.762852
 31
0.0
  0
LINE
  5
1AD7
330
70
100
AcDbEntity
  8
Visible
100
AcDbLine
 10
1246.504855
 20
389.881852
 30
0.0
 11
1246.422855
 21
389.820852
 31
0.0
  0
LINE
  5
1AD8
330
70
100
AcDbEntity
  8
Visible
100
AcDbLine
 10
1246.584855
 20
389.946852
 30
0.0
 11
1246.504855
 21
389.881852
 31
0.0
  0
LINE
  5
1AD9
330
70
100
AcDbEntity
  8
Visible
100
AcDbLine
 10
1246.660855
 20
390.015852
 30
0.0
 11
1246.584855
 21
389.946852
 31
0.0
  0
LINE
  5
1ADA
330
70
100
AcDbEntity
  8
Visible
100
AcDbLine
 10
1246.732855
 20
390.088852
 30
0.0
 11
1246.660855
 21
390.015852
 31
0.0
  0
LINE
  5
1ADB
330
70
100
AcDbEntity
  8
Visible
100
AcDbLine
 10
1246.801855
 20
390.165852
 30
0.0
 11
1246.732855
 21
390.088852
 31
0.0
  0
LINE
  5
1ADC
330
70
100
AcDbEntity
  8
Visible
100
AcDbLine
 10
1246.866855
 20
390.245852
 30
0.0
 11
1246.801855
 21
390.165852
 31
0.0
  0
LINE
  5
1ADD
330
70
100
AcDbEntity
  8
Visible
100
AcDbLine
 10
1246.927855
 20
390.329852
 30
0.0
 11
1246.866855
 21
390.245852
 31
0.0
  0
LINE
  5
1ADE
330
70
100
AcDbEntity
  8
Visible
100
AcDbLine
 10
1246.984855
 20
390.416852
 30
0.0
 11
1246.927855
 21
390.329852
 31
0.0
  0
LINE
  5
1ADF
330
70
100
AcDbEntity
  8
Visible
100
AcDbLine
 10
1247.036855
 20
390.506852
 30
0.0
 11
1246.984855
 21
390.416852
 31
0.0
  0
LINE
  5
1AE0
330
70
100
AcDbEntity
  8
Visible
100
AcDbLine
 10
1247.084855
 20
390.599852
 30
0.0
 11
1247.036855
 21
390.506852
 31
0.0
  0
LINE
  5
1AE1
330
70
100
AcDbEntity
  8
Visible
100
AcDbLine
 10
1247.127855
 20
390.696852
 30
0.0
 11
1247.084855
 21
390.599852
 31
0.0
  0
LINE
  5
1AE2
330
70
100
AcDbEntity
  8
Visible
100
AcDbLine
 10
1247.166855
 20
390.795852
 30
0.0
 11
1247.127855
 21
390.696852
 31
0.0
  0
LINE
  5
1AE3
330
70
100
AcDbEntity
  8
Visible
100
AcDbLine
 10
1247.199855
 20
390.898852
 30
0.0
 11
1247.166855
 21
390.795852
 31
0.0
  0
LINE
  5
1AE4
330
70
100
AcDbEntity
  8
Visible
100
AcDbLine
 10
1247.229855
 20
391.004852
 30
0.0
 11
1247.199855
 21
390.898852
 31
0.0
  0
LINE
  5
1AE5
330
70
100
AcDbEntity
  8
Visible
100
AcDbLine
 10
1247.254855
 20
391.114852
 30
0.0
 11
1247.229855
 21
391.004852
 31
0.0
  0
LINE
  5
1AE6
330
70
100
AcDbEntity
  8
Visible
100
AcDbLine
 10
1247.274855
 20
391.226852
 30
0.0
 11
1247.254855
 21
391.114852
 31
0.0
  0
LINE
  5
1AE7
330
70
100
AcDbEntity
  8
Visible
100
AcDbLine
 10
1246.302855
 20
391.226852
 30
0.0
 11
1247.274855
 21
391.226852
 31
0.0
  0
LINE
  5
1AE8
330
70
100
AcDbEntity
  8
Visible
100
AcDbLine
 10
1246.284855
 20
391.123852
 30
0.0
 11
1246.302855
 21
391.226852
 31
0.0
  0
LINE
  5
1AE9
330
70
100
AcDbEntity
  8
Visible
100
AcDbLine
 10
1246.260855
 20
391.025852
 30
0.0
 11
1246.284855
 21
391.123852
 31
0.0
  0
LINE
  5
1AEA
330
70
100
AcDbEntity
  8
Visible
100
AcDbLine
 10
1246.230855
 20
390.932852
 30
0.0
 11
1246.260855
 21
391.025852
 31
0.0
  0
LINE
  5
1AEB
330
70
100
AcDbEntity
  8
Visible
100
AcDbLine
 10
1246.194855
 20
390.845852
 30
0.0
 11
1246.230855
 21
390.932852
 31
0.0
  0
LINE
  5
1AEC
330
70
100
AcDbEntity
  8
Visible
100
AcDbLine
 10
1246.153855
 20
390.762852
 30
0.0
 11
1246.194855
 21
390.845852
 31
0.0
  0
LINE
  5
1AED
330
70
100
AcDbEntity
  8
Visible
100
AcDbLine
 10
1246.107855
 20
390.685852
 30
0.0
 11
1246.153855
 21
390.762852
 31
0.0
  0
LINE
  5
1AEE
330
70
100
AcDbEntity
  8
Visible
100
AcDbLine
 10
1246.055855
 20
390.613852
 30
0.0
 11
1246.107855
 21
390.685852
 31
0.0
  0
LINE
  5
1AEF
330
70
100
AcDbEntity
  8
Visible
100
AcDbLine
 10
1245.997855
 20
390.546852
 30
0.0
 11
1246.055855
 21
390.613852
 31
0.0
  0
LINE
  5
1AF0
330
70
100
AcDbEntity
  8
Visible
100
AcDbLine
 10
1245.933855
 20
390.485852
 30
0.0
 11
1245.997855
 21
390.546852
 31
0.0
  0
LINE
  5
1AF1
330
70
100
AcDbEntity
  8
Visible
100
AcDbLine
 10
1245.864855
 20
390.428852
 30
0.0
 11
1245.933855
 21
390.485852
 31
0.0
  0
LINE
  5
1AF2
330
70
100
AcDbEntity
  8
Visible
100
AcDbLine
 10
1245.790855
 20
390.377852
 30
0.0
 11
1245.864855
 21
390.428852
 31
0.0
  0
LINE
  5
1AF3
330
70
100
AcDbEntity
  8
Visible
100
AcDbLine
 10
1245.712855
 20
390.331852
 30
0.0
 11
1245.790855
 21
390.377852
 31
0.0
  0
LINE
  5
1AF4
330
70
100
AcDbEntity
  8
Visible
100
AcDbLine
 10
1245.630855
 20
390.290852
 30
0.0
 11
1245.712855
 21
390.331852
 31
0.0
  0
LINE
  5
1AF5
330
70
100
AcDbEntity
  8
Visible
100
AcDbLine
 10
1245.544855
 20
390.255852
 30
0.0
 11
1245.630855
 21
390.290852
 31
0.0
  0
LINE
  5
1AF6
330
70
100
AcDbEntity
  8
Visible
100
AcDbLine
 10
1245.454855
 20
390.226852
 30
0.0
 11
1245.544855
 21
390.255852
 31
0.0
  0
LINE
  5
1AF7
330
70
100
AcDbEntity
  8
Visible
100
AcDbLine
 10
1245.361855
 20
390.201852
 30
0.0
 11
1245.454855
 21
390.226852
 31
0.0
  0
LINE
  5
1AF8
330
70
100
AcDbEntity
  8
Visible
100
AcDbLine
 10
1245.263855
 20
390.182852
 30
0.0
 11
1245.361855
 21
390.201852
 31
0.0
  0
LINE
  5
1AF9
330
70
100
AcDbEntity
  8
Visible
100
AcDbLine
 10
1245.161855
 20
390.169852
 30
0.0
 11
1245.263855
 21
390.182852
 31
0.0
  0
LINE
  5
1AFA
330
70
100
AcDbEntity
  8
Visible
100
AcDbLine
 10
1245.056855
 20
390.161852
 30
0.0
 11
1245.161855
 21
390.169852
 31
0.0
  0
LINE
  5
1AFB
330
70
100
AcDbEntity
  8
Visible
100
AcDbLine
 10
1244.946855
 20
390.158852
 30
0.0
 11
1245.056855
 21
390.161852
 31
0.0
  0
LINE
  5
1AFC
330
70
100
AcDbEntity
  8
Visible
100
AcDbLine
 10
1244.836855
 20
390.161852
 30
0.0
 11
1244.946855
 21
390.158852
 31
0.0
  0
LINE
  5
1AFD
330
70
100
AcDbEntity
  8
Visible
100
AcDbLine
 10
1244.730855
 20
390.169852
 30
0.0
 11
1244.836855
 21
390.161852
 31
0.0
  0
LINE
  5
1AFE
330
70
100
AcDbEntity
  8
Visible
100
AcDbLine
 10
1244.628855
 20
390.183852
 30
0.0
 11
1244.730855
 21
390.169852
 31
0.0
  0
LINE
  5
1AFF
330
70
100
AcDbEntity
  8
Visible
100
AcDbLine
 10
1244.530855
 20
390.202852
 30
0.0
 11
1244.628855
 21
390.183852
 31
0.0
  0
LINE
  5
1B00
330
70
100
AcDbEntity
  8
Visible
100
AcDbLine
 10
1244.436855
 20
390.227852
 30
0.0
 11
1244.530855
 21
390.202852
 31
0.0
  0
LINE
  5
1B01
330
70
100
AcDbEntity
  8
Visible
100
AcDbLine
 10
1244.346855
 20
390.257852
 30
0.0
 11
1244.436855
 21
390.227852
 31
0.0
  0
LINE
  5
1B02
330
70
100
AcDbEntity
  8
Visible
100
AcDbLine
 10
1244.259855
 20
390.293852
 30
0.0
 11
1244.346855
 21
390.257852
 31
0.0
  0
LINE
  5
1B03
330
70
100
AcDbEntity
  8
Visible
100
AcDbLine
 10
1244.176855
 20
390.335852
 30
0.0
 11
1244.259855
 21
390.293852
 31
0.0
  0
LINE
  5
1B04
330
70
100
AcDbEntity
  8
Visible
100
AcDbLine
 10
1244.097855
 20
390.382852
 30
0.0
 11
1244.176855
 21
390.335852
 31
0.0
  0
LINE
  5
1B05
330
70
100
AcDbEntity
  8
Visible
100
AcDbLine
 10
1244.022855
 20
390.434852
 30
0.0
 11
1244.097855
 21
390.382852
 31
0.0
  0
LINE
  5
1B06
330
70
100
AcDbEntity
  8
Visible
100
AcDbLine
 10
1243.951855
 20
390.491852
 30
0.0
 11
1244.022855
 21
390.434852
 31
0.0
  0
LINE
  5
1B07
330
70
100
AcDbEntity
  8
Visible
100
AcDbLine
 10
1243.883855
 20
390.552852
 30
0.0
 11
1243.951855
 21
390.491852
 31
0.0
  0
LINE
  5
1B08
330
70
100
AcDbEntity
  8
Visible
100
AcDbLine
 10
1243.819855
 20
390.617852
 30
0.0
 11
1243.883855
 21
390.552852
 31
0.0
  0
LINE
  5
1B09
330
70
100
AcDbEntity
  8
Visible
100
AcDbLine
 10
1243.758855
 20
390.686852
 30
0.0
 11
1243.819855
 21
390.617852
 31
0.0
  0
LINE
  5
1B0A
330
70
100
AcDbEntity
  8
Visible
100
AcDbLine
 10
1243.702855
 20
390.759852
 30
0.0
 11
1243.758855
 21
390.686852
 31
0.0
  0
LINE
  5
1B0B
330
70
100
AcDbEntity
  8
Visible
100
AcDbLine
 10
1243.649855
 20
390.836852
 30
0.0
 11
1243.702855
 21
390.759852
 31
0.0
  0
LINE
  5
1B0C
330
70
100
AcDbEntity
  8
Visible
100
AcDbLine
 10
1243.599855
 20
390.917852
 30
0.0
 11
1243.649855
 21
390.836852
 31
0.0
  0
LINE
  5
1B0D
330
70
100
AcDbEntity
  8
Visible
100
AcDbLine
 10
1243.554855
 20
391.002852
 30
0.0
 11
1243.599855
 21
390.917852
 31
0.0
  0
LINE
  5
1B0E
330
70
100
AcDbEntity
  8
Visible
100
AcDbLine
 10
1243.511855
 20
391.091852
 30
0.0
 11
1243.554855
 21
391.002852
 31
0.0
  0
LINE
  5
1B0F
330
70
100
AcDbEntity
  8
Visible
100
AcDbLine
 10
1243.473855
 20
391.184852
 30
0.0
 11
1243.511855
 21
391.091852
 31
0.0
  0
LINE
  5
1B10
330
70
100
AcDbEntity
  8
Visible
100
AcDbLine
 10
1243.438855
 20
391.280852
 30
0.0
 11
1243.473855
 21
391.184852
 31
0.0
  0
LINE
  5
1B11
330
70
100
AcDbEntity
  8
Visible
100
AcDbLine
 10
1243.407855
 20
391.379852
 30
0.0
 11
1243.438855
 21
391.280852
 31
0.0
  0
LINE
  5
1B12
330
70
100
AcDbEntity
  8
Visible
100
AcDbLine
 10
1243.380855
 20
391.480852
 30
0.0
 11
1243.407855
 21
391.379852
 31
0.0
  0
LINE
  5
1B13
330
70
100
AcDbEntity
  8
Visible
100
AcDbLine
 10
1243.356855
 20
391.583852
 30
0.0
 11
1243.380855
 21
391.480852
 31
0.0
  0
LINE
  5
1B14
330
70
100
AcDbEntity
  8
Visible
100
AcDbLine
 10
1243.336855
 20
391.690852
 30
0.0
 11
1243.356855
 21
391.583852
 31
0.0
  0
LINE
  5
1B15
330
70
100
AcDbEntity
  8
Visible
100
AcDbLine
 10
1243.319855
 20
391.798852
 30
0.0
 11
1243.336855
 21
391.690852
 31
0.0
  0
LINE
  5
1B16
330
70
100
AcDbEntity
  8
Visible
100
AcDbLine
 10
1243.306855
 20
391.909852
 30
0.0
 11
1243.319855
 21
391.798852
 31
0.0
  0
LINE
  5
1B17
330
70
100
AcDbEntity
  8
Visible
100
AcDbLine
 10
1243.297855
 20
392.023852
 30
0.0
 11
1243.306855
 21
391.909852
 31
0.0
  0
LINE
  5
1B18
330
70
100
AcDbEntity
  8
Visible
100
AcDbLine
 10
1243.292855
 20
392.139852
 30
0.0
 11
1243.297855
 21
392.023852
 31
0.0
  0
LINE
  5
1B19
330
70
100
AcDbEntity
  8
Visible
100
AcDbLine
 10
1243.291057
 20
392.246852
 30
0.0
 11
1243.292855
 21
392.139852
 31
0.0
  0
LINE
  5
1B1A
330
70
100
AcDbEntity
  8
Visible
100
AcDbLine
 10
1249.428855
 20
394.622852
 30
0.0
 11
1248.492855
 21
394.622852
 31
0.0
  0
LINE
  5
1B1B
330
70
100
AcDbEntity
  8
Visible
100
AcDbLine
 10
1249.428855
 20
389.534852
 30
0.0
 11
1249.428855
 21
394.622852
 31
0.0
  0
LINE
  5
1B1C
330
70
100
AcDbEntity
  8
Visible
100
AcDbLine
 10
1250.364855
 20
389.534852
 30
0.0
 11
1249.428855
 21
389.534852
 31
0.0
  0
LINE
  5
1B1D
330
70
100
AcDbEntity
  8
Visible
100
AcDbLine
 10
1250.364855
 20
394.622852
 30
0.0
 11
1250.364855
 21
389.534852
 31
0.0
  0
LINE
  5
1B1E
330
70
100
AcDbEntity
  8
Visible
100
AcDbLine
 10
1251.552855
 20
394.622852
 30
0.0
 11
1250.364855
 21
394.622852
 31
0.0
  0
LINE
  5
1B1F
330
70
100
AcDbEntity
  8
Visible
100
AcDbLine
 10
1251.552855
 20
395.270852
 30
0.0
 11
1251.552855
 21
394.622852
 31
0.0
  0
LINE
  5
1B20
330
70
100
AcDbEntity
  8
Visible
100
AcDbLine
 10
1250.364855
 20
395.270852
 30
0.0
 11
1251.552855
 21
395.270852
 31
0.0
  0
LINE
  5
1B21
330
70
100
AcDbEntity
  8
Visible
100
AcDbLine
 10
1250.364855
 20
396.146852
 30
0.0
 11
1250.364855
 21
395.270852
 31
0.0
  0
LINE
  5
1B22
330
70
100
AcDbEntity
  8
Visible
100
AcDbLine
 10
1250.365855
 20
396.219852
 30
0.0
 11
1250.364855
 21
396.146852
 31
0.0
  0
LINE
  5
1B23
330
70
100
AcDbEntity
  8
Visible
100
AcDbLine
 10
1250.369855
 20
396.288852
 30
0.0
 11
1250.365855
 21
396.219852
 31
0.0
  0
LINE
  5
1B24
330
70
100
AcDbEntity
  8
Visible
100
AcDbLine
 10
1250.375855
 20
396.354852
 30
0.0
 11
1250.369855
 21
396.288852
 31
0.0
  0
LINE
  5
1B25
330
70
100
AcDbEntity
  8
Visible
100
AcDbLine
 10
1250.384855
 20
396.416852
 30
0.0
 11
1250.375855
 21
396.354852
 31
0.0
  0
LINE
  5
1B26
330
70
100
AcDbEntity
  8
Visible
100
AcDbLine
 10
1250.396855
 20
396.475852
 30
0.0
 11
1250.384855
 21
396.416852
 31
0.0
  0
LINE
  5
1B27
330
70
100
AcDbEntity
  8
Visible
100
AcDbLine
 10
1250.409855
 20
396.530852
 30
0.0
 11
1250.396855
 21
396.475852
 31
0.0
  0
LINE
  5
1B28
330
70
100
AcDbEntity
  8
Visible
100
AcDbLine
 10
1250.426855
 20
396.582852
 30
0.0
 11
1250.409855
 21
396.530852
 31
0.0
  0
LINE
  5
1B29
330
70
100
AcDbEntity
  8
Visible
100
AcDbLine
 10
1250.445855
 20
396.630852
 30
0.0
 11
1250.426855
 21
396.582852
 31
0.0
  0
LINE
  5
1B2A
330
70
100
AcDbEntity
  8
Visible
100
AcDbLine
 10
1250.466855
 20
396.675852
 30
0.0
 11
1250.445855
 21
396.630852
 31
0.0
  0
LINE
  5
1B2B
330
70
100
AcDbEntity
  8
Visible
100
AcDbLine
 10
1250.490855
 20
396.716852
 30
0.0
 11
1250.466855
 21
396.675852
 31
0.0
  0
LINE
  5
1B2C
330
70
100
AcDbEntity
  8
Visible
100
AcDbLine
 10
1250.516855
 20
396.754852
 30
0.0
 11
1250.490855
 21
396.716852
 31
0.0
  0
LINE
  5
1B2D
330
70
100
AcDbEntity
  8
Visible
100
AcDbLine
 10
1250.543855
 20
396.790852
 30
0.0
 11
1250.516855
 21
396.754852
 31
0.0
  0
LINE
  5
1B2E
330
70
100
AcDbEntity
  8
Visible
100
AcDbLine
 10
1250.572855
 20
396.823852
 30
0.0
 11
1250.543855
 21
396.790852
 31
0.0
  0
LINE
  5
1B2F
330
70
100
AcDbEntity
  8
Visible
100
AcDbLine
 10
1250.601855
 20
396.854852
 30
0.0
 11
1250.572855
 21
396.823852
 31
0.0
  0
LINE
  5
1B30
330
70
100
AcDbEntity
  8
Visible
100
AcDbLine
 10
1250.632855
 20
396.882852
 30
0.0
 11
1250.601855
 21
396.854852
 31
0.0
  0
LINE
  5
1B31
330
70
100
AcDbEntity
  8
Visible
100
AcDbLine
 10
1250.665855
 20
396.908852
 30
0.0
 11
1250.632855
 21
396.882852
 31
0.0
  0
LINE
  5
1B32
330
70
100
AcDbEntity
  8
Visible
100
AcDbLine
 10
1250.699855
 20
396.931852
 30
0.0
 11
1250.665855
 21
396.908852
 31
0.0
  0
LINE
  5
1B33
330
70
100
AcDbEntity
  8
Visible
100
AcDbLine
 10
1250.734855
 20
396.952852
 30
0.0
 11
1250.699855
 21
396.931852
 31
0.0
  0
LINE
  5
1B34
330
70
100
AcDbEntity
  8
Visible
100
AcDbLine
 10
1250.770855
 20
396.970852
 30
0.0
 11
1250.734855
 21
396.952852
 31
0.0
  0
LINE
  5
1B35
330
70
100
AcDbEntity
  8
Visible
100
AcDbLine
 10
1250.808855
 20
396.986852
 30
0.0
 11
1250.770855
 21
396.970852
 31
0.0
  0
LINE
  5
1B36
330
70
100
AcDbEntity
  8
Visible
100
AcDbLine
 10
1250.846855
 20
397.000852
 30
0.0
 11
1250.808855
 21
396.986852
 31
0.0
  0
LINE
  5
1B37
330
70
100
AcDbEntity
  8
Visible
100
AcDbLine
 10
1250.885855
 20
397.012852
 30
0.0
 11
1250.846855
 21
397.000852
 31
0.0
  0
LINE
  5
1B38
330
70
100
AcDbEntity
  8
Visible
100
AcDbLine
 10
1250.923855
 20
397.023852
 30
0.0
 11
1250.885855
 21
397.012852
 31
0.0
  0
LINE
  5
1B39
330
70
100
AcDbEntity
  8
Visible
100
AcDbLine
 10
1250.962855
 20
397.032852
 30
0.0
 11
1250.923855
 21
397.023852
 31
0.0
  0
LINE
  5
1B3A
330
70
100
AcDbEntity
  8
Visible
100
AcDbLine
 10
1251.000855
 20
397.040852
 30
0.0
 11
1250.962855
 21
397.032852
 31
0.0
  0
LINE
  5
1B3B
330
70
100
AcDbEntity
  8
Visible
100
AcDbLine
 10
1251.038855
 20
397.046852
 30
0.0
 11
1251.000855
 21
397.040852
 31
0.0
  0
LINE
  5
1B3C
330
70
100
AcDbEntity
  8
Visible
100
AcDbLine
 10
1251.077855
 20
397.052852
 30
0.0
 11
1251.038855
 21
397.046852
 31
0.0
  0
LINE
  5
1B3D
330
70
100
AcDbEntity
  8
Visible
100
AcDbLine
 10
1251.115855
 20
397.055852
 30
0.0
 11
1251.077855
 21
397.052852
 31
0.0
  0
LINE
  5
1B3E
330
70
100
AcDbEntity
  8
Visible
100
AcDbLine
 10
1251.154855
 20
397.057852
 30
0.0
 11
1251.115855
 21
397.055852
 31
0.0
  0
LINE
  5
1B3F
330
70
100
AcDbEntity
  8
Visible
100
AcDbLine
 10
1251.192855
 20
397.058852
 30
0.0
 11
1251.154855
 21
397.057852
 31
0.0
  0
LINE
  5
1B40
330
70
100
AcDbEntity
  8
Visible
100
AcDbLine
 10
1251.225855
 20
397.058852
 30
0.0
 11
1251.192855
 21
397.058852
 31
0.0
  0
LINE
  5
1B41
330
70
100
AcDbEntity
  8
Visible
100
AcDbLine
 10
1251.257855
 20
397.057852
 30
0.0
 11
1251.225855
 21
397.058852
 31
0.0
  0
LINE
  5
1B42
330
70
100
AcDbEntity
  8
Visible
100
AcDbLine
 10
1251.291855
 20
397.055852
 30
0.0
 11
1251.257855
 21
397.057852
 31
0.0
  0
LINE
  5
1B43
330
70
100
AcDbEntity
  8
Visible
100
AcDbLine
 10
1251.324855
 20
397.052852
 30
0.0
 11
1251.291855
 21
397.055852
 31
0.0
  0
LINE
  5
1B44
330
70
100
AcDbEntity
  8
Visible
100
AcDbLine
 10
1251.358855
 20
397.049852
 30
0.0
 11
1251.324855
 21
397.052852
 31
0.0
  0
LINE
  5
1B45
330
70
100
AcDbEntity
  8
Visible
100
AcDbLine
 10
1251.392855
 20
397.045852
 30
0.0
 11
1251.358855
 21
397.049852
 31
0.0
  0
LINE
  5
1B46
330
70
100
AcDbEntity
  8
Visible
100
AcDbLine
 10
1251.426855
 20
397.040852
 30
0.0
 11
1251.392855
 21
397.045852
 31
0.0
  0
LINE
  5
1B47
330
70
100
AcDbEntity
  8
Visible
100
AcDbLine
 10
1251.461855
 20
397.035852
 30
0.0
 11
1251.426855
 21
397.040852
 31
0.0
  0
LINE
  5
1B48
330
70
100
AcDbEntity
  8
Visible
100
AcDbLine
 10
1251.496855
 20
397.029852
 30
0.0
 11
1251.461855
 21
397.035852
 31
0.0
  0
LINE
  5
1B49
330
70
100
AcDbEntity
  8
Visible
100
AcDbLine
 10
1251.531855
 20
397.022852
 30
0.0
 11
1251.496855
 21
397.029852
 31
0.0
  0
LINE
  5
1B4A
330
70
100
AcDbEntity
  8
Visible
100
AcDbLine
 10
1251.566855
 20
397.014852
 30
0.0
 11
1251.531855
 21
397.022852
 31
0.0
  0
LINE
  5
1B4B
330
70
100
AcDbEntity
  8
Visible
100
AcDbLine
 10
1251.602855
 20
397.006852
 30
0.0
 11
1251.566855
 21
397.014852
 31
0.0
  0
LINE
  5
1B4C
330
70
100
AcDbEntity
  8
Visible
100
AcDbLine
 10
1251.637855
 20
396.997852
 30
0.0
 11
1251.602855
 21
397.006852
 31
0.0
  0
LINE
  5
1B4D
330
70
100
AcDbEntity
  8
Visible
100
AcDbLine
 10
1251.709855
 20
396.977852
 30
0.0
 11
1251.637855
 21
396.997852
 31
0.0
  0
LINE
  5
1B4E
330
70
100
AcDbEntity
  8
Visible
100
AcDbLine
 10
1251.744855
 20
396.966852
 30
0.0
 11
1251.709855
 21
396.977852
 31
0.0
  0
LINE
  5
1B4F
330
70
100
AcDbEntity
  8
Visible
100
AcDbLine
 10
1251.780855
 20
396.954852
 30
0.0
 11
1251.744855
 21
396.966852
 31
0.0
  0
LINE
  5
1B50
330
70
100
AcDbEntity
  8
Visible
100
AcDbLine
 10
1251.852855
 20
396.928852
 30
0.0
 11
1251.780855
 21
396.954852
 31
0.0
  0
LINE
  5
1B51
330
70
100
AcDbEntity
  8
Visible
100
AcDbLine
 10
1251.888855
 20
396.914852
 30
0.0
 11
1251.852855
 21
396.928852
 31
0.0
  0
LINE
  5
1B52
330
70
100
AcDbEntity
  8
Visible
100
AcDbLine
 10
1252.068855
 20
397.658852
 30
0.0
 11
1251.888855
 21
396.914852
 31
0.0
  0
LINE
  5
1B53
330
70
100
AcDbEntity
  8
Visible
100
AcDbLine
 10
1252.018855
 20
397.672852
 30
0.0
 11
1252.068855
 21
397.658852
 31
0.0
  0
LINE
  5
1B54
330
70
100
AcDbEntity
  8
Visible
100
AcDbLine
 10
1251.967855
 20
397.685852
 30
0.0
 11
1252.018855
 21
397.672852
 31
0.0
  0
LINE
  5
1B55
330
70
100
AcDbEntity
  8
Visible
100
AcDbLine
 10
1251.917855
 20
397.698852
 30
0.0
 11
1251.967855
 21
397.685852
 31
0.0
  0
LINE
  5
1B56
330
70
100
AcDbEntity
  8
Visible
100
AcDbLine
 10
1251.866855
 20
397.710852
 30
0.0
 11
1251.917855
 21
397.698852
 31
0.0
  0
LINE
  5
1B57
330
70
100
AcDbEntity
  8
Visible
100
AcDbLine
 10
1251.815855
 20
397.721852
 30
0.0
 11
1251.866855
 21
397.710852
 31
0.0
  0
LINE
  5
1B58
330
70
100
AcDbEntity
  8
Visible
100
AcDbLine
 10
1251.765855
 20
397.731852
 30
0.0
 11
1251.815855
 21
397.721852
 31
0.0
  0
LINE
  5
1B59
330
70
100
AcDbEntity
  8
Visible
100
AcDbLine
 10
1251.714855
 20
397.741852
 30
0.0
 11
1251.765855
 21
397.731852
 31
0.0
  0
LINE
  5
1B5A
330
70
100
AcDbEntity
  8
Visible
100
AcDbLine
 10
1251.663855
 20
397.750852
 30
0.0
 11
1251.714855
 21
397.741852
 31
0.0
  0
LINE
  5
1B5B
330
70
100
AcDbEntity
  8
Visible
100
AcDbLine
 10
1251.561855
 20
397.766852
 30
0.0
 11
1251.663855
 21
397.750852
 31
0.0
  0
LINE
  5
1B5C
330
70
100
AcDbEntity
  8
Visible
100
AcDbLine
 10
1251.510855
 20
397.773852
 30
0.0
 11
1251.561855
 21
397.766852
 31
0.0
  0
LINE
  5
1B5D
330
70
100
AcDbEntity
  8
Visible
100
AcDbLine
 10
1251.459855
 20
397.779852
 30
0.0
 11
1251.510855
 21
397.773852
 31
0.0
  0
LINE
  5
1B5E
330
70
100
AcDbEntity
  8
Visible
100
AcDbLine
 10
1251.409855
 20
397.784852
 30
0.0
 11
1251.459855
 21
397.779852
 31
0.0
  0
LINE
  5
1B5F
330
70
100
AcDbEntity
  8
Visible
100
AcDbLine
 10
1251.358855
 20
397.789852
 30
0.0
 11
1251.409855
 21
397.784852
 31
0.0
  0
LINE
  5
1B60
330
70
100
AcDbEntity
  8
Visible
100
AcDbLine
 10
1251.308855
 20
397.793852
 30
0.0
 11
1251.358855
 21
397.789852
 31
0.0
  0
LINE
  5
1B61
330
70
100
AcDbEntity
  8
Visible
100
AcDbLine
 10
1251.208855
 20
397.799852
 30
0.0
 11
1251.308855
 21
397.793852
 31
0.0
  0
LINE
  5
1B62
330
70
100
AcDbEntity
  8
Visible
100
AcDbLine
 10
1251.159855
 20
397.801852
 30
0.0
 11
1251.208855
 21
397.799852
 31
0.0
  0
LINE
  5
1B63
330
70
100
AcDbEntity
  8
Visible
100
AcDbLine
 10
1251.109855
 20
397.802852
 30
0.0
 11
1251.159855
 21
397.801852
 31
0.0
  0
LINE
  5
1B64
330
70
100
AcDbEntity
  8
Visible
100
AcDbLine
 10
1251.060855
 20
397.802852
 30
0.0
 11
1251.109855
 21
397.802852
 31
0.0
  0
LINE
  5
1B65
330
70
100
AcDbEntity
  8
Visible
100
AcDbLine
 10
1250.970855
 20
397.800852
 30
0.0
 11
1251.060855
 21
397.802852
 31
0.0
  0
LINE
  5
1B66
330
70
100
AcDbEntity
  8
Visible
100
AcDbLine
 10
1250.881855
 20
397.795852
 30
0.0
 11
1250.970855
 21
397.800852
 31
0.0
  0
LINE
  5
1B67
330
70
100
AcDbEntity
  8
Visible
100
AcDbLine
 10
1250.794855
 20
397.786852
 30
0.0
 11
1250.881855
 21
397.795852
 31
0.0
  0
LINE
  5
1B68
330
70
100
AcDbEntity
  8
Visible
100
AcDbLine
 10
1250.709855
 20
397.774852
 30
0.0
 11
1250.794855
 21
397.786852
 31
0.0
  0
LINE
  5
1B69
330
70
100
AcDbEntity
  8
Visible
100
AcDbLine
 10
1250.626855
 20
397.759852
 30
0.0
 11
1250.709855
 21
397.774852
 31
0.0
  0
LINE
  5
1B6A
330
70
100
AcDbEntity
  8
Visible
100
AcDbLine
 10
1250.544855
 20
397.739852
 30
0.0
 11
1250.626855
 21
397.759852
 31
0.0
  0
LINE
  5
1B6B
330
70
100
AcDbEntity
  8
Visible
100
AcDbLine
 10
1250.464855
 20
397.717852
 30
0.0
 11
1250.544855
 21
397.739852
 31
0.0
  0
LINE
  5
1B6C
330
70
100
AcDbEntity
  8
Visible
100
AcDbLine
 10
1250.386855
 20
397.691852
 30
0.0
 11
1250.464855
 21
397.717852
 31
0.0
  0
LINE
  5
1B6D
330
70
100
AcDbEntity
  8
Visible
100
AcDbLine
 10
1250.310855
 20
397.661852
 30
0.0
 11
1250.386855
 21
397.691852
 31
0.0
  0
LINE
  5
1B6E
330
70
100
AcDbEntity
  8
Visible
100
AcDbLine
 10
1250.235855
 20
397.628852
 30
0.0
 11
1250.310855
 21
397.661852
 31
0.0
  0
LINE
  5
1B6F
330
70
100
AcDbEntity
  8
Visible
100
AcDbLine
 10
1250.163855
 20
397.591852
 30
0.0
 11
1250.235855
 21
397.628852
 31
0.0
  0
LINE
  5
1B70
330
70
100
AcDbEntity
  8
Visible
100
AcDbLine
 10
1250.093855
 20
397.551852
 30
0.0
 11
1250.163855
 21
397.591852
 31
0.0
  0
LINE
  5
1B71
330
70
100
AcDbEntity
  8
Visible
100
AcDbLine
 10
1250.027855
 20
397.507852
 30
0.0
 11
1250.093855
 21
397.551852
 31
0.0
  0
LINE
  5
1B72
330
70
100
AcDbEntity
  8
Visible
100
AcDbLine
 10
1249.964855
 20
397.459852
 30
0.0
 11
1250.027855
 21
397.507852
 31
0.0
  0
LINE
  5
1B73
330
70
100
AcDbEntity
  8
Visible
100
AcDbLine
 10
1249.903855
 20
397.407852
 30
0.0
 11
1249.964855
 21
397.459852
 31
0.0
  0
LINE
  5
1B74
330
70
100
AcDbEntity
  8
Visible
100
AcDbLine
 10
1249.846855
 20
397.351852
 30
0.0
 11
1249.903855
 21
397.407852
 31
0.0
  0
LINE
  5
1B75
330
70
100
AcDbEntity
  8
Visible
100
AcDbLine
 10
1249.792855
 20
397.292852
 30
0.0
 11
1249.846855
 21
397.351852
 31
0.0
  0
LINE
  5
1B76
330
70
100
AcDbEntity
  8
Visible
100
AcDbLine
 10
1249.741855
 20
397.229852
 30
0.0
 11
1249.792855
 21
397.292852
 31
0.0
  0
LINE
  5
1B77
330
70
100
AcDbEntity
  8
Visible
100
AcDbLine
 10
1249.692855
 20
397.162852
 30
0.0
 11
1249.741855
 21
397.229852
 31
0.0
  0
LINE
  5
1B78
330
70
100
AcDbEntity
  8
Visible
100
AcDbLine
 10
1249.647855
 20
397.091852
 30
0.0
 11
1249.692855
 21
397.162852
 31
0.0
  0
LINE
  5
1B79
330
70
100
AcDbEntity
  8
Visible
100
AcDbLine
 10
1249.605855
 20
397.016852
 30
0.0
 11
1249.647855
 21
397.091852
 31
0.0
  0
LINE
  5
1B7A
330
70
100
AcDbEntity
  8
Visible
100
AcDbLine
 10
1249.568855
 20
396.938852
 30
0.0
 11
1249.605855
 21
397.016852
 31
0.0
  0
LINE
  5
1B7B
330
70
100
AcDbEntity
  8
Visible
100
AcDbLine
 10
1249.535855
 20
396.855852
 30
0.0
 11
1249.568855
 21
396.938852
 31
0.0
  0
LINE
  5
1B7C
330
70
100
AcDbEntity
  8
Visible
100
AcDbLine
 10
1249.507855
 20
396.767852
 30
0.0
 11
1249.535855
 21
396.855852
 31
0.0
  0
LINE
  5
1B7D
330
70
100
AcDbEntity
  8
Visible
100
AcDbLine
 10
1249.483855
 20
396.676852
 30
0.0
 11
1249.507855
 21
396.767852
 31
0.0
  0
LINE
  5
1B7E
330
70
100
AcDbEntity
  8
Visible
100
AcDbLine
 10
1249.463855
 20
396.581852
 30
0.0
 11
1249.483855
 21
396.676852
 31
0.0
  0
LINE
  5
1B7F
330
70
100
AcDbEntity
  8
Visible
100
AcDbLine
 10
1249.448855
 20
396.481852
 30
0.0
 11
1249.463855
 21
396.581852
 31
0.0
  0
LINE
  5
1B80
330
70
100
AcDbEntity
  8
Visible
100
AcDbLine
 10
1249.437855
 20
396.378852
 30
0.0
 11
1249.448855
 21
396.481852
 31
0.0
  0
LINE
  5
1B81
330
70
100
AcDbEntity
  8
Visible
100
AcDbLine
 10
1249.430855
 20
396.270852
 30
0.0
 11
1249.437855
 21
396.378852
 31
0.0
  0
LINE
  5
1B82
330
70
100
AcDbEntity
  8
Visible
100
AcDbLine
 10
1249.428855
 20
396.158852
 30
0.0
 11
1249.430855
 21
396.270852
 31
0.0
  0
LINE
  5
1B83
330
70
100
AcDbEntity
  8
Visible
100
AcDbLine
 10
1249.428855
 20
395.270852
 30
0.0
 11
1249.428855
 21
396.158852
 31
0.0
  0
LINE
  5
1B84
330
70
100
AcDbEntity
  8
Visible
100
AcDbLine
 10
1248.492855
 20
395.270852
 30
0.0
 11
1249.428855
 21
395.270852
 31
0.0
  0
LINE
  5
1B85
330
70
100
AcDbEntity
  8
Visible
100
AcDbLine
 10
1248.492855
 20
394.622852
 30
0.0
 11
1248.492855
 21
395.270852
 31
0.0
  0
LINE
  5
1B86
330
70
100
AcDbEntity
  8
Visible
100
AcDbLine
 10
1253.346855
 20
394.622852
 30
0.0
 11
1252.422855
 21
394.622852
 31
0.0
  0
LINE
  5
1B87
330
70
100
AcDbEntity
  8
Visible
100
AcDbLine
 10
1253.346855
 20
391.010852
 30
0.0
 11
1253.346855
 21
394.622852
 31
0.0
  0
LINE
  5
1B88
330
70
100
AcDbEntity
  8
Visible
100
AcDbLine
 10
1253.348855
 20
390.904852
 30
0.0
 11
1253.346855
 21
391.010852
 31
0.0
  0
LINE
  5
1B89
330
70
100
AcDbEntity
  8
Visible
100
AcDbLine
 10
1253.355855
 20
390.801852
 30
0.0
 11
1253.348855
 21
390.904852
 31
0.0
  0
LINE
  5
1B8A
330
70
100
AcDbEntity
  8
Visible
100
AcDbLine
 10
1253.365855
 20
390.702852
 30
0.0
 11
1253.355855
 21
390.801852
 31
0.0
  0
LINE
  5
1B8B
330
70
100
AcDbEntity
  8
Visible
100
AcDbLine
 10
1253.381855
 20
390.607852
 30
0.0
 11
1253.365855
 21
390.702852
 31
0.0
  0
LINE
  5
1B8C
330
70
100
AcDbEntity
  8
Visible
100
AcDbLine
 10
1253.400855
 20
390.515852
 30
0.0
 11
1253.381855
 21
390.607852
 31
0.0
  0
LINE
  5
1B8D
330
70
100
AcDbEntity
  8
Visible
100
AcDbLine
 10
1253.424855
 20
390.427852
 30
0.0
 11
1253.400855
 21
390.515852
 31
0.0
  0
LINE
  5
1B8E
330
70
100
AcDbEntity
  8
Visible
100
AcDbLine
 10
1253.452855
 20
390.342852
 30
0.0
 11
1253.424855
 21
390.427852
 31
0.0
  0
LINE
  5
1B8F
330
70
100
AcDbEntity
  8
Visible
100
AcDbLine
 10
1253.484855
 20
390.261852
 30
0.0
 11
1253.452855
 21
390.342852
 31
0.0
  0
LINE
  5
1B90
330
70
100
AcDbEntity
  8
Visible
100
AcDbLine
 10
1253.521855
 20
390.184852
 30
0.0
 11
1253.484855
 21
390.261852
 31
0.0
  0
LINE
  5
1B91
330
70
100
AcDbEntity
  8
Visible
100
AcDbLine
 10
1253.562855
 20
390.110852
 30
0.0
 11
1253.521855
 21
390.184852
 31
0.0
  0
LINE
  5
1B92
330
70
100
AcDbEntity
  8
Visible
100
AcDbLine
 10
1253.607855
 20
390.040852
 30
0.0
 11
1253.562855
 21
390.110852
 31
0.0
  0
LINE
  5
1B93
330
70
100
AcDbEntity
  8
Visible
100
AcDbLine
 10
1253.655855
 20
389.973852
 30
0.0
 11
1253.607855
 21
390.040852
 31
0.0
  0
LINE
  5
1B94
330
70
100
AcDbEntity
  8
Visible
100
AcDbLine
 10
1253.706855
 20
389.910852
 30
0.0
 11
1253.655855
 21
389.973852
 31
0.0
  0
LINE
  5
1B95
330
70
100
AcDbEntity
  8
Visible
100
AcDbLine
 10
1253.760855
 20
389.851852
 30
0.0
 11
1253.706855
 21
389.910852
 31
0.0
  0
LINE
  5
1B96
330
70
100
AcDbEntity
  8
Visible
100
AcDbLine
 10
1253.817855
 20
389.795852
 30
0.0
 11
1253.760855
 21
389.851852
 31
0.0
  0
LINE
  5
1B97
330
70
100
AcDbEntity
  8
Visible
100
AcDbLine
 10
1253.877855
 20
389.743852
 30
0.0
 11
1253.817855
 21
389.795852
 31
0.0
  0
LINE
  5
1B98
330
70
100
AcDbEntity
  8
Visible
100
AcDbLine
 10
1253.941855
 20
389.694852
 30
0.0
 11
1253.877855
 21
389.743852
 31
0.0
  0
LINE
  5
1B99
330
70
100
AcDbEntity
  8
Visible
100
AcDbLine
 10
1254.007855
 20
389.649852
 30
0.0
 11
1253.941855
 21
389.694852
 31
0.0
  0
LINE
  5
1B9A
330
70
100
AcDbEntity
  8
Visible
100
AcDbLine
 10
1254.077855
 20
389.608852
 30
0.0
 11
1254.007855
 21
389.649852
 31
0.0
  0
LINE
  5
1B9B
330
70
100
AcDbEntity
  8
Visible
100
AcDbLine
 10
1254.150855
 20
389.570852
 30
0.0
 11
1254.077855
 21
389.608852
 31
0.0
  0
LINE
  5
1B9C
330
70
100
AcDbEntity
  8
Visible
100
AcDbLine
 10
1254.225855
 20
389.536852
 30
0.0
 11
1254.150855
 21
389.570852
 31
0.0
  0
LINE
  5
1B9D
330
70
100
AcDbEntity
  8
Visible
100
AcDbLine
 10
1254.303855
 20
389.505852
 30
0.0
 11
1254.225855
 21
389.536852
 31
0.0
  0
LINE
  5
1B9E
330
70
100
AcDbEntity
  8
Visible
100
AcDbLine
 10
1254.382855
 20
389.478852
 30
0.0
 11
1254.303855
 21
389.505852
 31
0.0
  0
LINE
  5
1B9F
330
70
100
AcDbEntity
  8
Visible
100
AcDbLine
 10
1254.463855
 20
389.455852
 30
0.0
 11
1254.382855
 21
389.478852
 31
0.0
  0
LINE
  5
1BA0
330
70
100
AcDbEntity
  8
Visible
100
AcDbLine
 10
1254.546855
 20
389.435852
 30
0.0
 11
1254.463855
 21
389.455852
 31
0.0
  0
LINE
  5
1BA1
330
70
100
AcDbEntity
  8
Visible
100
AcDbLine
 10
1254.631855
 20
389.419852
 30
0.0
 11
1254.546855
 21
389.435852
 31
0.0
  0
LINE
  5
1BA2
330
70
100
AcDbEntity
  8
Visible
100
AcDbLine
 10
1254.718855
 20
389.406852
 30
0.0
 11
1254.631855
 21
389.419852
 31
0.0
  0
LINE
  5
1BA3
330
70
100
AcDbEntity
  8
Visible
100
AcDbLine
 10
1254.807855
 20
389.397852
 30
0.0
 11
1254.718855
 21
389.406852
 31
0.0
  0
LINE
  5
1BA4
330
70
100
AcDbEntity
  8
Visible
100
AcDbLine
 10
1254.897855
 20
389.392852
 30
0.0
 11
1254.807855
 21
389.397852
 31
0.0
  0
LINE
  5
1BA5
330
70
100
AcDbEntity
  8
Visible
100
AcDbLine
 10
1254.990855
 20
389.390852
 30
0.0
 11
1254.897855
 21
389.392852
 31
0.0
  0
LINE
  5
1BA6
330
70
100
AcDbEntity
  8
Visible
100
AcDbLine
 10
1255.055855
 20
389.391852
 30
0.0
 11
1254.990855
 21
389.390852
 31
0.0
  0
LINE
  5
1BA7
330
70
100
AcDbEntity
  8
Visible
100
AcDbLine
 10
1255.119855
 20
389.393852
 30
0.0
 11
1255.055855
 21
389.391852
 31
0.0
  0
LINE
  5
1BA8
330
70
100
AcDbEntity
  8
Visible
100
AcDbLine
 10
1255.183855
 20
389.398852
 30
0.0
 11
1255.119855
 21
389.393852
 31
0.0
  0
LINE
  5
1BA9
330
70
100
AcDbEntity
  8
Visible
100
AcDbLine
 10
1255.246855
 20
389.403852
 30
0.0
 11
1255.183855
 21
389.398852
 31
0.0
  0
LINE
  5
1BAA
330
70
100
AcDbEntity
  8
Visible
100
AcDbLine
 10
1255.309855
 20
389.411852
 30
0.0
 11
1255.246855
 21
389.403852
 31
0.0
  0
LINE
  5
1BAB
330
70
100
AcDbEntity
  8
Visible
100
AcDbLine
 10
1255.371855
 20
389.420852
 30
0.0
 11
1255.309855
 21
389.411852
 31
0.0
  0
LINE
  5
1BAC
330
70
100
AcDbEntity
  8
Visible
100
AcDbLine
 10
1255.433855
 20
389.431852
 30
0.0
 11
1255.371855
 21
389.420852
 31
0.0
  0
LINE
  5
1BAD
330
70
100
AcDbEntity
  8
Visible
100
AcDbLine
 10
1255.495855
 20
389.444852
 30
0.0
 11
1255.433855
 21
389.431852
 31
0.0
  0
LINE
  5
1BAE
330
70
100
AcDbEntity
  8
Visible
100
AcDbLine
 10
1255.556855
 20
389.458852
 30
0.0
 11
1255.495855
 21
389.444852
 31
0.0
  0
LINE
  5
1BAF
330
70
100
AcDbEntity
  8
Visible
100
AcDbLine
 10
1255.617855
 20
389.474852
 30
0.0
 11
1255.556855
 21
389.458852
 31
0.0
  0
LINE
  5
1BB0
330
70
100
AcDbEntity
  8
Visible
100
AcDbLine
 10
1255.678855
 20
389.491852
 30
0.0
 11
1255.617855
 21
389.474852
 31
0.0
  0
LINE
  5
1BB1
330
70
100
AcDbEntity
  8
Visible
100
AcDbLine
 10
1255.738855
 20
389.510852
 30
0.0
 11
1255.678855
 21
389.491852
 31
0.0
  0
LINE
  5
1BB2
330
70
100
AcDbEntity
  8
Visible
100
AcDbLine
 10
1255.799855
 20
389.529852
 30
0.0
 11
1255.738855
 21
389.510852
 31
0.0
  0
LINE
  5
1BB3
330
70
100
AcDbEntity
  8
Visible
100
AcDbLine
 10
1255.860855
 20
389.549852
 30
0.0
 11
1255.799855
 21
389.529852
 31
0.0
  0
LINE
  5
1BB4
330
70
100
AcDbEntity
  8
Visible
100
AcDbLine
 10
1255.921855
 20
389.570852
 30
0.0
 11
1255.860855
 21
389.549852
 31
0.0
  0
LINE
  5
1BB5
330
70
100
AcDbEntity
  8
Visible
100
AcDbLine
 10
1255.982855
 20
389.592852
 30
0.0
 11
1255.921855
 21
389.570852
 31
0.0
  0
LINE
  5
1BB6
330
70
100
AcDbEntity
  8
Visible
100
AcDbLine
 10
1256.043855
 20
389.615852
 30
0.0
 11
1255.982855
 21
389.592852
 31
0.0
  0
LINE
  5
1BB7
330
70
100
AcDbEntity
  8
Visible
100
AcDbLine
 10
1256.104855
 20
389.639852
 30
0.0
 11
1256.043855
 21
389.615852
 31
0.0
  0
LINE
  5
1BB8
330
70
100
AcDbEntity
  8
Visible
100
AcDbLine
 10
1256.165855
 20
389.664852
 30
0.0
 11
1256.104855
 21
389.639852
 31
0.0
  0
LINE
  5
1BB9
330
70
100
AcDbEntity
  8
Visible
100
AcDbLine
 10
1256.226855
 20
389.690852
 30
0.0
 11
1256.165855
 21
389.664852
 31
0.0
  0
LINE
  5
1BBA
330
70
100
AcDbEntity
  8
Visible
100
AcDbLine
 10
1256.094855
 20
390.362852
 30
0.0
 11
1256.226855
 21
389.690852
 31
0.0
  0
LINE
  5
1BBB
330
70
100
AcDbEntity
  8
Visible
100
AcDbLine
 10
1256.037855
 20
390.341852
 30
0.0
 11
1256.094855
 21
390.362852
 31
0.0
  0
LINE
  5
1BBC
330
70
100
AcDbEntity
  8
Visible
100
AcDbLine
 10
1255.981855
 20
390.321852
 30
0.0
 11
1256.037855
 21
390.341852
 31
0.0
  0
LINE
  5
1BBD
330
70
100
AcDbEntity
  8
Visible
100
AcDbLine
 10
1255.926855
 20
390.302852
 30
0.0
 11
1255.981855
 21
390.321852
 31
0.0
  0
LINE
  5
1BBE
330
70
100
AcDbEntity
  8
Visible
100
AcDbLine
 10
1255.873855
 20
390.284852
 30
0.0
 11
1255.926855
 21
390.302852
 31
0.0
  0
LINE
  5
1BBF
330
70
100
AcDbEntity
  8
Visible
100
AcDbLine
 10
1255.820855
 20
390.267852
 30
0.0
 11
1255.873855
 21
390.284852
 31
0.0
  0
LINE
  5
1BC0
330
70
100
AcDbEntity
  8
Visible
100
AcDbLine
 10
1255.769855
 20
390.252852
 30
0.0
 11
1255.820855
 21
390.267852
 31
0.0
  0
LINE
  5
1BC1
330
70
100
AcDbEntity
  8
Visible
100
AcDbLine
 10
1255.719855
 20
390.237852
 30
0.0
 11
1255.769855
 21
390.252852
 31
0.0
  0
LINE
  5
1BC2
330
70
100
AcDbEntity
  8
Visible
100
AcDbLine
 10
1255.670855
 20
390.224852
 30
0.0
 11
1255.719855
 21
390.237852
 31
0.0
  0
LINE
  5
1BC3
330
70
100
AcDbEntity
  8
Visible
100
AcDbLine
 10
1255.622855
 20
390.211852
 30
0.0
 11
1255.670855
 21
390.224852
 31
0.0
  0
LINE
  5
1BC4
330
70
100
AcDbEntity
  8
Visible
100
AcDbLine
 10
1255.575855
 20
390.200852
 30
0.0
 11
1255.622855
 21
390.211852
 31
0.0
  0
LINE
  5
1BC5
330
70
100
AcDbEntity
  8
Visible
100
AcDbLine
 10
1255.529855
 20
390.190852
 30
0.0
 11
1255.575855
 21
390.200852
 31
0.0
  0
LINE
  5
1BC6
330
70
100
AcDbEntity
  8
Visible
100
AcDbLine
 10
1255.435855
 20
390.172852
 30
0.0
 11
1255.529855
 21
390.190852
 31
0.0
  0
LINE
  5
1BC7
330
70
100
AcDbEntity
  8
Visible
100
AcDbLine
 10
1255.388855
 20
390.165852
 30
0.0
 11
1255.435855
 21
390.172852
 31
0.0
  0
LINE
  5
1BC8
330
70
100
AcDbEntity
  8
Visible
100
AcDbLine
 10
1255.340855
 20
390.159852
 30
0.0
 11
1255.388855
 21
390.165852
 31
0.0
  0
LINE
  5
1BC9
330
70
100
AcDbEntity
  8
Visible
100
AcDbLine
 10
1255.244855
 20
390.151852
 30
0.0
 11
1255.340855
 21
390.159852
 31
0.0
  0
LINE
  5
1BCA
330
70
100
AcDbEntity
  8
Visible
100
AcDbLine
 10
1255.196855
 20
390.148852
 30
0.0
 11
1255.244855
 21
390.151852
 31
0.0
  0
LINE
  5
1BCB
330
70
100
AcDbEntity
  8
Visible
100
AcDbLine
 10
1255.098855
 20
390.146852
 30
0.0
 11
1255.196855
 21
390.148852
 31
0.0
  0
LINE
  5
1BCC
330
70
100
AcDbEntity
  8
Visible
100
AcDbLine
 10
1254.941855
 20
390.155852
 30
0.0
 11
1255.098855
 21
390.146852
 31
0.0
  0
LINE
  5
1BCD
330
70
100
AcDbEntity
  8
Visible
100
AcDbLine
 10
1254.800855
 20
390.182852
 30
0.0
 11
1254.941855
 21
390.155852
 31
0.0
  0
LINE
  5
1BCE
330
70
100
AcDbEntity
  8
Visible
100
AcDbLine
 10
1254.676855
 20
390.226852
 30
0.0
 11
1254.800855
 21
390.182852
 31
0.0
  0
LINE
  5
1BCF
330
70
100
AcDbEntity
  8
Visible
100
AcDbLine
 10
1254.568855
 20
390.288852
 30
0.0
 11
1254.676855
 21
390.226852
 31
0.0
  0
LINE
  5
1BD0
330
70
100
AcDbEntity
  8
Visible
100
AcDbLine
 10
1254.477855
 20
390.368852
 30
0.0
 11
1254.568855
 21
390.288852
 31
0.0
  0
LINE
  5
1BD1
330
70
100
AcDbEntity
  8
Visible
100
AcDbLine
 10
1254.402855
 20
390.466852
 30
0.0
 11
1254.477855
 21
390.368852
 31
0.0
  0
LINE
  5
1BD2
330
70
100
AcDbEntity
  8
Visible
100
AcDbLine
 10
1254.345855
 20
390.581852
 30
0.0
 11
1254.402855
 21
390.466852
 31
0.0
  0
LINE
  5
1BD3
330
70
100
AcDbEntity
  8
Visible
100
AcDbLine
 10
1254.303855
 20
390.714852
 30
0.0
 11
1254.345855
 21
390.581852
 31
0.0
  0
LINE
  5
1BD4
330
70
100
AcDbEntity
  8
Visible
100
AcDbLine
 10
1254.278855
 20
390.865852
 30
0.0
 11
1254.303855
 21
390.714852
 31
0.0
  0
LINE
  5
1BD5
330
70
100
AcDbEntity
  8
Visible
100
AcDbLine
 10
1254.270855
 20
391.034852
 30
0.0
 11
1254.278855
 21
390.865852
 31
0.0
  0
LINE
  5
1BD6
330
70
100
AcDbEntity
  8
Visible
100
AcDbLine
 10
1254.270855
 20
394.622852
 30
0.0
 11
1254.270855
 21
391.034852
 31
0.0
  0
LINE
  5
1BD7
330
70
100
AcDbEntity
  8
Visible
100
AcDbLine
 10
1256.082855
 20
394.622852
 30
0.0
 11
1254.270855
 21
394.622852
 31
0.0
  0
LINE
  5
1BD8
330
70
100
AcDbEntity
  8
Visible
100
AcDbLine
 10
1256.082855
 20
395.270852
 30
0.0
 11
1256.082855
 21
394.622852
 31
0.0
  0
LINE
  5
1BD9
330
70
100
AcDbEntity
  8
Visible
100
AcDbLine
 10
1254.270855
 20
395.270852
 30
0.0
 11
1256.082855
 21
395.270852
 31
0.0
  0
LINE
  5
1BDA
330
70
100
AcDbEntity
  8
Visible
100
AcDbLine
 10
1254.270855
 20
396.866852
 30
0.0
 11
1254.270855
 21
395.270852
 31
0.0
  0
LINE
  5
1BDB
330
70
100
AcDbEntity
  8
Visible
100
AcDbLine
 10
1253.346855
 20
396.866852
 30
0.0
 11
1254.270855
 21
396.866852
 31
0.0
  0
LINE
  5
1BDC
330
70
100
AcDbEntity
  8
Visible
100
AcDbLine
 10
1253.346855
 20
395.270852
 30
0.0
 11
1253.346855
 21
396.866852
 31
0.0
  0
LINE
  5
1BDD
330
70
100
AcDbEntity
  8
Visible
100
AcDbLine
 10
1252.422855
 20
395.270852
 30
0.0
 11
1253.346855
 21
395.270852
 31
0.0
  0
LINE
  5
1BDE
330
70
100
AcDbEntity
  8
Visible
100
AcDbLine
 10
1252.422855
 20
394.622852
 30
0.0
 11
1252.422855
 21
395.270852
 31
0.0
  0
LINE
  5
1BDF
330
70
100
AcDbEntity
  8
Visible
100
AcDbLine
 10
1440.329855
 20
669.168852
 30
0.0
 11
1446.329855
 21
669.168852
 31
0.0
  0
LINE
  5
1BE0
330
70
100
AcDbEntity
  8
Visible
100
AcDbLine
 10
1440.329855
 20
640.168852
 30
0.0
 11
1440.329855
 21
669.168852
 31
0.0
  0
LINE
  5
1BE1
330
70
100
AcDbEntity
  8
Visible
100
AcDbLine
 10
1446.329855
 20
640.168852
 30
0.0
 11
1440.329855
 21
640.168852
 31
0.0
  0
LINE
  5
1BE2
330
70
100
AcDbEntity
  8
Visible
100
AcDbLine
 10
1446.329855
 20
611.168852
 30
0.0
 11
1446.329855
 21
640.168852
 31
0.0
  0
LINE
  5
1BE3
330
70
100
AcDbEntity
  8
Visible
100
AcDbLine
 10
1440.329855
 20
611.168852
 30
0.0
 11
1446.329855
 21
611.168852
 31
0.0
  0
LINE
  5
1BE4
330
70
100
AcDbEntity
  8
Visible
100
AcDbLine
 10
1440.329855
 20
582.168852
 30
0.0
 11
1440.329855
 21
611.168852
 31
0.0
  0
LINE
  5
1BE5
330
70
100
AcDbEntity
  8
Visible
100
AcDbLine
 10
1446.329855
 20
582.168852
 30
0.0
 11
1440.329855
 21
582.168852
 31
0.0
  0
LINE
  5
1BE6
330
70
100
AcDbEntity
  8
Visible
100
AcDbLine
 10
1446.329855
 20
553.168852
 30
0.0
 11
1446.329855
 21
582.168852
 31
0.0
  0
LINE
  5
1BE7
330
70
100
AcDbEntity
  8
Visible
100
AcDbLine
 10
1440.329855
 20
553.168852
 30
0.0
 11
1446.329855
 21
553.168852
 31
0.0
  0
LINE
  5
1BE8
330
70
100
AcDbEntity
  8
Visible
100
AcDbLine
 10
1440.329855
 20
524.168852
 30
0.0
 11
1440.329855
 21
553.168852
 31
0.0
  0
LINE
  5
1BE9
330
70
100
AcDbEntity
  8
Visible
100
AcDbLine
 10
1446.329855
 20
524.168852
 30
0.0
 11
1440.329855
 21
524.168852
 31
0.0
  0
LINE
  5
1BEA
330
70
100
AcDbEntity
  8
Visible
100
AcDbLine
 10
1446.329855
 20
495.168852
 30
0.0
 11
1446.329855
 21
524.168852
 31
0.0
  0
LINE
  5
1BEB
330
70
100
AcDbEntity
  8
Visible
100
AcDbLine
 10
1440.329855
 20
495.168852
 30
0.0
 11
1446.329855
 21
495.168852
 31
0.0
  0
LINE
  5
1BEC
330
70
100
AcDbEntity
  8
Visible
100
AcDbLine
 10
1440.329855
 20
466.168852
 30
0.0
 11
1440.329855
 21
495.168852
 31
0.0
  0
LINE
  5
1BED
330
70
100
AcDbEntity
  8
Visible
100
AcDbLine
 10
1446.329855
 20
466.168852
 30
0.0
 11
1440.329855
 21
466.168852
 31
0.0
  0
LINE
  5
1BEE
330
70
100
AcDbEntity
  8
Visible
100
AcDbLine
 10
1446.329855
 20
437.168852
 30
0.0
 11
1446.329855
 21
466.168852
 31
0.0
  0
LINE
  5
1BEF
330
70
100
AcDbEntity
  8
Visible
100
AcDbLine
 10
1440.329855
 20
437.168852
 30
0.0
 11
1446.329855
 21
437.168852
 31
0.0
  0
LINE
  5
1BF0
330
70
100
AcDbEntity
  8
Visible
100
AcDbLine
 10
1440.329855
 20
408.168852
 30
0.0
 11
1440.329855
 21
437.168852
 31
0.0
  0
LINE
  5
1BF1
330
70
100
AcDbEntity
  8
Visible
100
AcDbLine
 10
1446.329855
 20
408.168852
 30
0.0
 11
1440.329855
 21
408.168852
 31
0.0
  0
LINE
  5
1BF2
330
70
100
AcDbEntity
  8
Visible
100
AcDbLine
 10
1446.329855
 20
379.168852
 30
0.0
 11
1446.329855
 21
408.168852
 31
0.0
  0
LINE
  5
1BF3
330
70
100
AcDbEntity
  8
Visible
100
AcDbLine
 10
1440.329855
 20
379.168852
 30
0.0
 11
1446.329855
 21
379.168852
 31
0.0
  0
LINE
  5
1BF4
330
70
100
AcDbEntity
  8
Visible
100
AcDbLine
 10
1440.329855
 20
350.168852
 30
0.0
 11
1440.329855
 21
379.168852
 31
0.0
  0
LINE
  5
1BF5
330
70
100
AcDbEntity
  8
Visible
100
AcDbLine
 10
1446.329855
 20
350.168852
 30
0.0
 11
1440.329855
 21
350.168852
 31
0.0
  0
LINE
  5
1BF6
330
70
100
AcDbEntity
  8
Visible
100
AcDbLine
 10
1446.329855
 20
321.168852
 30
0.0
 11
1446.329855
 21
350.168852
 31
0.0
  0
LINE
  5
1BF7
330
70
100
AcDbEntity
  8
Visible
100
AcDbLine
 10
1440.329855
 20
321.168852
 30
0.0
 11
1446.329855
 21
321.168852
 31
0.0
  0
LINE
  5
1BF8
330
70
100
AcDbEntity
  8
Visible
100
AcDbLine
 10
1440.329855
 20
292.168852
 30
0.0
 11
1440.329855
 21
321.168852
 31
0.0
  0
LINE
  5
1BF9
330
70
100
AcDbEntity
  8
Visible
100
AcDbLine
 10
1446.329855
 20
292.168852
 30
0.0
 11
1440.329855
 21
292.168852
 31
0.0
  0
LINE
  5
1BFA
330
70
100
AcDbEntity
  8
Visible
100
AcDbLine
 10
1446.329855
 20
263.168852
 30
0.0
 11
1446.329855
 21
292.168852
 31
0.0
  0
LINE
  5
1BFB
330
70
100
AcDbEntity
  8
Visible
100
AcDbLine
 10
1440.329855
 20
263.168852
 30
0.0
 11
1446.329855
 21
263.168852
 31
0.0
  0
LINE
  5
1BFC
330
70
100
AcDbEntity
  8
Visible
100
AcDbLine
 10
1440.329855
 20
234.168852
 30
0.0
 11
1440.329855
 21
263.168852
 31
0.0
  0
LINE
  5
1BFD
330
70
100
AcDbEntity
  8
Visible
100
AcDbLine
 10
1446.329855
 20
234.168852
 30
0.0
 11
1440.329855
 21
234.168852
 31
0.0
  0
LINE
  5
1BFE
330
70
100
AcDbEntity
  8
Visible
100
AcDbLine
 10
1446.329855
 20
205.168852
 30
0.0
 11
1446.329855
 21
234.168852
 31
0.0
  0
LINE
  5
1BFF
330
70
100
AcDbEntity
  8
Visible
100
AcDbLine
 10
1440.329855
 20
205.168852
 30
0.0
 11
1446.329855
 21
205.168852
 31
0.0
  0
LINE
  5
1C00
330
70
100
AcDbEntity
  8
Visible
100
AcDbLine
 10
1440.329855
 20
176.168852
 30
0.0
 11
1440.329855
 21
205.168852
 31
0.0
  0
LINE
  5
1C01
330
70
100
AcDbEntity
  8
Visible
100
AcDbLine
 10
1446.329855
 20
176.168852
 30
0.0
 11
1440.329855
 21
176.168852
 31
0.0
  0
LINE
  5
1C02
330
70
100
AcDbEntity
  8
Visible
100
AcDbLine
 10
1446.329855
 20
147.168852
 30
0.0
 11
1446.329855
 21
176.168852
 31
0.0
  0
LINE
  5
1C03
330
70
100
AcDbEntity
  8
Visible
100
AcDbLine
 10
1440.329855
 20
147.168852
 30
0.0
 11
1446.329855
 21
147.168852
 31
0.0
  0
LINE
  5
1C04
330
70
100
AcDbEntity
  8
Visible
100
AcDbLine
 10
1440.329855
 20
118.168852
 30
0.0
 11
1440.329855
 21
147.168852
 31
0.0
  0
LINE
  5
1C05
330
70
100
AcDbEntity
  8
Visible
100
AcDbLine
 10
1446.329855
 20
118.168852
 30
0.0
 11
1440.329855
 21
118.168852
 31
0.0
  0
LINE
  5
1C06
330
70
100
AcDbEntity
  8
Visible
100
AcDbLine
 10
1446.329855
 20
93.668852
 30
0.0
 11
1446.329855
 21
118.168852
 31
0.0
  0
LINE
  5
1C07
330
70
100
AcDbEntity
  8
Visible
100
AcDbLine
 10
1405.829855
 20
93.668852
 30
0.0
 11
1446.329855
 21
93.668852
 31
0.0
  0
LINE
  5
1C08
330
70
100
AcDbEntity
  8
Visible
100
AcDbLine
 10
1405.829855
 20
99.668852
 30
0.0
 11
1405.829855
 21
93.668852
 31
0.0
  0
LINE
  5
1C09
330
70
100
AcDbEntity
  8
Visible
100
AcDbLine
 10
1376.829855
 20
99.668852
 30
0.0
 11
1405.829855
 21
99.668852
 31
0.0
  0
LINE
  5
1C0A
330
70
100
AcDbEntity
  8
Visible
100
AcDbLine
 10
1376.829855
 20
93.668852
 30
0.0
 11
1376.829855
 21
99.668852
 31
0.0
  0
LINE
  5
1C0B
330
70
100
AcDbEntity
  8
Visible
100
AcDbLine
 10
1347.829855
 20
93.668852
 30
0.0
 11
1376.829855
 21
93.668852
 31
0.0
  0
LINE
  5
1C0C
330
70
100
AcDbEntity
  8
Visible
100
AcDbLine
 10
1347.829855
 20
99.668852
 30
0.0
 11
1347.829855
 21
93.668852
 31
0.0
  0
LINE
  5
1C0D
330
70
100
AcDbEntity
  8
Visible
100
AcDbLine
 10
1318.829855
 20
99.668852
 30
0.0
 11
1347.829855
 21
99.668852
 31
0.0
  0
LINE
  5
1C0E
330
70
100
AcDbEntity
  8
Visible
100
AcDbLine
 10
1318.829855
 20
93.668852
 30
0.0
 11
1318.829855
 21
99.668852
 31
0.0
  0
LINE
  5
1C0F
330
70
100
AcDbEntity
  8
Visible
100
AcDbLine
 10
1289.829855
 20
93.668852
 30
0.0
 11
1318.829855
 21
93.668852
 31
0.0
  0
LINE
  5
1C10
330
70
100
AcDbEntity
  8
Visible
100
AcDbLine
 10
1289.829855
 20
99.668852
 30
0.0
 11
1289.829855
 21
93.668852
 31
0.0
  0
LINE
  5
1C11
330
70
100
AcDbEntity
  8
Visible
100
AcDbLine
 10
1260.829855
 20
99.668852
 30
0.0
 11
1289.829855
 21
99.668852
 31
0.0
  0
LINE
  5
1C12
330
70
100
AcDbEntity
  8
Visible
100
AcDbLine
 10
1260.829855
 20
93.668852
 30
0.0
 11
1260.829855
 21
99.668852
 31
0.0
  0
LINE
  5
1C13
330
70
100
AcDbEntity
  8
Visible
100
AcDbLine
 10
1231.829855
 20
93.668852
 30
0.0
 11
1260.829855
 21
93.668852
 31
0.0
  0
LINE
  5
1C14
330
70
100
AcDbEntity
  8
Visible
100
AcDbLine
 10
1231.829855
 20
99.668852
 30
0.0
 11
1231.829855
 21
93.668852
 31
0.0
  0
LINE
  5
1C15
330
70
100
AcDbEntity
  8
Visible
100
AcDbLine
 10
1202.829855
 20
99.668852
 30
0.0
 11
1231.829855
 21
99.668852
 31
0.0
  0
LINE
  5
1C16
330
70
100
AcDbEntity
  8
Visible
100
AcDbLine
 10
1202.829855
 20
93.668852
 30
0.0
 11
1202.829855
 21
99.668852
 31
0.0
  0
LINE
  5
1C17
330
70
100
AcDbEntity
  8
Visible
100
AcDbLine
 10
1173.829855
 20
93.668852
 30
0.0
 11
1202.829855
 21
93.668852
 31
0.0
  0
LINE
  5
1C18
330
70
100
AcDbEntity
  8
Visible
100
AcDbLine
 10
1173.829855
 20
99.668852
 30
0.0
 11
1173.829855
 21
93.668852
 31
0.0
  0
LINE
  5
1C19
330
70
100
AcDbEntity
  8
Visible
100
AcDbLine
 10
1144.829855
 20
99.668852
 30
0.0
 11
1173.829855
 21
99.668852
 31
0.0
  0
LINE
  5
1C1A
330
70
100
AcDbEntity
  8
Visible
100
AcDbLine
 10
1144.829855
 20
93.668852
 30
0.0
 11
1144.829855
 21
99.668852
 31
0.0
  0
LINE
  5
1C1B
330
70
100
AcDbEntity
  8
Visible
100
AcDbLine
 10
1115.829855
 20
93.668852
 30
0.0
 11
1144.829855
 21
93.668852
 31
0.0
  0
LINE
  5
1C1C
330
70
100
AcDbEntity
  8
Visible
100
AcDbLine
 10
1115.829855
 20
99.668852
 30
0.0
 11
1115.829855
 21
93.668852
 31
0.0
  0
LINE
  5
1C1D
330
70
100
AcDbEntity
  8
Visible
100
AcDbLine
 10
1086.829855
 20
99.668852
 30
0.0
 11
1115.829855
 21
99.668852
 31
0.0
  0
LINE
  5
1C1E
330
70
100
AcDbEntity
  8
Visible
100
AcDbLine
 10
1086.829855
 20
93.668852
 30
0.0
 11
1086.829855
 21
99.668852
 31
0.0
  0
LINE
  5
1C1F
330
70
100
AcDbEntity
  8
Visible
100
AcDbLine
 10
1046.329855
 20
93.668852
 30
0.0
 11
1086.829855
 21
93.668852
 31
0.0
  0
LINE
  5
1C20
330
70
100
AcDbEntity
  8
Visible
100
AcDbLine
 10
1046.329855
 20
118.168852
 30
0.0
 11
1046.329855
 21
93.668852
 31
0.0
  0
LINE
  5
1C21
330
70
100
AcDbEntity
  8
Visible
100
AcDbLine
 10
1052.329855
 20
118.168852
 30
0.0
 11
1046.329855
 21
118.168852
 31
0.0
  0
LINE
  5
1C22
330
70
100
AcDbEntity
  8
Visible
100
AcDbLine
 10
1052.329855
 20
147.168852
 30
0.0
 11
1052.329855
 21
118.168852
 31
0.0
  0
LINE
  5
1C23
330
70
100
AcDbEntity
  8
Visible
100
AcDbLine
 10
1046.329855
 20
147.168852
 30
0.0
 11
1052.329855
 21
147.168852
 31
0.0
  0
LINE
  5
1C24
330
70
100
AcDbEntity
  8
Visible
100
AcDbLine
 10
1046.329855
 20
176.168852
 30
0.0
 11
1046.329855
 21
147.168852
 31
0.0
  0
LINE
  5
1C25
330
70
100
AcDbEntity
  8
Visible
100
AcDbLine
 10
1052.329855
 20
176.168852
 30
0.0
 11
1046.329855
 21
176.168852
 31
0.0
  0
LINE
  5
1C26
330
70
100
AcDbEntity
  8
Visible
100
AcDbLine
 10
1052.329855
 20
205.168852
 30
0.0
 11
1052.329855
 21
176.168852
 31
0.0
  0
LINE
  5
1C27
330
70
100
AcDbEntity
  8
Visible
100
AcDbLine
 10
1046.329855
 20
205.168852
 30
0.0
 11
1052.329855
 21
205.168852
 31
0.0
  0
LINE
  5
1C28
330
70
100
AcDbEntity
  8
Visible
100
AcDbLine
 10
1046.329855
 20
234.168852
 30
0.0
 11
1046.329855
 21
205.168852
 31
0.0
  0
LINE
  5
1C29
330
70
100
AcDbEntity
  8
Visible
100
AcDbLine
 10
1052.329855
 20
234.168852
 30
0.0
 11
1046.329855
 21
234.168852
 31
0.0
  0
LINE
  5
1C2A
330
70
100
AcDbEntity
  8
Visible
100
AcDbLine
 10
1052.329855
 20
263.168852
 30
0.0
 11
1052.329855
 21
234.168852
 31
0.0
  0
LINE
  5
1C2B
330
70
100
AcDbEntity
  8
Visible
100
AcDbLine
 10
1046.329855
 20
263.168852
 30
0.0
 11
1052.329855
 21
263.168852
 31
0.0
  0
LINE
  5
1C2C
330
70
100
AcDbEntity
  8
Visible
100
AcDbLine
 10
1046.329855
 20
292.168852
 30
0.0
 11
1046.329855
 21
263.168852
 31
0.0
  0
LINE
  5
1C2D
330
70
100
AcDbEntity
  8
Visible
100
AcDbLine
 10
1052.329855
 20
292.168852
 30
0.0
 11
1046.329855
 21
292.168852
 31
0.0
  0
LINE
  5
1C2E
330
70
100
AcDbEntity
  8
Visible
100
AcDbLine
 10
1052.329855
 20
321.168852
 30
0.0
 11
1052.329855
 21
292.168852
 31
0.0
  0
LINE
  5
1C2F
330
70
100
AcDbEntity
  8
Visible
100
AcDbLine
 10
1046.329855
 20
321.168852
 30
0.0
 11
1052.329855
 21
321.168852
 31
0.0
  0
LINE
  5
1C30
330
70
100
AcDbEntity
  8
Visible
100
AcDbLine
 10
1046.329855
 20
350.168852
 30
0.0
 11
1046.329855
 21
321.168852
 31
0.0
  0
LINE
  5
1C31
330
70
100
AcDbEntity
  8
Visible
100
AcDbLine
 10
1052.329855
 20
350.168852
 30
0.0
 11
1046.329855
 21
350.168852
 31
0.0
  0
LINE
  5
1C32
330
70
100
AcDbEntity
  8
Visible
100
AcDbLine
 10
1052.329855
 20
379.168852
 30
0.0
 11
1052.329855
 21
350.168852
 31
0.0
  0
LINE
  5
1C33
330
70
100
AcDbEntity
  8
Visible
100
AcDbLine
 10
1046.329855
 20
379.168852
 30
0.0
 11
1052.329855
 21
379.168852
 31
0.0
  0
LINE
  5
1C34
330
70
100
AcDbEntity
  8
Visible
100
AcDbLine
 10
1046.329855
 20
408.168852
 30
0.0
 11
1046.329855
 21
379.168852
 31
0.0
  0
LINE
  5
1C35
330
70
100
AcDbEntity
  8
Visible
100
AcDbLine
 10
1052.329855
 20
408.168852
 30
0.0
 11
1046.329855
 21
408.168852
 31
0.0
  0
LINE
  5
1C36
330
70
100
AcDbEntity
  8
Visible
100
AcDbLine
 10
1052.329855
 20
437.168852
 30
0.0
 11
1052.329855
 21
408.168852
 31
0.0
  0
LINE
  5
1C37
330
70
100
AcDbEntity
  8
Visible
100
AcDbLine
 10
1046.329855
 20
437.168852
 30
0.0
 11
1052.329855
 21
437.168852
 31
0.0
  0
LINE
  5
1C38
330
70
100
AcDbEntity
  8
Visible
100
AcDbLine
 10
1046.329855
 20
466.168852
 30
0.0
 11
1046.329855
 21
437.168852
 31
0.0
  0
LINE
  5
1C39
330
70
100
AcDbEntity
  8
Visible
100
AcDbLine
 10
1052.329855
 20
466.168852
 30
0.0
 11
1046.329855
 21
466.168852
 31
0.0
  0
LINE
  5
1C3A
330
70
100
AcDbEntity
  8
Visible
100
AcDbLine
 10
1052.329855
 20
495.168852
 30
0.0
 11
1052.329855
 21
466.168852
 31
0.0
  0
LINE
  5
1C3B
330
70
100
AcDbEntity
  8
Visible
100
AcDbLine
 10
1046.329855
 20
495.168852
 30
0.0
 11
1052.329855
 21
495.168852
 31
0.0
  0
LINE
  5
1C3C
330
70
100
AcDbEntity
  8
Visible
100
AcDbLine
 10
1046.329855
 20
524.168852
 30
0.0
 11
1046.329855
 21
495.168852
 31
0.0
  0
LINE
  5
1C3D
330
70
100
AcDbEntity
  8
Visible
100
AcDbLine
 10
1052.329855
 20
524.168852
 30
0.0
 11
1046.329855
 21
524.168852
 31
0.0
  0
LINE
  5
1C3E
330
70
100
AcDbEntity
  8
Visible
100
AcDbLine
 10
1052.329855
 20
553.168852
 30
0.0
 11
1052.329855
 21
524.168852
 31
0.0
  0
LINE
  5
1C3F
330
70
100
AcDbEntity
  8
Visible
100
AcDbLine
 10
1046.329855
 20
553.168852
 30
0.0
 11
1052.329855
 21
553.168852
 31
0.0
  0
LINE
  5
1C40
330
70
100
AcDbEntity
  8
Visible
100
AcDbLine
 10
1046.329855
 20
582.168852
 30
0.0
 11
1046.329855
 21
553.168852
 31
0.0
  0
LINE
  5
1C41
330
70
100
AcDbEntity
  8
Visible
100
AcDbLine
 10
1052.329855
 20
582.168852
 30
0.0
 11
1046.329855
 21
582.168852
 31
0.0
  0
LINE
  5
1C42
330
70
100
AcDbEntity
  8
Visible
100
AcDbLine
 10
1052.329855
 20
611.168852
 30
0.0
 11
1052.329855
 21
582.168852
 31
0.0
  0
LINE
  5
1C43
330
70
100
AcDbEntity
  8
Visible
100
AcDbLine
 10
1046.329855
 20
611.168852
 30
0.0
 11
1052.329855
 21
611.168852
 31
0.0
  0
LINE
  5
1C44
330
70
100
AcDbEntity
  8
Visible
100
AcDbLine
 10
1046.329855
 20
640.168852
 30
0.0
 11
1046.329855
 21
611.168852
 31
0.0
  0
LINE
  5
1C45
330
70
100
AcDbEntity
  8
Visible
100
AcDbLine
 10
1052.329855
 20
640.168852
 30
0.0
 11
1046.329855
 21
640.168852
 31
0.0
  0
LINE
  5
1C46
330
70
100
AcDbEntity
  8
Visible
100
AcDbLine
 10
1052.329855
 20
669.168852
 30
0.0
 11
1052.329855
 21
640.168852
 31
0.0
  0
LINE
  5
1C47
330
70
100
AcDbEntity
  8
Visible
100
AcDbLine
 10
1046.329855
 20
669.168852
 30
0.0
 11
1052.329855
 21
669.168852
 31
0.0
  0
LINE
  5
1C48
330
70
100
AcDbEntity
  8
Visible
100
AcDbLine
 10
1046.329855
 20
693.668852
 30
0.0
 11
1046.329855
 21
669.168852
 31
0.0
  0
LINE
  5
1C49
330
70
100
AcDbEntity
  8
Visible
100
AcDbLine
 10
1086.829855
 20
693.668852
 30
0.0
 11
1046.329855
 21
693.668852
 31
0.0
  0
LINE
  5
1C4A
330
70
100
AcDbEntity
  8
Visible
100
AcDbLine
 10
1086.829855
 20
687.668852
 30
0.0
 11
1086.829855
 21
693.668852
 31
0.0
  0
LINE
  5
1C4B
330
70
100
AcDbEntity
  8
Visible
100
AcDbLine
 10
1115.829855
 20
687.668852
 30
0.0
 11
1086.829855
 21
687.668852
 31
0.0
  0
LINE
  5
1C4C
330
70
100
AcDbEntity
  8
Visible
100
AcDbLine
 10
1115.829855
 20
693.668852
 30
0.0
 11
1115.829855
 21
687.668852
 31
0.0
  0
LINE
  5
1C4D
330
70
100
AcDbEntity
  8
Visible
100
AcDbLine
 10
1144.829855
 20
693.668852
 30
0.0
 11
1115.829855
 21
693.668852
 31
0.0
  0
LINE
  5
1C4E
330
70
100
AcDbEntity
  8
Visible
100
AcDbLine
 10
1144.829855
 20
687.668852
 30
0.0
 11
1144.829855
 21
693.668852
 31
0.0
  0
LINE
  5
1C4F
330
70
100
AcDbEntity
  8
Visible
100
AcDbLine
 10
1173.829855
 20
687.668852
 30
0.0
 11
1144.829855
 21
687.668852
 31
0.0
  0
LINE
  5
1C50
330
70
100
AcDbEntity
  8
Visible
100
AcDbLine
 10
1173.829855
 20
693.668852
 30
0.0
 11
1173.829855
 21
687.668852
 31
0.0
  0
LINE
  5
1C51
330
70
100
AcDbEntity
  8
Visible
100
AcDbLine
 10
1202.829855
 20
693.668852
 30
0.0
 11
1173.829855
 21
693.668852
 31
0.0
  0
LINE
  5
1C52
330
70
100
AcDbEntity
  8
Visible
100
AcDbLine
 10
1202.829855
 20
687.668852
 30
0.0
 11
1202.829855
 21
693.668852
 31
0.0
  0
LINE
  5
1C53
330
70
100
AcDbEntity
  8
Visible
100
AcDbLine
 10
1231.829855
 20
687.668852
 30
0.0
 11
1202.829855
 21
687.668852
 31
0.0
  0
LINE
  5
1C54
330
70
100
AcDbEntity
  8
Visible
100
AcDbLine
 10
1231.829855
 20
693.668852
 30
0.0
 11
1231.829855
 21
687.668852
 31
0.0
  0
LINE
  5
1C55
330
70
100
AcDbEntity
  8
Visible
100
AcDbLine
 10
1260.829855
 20
693.668852
 30
0.0
 11
1231.829855
 21
693.668852
 31
0.0
  0
LINE
  5
1C56
330
70
100
AcDbEntity
  8
Visible
100
AcDbLine
 10
1260.829855
 20
687.668852
 30
0.0
 11
1260.829855
 21
693.668852
 31
0.0
  0
LINE
  5
1C57
330
70
100
AcDbEntity
  8
Visible
100
AcDbLine
 10
1289.829855
 20
687.668852
 30
0.0
 11
1260.829855
 21
687.668852
 31
0.0
  0
LINE
  5
1C58
330
70
100
AcDbEntity
  8
Visible
100
AcDbLine
 10
1289.829855
 20
693.668852
 30
0.0
 11
1289.829855
 21
687.668852
 31
0.0
  0
LINE
  5
1C59
330
70
100
AcDbEntity
  8
Visible
100
AcDbLine
 10
1318.829855
 20
693.668852
 30
0.0
 11
1289.829855
 21
693.668852
 31
0.0
  0
LINE
  5
1C5A
330
70
100
AcDbEntity
  8
Visible
100
AcDbLine
 10
1318.829855
 20
687.668852
 30
0.0
 11
1318.829855
 21
693.668852
 31
0.0
  0
LINE
  5
1C5B
330
70
100
AcDbEntity
  8
Visible
100
AcDbLine
 10
1347.829855
 20
687.668852
 30
0.0
 11
1318.829855
 21
687.668852
 31
0.0
  0
LINE
  5
1C5C
330
70
100
AcDbEntity
  8
Visible
100
AcDbLine
 10
1347.829855
 20
693.668852
 30
0.0
 11
1347.829855
 21
687.668852
 31
0.0
  0
LINE
  5
1C5D
330
70
100
AcDbEntity
  8
Visible
100
AcDbLine
 10
1376.829855
 20
693.668852
 30
0.0
 11
1347.829855
 21
693.668852
 31
0.0
  0
LINE
  5
1C5E
330
70
100
AcDbEntity
  8
Visible
100
AcDbLine
 10
1376.829855
 20
687.668852
 30
0.0
 11
1376.829855
 21
693.668852
 31
0.0
  0
LINE
  5
1C5F
330
70
100
AcDbEntity
  8
Visible
100
AcDbLine
 10
1405.829855
 20
687.668852
 30
0.0
 11
1376.829855
 21
687.668852
 31
0.0
  0
LINE
  5
1C60
330
70
100
AcDbEntity
  8
Visible
100
AcDbLine
 10
1405.829855
 20
693.668852
 30
0.0
 11
1405.829855
 21
687.668852
 31
0.0
  0
LINE
  5
1C61
330
70
100
AcDbEntity
  8
Visible
100
AcDbLine
 10
1446.329855
 20
693.668852
 30
0.0
 11
1405.829855
 21
693.668852
 31
0.0
  0
LINE
  5
1C62
330
70
100
AcDbEntity
  8
Visible
100
AcDbLine
 10
1446.329855
 20
669.168852
 30
0.0
 11
1446.329855
 21
693.668852
 31
0.0
  0
ENDSEC
  0
SECTION
  2
OBJECTS
  0
DICTIONARY
  5
C
330
0
100
AcDbDictionary
281
     1
  3
ACAD_COLOR
350
63
  3
ACAD_DETAILVIEWSTYLE
350
6A
  3
ACAD_GROUP
350
D
  3
ACAD_LAYOUT
350
62
  3
ACAD_MATERIAL
350
10
  3
ACAD_MLEADERSTYLE
350
66
  3
ACAD_MLINESTYLE
350
5F
  3
ACAD_PLOTSETTINGS
350
61
  3
ACAD_PLOTSTYLENAME
350
E
  3
ACAD_SCALELIST
350
42
  3
ACAD_SECTIONVIEWSTYLE
350
68
  3
ACAD_TABLESTYLE
350
64
  3
ACAD_VISUALSTYLE
350
29
  3
ACDB_RECOMPOSE_DATA
350
1C6D
  3
AcDbVariableDictionary
350
1C64
  0
DICTIONARY
  5
A0
330
70
100
AcDbDictionary
280
     1
281
     1
  3
ACAD_SORTENTS
360
A1
  0
DICTIONARY
  5
63
102
{ACAD_REACTORS
330
C
102
}
330
C
100
AcDbDictionary
281
     1
  0
DICTIONARY
  5
6A
102
{ACAD_REACTORS
330
C
102
}
330
C
100
AcDbDictionary
281
     1
  3
Imperial24
350
6B
  0
DICTIONARY
  5
D
102
{ACAD_REACTORS
330
C
102
}
330
C
100
AcDbDictionary
281
     1
  0
DICTIONARY
  5
62
102
{ACAD_REACTORS
330
C
102
}
330
C
100
AcDbDictionary
281
     1
  3
Model
350
73
  3
Sheet1
350
6F
  3
Sheet2
350
77
  0
DICTIONARY
  5
10
102
{ACAD_REACTORS
330
C
102
}
330
C
100
AcDbDictionary
281
     1
  3
ByBlock
350
19
  3
ByLayer
350
11
  3
Global
350
21
  0
DICTIONARY
  5
66
102
{ACAD_REACTORS
330
C
102
}
330
C
100
AcDbDictionary
281
     1
  3
Standard
350
67
  0
DICTIONARY
  5
5F
102
{ACAD_REACTORS
330
C
102
}
330
C
100
AcDbDictionary
281
     1
  3
Standard
350
60
  0
DICTIONARY
  5
61
102
{ACAD_REACTORS
330
C
102
}
330
C
100
AcDbDictionary
281
     1
  0
ACDBDICTIONARYWDFLT
  5
E
102
{ACAD_REACTORS
330
C
102
}
330
C
100
AcDbDictionary
281
     1
  3
Normal
350
F
100
AcDbDictionaryWithDefault
340
F
  0
DICTIONARY
  5
42
102
{ACAD_REACTORS
330
C
102
}
330
C
100
AcDbDictionary
281
     1
  3
A0
350
43
  3
A1
350
44
  3
A2
350
45
  3
A3
350
46
  3
A4
350
47
  3
A5
350
48
  3
A6
350
49
  3
A7
350
4A
  3
A8
350
4B
  3
A9
350
4C
  3
B0
350
4D
  3
B1
350
4E
  3
B2
350
4F
  3
B3
350
50
  3
B4
350
51
  3
B5
350
52
  3
B6
350
53
  0
DICTIONARY
  5
68
102
{ACAD_REACTORS
330
C
102
}
330
C
100
AcDbDictionary
281
     1
  3
Imperial24
350
69
  0
DICTIONARY
  5
64
102
{ACAD_REACTORS
330
C
102
}
330
C
100
AcDbDictionary
281
     1
  3
Standard
350
65
  0
DICTIONARY
  5
29
102
{ACAD_REACTORS
330
C
102
}
330
C
100
AcDbDictionary
281
     1
  3
2dWireframe
350
2F
  3
Basic
350
2E
  3
Brighten
350
35
  3
ColorChange
350
39
  3
Conceptual
350
32
  3
Dim
350
34
  3
EdgeColorOff
350
41
  3
Facepattern
350
38
  3
Flat
350
2A
  3
FlatWithEdges
350
2B
  3
Gouraud
350
2C
  3
GouraudWithEdges
350
2D
  3
Hidden
350
31
  3
JitterOff
350
3F
  3
Linepattern
350
37
  3
OverhangOff
350
40
  3
Realistic
350
33
  3
Shaded
350
3E
  3
Shaded with edges
350
3D
  3
Shades of Gray
350
3A
  3
Sketchy
350
3B
  3
Thicken
350
36
  3
Wireframe
350
30
  3
X-Ray
350
3C
  0
XRECORD
  5
1C6D
102
{ACAD_REACTORS
330
C
102
}
330
C
100
AcDbXrecord
280
     1
 90
        1
330
65
  0
DICTIONARY
  5
1C64
102
{ACAD_REACTORS
330
C
102
}
330
C
100
AcDbDictionary
281
     1
  3
ANNOALLVISIBLE
350
1C69
  3
CANNOSCALE
350
1C6A
  3
CMLEADERSTYLE
350
1C66
  3
CTABLESTYLE
350
1C65
  3
CVIEWDETAILSTYLE
350
1C67
  3
CVIEWSECTIONSTYLE
350
1C68
  0
SORTENTSTABLE
  5
A1
102
{ACAD_REACTORS
330
A0
102
}
330
A0
100
AcDbSortentsTable
330
70
  0
ACDBDETAILVIEWSTYLE
  5
6B
102
{ACAD_XDICTIONARY
360
1C70
102
}
102
{ACAD_REACTORS
330
6A
102
}
330
6A
100
AcDbModelDocViewStyle
 70
     0
  3
Imperial24
290
     0
100
AcDbDetailViewStyle
 70
     0
 71
     0
 90
        3
 71
     1
340
55
 62
   256
 40
0.24
340
0
 62
   256
 40
0.24
300

 40
0.36
280
     3
 71
     2
340
5D
 90
       25
 62
   256
 71
     3
340
55
 62
   256
 40
0.24
 90
        1
 40
0.75
 90
        1
300
%<\AcVar ViewType \f "%tc1">% %<\AcVar ViewDetailId>%\PSCALE %<\AcVar ViewScale \f "%sn">%
 71
     4
340
5D
 90
       25
 62
   256
340
5D
 90
       25
 62
   256
280
     0
  0
LAYOUT
  5
73
102
{ACAD_REACTORS
330
62
102
}
330
62
100
AcDbPlotSettings
  1

  2
AutoCAD PDF (High Quality Print).pc3
  4
CustomDimension
  6

 40
0.0
 41
0.0
 42
0.0
 43
0.0
 44
1600.0
 45
1600.0
 46
0.0
 47
0.0
 48
0.0
 49
0.0
140
0.0
141
0.0
142
1.0
143
2.103694
 70
 11952
 72
     1
 73
     0
 74
     0
  7

 75
     0
147
0.475354
 76
     0
 77
     2
 78
   300
148
620.114666
149
148.463604
100
AcDbLayout
  1
Model
 70
     1
 71
     0
 10
0.0
 20
0.0
 11
12.0
 21
9.0
 12
0.0
 22
0.0
 32
0.0
 14
0.0
 24
0.0
 34
0.0
 15
0.0
 25
0.0
 35
0.0
146
0.0
 13
0.0
 23
0.0
 33
0.0
 16
1.0
 26
0.0
 36
0.0
 17
0.0
 27
1.0
 37
0.0
 76
     0
330
70
1001
ACAD_PSEXT
1000
AutoCAD PDF (High Quality Print).pc3
1000
DWG To PDF
1000
File
1000

1070
     0
  0
LAYOUT
  5
6F
102
{ACAD_REACTORS
330
62
102
}
330
62
100
AcDbPlotSettings
  1

  2
None
  4

  6

 40
0.0
 41
0.0
 42
0.0
 43
0.0
 44
0.0
 45
0.0
 46
0.0
 47
0.0
 48
0.0
 49
0.0
140
0.0
141
0.0
142
1.0
143
1.0
 70
   688
 72
     0
 73
     0
 74
     5
  7

 75
    16
147
1.0
 76
     0
 77
     2
 78
   300
148
0.0
149
0.0
100
AcDbLayout
  1
Sheet1
 70
     1
 71
     1
 10
0.0
 20
0.0
 11
12.0
 21
9.0
 12
0.0
 22
0.0
 32
0.0
 14
0.0
 24
0.0
 34
0.0
 15
0.0
 25
0.0
 35
0.0
146
0.0
 13
0.0
 23
0.0
 33
0.0
 16
1.0
 26
0.0
 36
0.0
 17
0.0
 27
1.0
 37
0.0
 76
     0
330
6C
  0
LAYOUT
  5
77
102
{ACAD_REACTORS
330
62
102
}
330
62
100
AcDbPlotSettings
  1

  2
None
  4

  6

 40
0.0
 41
0.0
 42
0.0
 43
0.0
 44
0.0
 45
0.0
 46
0.0
 47
0.0
 48
0.0
 49
0.0
140
0.0
141
0.0
142
1.0
143
1.0
 70
   688
 72
     0
 73
     0
 74
     5
  7

 75
    16
147
1.0
 76
     0
 77
     2
 78
   300
148
0.0
149
0.0
100
AcDbLayout
  1
Sheet2
 70
     1
 71
     2
 10
0.0
 20
0.0
 11
12.0
 21
9.0
 12
0.0
 22
0.0
 32
0.0
 14
0.0
 24
0.0
 34
0.0
 15
0.0
 25
0.0
 35
0.0
146
0.0
 13
0.0
 23
0.0
 33
0.0
 16
1.0
 26
0.0
 36
0.0
 17
0.0
 27
1.0
 37
0.0
 76
     0
330
74
  0
MATERIAL
  5
19
102
{ACAD_XDICTIONARY
360
1A
102
}
102
{ACAD_REACTORS
330
10
102
}
330
10
100
AcDbMaterial
  1
ByBlock
 72
     0
 43
0.020833
 43
0.0
 43
0.0
 43
0.0
 43
0.0
 43
0.020833
 43
0.0
 43
0.0
 43
0.0
 43
0.0
 43
1.0
 43
0.0
 43
0.0
 43
0.0
 43
0.0
 43
1.0
 77
     0
 47
0.020833
 47
0.0
 47
0.0
 47
0.0
 47
0.0
 47
0.020833
 47
0.0
 47
0.0
 47
0.0
 47
0.0
 47
1.0
 47
0.0
 47
0.0
 47
0.0
 47
0.0
 47
1.0
171
     0
 49
0.020833
 49
0.0
 49
0.0
 49
0.0
 49
0.0
 49
0.020833
 49
0.0
 49
0.0
 49
0.0
 49
0.0
 49
1.0
 49
0.0
 49
0.0
 49
0.0
 49
0.0
 49
1.0
175
     0
142
0.020833
142
0.0
142
0.0
142
0.0
142
0.0
142
0.020833
142
0.0
142
0.0
142
0.0
142
0.0
142
1.0
142
0.0
142
0.0
142
0.0
142
0.0
142
1.0
179
     0
144
0.020833
144
0.0
144
0.0
144
0.0
144
0.0
144
0.020833
144
0.0
144
0.0
144
0.0
144
0.0
144
1.0
144
0.0
144
0.0
144
0.0
144
0.0
144
1.0
147
0.020833
147
0.0
147
0.0
147
0.0
147
0.0
147
0.020833
147
0.0
147
0.0
147
0.0
147
0.0
147
1.0
147
0.0
147
0.0
147
0.0
147
0.0
147
1.0
  0
MATERIAL
  5
11
102
{ACAD_XDICTIONARY
360
12
102
}
102
{ACAD_REACTORS
330
10
102
}
330
10
100
AcDbMaterial
  1
ByLayer
 72
     0
 43
0.020833
 43
0.0
 43
0.0
 43
0.0
 43
0.0
 43
0.020833
 43
0.0
 43
0.0
 43
0.0
 43
0.0
 43
1.0
 43
0.0
 43
0.0
 43
0.0
 43
0.0
 43
1.0
 77
     0
 47
0.020833
 47
0.0
 47
0.0
 47
0.0
 47
0.0
 47
0.020833
 47
0.0
 47
0.0
 47
0.0
 47
0.0
 47
1.0
 47
0.0
 47
0.0
 47
0.0
 47
0.0
 47
1.0
171
     0
 49
0.020833
 49
0.0
 49
0.0
 49
0.0
 49
0.0
 49
0.020833
 49
0.0
 49
0.0
 49
0.0
 49
0.0
 49
1.0
 49
0.0
 49
0.0
 49
0.0
 49
0.0
 49
1.0
175
     0
142
0.020833
142
0.0
142
0.0
142
0.0
142
0.0
142
0.020833
142
0.0
142
0.0
142
0.0
142
0.0
142
1.0
142
0.0
142
0.0
142
0.0
142
0.0
142
1.0
179
     0
144
0.020833
144
0.0
144
0.0
144
0.0
144
0.0
144
0.020833
144
0.0
144
0.0
144
0.0
144
0.0
144
1.0
144
0.0
144
0.0
144
0.0
144
0.0
144
1.0
147
0.020833
147
0.0
147
0.0
147
0.0
147
0.0
147
0.020833
147
0.0
147
0.0
147
0.0
147
0.0
147
1.0
147
0.0
147
0.0
147
0.0
147
0.0
147
1.0
  0
MATERIAL
  5
21
102
{ACAD_XDICTIONARY
360
22
102
}
102
{ACAD_REACTORS
330
10
102
}
330
10
100
AcDbMaterial
  1
Global
 72
     0
 43
0.020833
 43
0.0
 43
0.0
 43
0.0
 43
0.0
 43
0.020833
 43
0.0
 43
0.0
 43
0.0
 43
0.0
 43
1.0
 43
0.0
 43
0.0
 43
0.0
 43
0.0
 43
1.0
 77
     0
 47
0.020833
 47
0.0
 47
0.0
 47
0.0
 47
0.0
 47
0.020833
 47
0.0
 47
0.0
 47
0.0
 47
0.0
 47
1.0
 47
0.0
 47
0.0
 47
0.0
 47
0.0
 47
1.0
171
     0
 49
0.020833
 49
0.0
 49
0.0
 49
0.0
 49
0.0
 49
0.020833
 49
0.0
 49
0.0
 49
0.0
 49
0.0
 49
1.0
 49
0.0
 49
0.0
 49
0.0
 49
0.0
 49
1.0
175
     0
142
0.020833
142
0.0
142
0.0
142
0.0
142
0.0
142
0.020833
142
0.0
142
0.0
142
0.0
142
0.0
142
1.0
142
0.0
142
0.0
142
0.0
142
0.0
142
1.0
179
     0
144
0.020833
144
0.0
144
0.0
144
0.0
144
0.0
144
0.020833
144
0.0
144
0.0
144
0.0
144
0.0
144
1.0
144
0.0
144
0.0
144
0.0
144
0.0
144
1.0
147
0.020833
147
0.0
147
0.0
147
0.0
147
0.0
147
0.020833
147
0.0
147
0.0
147
0.0
147
0.0
147
1.0
147
0.0
147
0.0
147
0.0
147
0.0
147
1.0
  0
MLEADERSTYLE
  5
67
102
{ACAD_REACTORS
330
66
102
}
330
66
100
AcDbMLeaderStyle
179
     2
170
     2
171
     1
172
     0
 90
        2
 40
0.0
 41
0.0
173
     1
 91
-1056964608
340
5B
 92
       -2
290
     1
 42
0.09
291
     1
 43
0.36
  3
Standard
 44
0.18
300

342
55
174
     1
178
     6
175
     1
176
     0
 93
-1056964608
 45
0.18
292
     0
297
     0
 46
0.18
 94
-1056964608
 47
1.0
 49
1.0
140
1.0
293
     1
141
0.0
294
     1
177
     0
142
1.0
295
     0
296
     0
143
0.125
271
     0
272
     9
273
     9
298
     1
  0
MLINESTYLE
  5
60
102
{ACAD_REACTORS
330
5F
102
}
330
5F
100
AcDbMlineStyle
  2
STANDARD
 70
     0
  3

 62
   256
 51
90.0
 52
90.0
 71
     0
  0
ACDBPLACEHOLDER
  5
F
102
{ACAD_REACTORS
330
E
102
}
330
E
  0
SCALE
  5
43
102
{ACAD_REACTORS
330
42
102
}
330
42
100
AcDbScale
 70
     0
300
1:1
140
1.0
141
1.0
290
     1
  0
SCALE
  5
44
102
{ACAD_REACTORS
330
42
102
}
330
42
100
AcDbScale
 70
     0
300
1:2
140
1.0
141
2.0
290
     0
  0
SCALE
  5
45
102
{ACAD_REACTORS
330
42
102
}
330
42
100
AcDbScale
 70
     0
300
1:4
140
1.0
141
4.0
290
     0
  0
SCALE
  5
46
102
{ACAD_REACTORS
330
42
102
}
330
42
100
AcDbScale
 70
     0
300
1:5
140
1.0
141
5.0
290
     0
  0
SCALE
  5
47
102
{ACAD_REACTORS
330
42
102
}
330
42
100
AcDbScale
 70
     0
300
1:8
140
1.0
141
8.0
290
     0
  0
SCALE
  5
48
102
{ACAD_REACTORS
330
42
102
}
330
42
100
AcDbScale
 70
     0
300
1:10
140
1.0
141
10.0
290
     0
  0
SCALE
  5
49
102
{ACAD_REACTORS
330
42
102
}
330
42
100
AcDbScale
 70
     0
300
1:16
140
1.0
141
16.0
290
     0
  0
SCALE
  5
4A
102
{ACAD_REACTORS
330
42
102
}
330
42
100
AcDbScale
 70
     0
300
1:20
140
1.0
141
20.0
290
     0
  0
SCALE
  5
4B
102
{ACAD_REACTORS
330
42
102
}
330
42
100
AcDbScale
 70
     0
300
1:30
140
1.0
141
30.0
290
     0
  0
SCALE
  5
4C
102
{ACAD_REACTORS
330
42
102
}
330
42
100
AcDbScale
 70
     0
300
1:40
140
1.0
141
40.0
290
     0
  0
SCALE
  5
4D
102
{ACAD_REACTORS
330
42
102
}
330
42
100
AcDbScale
 70
     0
300
1:50
140
1.0
141
50.0
290
     0
  0
SCALE
  5
4E
102
{ACAD_REACTORS
330
42
102
}
330
42
100
AcDbScale
 70
     0
300
1:100
140
1.0
141
100.0
290
     0
  0
SCALE
  5
4F
102
{ACAD_REACTORS
330
42
102
}
330
42
100
AcDbScale
 70
     0
300
2:1
140
2.0
141
1.0
290
     0
  0
SCALE
  5
50
102
{ACAD_REACTORS
330
42
102
}
330
42
100
AcDbScale
 70
     0
300
4:1
140
4.0
141
1.0
290
     0
  0
SCALE
  5
51
102
{ACAD_REACTORS
330
42
102
}
330
42
100
AcDbScale
 70
     0
300
8:1
140
8.0
141
1.0
290
     0
  0
SCALE
  5
52
102
{ACAD_REACTORS
330
42
102
}
330
42
100
AcDbScale
 70
     0
300
10:1
140
10.0
141
1.0
290
     0
  0
SCALE
  5
53
102
{ACAD_REACTORS
330
42
102
}
330
42
100
AcDbScale
 70
     0
300
100:1
140
100.0
141
1.0
290
     0
  0
ACDBSECTIONVIEWSTYLE
  5
69
102
{ACAD_XDICTIONARY
360
1C6E
102
}
102
{ACAD_REACTORS
330
68
102
}
330
68
100
AcDbModelDocViewStyle
 70
     0
  3
Imperial24
290
     0
100
AcDbSectionViewStyle
 70
     0
 71
     0
 90
       78
 71
     1
340
55
 62
   256
 40
0.24
340
0
340
0
 62
   256
 40
0.24
300
I, O, Q, S, X, Z
 40
0.48
 90
        3
 40
0.18
 90
        1
 71
     2
340
5D
 90
       25
 62
   256
340
5D
 90
       50
 62
   256
 40
0.24
 40
0.0
 40
0.24
 71
     3
340
55
 62
   256
 40
0.24
 90
        1
 40
0.75
 90
        1
300
%<\AcVar ViewType \f "%tc1">% %<\AcVar ViewSectionStartId>%-%<\AcVar ViewSectionEndId>%\PSCALE %<\AcVar ViewScale \f "%sn">%
 71
     4
 62
   256
 62
   257
300
ANSI31
 40
1.0
 90
        0
290
     0
290
     0
 90
        6
 40
0.0
 40
1.570796
 40
0.261799
 40
1.308997
 40
-0.261799
 40
1.832596
  0
TABLESTYLE
  5
65
102
{ACAD_XDICTIONARY
360
1C6B
102
}
102
{ACAD_REACTORS
330
64
102
}
330
64
100
AcDbTableStyle
280
     0
  3
Standard
 70
     0
 71
     0
 40
1.5
 41
1.5
280
     0
281
     0
  7
Standard
140
0.18
170
     2
 62
     0
 63
     7
283
     0
 90
      512
 91
        0
  1

274
    -2
284
     1
 64
     0
275
    -2
285
     1
 65
     0
276
    -2
286
     1
 66
     0
277
    -2
287
     1
 67
     0
278
    -2
288
     1
 68
     0
279
    -2
289
     1
 69
     0
  7
Standard
140
0.25
170
     5
 62
     0
 63
     7
283
     0
 90
      512
 91
        0
  1

274
    -2
284
     1
 64
     0
275
    -2
285
     1
 65
     0
276
    -2
286
     1
 66
     0
277
    -2
287
     1
 67
     0
278
    -2
288
     1
 68
     0
279
    -2
289
     1
 69
     0
  7
Standard
140
0.18
170
     5
 62
     0
 63
     7
283
     0
 90
      512
 91
        0
  1

274
    -2
284
     1
 64
     0
275
    -2
285
     1
 65
     0
276
    -2
286
     1
 66
     0
277
    -2
287
     1
 67
     0
278
    -2
288
     1
 68
     0
279
    -2
289
     1
 69
     0
  0
VISUALSTYLE
  5
2F
102
{ACAD_REACTORS
330
29
102
}
330
29
100
AcDbVisualStyle
  2
2dWireframe
 70
     4
177
     3
291
     0
 70
    58
 90
        0
176
     1
 90
        2
176
     1
 90
        0
176
     1
 90
        0
176
     1
 40
0.6
176
     1
 40
30.0
176
     1
 62
     7
420
 16777215
176
     1
 90
        1
176
     1
 90
        4
176
     1
 62
     7
176
     1
 62
   257
176
     1
 90
        1
176
     1
 90
        1
176
     1
 40
1.0
176
     1
 90
        0
176
     1
 62
   257
176
     1
 40
1.0
176
     1
 90
        1
176
     1
 90
        6
176
     1
 90
        2
176
     1
 62
     7
176
     1
 90
        5
176
     1
 90
        0
176
     1
 90
        0
176
     1
290
     0
176
     1
 90
        1
176
     1
 40
0.0
176
     1
 90
        0
176
     1
290
     1
176
     1
290
     1
176
     1
290
     0
176
     1
290
     0
176
     1
290
     0
176
     1
290
     0
176
     1
290
     0
176
     1
290
     0
176
     1
290
     0
176
     1
 90
       50
176
     1
 40
0.0
176
     1
 40
1.0
176
     1
 90
        0
176
     1
 62
    18
420
        0
176
     1
 90
       50
176
     1
 90
        3
176
     1
 62
     5
420
      255
176
     1
290
     0
176
     1
 90
       50
176
     1
 90
       50
176
     1
 90
       50
176
     1
290
     0
176
     1
 90
       50
176
     1
 62
   256
176
     0
 40
1.0
176
     0
 90
        2
176
     1
  1
strokes_ogs.tif
176
     1
290
     0
176
     1
 40
1.0
176
     1
 40
1.0
176
     1
1001
ACAD
1000
AcDbSavedByObjectVersion
1070
     0
  0
VISUALSTYLE
  5
2E
102
{ACAD_REACTORS
330
29
102
}
330
29
100
AcDbVisualStyle
  2
Basic
 70
     7
177
     3
291
     1
 70
    58
 90
        1
176
     1
 90
        0
176
     1
 90
        1
176
     1
 90
        0
176
     1
 40
0.6
176
     1
 40
30.0
176
     1
 62
     7
420
 16777215
176
     1
 90
        0
176
     1
 90
        4
176
     1
 62
     7
176
     1
 62
   257
176
     1
 90
        1
176
     1
 90
        1
176
     1
 40
1.0
176
     1
 90
        8
176
     1
 62
     7
176
     1
 40
1.0
176
     1
 90
        1
176
     1
 90
        6
176
     1
 90
        2
176
     1
 62
     7
176
     1
 90
        5
176
     1
 90
        0
176
     1
 90
        0
176
     1
290
     0
176
     1
 90
        1
176
     1
 40
0.0
176
     1
 90
        0
176
     1
290
     0
176
     1
290
     1
176
     1
290
     1
176
     1
290
     0
176
     1
290
     0
176
     1
290
     0
176
     1
290
     0
176
     1
290
     0
176
     1
290
     0
176
     1
 90
       50
176
     1
 40
0.0
176
     1
 40
1.0
176
     1
 90
        0
176
     1
 62
    18
420
        0
176
     1
 90
       50
176
     1
 90
        3
176
     1
 62
     5
420
      255
176
     1
290
     0
176
     1
 90
       50
176
     1
 90
       50
176
     1
 90
       50
176
     1
290
     0
176
     1
 90
       50
176
     1
 62
   256
176
     0
 40
1.0
176
     0
 90
        2
176
     1
  1
strokes_ogs.tif
176
     1
290
     0
176
     1
 40
1.0
176
     1
 40
1.0
176
     1
1001
ACAD
1000
AcDbSavedByObjectVersion
1070
     0
  0
VISUALSTYLE
  5
35
102
{ACAD_REACTORS
330
29
102
}
330
29
100
AcDbVisualStyle
  2
Brighten
 70
    12
177
     3
291
     1
 70
    58
 90
        2
176
     1
 90
        2
176
     1
 90
        0
176
     1
 90
        0
176
     1
 40
0.6
176
     1
 40
30.0
176
     1
 62
     7
420
 16777215
176
     1
 90
        1
176
     1
 90
        4
176
     1
 62
     7
176
     1
 62
   257
176
     1
 90
        1
176
     1
 90
        1
176
     1
 40
1.0
176
     1
 90
        8
176
     1
 62
     7
176
     1
 40
1.0
176
     1
 90
        1
176
     1
 90
        6
176
     1
 90
        2
176
     1
 62
     7
176
     1
 90
        5
176
     1
 90
        0
176
     1
 90
        0
176
     1
290
     0
176
     1
 90
        1
176
     1
 40
50.0
176
     1
 90
        0
176
     1
290
     0
176
     1
290
     1
176
     1
290
     1
176
     1
290
     0
176
     1
290
     0
176
     1
290
     0
176
     1
290
     0
176
     1
290
     0
176
     1
290
     0
176
     1
 90
       50
176
     1
 40
0.0
176
     1
 40
1.0
176
     1
 90
        0
176
     1
 62
    18
420
        0
176
     1
 90
       50
176
     1
 90
        3
176
     1
 62
     5
420
      255
176
     1
290
     0
176
     1
 90
       50
176
     1
 90
       50
176
     1
 90
       50
176
     1
290
     0
176
     1
 90
       50
176
     1
 62
   256
176
     0
 40
1.0
176
     0
 90
        2
176
     1
  1
strokes_ogs.tif
176
     1
290
     0
176
     1
 40
1.0
176
     1
 40
1.0
176
     1
1001
ACAD
1000
AcDbSavedByObjectVersion
1070
     0
  0
VISUALSTYLE
  5
39
102
{ACAD_REACTORS
330
29
102
}
330
29
100
AcDbVisualStyle
  2
ColorChange
 70
    16
177
     3
291
     1
 70
    58
 90
        2
176
     1
 90
        2
176
     1
 90
        3
176
     1
 90
        0
176
     1
 40
0.6
176
     1
 40
30.0
176
     1
 62
     8
420
  8421504
176
     1
 90
        1
176
     1
 90
        4
176
     1
 62
     7
176
     1
 62
   257
176
     1
 90
        1
176
     1
 90
        1
176
     1
 40
1.0
176
     1
 90
        8
176
     1
 62
     8
420
  8421504
176
     1
 40
1.0
176
     1
 90
        1
176
     1
 90
        6
176
     1
 90
        2
176
     1
 62
     7
176
     1
 90
        5
176
     1
 90
        0
176
     1
 90
        0
176
     1
290
     0
176
     1
 90
        1
176
     1
 40
0.0
176
     1
 90
        0
176
     1
290
     0
176
     1
290
     1
176
     1
290
     1
176
     1
290
     0
176
     1
290
     0
176
     1
290
     0
176
     1
290
     0
176
     1
290
     0
176
     1
290
     0
176
     1
 90
       50
176
     1
 40
0.0
176
     1
 40
1.0
176
     1
 90
        0
176
     1
 62
    18
420
        0
176
     1
 90
       50
176
     1
 90
        3
176
     1
 62
     5
420
      255
176
     1
290
     0
176
     1
 90
       50
176
     1
 90
       50
176
     1
 90
       50
176
     1
290
     0
176
     1
 90
       50
176
     1
 62
   256
176
     0
 40
1.0
176
     0
 90
        2
176
     1
  1
strokes_ogs.tif
176
     1
290
     0
176
     1
 40
1.0
176
     1
 40
1.0
176
     1
1001
ACAD
1000
AcDbSavedByObjectVersion
1070
     0
  0
VISUALSTYLE
  5
32
102
{ACAD_REACTORS
330
29
102
}
330
29
100
AcDbVisualStyle
  2
Conceptual
 70
     9
177
     3
291
     0
 70
    58
 90
        3
176
     1
 90
        2
176
     1
 90
        0
176
     1
 90
        0
176
     1
 40
0.6
176
     1
 40
30.0
176
     1
 62
     7
420
 16777215
176
     1
 90
        2
176
     1
 90
        2
176
     1
 62
     7
176
     1
 62
   257
176
     1
 90
        1
176
     1
 90
        1
176
     1
 40
179.0
176
     1
 90
        8
176
     1
 62
     7
176
     1
 40
1.0
176
     1
 90
        1
176
     1
 90
        6
176
     1
 90
        2
176
     1
 62
     7
176
     1
 90
        3
176
     1
 90
        0
176
     1
 90
        0
176
     1
290
     0
176
     1
 90
        1
176
     1
 40
0.0
176
     1
 90
        0
176
     1
290
     0
176
     1
290
     1
176
     1
290
     1
176
     1
290
     0
176
     1
290
     0
176
     1
290
     0
176
     1
290
     0
176
     1
290
     0
176
     1
290
     0
176
     1
 90
       50
176
     1
 40
0.0
176
     1
 40
1.0
176
     1
 90
        0
176
     1
 62
    18
420
        0
176
     1
 90
       50
176
     1
 90
        3
176
     1
 62
     5
420
      255
176
     1
290
     0
176
     1
 90
       50
176
     1
 90
       50
176
     1
 90
       50
176
     1
290
     0
176
     1
 90
       50
176
     1
 62
   256
176
     0
 40
1.0
176
     0
 90
        2
176
     1
  1
strokes_ogs.tif
176
     1
290
     0
176
     1
 40
1.0
176
     1
 40
1.0
176
     1
1001
ACAD
1000
AcDbSavedByObjectVersion
1070
     0
  0
VISUALSTYLE
  5
34
102
{ACAD_REACTORS
330
29
102
}
330
29
100
AcDbVisualStyle
  2
Dim
 70
    11
177
     3
291
     1
 70
    58
 90
        2
176
     1
 90
        2
176
     1
 90
        0
176
     1
 90
        0
176
     1
 40
0.6
176
     1
 40
30.0
176
     1
 62
     7
420
 16777215
176
     1
 90
        1
176
     1
 90
        4
176
     1
 62
     7
176
     1
 62
   257
176
     1
 90
        1
176
     1
 90
        1
176
     1
 40
1.0
176
     1
 90
        8
176
     1
 62
     7
176
     1
 40
1.0
176
     1
 90
        1
176
     1
 90
        6
176
     1
 90
        2
176
     1
 62
     7
176
     1
 90
        5
176
     1
 90
        0
176
     1
 90
        0
176
     1
290
     0
176
     1
 90
        1
176
     1
 40
-50.0
176
     1
 90
        0
176
     1
290
     0
176
     1
290
     1
176
     1
290
     1
176
     1
290
     0
176
     1
290
     0
176
     1
290
     0
176
     1
290
     0
176
     1
290
     0
176
     1
290
     0
176
     1
 90
       50
176
     1
 40
0.0
176
     1
 40
1.0
176
     1
 90
        0
176
     1
 62
    18
420
        0
176
     1
 90
       50
176
     1
 90
        3
176
     1
 62
     5
420
      255
176
     1
290
     0
176
     1
 90
       50
176
     1
 90
       50
176
     1
 90
       50
176
     1
290
     0
176
     1
 90
       50
176
     1
 62
   256
176
     0
 40
1.0
176
     0
 90
        2
176
     1
  1
strokes_ogs.tif
176
     1
290
     0
176
     1
 40
1.0
176
     1
 40
1.0
176
     1
1001
ACAD
1000
AcDbSavedByObjectVersion
1070
     0
  0
VISUALSTYLE
  5
41
102
{ACAD_REACTORS
330
29
102
}
330
29
100
AcDbVisualStyle
  2
EdgeColorOff
 70
    22
177
     3
291
     1
 70
    58
 90
        2
176
     0
 90
        2
176
     0
 90
        0
176
     0
 90
        0
176
     0
 40
0.6
176
     0
 40
30.0
176
     0
 62
     7
420
 16777215
176
     0
 90
        1
176
     0
 90
        4
176
     0
 62
     7
176
     0
 62
   257
176
     0
 90
        1
176
     0
 90
        1
176
     0
 40
1.0
176
     0
 90
        8
176
     2
 62
     7
176
     0
 40
1.0
176
     0
 90
        1
176
     0
 90
        6
176
     0
 90
        2
176
     0
 62
     7
176
     0
 90
        5
176
     0
 90
        0
176
     0
 90
        0
176
     0
290
     0
176
     0
 90
        1
176
     0
 40
0.0
176
     0
 90
        0
176
     0
290
     0
176
     0
290
     1
176
     0
290
     1
176
     0
290
     0
176
     0
290
     0
176
     0
290
     0
176
     0
290
     0
176
     0
290
     0
176
     0
290
     0
176
     0
 90
       50
176
     0
 40
0.0
176
     0
 40
1.0
176
     0
 90
        0
176
     0
 62
    18
420
        0
176
     0
 90
       50
176
     0
 90
        3
176
     0
 62
     5
420
      255
176
     0
290
     0
176
     0
 90
       50
176
     0
 90
       50
176
     0
 90
       50
176
     0
290
     0
176
     0
 90
       50
176
     0
 62
   256
176
     0
 40
1.0
176
     0
 90
        2
176
     0
  1
strokes_ogs.tif
176
     0
290
     0
176
     0
 40
1.0
176
     0
 40
1.0
176
     0
1001
ACAD
1000
AcDbSavedByObjectVersion
1070
     0
  0
VISUALSTYLE
  5
38
102
{ACAD_REACTORS
330
29
102
}
330
29
100
AcDbVisualStyle
  2
Facepattern
 70
    15
177
     3
291
     1
 70
    58
 90
        2
176
     1
 90
        2
176
     1
 90
        0
176
     1
 90
        0
176
     1
 40
0.6
176
     1
 40
30.0
176
     1
 62
     7
420
 16777215
176
     1
 90
        1
176
     1
 90
        4
176
     1
 62
     7
176
     1
 62
   257
176
     1
 90
        1
176
     1
 90
        1
176
     1
 40
1.0
176
     1
 90
        8
176
     1
 62
     7
176
     1
 40
1.0
176
     1
 90
        1
176
     1
 90
        6
176
     1
 90
        2
176
     1
 62
     7
176
     1
 90
        5
176
     1
 90
        0
176
     1
 90
        0
176
     1
290
     0
176
     1
 90
        1
176
     1
 40
0.0
176
     1
 90
        0
176
     1
290
     0
176
     1
290
     1
176
     1
290
     1
176
     1
290
     0
176
     1
290
     0
176
     1
290
     0
176
     1
290
     0
176
     1
290
     0
176
     1
290
     0
176
     1
 90
       50
176
     1
 40
0.0
176
     1
 40
1.0
176
     1
 90
        0
176
     1
 62
    18
420
        0
176
     1
 90
       50
176
     1
 90
        3
176
     1
 62
     5
420
      255
176
     1
290
     0
176
     1
 90
       50
176
     1
 90
       50
176
     1
 90
       50
176
     1
290
     0
176
     1
 90
       50
176
     1
 62
   256
176
     0
 40
1.0
176
     0
 90
        2
176
     1
  1
strokes_ogs.tif
176
     1
290
     0
176
     1
 40
1.0
176
     1
 40
1.0
176
     1
1001
ACAD
1000
AcDbSavedByObjectVersion
1070
     0
  0
VISUALSTYLE
  5
2A
102
{ACAD_REACTORS
330
29
102
}
330
29
100
AcDbVisualStyle
  2
Flat
 70
     0
177
     3
291
     1
 70
    58
 90
        2
176
     1
 90
        1
176
     1
 90
        1
176
     1
 90
        2
176
     1
 40
0.6
176
     1
 40
30.0
176
     1
 62
     7
420
 16777215
176
     1
 90
        0
176
     1
 90
        0
176
     1
 62
     7
176
     1
 62
   257
176
     1
 90
        1
176
     1
 90
        1
176
     1
 40
1.0
176
     1
 90
        8
176
     1
 62
     7
176
     1
 40
1.0
176
     1
 90
        1
176
     1
 90
        6
176
     1
 90
        2
176
     1
 62
     7
176
     1
 90
        5
176
     1
 90
        0
176
     1
 90
        0
176
     1
290
     0
176
     1
 90
       13
176
     1
 40
0.0
176
     1
 90
        0
176
     1
290
     0
176
     1
290
     1
176
     1
290
     1
176
     1
290
     0
176
     1
290
     0
176
     1
290
     0
176
     1
290
     0
176
     1
290
     0
176
     1
290
     0
176
     1
 90
       50
176
     1
 40
0.0
176
     1
 40
1.0
176
     1
 90
        0
176
     1
 62
    18
420
        0
176
     1
 90
       50
176
     1
 90
        3
176
     1
 62
     5
420
      255
176
     1
290
     0
176
     1
 90
       50
176
     1
 90
       50
176
     1
 90
       50
176
     1
290
     0
176
     1
 90
       50
176
     1
 62
   256
176
     0
 40
1.0
176
     0
 90
        2
176
     1
  1
strokes_ogs.tif
176
     1
290
     0
176
     1
 40
1.0
176
     1
 40
1.0
176
     1
1001
ACAD
1000
AcDbSavedByObjectVersion
1070
     0
  0
VISUALSTYLE
  5
2B
102
{ACAD_REACTORS
330
29
102
}
330
29
100
AcDbVisualStyle
  2
FlatWithEdges
 70
     1
177
     3
291
     1
 70
    58
 90
        2
176
     1
 90
        1
176
     1
 90
        1
176
     1
 90
        2
176
     1
 40
0.6
176
     1
 40
30.0
176
     1
 62
     7
420
 16777215
176
     1
 90
        1
176
     1
 90
        0
176
     1
 62
     7
176
     1
 62
   257
176
     1
 90
        1
176
     1
 90
        1
176
     1
 40
1.0
176
     1
 90
        0
176
     1
 62
   257
176
     1
 40
1.0
176
     1
 90
        1
176
     1
 90
        6
176
     1
 90
        2
176
     1
 62
     7
176
     1
 90
        5
176
     1
 90
        0
176
     1
 90
        0
176
     1
290
     0
176
     1
 90
       13
176
     1
 40
0.0
176
     1
 90
        0
176
     1
290
     0
176
     1
290
     1
176
     1
290
     1
176
     1
290
     0
176
     1
290
     0
176
     1
290
     0
176
     1
290
     0
176
     1
290
     0
176
     1
290
     0
176
     1
 90
       50
176
     1
 40
0.0
176
     1
 40
1.0
176
     1
 90
        0
176
     1
 62
    18
420
        0
176
     1
 90
       50
176
     1
 90
        3
176
     1
 62
     5
420
      255
176
     1
290
     0
176
     1
 90
       50
176
     1
 90
       50
176
     1
 90
       50
176
     1
290
     0
176
     1
 90
       50
176
     1
 62
   256
176
     0
 40
1.0
176
     0
 90
        2
176
     1
  1
strokes_ogs.tif
176
     1
290
     0
176
     1
 40
1.0
176
     1
 40
1.0
176
     1
1001
ACAD
1000
AcDbSavedByObjectVersion
1070
     0
  0
VISUALSTYLE
  5
2C
102
{ACAD_REACTORS
330
29
102
}
330
29
100
AcDbVisualStyle
  2
Gouraud
 70
     2
177
     3
291
     1
 70
    58
 90
        2
176
     1
 90
        2
176
     1
 90
        1
176
     1
 90
        2
176
     1
 40
0.6
176
     1
 40
30.0
176
     1
 62
     7
420
 16777215
176
     1
 90
        0
176
     1
 90
        0
176
     1
 62
     7
176
     1
 62
   257
176
     1
 90
        1
176
     1
 90
        1
176
     1
 40
1.0
176
     1
 90
        0
176
     1
 62
     7
176
     1
 40
1.0
176
     1
 90
        1
176
     1
 90
        6
176
     1
 90
        2
176
     1
 62
     7
176
     1
 90
        5
176
     1
 90
        0
176
     1
 90
        0
176
     1
290
     0
176
     1
 90
       13
176
     1
 40
0.0
176
     1
 90
        0
176
     1
290
     0
176
     1
290
     1
176
     1
290
     1
176
     1
290
     0
176
     1
290
     0
176
     1
290
     0
176
     1
290
     0
176
     1
290
     0
176
     1
290
     0
176
     1
 90
       50
176
     1
 40
0.0
176
     1
 40
1.0
176
     1
 90
        0
176
     1
 62
    18
420
        0
176
     1
 90
       50
176
     1
 90
        3
176
     1
 62
     5
420
      255
176
     1
290
     0
176
     1
 90
       50
176
     1
 90
       50
176
     1
 90
       50
176
     1
290
     0
176
     1
 90
       50
176
     1
 62
   256
176
     0
 40
1.0
176
     0
 90
        2
176
     1
  1
strokes_ogs.tif
176
     1
290
     0
176
     1
 40
1.0
176
     1
 40
1.0
176
     1
1001
ACAD
1000
AcDbSavedByObjectVersion
1070
     0
  0
VISUALSTYLE
  5
2D
102
{ACAD_REACTORS
330
29
102
}
330
29
100
AcDbVisualStyle
  2
GouraudWithEdges
 70
     3
177
     3
291
     1
 70
    58
 90
        2
176
     1
 90
        2
176
     1
 90
        1
176
     1
 90
        2
176
     1
 40
0.6
176
     1
 40
30.0
176
     1
 62
     7
420
 16777215
176
     1
 90
        1
176
     1
 90
        0
176
     1
 62
     7
176
     1
 62
   257
176
     1
 90
        1
176
     1
 90
        1
176
     1
 40
1.0
176
     1
 90
        0
176
     1
 62
   257
176
     1
 40
1.0
176
     1
 90
        1
176
     1
 90
        6
176
     1
 90
        2
176
     1
 62
     7
176
     1
 90
        5
176
     1
 90
        0
176
     1
 90
        0
176
     1
290
     0
176
     1
 90
       13
176
     1
 40
0.0
176
     1
 90
        0
176
     1
290
     0
176
     1
290
     1
176
     1
290
     1
176
     1
290
     0
176
     1
290
     0
176
     1
290
     0
176
     1
290
     0
176
     1
290
     0
176
     1
290
     0
176
     1
 90
       50
176
     1
 40
0.0
176
     1
 40
1.0
176
     1
 90
        0
176
     1
 62
    18
420
        0
176
     1
 90
       50
176
     1
 90
        3
176
     1
 62
     5
420
      255
176
     1
290
     0
176
     1
 90
       50
176
     1
 90
       50
176
     1
 90
       50
176
     1
290
     0
176
     1
 90
       50
176
     1
 62
   256
176
     0
 40
1.0
176
     0
 90
        2
176
     1
  1
strokes_ogs.tif
176
     1
290
     0
176
     1
 40
1.0
176
     1
 40
1.0
176
     1
1001
ACAD
1000
AcDbSavedByObjectVersion
1070
     0
  0
VISUALSTYLE
  5
31
102
{ACAD_REACTORS
330
29
102
}
330
29
100
AcDbVisualStyle
  2
Hidden
 70
     6
177
     3
291
     0
 70
    58
 90
        1
176
     1
 90
        2
176
     1
 90
        2
176
     1
 90
        0
176
     1
 40
0.6
176
     1
 40
30.0
176
     1
 62
     7
420
 16777215
176
     1
 90
        2
176
     1
 90
        2
176
     1
 62
     7
176
     1
 62
   257
176
     1
 90
        2
176
     1
 90
        1
176
     1
 40
40.0
176
     1
 90
        0
176
     1
 62
   257
176
     1
 40
1.0
176
     1
 90
        1
176
     1
 90
        6
176
     1
 90
        2
176
     1
 62
     7
176
     1
 90
        3
176
     1
 90
        0
176
     1
 90
        0
176
     1
290
     0
176
     1
 90
        1
176
     1
 40
0.0
176
     1
 90
        0
176
     1
290
     0
176
     1
290
     1
176
     1
290
     1
176
     1
290
     0
176
     1
290
     0
176
     1
290
     0
176
     1
290
     0
176
     1
290
     0
176
     1
290
     0
176
     1
 90
       50
176
     1
 40
0.0
176
     1
 40
1.0
176
     1
 90
        0
176
     1
 62
    18
420
        0
176
     1
 90
       50
176
     1
 90
        3
176
     1
 62
     5
420
      255
176
     1
290
     0
176
     1
 90
       50
176
     1
 90
       50
176
     1
 90
       50
176
     1
290
     0
176
     1
 90
       50
176
     1
 62
   256
176
     0
 40
1.0
176
     0
 90
        2
176
     1
  1
strokes_ogs.tif
176
     1
290
     0
176
     1
 40
1.0
176
     1
 40
1.0
176
     1
1001
ACAD
1000
AcDbSavedByObjectVersion
1070
     0
  0
VISUALSTYLE
  5
3F
102
{ACAD_REACTORS
330
29
102
}
330
29
100
AcDbVisualStyle
  2
JitterOff
 70
    20
177
     3
291
     1
 70
    58
 90
        2
176
     0
 90
        2
176
     0
 90
        0
176
     0
 90
        0
176
     0
 40
0.6
176
     0
 40
30.0
176
     0
 62
     7
420
 16777215
176
     0
 90
        1
176
     0
 90
        4
176
     0
 62
     7
176
     0
 62
   257
176
     0
 90
        1
176
     0
 90
        1
176
     0
 40
1.0
176
     0
 90
       10
176
     2
 62
     7
176
     0
 40
1.0
176
     0
 90
        1
176
     0
 90
        6
176
     0
 90
        2
176
     0
 62
     7
176
     0
 90
        5
176
     0
 90
        0
176
     0
 90
        0
176
     0
290
     0
176
     0
 90
        1
176
     0
 40
0.0
176
     0
 90
        0
176
     0
290
     0
176
     0
290
     1
176
     0
290
     1
176
     0
290
     0
176
     0
290
     0
176
     0
290
     0
176
     0
290
     0
176
     0
290
     0
176
     0
290
     0
176
     0
 90
       50
176
     0
 40
0.0
176
     0
 40
1.0
176
     0
 90
        0
176
     0
 62
    18
420
        0
176
     0
 90
       50
176
     0
 90
        3
176
     0
 62
     5
420
      255
176
     0
290
     0
176
     0
 90
       50
176
     0
 90
       50
176
     0
 90
       50
176
     0
290
     0
176
     0
 90
       50
176
     0
 62
   256
176
     0
 40
1.0
176
     0
 90
        2
176
     0
  1
strokes_ogs.tif
176
     0
290
     0
176
     0
 40
1.0
176
     0
 40
1.0
176
     0
1001
ACAD
1000
AcDbSavedByObjectVersion
1070
     0
  0
VISUALSTYLE
  5
37
102
{ACAD_REACTORS
330
29
102
}
330
29
100
AcDbVisualStyle
  2
Linepattern
 70
    14
177
     3
291
     1
 70
    58
 90
        2
176
     1
 90
        2
176
     1
 90
        0
176
     1
 90
        0
176
     1
 40
0.6
176
     1
 40
30.0
176
     1
 62
     7
420
 16777215
176
     1
 90
        1
176
     1
 90
        4
176
     1
 62
     7
176
     1
 62
   257
176
     1
 90
        7
176
     1
 90
        7
176
     1
 40
1.0
176
     1
 90
        8
176
     1
 62
     7
176
     1
 40
1.0
176
     1
 90
        1
176
     1
 90
        6
176
     1
 90
        2
176
     1
 62
     7
176
     1
 90
        5
176
     1
 90
        0
176
     1
 90
        0
176
     1
290
     0
176
     1
 90
        1
176
     1
 40
0.0
176
     1
 90
        0
176
     1
290
     0
176
     1
290
     1
176
     1
290
     1
176
     1
290
     0
176
     1
290
     0
176
     1
290
     0
176
     1
290
     0
176
     1
290
     0
176
     1
290
     0
176
     1
 90
       50
176
     1
 40
0.0
176
     1
 40
1.0
176
     1
 90
        0
176
     1
 62
    18
420
        0
176
     1
 90
       50
176
     1
 90
        3
176
     1
 62
     5
420
      255
176
     1
290
     0
176
     1
 90
       50
176
     1
 90
       50
176
     1
 90
       50
176
     1
290
     0
176
     1
 90
       50
176
     1
 62
   256
176
     0
 40
1.0
176
     0
 90
        2
176
     1
  1
strokes_ogs.tif
176
     1
290
     0
176
     1
 40
1.0
176
     1
 40
1.0
176
     1
1001
ACAD
1000
AcDbSavedByObjectVersion
1070
     0
  0
VISUALSTYLE
  5
40
102
{ACAD_REACTORS
330
29
102
}
330
29
100
AcDbVisualStyle
  2
OverhangOff
 70
    21
177
     3
291
     1
 70
    58
 90
        2
176
     0
 90
        2
176
     0
 90
        0
176
     0
 90
        0
176
     0
 40
0.6
176
     0
 40
30.0
176
     0
 62
     7
420
 16777215
176
     0
 90
        1
176
     0
 90
        4
176
     0
 62
     7
176
     0
 62
   257
176
     0
 90
        1
176
     0
 90
        1
176
     0
 40
1.0
176
     0
 90
        9
176
     2
 62
     7
176
     0
 40
1.0
176
     0
 90
        1
176
     0
 90
        6
176
     0
 90
        2
176
     0
 62
     7
176
     0
 90
        5
176
     0
 90
        0
176
     0
 90
        0
176
     0
290
     0
176
     0
 90
        1
176
     0
 40
0.0
176
     0
 90
        0
176
     0
290
     0
176
     0
290
     1
176
     0
290
     1
176
     0
290
     0
176
     0
290
     0
176
     0
290
     0
176
     0
290
     0
176
     0
290
     0
176
     0
290
     0
176
     0
 90
       50
176
     0
 40
0.0
176
     0
 40
1.0
176
     0
 90
        0
176
     0
 62
    18
420
        0
176
     0
 90
       50
176
     0
 90
        3
176
     0
 62
     5
420
      255
176
     0
290
     0
176
     0
 90
       50
176
     0
 90
       50
176
     0
 90
       50
176
     0
290
     0
176
     0
 90
       50
176
     0
 62
   256
176
     0
 40
1.0
176
     0
 90
        2
176
     0
  1
strokes_ogs.tif
176
     0
290
     0
176
     0
 40
1.0
176
     0
 40
1.0
176
     0
1001
ACAD
1000
AcDbSavedByObjectVersion
1070
     0
  0
VISUALSTYLE
  5
33
102
{ACAD_REACTORS
330
29
102
}
330
29
100
AcDbVisualStyle
  2
Realistic
 70
     8
177
     3
291
     0
 70
    58
 90
        2
176
     1
 90
        3
176
     1
 90
        0
176
     1
 90
        2
176
     1
 40
0.6
176
     1
 40
30.0
176
     1
 62
     7
420
 16777215
176
     1
 90
        0
176
     1
 90
        0
176
     1
 62
     7
176
     1
 62
   257
176
     1
 90
        1
176
     1
 90
        1
176
     1
 40
1.0
176
     1
 90
        8
176
     1
 62
   257
176
     1
 40
1.0
176
     1
 90
        1
176
     1
 90
        6
176
     1
 90
        2
176
     1
 62
     7
176
     1
 90
        3
176
     1
 90
        0
176
     1
 90
        0
176
     1
290
     0
176
     1
 90
       13
176
     1
 40
0.0
176
     1
 90
        0
176
     1
290
     0
176
     1
290
     1
176
     1
290
     1
176
     1
290
     0
176
     1
290
     0
176
     1
290
     0
176
     1
290
     0
176
     1
290
     0
176
     1
290
     0
176
     1
 90
       50
176
     1
 40
0.0
176
     1
 40
1.0
176
     1
 90
        0
176
     1
 62
    18
420
        0
176
     1
 90
       50
176
     1
 90
        3
176
     1
 62
     5
420
      255
176
     1
290
     0
176
     1
 90
       50
176
     1
 90
       50
176
     1
 90
       50
176
     1
290
     0
176
     1
 90
       50
176
     1
 62
   256
176
     0
 40
1.0
176
     0
 90
        2
176
     1
  1
strokes_ogs.tif
176
     1
290
     0
176
     1
 40
1.0
176
     1
 40
1.0
176
     1
1001
ACAD
1000
AcDbSavedByObjectVersion
1070
     0
  0
VISUALSTYLE
  5
3E
102
{ACAD_REACTORS
330
29
102
}
330
29
100
AcDbVisualStyle
  2
Shaded
 70
    27
177
     3
291
     0
 70
    58
 90
        2
176
     1
 90
        2
176
     1
 90
        1
176
     1
 90
        2
176
     1
 40
0.6
176
     1
 40
30.0
176
     1
 62
     7
420
 16777215
176
     1
 90
        0
176
     1
 90
        4
176
     1
 62
     7
176
     1
 62
   257
176
     1
 90
        1
176
     1
 90
        1
176
     1
 40
1.0
176
     1
 90
        8
176
     1
 62
   257
176
     1
 40
1.0
176
     1
 90
        1
176
     1
 90
        6
176
     1
 90
        2
176
     1
 62
     8
420
  7895160
176
     1
 90
        3
176
     1
 90
        0
176
     1
 90
        0
176
     1
290
     0
176
     1
 90
        5
176
     1
 40
0.0
176
     1
 90
        0
176
     1
290
     0
176
     1
290
     1
176
     1
290
     1
176
     1
290
     0
176
     1
290
     0
176
     1
290
     0
176
     1
290
     0
176
     1
290
     0
176
     1
290
     0
176
     1
 90
       50
176
     1
 40
0.0
176
     1
 40
1.0
176
     1
 90
        0
176
     1
 62
    18
420
        0
176
     1
 90
       50
176
     1
 90
        3
176
     1
 62
     5
420
      255
176
     1
290
     0
176
     1
 90
       50
176
     1
 90
       50
176
     1
 90
       50
176
     1
290
     0
176
     1
 90
       50
176
     1
 62
   256
176
     0
 40
1.0
176
     0
 90
        2
176
     1
  1
strokes_ogs.tif
176
     1
290
     0
176
     1
 40
1.0
176
     1
 40
1.0
176
     1
1001
ACAD
1000
AcDbSavedByObjectVersion
1070
     0
  0
VISUALSTYLE
  5
3D
102
{ACAD_REACTORS
330
29
102
}
330
29
100
AcDbVisualStyle
  2
Shaded with edges
 70
    26
177
     3
291
     0
 70
    58
 90
        2
176
     1
 90
        2
176
     1
 90
        1
176
     1
 90
        2
176
     1
 40
0.6
176
     1
 40
30.0
176
     1
 62
     7
420
 16777215
176
     1
 90
        1
176
     1
 90
        2
176
     1
 62
     7
176
     1
 62
   257
176
     1
 90
        2
176
     1
 90
        1
176
     1
 40
1.0
176
     1
 90
        8
176
     1
 62
   257
176
     1
 40
1.0
176
     1
 90
        1
176
     1
 90
        6
176
     1
 90
        2
176
     1
 62
     7
176
     1
 90
        3
176
     1
 90
        0
176
     1
 90
        0
176
     1
290
     0
176
     1
 90
        5
176
     1
 40
0.0
176
     1
 90
        0
176
     1
290
     0
176
     1
290
     1
176
     1
290
     1
176
     1
290
     0
176
     1
290
     0
176
     1
290
     0
176
     1
290
     0
176
     1
290
     0
176
     1
290
     0
176
     1
 90
       50
176
     1
 40
0.0
176
     1
 40
1.0
176
     1
 90
        0
176
     1
 62
    18
420
        0
176
     1
 90
       50
176
     1
 90
        3
176
     1
 62
     5
420
      255
176
     1
290
     0
176
     1
 90
       50
176
     1
 90
       50
176
     1
 90
       50
176
     1
290
     0
176
     1
 90
       50
176
     1
 62
   256
176
     0
 40
1.0
176
     0
 90
        2
176
     1
  1
strokes_ogs.tif
176
     1
290
     0
176
     1
 40
1.0
176
     1
 40
1.0
176
     1
1001
ACAD
1000
AcDbSavedByObjectVersion
1070
     0
  0
VISUALSTYLE
  5
3A
102
{ACAD_REACTORS
330
29
102
}
330
29
100
AcDbVisualStyle
  2
Shades of Gray
 70
    23
177
     3
291
     0
 70
    58
 90
        2
176
     1
 90
        2
176
     1
 90
        3
176
     1
 90
        0
176
     1
 40
0.6
176
     1
 40
30.0
176
     1
 62
     7
420
 16777215
176
     1
 90
        2
176
     1
 90
        2
176
     1
 62
     7
176
     1
 62
     7
176
     1
 90
        1
176
     1
 90
        1
176
     1
 40
40.0
176
     1
 90
        8
176
     1
 62
     7
176
     1
 40
1.0
176
     1
 90
        1
176
     1
 90
        6
176
     1
 90
        2
176
     1
 62
     7
176
     1
 90
        3
176
     1
 90
        0
176
     1
 90
        0
176
     1
290
     0
176
     1
 90
        1
176
     1
 40
0.0
176
     1
 90
        0
176
     1
290
     0
176
     1
290
     1
176
     1
290
     1
176
     1
290
     0
176
     1
290
     0
176
     1
290
     0
176
     1
290
     0
176
     1
290
     0
176
     1
290
     0
176
     1
 90
       50
176
     1
 40
0.0
176
     1
 40
1.0
176
     1
 90
        0
176
     1
 62
    18
420
        0
176
     1
 90
       50
176
     1
 90
        3
176
     1
 62
     5
420
      255
176
     1
290
     0
176
     1
 90
       50
176
     1
 90
       50
176
     1
 90
       50
176
     1
290
     0
176
     1
 90
       50
176
     1
 62
   256
176
     0
 40
1.0
176
     0
 90
        2
176
     1
  1
strokes_ogs.tif
176
     1
290
     0
176
     1
 40
1.0
176
     1
 40
1.0
176
     1
1001
ACAD
1000
AcDbSavedByObjectVersion
1070
     0
  0
VISUALSTYLE
  5
3B
102
{ACAD_REACTORS
330
29
102
}
330
29
100
AcDbVisualStyle
  2
Sketchy
 70
    24
177
     3
291
     0
 70
    58
 90
        1
176
     1
 90
        2
176
     1
 90
        2
176
     1
 90
        0
176
     1
 40
0.6
176
     1
 40
30.0
176
     1
 62
     7
420
 16777215
176
     1
 90
        2
176
     1
 90
        2
176
     1
 62
     7
176
     1
 62
     7
176
     1
 90
        1
176
     1
 90
        1
176
     1
 40
40.0
176
     1
 90
       11
176
     1
 62
     7
176
     1
 40
1.0
176
     1
 90
        1
176
     1
 90
        6
176
     1
 90
        2
176
     1
 62
     7
176
     1
 90
        6
176
     1
 90
        0
176
     1
 90
        0
176
     1
290
     0
176
     1
 90
        1
176
     1
 40
0.0
176
     1
 90
        0
176
     1
290
     0
176
     1
290
     1
176
     1
290
     1
176
     1
290
     0
176
     1
290
     0
176
     1
290
     0
176
     1
290
     0
176
     1
290
     0
176
     1
290
     0
176
     1
 90
       50
176
     1
 40
0.0
176
     1
 40
1.0
176
     1
 90
        0
176
     1
 62
    18
420
        0
176
     1
 90
       50
176
     1
 90
        3
176
     1
 62
     5
420
      255
176
     1
290
     0
176
     1
 90
       50
176
     1
 90
       50
176
     1
 90
       50
176
     1
290
     0
176
     1
 90
       50
176
     1
 62
   256
176
     0
 40
1.0
176
     0
 90
        2
176
     1
  1
strokes_ogs.tif
176
     1
290
     0
176
     1
 40
1.0
176
     1
 40
1.0
176
     1
1001
ACAD
1000
AcDbSavedByObjectVersion
1070
     0
  0
VISUALSTYLE
  5
36
102
{ACAD_REACTORS
330
29
102
}
330
29
100
AcDbVisualStyle
  2
Thicken
 70
    13
177
     3
291
     1
 70
    58
 90
        2
176
     1
 90
        2
176
     1
 90
        0
176
     1
 90
        0
176
     1
 40
0.6
176
     1
 40
30.0
176
     1
 62
     7
420
 16777215
176
     1
 90
        1
176
     1
 90
        4
176
     1
 62
     7
176
     1
 62
   257
176
     1
 90
        1
176
     1
 90
        1
176
     1
 40
1.0
176
     1
 90
       12
176
     1
 62
     7
176
     1
 40
1.0
176
     1
 90
        1
176
     1
 90
        6
176
     1
 90
        2
176
     1
 62
     7
176
     1
 90
        5
176
     1
 90
        0
176
     1
 90
        0
176
     1
290
     0
176
     1
 90
        1
176
     1
 40
0.0
176
     1
 90
        0
176
     1
290
     0
176
     1
290
     1
176
     1
290
     1
176
     1
290
     0
176
     1
290
     0
176
     1
290
     0
176
     1
290
     0
176
     1
290
     0
176
     1
290
     0
176
     1
 90
       50
176
     1
 40
0.0
176
     1
 40
1.0
176
     1
 90
        0
176
     1
 62
    18
420
        0
176
     1
 90
       50
176
     1
 90
        3
176
     1
 62
     5
420
      255
176
     1
290
     0
176
     1
 90
       50
176
     1
 90
       50
176
     1
 90
       50
176
     1
290
     0
176
     1
 90
       50
176
     1
 62
   256
176
     0
 40
1.0
176
     0
 90
        2
176
     1
  1
strokes_ogs.tif
176
     1
290
     0
176
     1
 40
1.0
176
     1
 40
1.0
176
     1
1001
ACAD
1000
AcDbSavedByObjectVersion
1070
     0
  0
VISUALSTYLE
  5
30
102
{ACAD_REACTORS
330
29
102
}
330
29
100
AcDbVisualStyle
  2
Wireframe
 70
     5
177
     3
291
     0
 70
    58
 90
        0
176
     1
 90
        2
176
     1
 90
        0
176
     1
 90
        0
176
     1
 40
0.6
176
     1
 40
30.0
176
     1
 62
     7
420
 16777215
176
     1
 90
        1
176
     1
 90
        4
176
     1
 62
     7
176
     1
 62
   257
176
     1
 90
        1
176
     1
 90
        1
176
     1
 40
1.0
176
     1
 90
        0
176
     1
 62
   257
176
     1
 40
1.0
176
     1
 90
        1
176
     1
 90
        6
176
     1
 90
        2
176
     1
 62
     7
176
     1
 90
        3
176
     1
 90
        0
176
     1
 90
        0
176
     1
290
     0
176
     1
 90
        1
176
     1
 40
0.0
176
     1
 90
        0
176
     1
290
     0
176
     1
290
     1
176
     1
290
     1
176
     1
290
     0
176
     1
290
     0
176
     1
290
     0
176
     1
290
     0
176
     1
290
     0
176
     1
290
     0
176
     1
 90
       50
176
     1
 40
0.0
176
     1
 40
1.0
176
     1
 90
        0
176
     1
 62
    18
420
        0
176
     1
 90
       50
176
     1
 90
        3
176
     1
 62
     5
420
      255
176
     1
290
     0
176
     1
 90
       50
176
     1
 90
       50
176
     1
 90
       50
176
     1
290
     0
176
     1
 90
       50
176
     1
 62
   256
176
     0
 40
1.0
176
     0
 90
        2
176
     1
  1
strokes_ogs.tif
176
     1
290
     0
176
     1
 40
1.0
176
     1
 40
1.0
176
     1
1001
ACAD
1000
AcDbSavedByObjectVersion
1070
     0
  0
VISUALSTYLE
  5
3C
102
{ACAD_REACTORS
330
29
102
}
330
29
100
AcDbVisualStyle
  2
X-Ray
 70
    25
177
     3
291
     0
 70
    58
 90
        2
176
     1
 90
        2
176
     1
 90
        1
176
     1
 90
        1
176
     1
 40
0.5
176
     1
 40
30.0
176
     1
 62
     7
420
 16777215
176
     1
 90
        1
176
     1
 90
        0
176
     1
 62
     7
176
     1
 62
   257
176
     1
 90
        1
176
     1
 90
        1
176
     1
 40
1.0
176
     1
 90
        8
176
     1
 62
     7
176
     1
 40
1.0
176
     1
 90
        1
176
     1
 90
        6
176
     1
 90
        2
176
     1
 62
     7
176
     1
 90
        3
176
     1
 90
        0
176
     1
 90
        0
176
     1
290
     0
176
     1
 90
       13
176
     1
 40
0.0
176
     1
 90
        0
176
     1
290
     0
176
     1
290
     1
176
     1
290
     1
176
     1
290
     0
176
     1
290
     0
176
     1
290
     0
176
     1
290
     0
176
     1
290
     0
176
     1
290
     0
176
     1
 90
       50
176
     1
 40
0.0
176
     1
 40
1.0
176
     1
 90
        0
176
     1
 62
    18
420
        0
176
     1
 90
       50
176
     1
 90
        3
176
     1
 62
     5
420
      255
176
     1
290
     0
176
     1
 90
       50
176
     1
 90
       50
176
     1
 90
       50
176
     1
290
     0
176
     1
 90
       50
176
     1
 62
   256
176
     0
 40
1.0
176
     0
 90
        2
176
     1
  1
strokes_ogs.tif
176
     1
290
     0
176
     1
 40
1.0
176
     1
 40
1.0
176
     1
1001
ACAD
1000
AcDbSavedByObjectVersion
1070
     0
  0
DICTIONARYVAR
  5
1C69
102
{ACAD_REACTORS
330
1C64
102
}
330
1C64
100
DictionaryVariables
280
     0
  1
0
  0
DICTIONARYVAR
  5
1C6A
102
{ACAD_REACTORS
330
1C64
102
}
330
1C64
100
DictionaryVariables
280
     0
  1
1:1
  0
DICTIONARYVAR
  5
1C66
102
{ACAD_REACTORS
330
1C64
102
}
330
1C64
100
DictionaryVariables
280
     0
  1
STANDARD
  0
DICTIONARYVAR
  5
1C65
102
{ACAD_REACTORS
330
1C64
102
}
330
1C64
100
DictionaryVariables
280
     0
  1
STANDARD
  0
DICTIONARYVAR
  5
1C67
102
{ACAD_REACTORS
330
1C64
102
}
330
1C64
100
DictionaryVariables
280
     0
  1
Imperial24
  0
DICTIONARYVAR
  5
1C68
102
{ACAD_REACTORS
330
1C64
102
}
330
1C64
100
DictionaryVariables
280
     0
  1
Imperial24
  0
DICTIONARY
  5
1C70
330
6B
100
AcDbDictionary
280
     1
281
     1
  3
ACAD_XREC_ROUNDTRIP
360
1C71
  0
DICTIONARY
  5
1A
330
19
100
AcDbDictionary
280
     1
281
     1
  3
BUMPTILE
360
1C
  3
DIFFUSETILE
360
1B
  3
OPACITYTILE
360
1F
  3
REFLECTIONTILE
360
1E
  3
REFRACTIONTILE
360
20
  3
SPECULARTILE
360
1D
  0
DICTIONARY
  5
12
330
11
100
AcDbDictionary
280
     1
281
     1
  3
BUMPTILE
360
14
  3
DIFFUSETILE
360
13
  3
OPACITYTILE
360
17
  3
REFLECTIONTILE
360
16
  3
REFRACTIONTILE
360
18
  3
SPECULARTILE
360
15
  0
DICTIONARY
  5
22
330
21
100
AcDbDictionary
280
     1
281
     1
  3
BUMPTILE
360
24
  3
DIFFUSETILE
360
23
  3
OPACITYTILE
360
27
  3
REFLECTIONTILE
360
26
  3
REFRACTIONTILE
360
28
  3
SPECULARTILE
360
25
  0
DICTIONARY
  5
1C6E
330
69
100
AcDbDictionary
280
     1
281
     1
  3
ACAD_XREC_ROUNDTRIP
360
1C6F
  0
DICTIONARY
  5
1C6B
330
65
100
AcDbDictionary
280
     1
281
     1
  3
ACAD_ROUNDTRIP_2008_TABLESTYLE_CELLSTYLEMAP
360
1C6C
  0
XRECORD
  5
1C71
102
{ACAD_REACTORS
330
1C70
102
}
330
1C70
100
AcDbXrecord
280
     1
102
DISPLAYNAME
  1
Imperial24
102
FLAGS
 90
        0
  0
XRECORD
  5
1C
102
{ACAD_REACTORS
330
1A
102
}
330
1A
100
AcDbXrecord
280
     1
270
     1
271
     1
  0
XRECORD
  5
1B
102
{ACAD_REACTORS
330
1A
102
}
330
1A
100
AcDbXrecord
280
     1
270
     1
271
     1
  0
XRECORD
  5
1F
102
{ACAD_REACTORS
330
1A
102
}
330
1A
100
AcDbXrecord
280
     1
270
     1
271
     1
  0
XRECORD
  5
1E
102
{ACAD_REACTORS
330
1A
102
}
330
1A
100
AcDbXrecord
280
     1
270
     1
271
     1
  0
XRECORD
  5
20
102
{ACAD_REACTORS
330
1A
102
}
330
1A
100
AcDbXrecord
280
     1
270
     1
271
     1
  0
XRECORD
  5
1D
102
{ACAD_REACTORS
330
1A
102
}
330
1A
100
AcDbXrecord
280
     1
270
     1
271
     1
  0
XRECORD
  5
14
102
{ACAD_REACTORS
330
12
102
}
330
12
100
AcDbXrecord
280
     1
270
     1
271
     1
  0
XRECORD
  5
13
102
{ACAD_REACTORS
330
12
102
}
330
12
100
AcDbXrecord
280
     1
270
     1
271
     1
  0
XRECORD
  5
17
102
{ACAD_REACTORS
330
12
102
}
330
12
100
AcDbXrecord
280
     1
270
     1
271
     1
  0
XRECORD
  5
16
102
{ACAD_REACTORS
330
12
102
}
330
12
100
AcDbXrecord
280
     1
270
     1
271
     1
  0
XRECORD
  5
18
102
{ACAD_REACTORS
330
12
102
}
330
12
100
AcDbXrecord
280
     1
270
     1
271
     1
  0
XRECORD
  5
15
102
{ACAD_REACTORS
330
12
102
}
330
12
100
AcDbXrecord
280
     1
270
     1
271
     1
  0
XRECORD
  5
24
102
{ACAD_REACTORS
330
22
102
}
330
22
100
AcDbXrecord
280
     1
270
     1
271
     1
  0
XRECORD
  5
23
102
{ACAD_REACTORS
330
22
102
}
330
22
100
AcDbXrecord
280
     1
270
     1
271
     1
  0
XRECORD
  5
27
102
{ACAD_REACTORS
330
22
102
}
330
22
100
AcDbXrecord
280
     1
270
     1
271
     1
  0
XRECORD
  5
26
102
{ACAD_REACTORS
330
22
102
}
330
22
100
AcDbXrecord
280
     1
270
     1
271
     1
  0
XRECORD
  5
28
102
{ACAD_REACTORS
330
22
102
}
330
22
100
AcDbXrecord
280
     1
270
     1
271
     1
  0
XRECORD
  5
25
102
{ACAD_REACTORS
330
22
102
}
330
22
100
AcDbXrecord
280
     1
270
     1
271
     1
  0
XRECORD
  5
1C6F
102
{ACAD_REACTORS
330
1C6E
102
}
330
1C6E
100
AcDbXrecord
280
     1
102
DISPLAYNAME
  1
Imperial24
102
FLAGS
 90
        0
  0
CELLSTYLEMAP
  5
1C6C
102
{ACAD_REACTORS
330
1C6B
102
}
330
1C6B
100
AcDbCellStyleMap
 90
        3
300
CELLSTYLE
  1
TABLEFORMAT_BEGIN
 90
        5
170
     1
 91
        0
 92
    32768
 62
   257
 93
        1
300
CONTENTFORMAT
  1
CONTENTFORMAT_BEGIN
 90
        0
 91
        0
 92
      512
 93
        0
300

 40
0.0
140
1.0
 94
        5
 62
     0
340
55
144
0.25
309
CONTENTFORMAT_END
171
     1
301
MARGIN
  1
CELLMARGIN_BEGIN
 40
1.5
 40
1.5
 40
1.5
 40
1.5
 40
0.18
 40
0.18
309
CELLMARGIN_END
 94
        0
309
TABLEFORMAT_END
  1
CELLSTYLE_BEGIN
 90
        1
 91
        1
300
_TITLE
309
CELLSTYLE_END
300
CELLSTYLE
  1
TABLEFORMAT_BEGIN
 90
        5
170
     1
 91
        0
 92
        0
 62
   257
 93
        1
300
CONTENTFORMAT
  1
CONTENTFORMAT_BEGIN
 90
        0
 91
        0
 92
      512
 93
        0
300

 40
0.0
140
1.0
 94
        5
 62
     0
340
55
144
0.18
309
CONTENTFORMAT_END
171
     1
301
MARGIN
  1
CELLMARGIN_BEGIN
 40
1.5
 40
1.5
 40
1.5
 40
1.5
 40
0.18
 40
0.18
309
CELLMARGIN_END
 94
        0
309
TABLEFORMAT_END
  1
CELLSTYLE_BEGIN
 90
        2
 91
        1
300
_HEADER
309
CELLSTYLE_END
300
CELLSTYLE
  1
TABLEFORMAT_BEGIN
 90
        5
170
     1
 91
        0
 92
        0
 62
   257
 93
        1
300
CONTENTFORMAT
  1
CONTENTFORMAT_BEGIN
 90
        0
 91
        0
 92
      512
 93
        0
300

 40
0.0
140
1.0
 94
        2
 62
     0
340
55
144
0.18
309
CONTENTFORMAT_END
171
     1
301
MARGIN
  1
CELLMARGIN_BEGIN
 40
1.5
 40
1.5
 40
1.5
 40
1.5
 40
0.18
 40
0.18
309
CELLMARGIN_END
 94
        0
309
TABLEFORMAT_END
  1
CELLSTYLE_BEGIN
 90
        3
 91
        2
300
_DATA
309
CELLSTYLE_END
  0
ENDSEC
  0
EOF
