  0
SECTION
  2
HEADER
  9
$ACADVER
  1
AC1027
  9
$ACADMAINTVER
 70
   125
  9
$DWGCODEPAGE
  3
ANSI_1252
  9
$LASTSAVEDBY
  1
kaley
  9
$REQUIREDVERSIONS
160
                 0
  9
$INSBASE
 10
0.0
 20
0.0
 30
0.0
  9
$EXTMIN
 10
0.0
 20
0.0
 30
0.0
  9
$EXTMAX
 10
1500.0
 20
1600.0
 30
0.0
  9
$LIMMIN
 10
0.0
 20
0.0
  9
$LIMMAX
 10
1500.0
 20
1600.0
  9
$ORTHOMODE
 70
     0
  9
$REGENMODE
 70
     1
  9
$FILLMODE
 70
     1
  9
$QTEXTMODE
 70
     0
  9
$MIRRTEXT
 70
     0
  9
$LTSCALE
 40
0.75
  9
$ATTMODE
 70
     1
  9
$TEXTSIZE
 40
3.5
  9
$TRACEWID
 40
1.0
  9
$TEXTSTYLE
  7
Standard
  9
$CLAYER
  8
0
  9
$CELTYPE
  6
ByLayer
  9
$CECOLOR
 62
   256
  9
$CELTSCALE
 40
1.0
  9
$DISPSILH
 70
     0
  9
$DIMSCALE
 40
1.0
  9
$DIMASZ
 40
3.5
  9
$DIMEXO
 40
2.1
  9
$DIMDLI
 40
10.5
  9
$DIMRND
 40
0.0
  9
$DIMDLE
 40
0.0
  9
$DIMEXE
 40
2.1
  9
$DIMTP
 40
0.1
  9
$DIMTM
 40
0.1
  9
$DIMTXT
 40
3.5
  9
$DIMCEN
 40
0.0
  9
$DIMTSZ
 40
0.0
  9
$DIMTOL
 70
     0
  9
$DIMLIM
 70
     0
  9
$DIMTIH
 70
     0
  9
$DIMTOH
 70
     0
  9
$DIMSE1
 70
     0
  9
$DIMSE2
 70
     0
  9
$DIMTAD
 70
     1
  9
$DIMZIN
 70
    12
  9
$DIMBLK
  1

  9
$DIMASO
 70
     1
  9
$DIMSHO
 70
     1
  9
$DIMPOST
  1

  9
$DIMAPOST
  1

  9
$DIMALT
 70
     0
  9
$DIMALTD
 70
     2
  9
$DIMALTF
 40
0.03937
  9
$DIMLFAC
 40
1.0
  9
$DIMTOFL
 70
     1
  9
$DIMTVP
 40
0.0
  9
$DIMTIX
 70
     0
  9
$DIMSOXD
 70
     0
  9
$DIMSAH
 70
     0
  9
$DIMBLK1
  1

  9
$DIMBLK2
  1

  9
$DIMSTYLE
  2
Dim-ISO-25
  9
$DIMCLRD
 70
     0
  9
$DIMCLRE
 70
     0
  9
$DIMCLRT
 70
     0
  9
$DIMTFAC
 40
0.714286
  9
$DIMGAP
 40
1.4
  9
$DIMJUST
 70
     0
  9
$DIMSD1
 70
     0
  9
$DIMSD2
 70
     0
  9
$DIMTOLJ
 70
     0
  9
$DIMTZIN
 70
    12
  9
$DIMALTZ
 70
    12
  9
$DIMALTTZ
 70
    12
  9
$DIMUPT
 70
     0
  9
$DIMDEC
 70
     2
  9
$DIMTDEC
 70
     2
  9
$DIMALTU
 70
     2
  9
$DIMALTTD
 70
     2
  9
$DIMTXSTY
  7
Standard
  9
$DIMAUNIT
 70
     0
  9
$DIMADEC
 70
     2
  9
$DIMALTRND
 40
0.0
  9
$DIMAZIN
 70
     3
  9
$DIMDSEP
 70
    46
  9
$DIMATFIT
 70
     3
  9
$DIMFRAC
 70
     0
  9
$DIMLDRBLK
  1

  9
$DIMLUNIT
 70
     2
  9
$DIMLWD
 70
    -2
  9
$DIMLWE
 70
    -2
  9
$DIMTMOVE
 70
     0
  9
$DIMFXL
 40
1.0
  9
$DIMFXLON
 70
     0
  9
$DIMJOGANG
 40
0.785398
  9
$DIMTFILL
 70
     0
  9
$DIMTFILLCLR
 70
     0
  9
$DIMARCSYM
 70
     0
  9
$DIMLTYPE
  6

  9
$DIMLTEX1
  6

  9
$DIMLTEX2
  6

  9
$DIMTXTDIRECTION
 70
     0
  9
$LUNITS
 70
     2
  9
$LUPREC
 70
     4
  9
$SKETCHINC
 40
1.0
  9
$FILLETRAD
 40
0.0
  9
$AUNITS
 70
     0
  9
$AUPREC
 70
     0
  9
$MENU
  1
.
  9
$ELEVATION
 40
0.0
  9
$PELEVATION
 40
0.0
  9
$THICKNESS
 40
0.0
  9
$LIMCHECK
 70
     0
  9
$CHAMFERA
 40
0.0
  9
$CHAMFERB
 40
0.0
  9
$CHAMFERC
 40
0.0
  9
$CHAMFERD
 40
0.0
  9
$SKPOLY
 70
     0
  9
$TDCREATE
 40
2461179.544826389
  9
$TDUCREATE
 40
2461179.461493055
  9
$TDUPDATE
 40
2461179.544826389
  9
$TDUUPDATE
 40
2461179.461493055
  9
$TDINDWG
 40
0.0000000000
  9
$TDUSRTIMER
 40
0.0000000000
  9
$USRTIMER
 70
     1
  9
$ANGBASE
 50
0.0
  9
$ANGDIR
 70
     0
  9
$PDMODE
 70
     0
  9
$PDSIZE
 40
0.0
  9
$PLINEWID
 40
0.0
  9
$SPLFRAME
 70
     0
  9
$SPLINETYPE
 70
     6
  9
$SPLINESEGS
 70
     8
  9
$HANDSEED
  5
1D89
  9
$SURFTAB1
 70
     6
  9
$SURFTAB2
 70
     6
  9
$SURFTYPE
 70
     6
  9
$SURFU
 70
     6
  9
$SURFV
 70
     6
  9
$UCSBASE
  2

  9
$UCSNAME
  2

  9
$UCSORG
 10
0.0
 20
0.0
 30
0.0
  9
$UCSXDIR
 10
1.0
 20
0.0
 30
0.0
  9
$UCSYDIR
 10
0.0
 20
1.0
 30
0.0
  9
$UCSORTHOREF
  2

  9
$UCSORTHOVIEW
 70
     0
  9
$UCSORGTOP
 10
0.0
 20
0.0
 30
0.0
  9
$UCSORGBOTTOM
 10
0.0
 20
0.0
 30
0.0
  9
$UCSORGLEFT
 10
0.0
 20
0.0
 30
0.0
  9
$UCSORGRIGHT
 10
0.0
 20
0.0
 30
0.0
  9
$UCSORGFRONT
 10
0.0
 20
0.0
 30
0.0
  9
$UCSORGBACK
 10
0.0
 20
0.0
 30
0.0
  9
$PUCSBASE
  2

  9
$PUCSNAME
  2

  9
$PUCSORG
 10
0.0
 20
0.0
 30
0.0
  9
$PUCSXDIR
 10
1.0
 20
0.0
 30
0.0
  9
$PUCSYDIR
 10
0.0
 20
1.0
 30
0.0
  9
$PUCSORTHOREF
  2

  9
$PUCSORTHOVIEW
 70
     0
  9
$PUCSORGTOP
 10
0.0
 20
0.0
 30
0.0
  9
$PUCSORGBOTTOM
 10
0.0
 20
0.0
 30
0.0
  9
$PUCSORGLEFT
 10
0.0
 20
0.0
 30
0.0
  9
$PUCSORGRIGHT
 10
0.0
 20
0.0
 30
0.0
  9
$PUCSORGFRONT
 10
0.0
 20
0.0
 30
0.0
  9
$PUCSORGBACK
 10
0.0
 20
0.0
 30
0.0
  9
$USERI1
 70
     0
  9
$USERI2
 70
     0
  9
$USERI3
 70
     0
  9
$USERI4
 70
     0
  9
$USERI5
 70
     0
  9
$USERR1
 40
0.0
  9
$USERR2
 40
0.0
  9
$USERR3
 40
0.0
  9
$USERR4
 40
0.0
  9
$USERR5
 40
0.0
  9
$WORLDVIEW
 70
     1
  9
$SHADEDGE
 70
     3
  9
$SHADEDIF
 70
    70
  9
$TILEMODE
 70
     1
  9
$MAXACTVP
 70
    64
  9
$PINSBASE
 10
0.0
 20
0.0
 30
0.0
  9
$PLIMCHECK
 70
     0
  9
$PEXTMIN
 10
1.000000E+20
 20
1.000000E+20
 30
1.000000E+20
  9
$PEXTMAX
 10
-1.000000E+20
 20
-1.000000E+20
 30
-1.000000E+20
  9
$PLIMMIN
 10
0.0
 20
0.0
  9
$PLIMMAX
 10
12.0
 20
9.0
  9
$UNITMODE
 70
     0
  9
$VISRETAIN
 70
     1
  9
$PLINEGEN
 70
     0
  9
$PSLTSCALE
 70
     1
  9
$TREEDEPTH
 70
  3020
  9
$CMLSTYLE
  2
Standard
  9
$CMLJUST
 70
     0
  9
$CMLSCALE
 40
20.0
  9
$PROXYGRAPHICS
 70
     1
  9
$MEASUREMENT
 70
     1
  9
$CELWEIGHT
370
    -1
  9
$ENDCAPS
280
     0
  9
$JOINSTYLE
280
     0
  9
$LWDISPLAY
290
     0
  9
$INSUNITS
 70
     4
  9
$HYPERLINKBASE
  1

  9
$STYLESHEET
  1

  9
$XEDIT
290
     1
  9
$CEPSNTYPE
380
     0
  9
$PSTYLEMODE
290
     1
  9
$FINGERPRINTGUID
  2
{5849600D-8D72-C343-8F89-11DC0CB8F47B}
  9
$VERSIONGUID
  2
{5C61F797-DB0B-5044-A73C-C20DC5072842}
  9
$EXTNAMES
290
     1
  9
$PSVPSCALE
 40
0.0
  9
$OLESTARTUP
290
     0
  9
$SORTENTS
280
   127
  9
$INDEXCTL
280
     0
  9
$HIDETEXT
280
     1
  9
$XCLIPFRAME
280
     0
  9
$HALOGAP
280
     0
  9
$OBSCOLOR
 70
   257
  9
$OBSLTYPE
280
     0
  9
$INTERSECTIONDISPLAY
280
     0
  9
$INTERSECTIONCOLOR
 70
   257
  9
$DIMASSOC
280
     2
  9
$PROJECTNAME
  1

  9
$CAMERADISPLAY
290
     0
  9
$LENSLENGTH
 40
50.0
  9
$CAMERAHEIGHT
 40
0.0
  9
$STEPSPERSEC
 40
2.0
  9
$STEPSIZE
 40
6.0
  9
$3DDWFPREC
 40
2.0
  9
$PSOLWIDTH
 40
5.0
  9
$PSOLHEIGHT
 40
80.0
  9
$LOFTANG1
 40
1.570796
  9
$LOFTANG2
 40
1.570796
  9
$LOFTMAG1
 40
0.0
  9
$LOFTMAG2
 40
0.0
  9
$LOFTPARAM
 70
     7
  9
$LOFTNORMALS
280
     1
  9
$LATITUDE
 40
37.795
  9
$LONGITUDE
 40
-122.394
  9
$NORTHDIRECTION
 40
0.0
  9
$TIMEZONE
 70
 -8000
  9
$LIGHTGLYPHDISPLAY
280
     1
  9
$TILEMODELIGHTSYNCH
280
     1
  9
$CMATERIAL
347
11
  9
$SOLIDHIST
280
     0
  9
$SHOWHIST
280
     1
  9
$DWFFRAME
280
     2
  9
$DGNFRAME
280
     0
  9
$REALWORLDSCALE
290
     1
  9
$INTERFERECOLOR
 62
     1
  9
$INTERFEREOBJVS
345
33
  9
$INTERFEREVPVS
346
30
  9
$CSHADOW
280
     0
  9
$SHADOWPLANELOCATION
 40
0.0
  0
ENDSEC
  0
SECTION
  2
CLASSES
  0
CLASS
  1
ACDBDICTIONARYWDFLT
  2
AcDbDictionaryWithDefault
  3
ObjectDBX Classes
 90
        0
 91
        1
280
     0
281
     0
  0
CLASS
  1
MATERIAL
  2
AcDbMaterial
  3
ObjectDBX Classes
 90
     1153
 91
        3
280
     0
281
     0
  0
CLASS
  1
VISUALSTYLE
  2
AcDbVisualStyle
  3
ObjectDBX Classes
 90
     4095
 91
       24
280
     0
281
     0
  0
CLASS
  1
SCALE
  2
AcDbScale
  3
ObjectDBX Classes
 90
     1153
 91
       17
280
     0
281
     0
  0
CLASS
  1
TABLESTYLE
  2
AcDbTableStyle
  3
ObjectDBX Classes
 90
     4095
 91
        1
280
     0
281
     0
  0
CLASS
  1
MLEADERSTYLE
  2
AcDbMLeaderStyle
  3
ACDB_MLEADERSTYLE_CLASS
 90
     4095
 91
        1
280
     0
281
     0
  0
CLASS
  1
ACDBSECTIONVIEWSTYLE
  2
AcDbSectionViewStyle
  3
ObjectDBX Classes
 90
     1025
 91
        1
280
     0
281
     0
  0
CLASS
  1
ACDBDETAILVIEWSTYLE
  2
AcDbDetailViewStyle
  3
ObjectDBX Classes
 90
     1025
 91
        1
280
     0
281
     0
  0
CLASS
  1
ACMESCOPE
  2
AcMeScope
  3
AcMeServices
 90
     1024
 91
        1
280
     0
281
     0
  0
CLASS
  1
ACMECOMMANDHISTORY
  2
AcMeCommandHistory
  3
AcMeServices
 90
     1024
 91
        1
280
     0
281
     0
  0
CLASS
  1
ACIMSYSVARMAN
  2
AcImSysVarManager
  3
AcMeServices
 90
     1024
 91
        1
280
     0
281
     0
  0
CLASS
  1
ACIMINTSYSVAR
  2
AcImIntSysVar
  3
AcMeServices
 90
     1024
 91
        1
280
     0
281
     0
  0
CLASS
  1
ACMESTATEMGR
  2
AcMeStateMgr
  3
AcMeServices
 90
     1024
 91
        1
280
     0
281
     0
  0
CLASS
  1
ACGREFMASTER
  2
AcGrefMaster
  3
AcAttribServices
 90
     1024
 91
        1
280
     0
281
     0
  0
CLASS
  1
SORTENTSTABLE
  2
AcDbSortentsTable
  3
ObjectDBX Classes
 90
        0
 91
        1
280
     0
281
     0
  0
CLASS
  1
DICTIONARYVAR
  2
AcDbDictionaryVar
  3
ObjectDBX Classes
 90
        0
 91
        6
280
     0
281
     0
  0
CLASS
  1
CELLSTYLEMAP
  2
AcDbCellStyleMap
  3
ObjectDBX Classes
 90
     1152
 91
        1
280
     0
281
     0
  0
ENDSEC
  0
SECTION
  2
TABLES
  0
TABLE
  2
VPORT
  5
8
330
0
100
AcDbSymbolTable
 70
     1
1001
ACAD
1000
DbSaveVer
1071
      428
  0
VPORT
  5
57
330
8
100
AcDbSymbolTableRecord
100
AcDbViewportTableRecord
  2
*Active
 70
     0
 10
0.0
 20
0.0
 11
1.0
 21
1.0
 12
750.0
 22
800.0
 13
0.0
 23
0.0
 14
0.5
 24
0.5
 15
0.0
 25
0.0
 16
0.0
 26
0.0
 36
1.0
 17
0.0
 27
0.0
 37
0.0
 40
1600.0
 41
1.823204
 42
50.0
 43
0.0
 44
0.0
 50
0.0
 51
0.0
 71
     0
 72
 20000
 73
     1
 74
     0
 75
     0
 76
     0
 77
     0
 78
     0
281
     0
 65
     1
110
0.0
120
0.0
130
0.0
111
1.0
121
0.0
131
0.0
112
0.0
122
1.0
132
0.0
 79
     0
146
0.0
348
2F
 60
     3
 61
     5
292
     1
282
     1
141
0.0
142
0.0
 63
   250
421
  3355443
  0
ENDTAB
  0
TABLE
  2
LTYPE
  5
5
330
0
100
AcDbSymbolTable
 70
    15
  0
LTYPE
  5
5B
330
5
100
AcDbSymbolTableRecord
100
AcDbLinetypeTableRecord
  2
ByBlock
 70
     0
  3

 72
    65
 73
     0
 40
0.0
  0
LTYPE
  5
5C
330
5
100
AcDbSymbolTableRecord
100
AcDbLinetypeTableRecord
  2
ByLayer
 70
     0
  3

 72
    65
 73
     0
 40
0.0
  0
LTYPE
  5
5D
330
5
100
AcDbSymbolTableRecord
100
AcDbLinetypeTableRecord
  2
Continuous
 70
     0
  3
Solid line
 72
    65
 73
     0
 40
0.0
  0
LTYPE
  5
80
330
5
100
AcDbSymbolTableRecord
100
AcDbLinetypeTableRecord
  2
HIDDEN
 70
     0
  3
Hidden __ __ __ __ __ __ __ __ __ __ __ __ __ _
 72
    65
 73
     2
 40
9.525
 49
6.35
 74
     0
 49
-3.175
 74
     0
  0
LTYPE
  5
81
330
5
100
AcDbSymbolTableRecord
100
AcDbLinetypeTableRecord
  2
PHANTOM2
 70
     0
  3
Phantom (.5x) ___ _ _ ___ _ _ ___ _ _ ___ _ _
 72
    65
 73
     6
 40
31.75
 49
15.875
 74
     0
 49
-3.175
 74
     0
 49
3.175
 74
     0
 49
-3.175
 74
     0
 49
3.175
 74
     0
 49
-3.175
 74
     0
  0
LTYPE
  5
82
330
5
100
AcDbSymbolTableRecord
100
AcDbLinetypeTableRecord
  2
CENTER
 70
     0
  3
Center ____ _ ____ _ ____ _ ____ _ ____ _ ____
 72
    65
 73
     4
 40
50.8
 49
31.75
 74
     0
 49
-6.35
 74
     0
 49
6.35
 74
     0
 49
-6.35
 74
     0
  0
LTYPE
  5
93
330
5
100
AcDbSymbolTableRecord
100
AcDbLinetypeTableRecord
  2
CENTER2
 70
     0
  3
Center (.5x) ___ _ ___ _ ___ _ ___ _ ___ _ ___
 72
    65
 73
     4
 40
28.575
 49
19.05
 74
     0
 49
-3.175
 74
     0
 49
3.175
 74
     0
 49
-3.175
 74
     0
  0
LTYPE
  5
94
330
5
100
AcDbSymbolTableRecord
100
AcDbLinetypeTableRecord
  2
AM_ISO02W050
 70
     0
  3
__ __ __ __ __ __ __ __ __ __ __ __ __ __ __
 72
    65
 73
     2
 40
7.5
 49
6.0
 74
     0
 49
-1.5
 74
     0
  0
LTYPE
  5
95
330
5
100
AcDbSymbolTableRecord
100
AcDbLinetypeTableRecord
  2
AM_ISO08W050
 70
     0
  3
____ . ____ . ____ . ____ . ____ . ____ . ____
 72
    65
 73
     4
 40
18.0
 49
12.0
 74
     0
 49
-1.5
 74
     0
 49
3.0
 74
     0
 49
-1.5
 74
     0
  0
LTYPE
  5
96
330
5
100
AcDbSymbolTableRecord
100
AcDbLinetypeTableRecord
  2
AM_ISO09W050
 70
     0
  3
_____ . . _____ . . _____ . . ____ .. ____
 72
    65
 73
     6
 40
22.5
 49
12.0
 74
     0
 49
-1.5
 74
     0
 49
3.0
 74
     0
 49
-1.5
 74
     0
 49
3.0
 74
     0
 49
-1.5
 74
     0
  0
LTYPE
  5
97
330
5
100
AcDbSymbolTableRecord
100
AcDbLinetypeTableRecord
  2
Amconstr
 70
     0
  3
_______________________
 72
    65
 73
     2
 40
9999.0
 49
9999.0
 74
     0
 49
0.0
 74
     0
  0
LTYPE
  5
98
330
5
100
AcDbSymbolTableRecord
100
AcDbLinetypeTableRecord
  2
AM_ISO08W050x2
 70
     0
  3
__ . __ . __ . __ . __ . __
 72
    65
 73
     4
 40
9.0
 49
6.0
 74
     0
 49
-0.75
 74
     0
 49
1.5
 74
     0
 49
-0.75
 74
     0
  0
LTYPE
  5
99
330
5
100
AcDbSymbolTableRecord
100
AcDbLinetypeTableRecord
  2
AM_ISO02W050x2
 70
     0
  3
 _ _ _ _ _ _ _ _ _ _ _ _
 72
    65
 73
     2
 40
3.75
 49
3.0
 74
     0
 49
-0.75
 74
     0
  0
LTYPE
  5
9A
330
5
100
AcDbSymbolTableRecord
100
AcDbLinetypeTableRecord
  2
Amzigzag
 70
     0
  3
/\/-/\/-/\/-/\/-/\/-/\/
 72
    65
 73
     2
 40
11.0001
 49
0.0001
 74
     4
 75
   136
340
90
 46
0.04
 50
0.0
 44
0.0
 45
0.0
 49
-11.0
 74
     0
  0
LTYPE
  5
9B
330
5
100
AcDbSymbolTableRecord
100
AcDbLinetypeTableRecord
  2
ACISOWELD
 70
     0
  3
_ _ _ _ _
 72
    65
 73
     2
 40
2.0
 49
2.0
 74
     0
 49
-1.0
 74
     0
  0
LTYPE
  5
9C
330
5
100
AcDbSymbolTableRecord
100
AcDbLinetypeTableRecord
  2
ACISOTGL
 70
     0
  3
_ _ _ _ _
 72
    65
 73
     2
 40
3.0
 49
2.0
 74
     0
 49
-1.0
 74
     0
  0
LTYPE
  5
9D
330
5
100
AcDbSymbolTableRecord
100
AcDbLinetypeTableRecord
  2
ACISOTGB
 70
     0
  3
__ . . __ . .
 72
    65
 73
     6
 40
9.0
 49
4.0
 74
     0
 49
-1.0
 74
     0
 49
1.0
 74
     0
 49
-1.0
 74
     0
 49
1.0
 74
     0
 49
-1.0
 74
     0
  0
ENDTAB
  0
TABLE
  2
LAYER
  5
2
330
0
100
AcDbSymbolTable
 70
     5
  0
LAYER
  5
54
330
2
100
AcDbSymbolTableRecord
100
AcDbLayerTableRecord
  2
0
 70
     0
 62
     7
  6
Continuous
370
    -3
390
F
347
21
348
0
1001
AcAecLayerStandard
1000

1000

  0
LAYER
  5
A9
330
2
100
AcDbSymbolTableRecord
100
AcDbLayerTableRecord
  2
Visible
 70
     0
 62
     7
  6
Continuous
370
    35
390
F
347
21
348
0
  0
LAYER
  5
E89
330
2
100
AcDbSymbolTableRecord
100
AcDbLayerTableRecord
  2
BORDER
 70
     0
 62
     7
  6
Continuous
370
    18
390
F
347
21
348
0
1001
AcAecLayerStandard
1000

1000

1001
AcCmTransparency
1071
        0
  0
LAYER
  5
EB6
330
2
100
AcDbSymbolTableRecord
100
AcDbLayerTableRecord
  2
Smart Centers
 70
     0
 62
     7
  6
CENTER2
370
    18
390
F
347
21
348
0
  0
ENDTAB
  0
TABLE
  2
STYLE
  5
3
330
0
100
AcDbSymbolTable
 70
     4
  0
STYLE
  5
55
330
3
100
AcDbSymbolTableRecord
100
AcDbTextStyleTableRecord
  2
Standard
 70
     0
 40
0.0
 41
1.0
 50
0.0
 71
     0
 42
3.5
  3
arial.ttf
  4

1001
ACAD
1000
Arial
1071
       34
  0
STYLE
  5
5A
330
3
100
AcDbSymbolTableRecord
100
AcDbTextStyleTableRecord
  2
Annotative
 70
     0
 40
0.0
 41
1.0
 50
0.0
 71
     0
 42
0.2
  3
txt
  4

1001
AcadAnnotative
1000
AnnotativeData
1002
{
1070
     1
1070
     1
1002
}
  0
STYLE
  5
90
330
3
100
AcDbSymbolTableRecord
100
AcDbTextStyleTableRecord
  2

 70
     1
 40
0.0
 41
1.0
 50
0.0
 71
     0
 42
10.0
  3
genltshp.shx
  4

  0
STYLE
  5
91
330
3
100
AcDbSymbolTableRecord
100
AcDbTextStyleTableRecord
  2
ACISOGDT
 70
     0
 40
0.0
 41
1.0
 50
0.0
 71
     0
 42
10.0
  3
amgdt.shx
  4

  0
ENDTAB
  0
TABLE
  2
VIEW
  5
6
330
0
100
AcDbSymbolTable
 70
     0
  0
ENDTAB
  0
TABLE
  2
UCS
  5
7
330
0
100
AcDbSymbolTable
 70
     0
  0
ENDTAB
  0
TABLE
  2
APPID
  5
9
330
0
100
AcDbSymbolTable
 70
    18
  0
APPID
  5
56
330
9
100
AcDbSymbolTableRecord
100
AcDbRegAppTableRecord
  2
ACAD
 70
     0
  0
APPID
  5
5E
330
9
100
AcDbSymbolTableRecord
100
AcDbRegAppTableRecord
  2
AcadAnnotative
 70
     0
  0
APPID
  5
78
330
9
100
AcDbSymbolTableRecord
100
AcDbRegAppTableRecord
  2
ACAD_PSEXT
 70
     0
  0
APPID
  5
79
330
9
100
AcDbSymbolTableRecord
100
AcDbRegAppTableRecord
  2
MCAD_NO_VIS
 70
     0
  0
APPID
  5
7A
330
9
100
AcDbSymbolTableRecord
100
AcDbRegAppTableRecord
  2
ACAD_TEMP_GRAPHIC
 70
     0
  0
APPID
  5
83
330
9
100
AcDbSymbolTableRecord
100
AcDbRegAppTableRecord
  2
ACAD_DSTYLE_DIMJAG
 70
     0
  0
APPID
  5
84
330
9
100
AcDbSymbolTableRecord
100
AcDbRegAppTableRecord
  2
ACAD_DSTYLE_DIMTALN
 70
     0
  0
APPID
  5
85
330
9
100
AcDbSymbolTableRecord
100
AcDbRegAppTableRecord
  2
ACAD_NAV_VCDISPLAY
 70
     0
  0
APPID
  5
86
330
9
100
AcDbSymbolTableRecord
100
AcDbRegAppTableRecord
  2
AcAecLayerStandard
 70
     0
  0
APPID
  5
87
330
9
100
AcDbSymbolTableRecord
100
AcDbRegAppTableRecord
  2
AcCmTransparency
 70
     0
  0
APPID
  5
88
330
9
100
AcDbSymbolTableRecord
100
AcDbRegAppTableRecord
  2
ACAD_DSTYLE_DIMBREAK
 70
     0
  0
APPID
  5
89
330
9
100
AcDbSymbolTableRecord
100
AcDbRegAppTableRecord
  2
FUSIONCURRENTBORDER
 70
     0
  0
APPID
  5
8A
330
9
100
AcDbSymbolTableRecord
100
AcDbRegAppTableRecord
  2
FUSIONCURRENTTITLEBLOCK
 70
     0
  0
APPID
  5
8B
330
9
100
AcDbSymbolTableRecord
100
AcDbRegAppTableRecord
  2
AcSynergy
 70
     0
  0
APPID
  5
8C
330
9
100
AcDbSymbolTableRecord
100
AcDbRegAppTableRecord
  2
GENIUS_GENSCREG_15
 70
     0
  0
APPID
  5
8D
330
9
100
AcDbSymbolTableRecord
100
AcDbRegAppTableRecord
  2
GENIUS_GENOBJ-N-SDF_13
 70
     0
  0
APPID
  5
8E
330
9
100
AcDbSymbolTableRecord
100
AcDbRegAppTableRecord
  2
GENIUS_GENODEF_13
 70
     0
  0
APPID
  5
8F
330
9
100
AcDbSymbolTableRecord
100
AcDbRegAppTableRecord
  2
ACATTRIBSERVICES
 70
     0
  0
ENDTAB
  0
TABLE
  2
DIMSTYLE
  5
A
330
0
100
AcDbSymbolTable
 70
     4
100
AcDbDimStyleTable
 71
     1
340
A1
  0
DIMSTYLE
105
58
330
A
100
AcDbSymbolTableRecord
100
AcDbDimStyleTableRecord
  2
Standard
 70
     0
 41
3.5
 42
2.1
 43
10.5
 44
2.1
 78
    12
 79
     3
140
3.5
143
0.03937
146
0.714286
147
1.4
179
     2
271
     2
272
     2
284
    12
340
55
  0
DIMSTYLE
105
59
330
A
100
AcDbSymbolTableRecord
100
AcDbDimStyleTableRecord
  2
Annotative
 70
     0
 40
0.0
 41
3.5
 42
2.1
 43
10.5
 44
2.1
 73
     0
 74
     0
 77
     1
 78
    12
 79
     3
140
3.5
141
2.5
143
0.03937
146
0.714286
147
1.4
171
     3
172
     1
179
     2
271
     2
272
     2
274
     3
278
    44
283
     0
284
    12
340
55
1001
AcadAnnotative
1000
AnnotativeData
1002
{
1070
     1
1070
     1
1002
}
  0
DIMSTYLE
105
A0
330
A
100
AcDbSymbolTableRecord
100
AcDbDimStyleTableRecord
  2
ISO-25
 70
     0
  4
in
 41
3.5
 42
2.1
 43
10.5
 44
2.1
 47
0.1
 48
0.1
 73
     0
 74
     0
 77
     1
 78
    12
 79
     3
140
3.5
141
0.0
143
0.03937
146
0.714286
147
1.4
171
     4
172
     1
176
   256
177
   256
178
   256
179
     2
271
     2
272
     2
274
     4
283
     0
284
    12
285
     8
340
55
1001
ACAD_DSTYLE_DIMJAG
1070
   388
1040
1.5
1001
ACAD_DSTYLE_DIMTALN
1070
   392
1070
     1
1001
ACAD_DSTYLE_DIMBREAK
1070
   391
1040
3.5
  0
DIMSTYLE
105
A1
330
A
100
AcDbSymbolTableRecord
100
AcDbDimStyleTableRecord
  2
Dim-ISO-25
 70
     0
 41
3.5
 42
2.1
 43
10.5
 44
2.1
 47
0.1
 48
0.1
 73
     0
 74
     0
 77
     1
 78
    12
 79
     3
140
3.5
141
0.0
143
0.03937
146
0.714286
147
1.4
172
     1
179
     2
271
     2
272
     2
283
     0
284
    12
285
    12
286
    12
340
55
1001
ACAD_DSTYLE_DIMJAG
1070
   388
1040
1.5
1001
ACAD_DSTYLE_DIMTALN
1070
   392
1070
     1
1001
ACAD_DSTYLE_DIMBREAK
1070
   391
1040
3.5
  0
ENDTAB
  0
TABLE
  2
BLOCK_RECORD
  5
1
330
0
100
AcDbSymbolTable
 70
    26
  0
BLOCK_RECORD
  5
70
102
{ACAD_XDICTIONARY
360
A2
102
}
330
1
100
AcDbSymbolTableRecord
100
AcDbBlockTableRecord
  2
*Model_Space
340
73
 70
     0
280
     1
281
     0
  0
BLOCK_RECORD
  5
6C
330
1
100
AcDbSymbolTableRecord
100
AcDbBlockTableRecord
  2
*Paper_Space
340
6F
 70
     0
280
     1
281
     0
  0
BLOCK_RECORD
  5
74
330
1
100
AcDbSymbolTableRecord
100
AcDbBlockTableRecord
  2
*Paper_Space0
340
77
 70
     0
280
     1
281
     0
  0
BLOCK_RECORD
  5
E8A
330
1
100
AcDbSymbolTableRecord
100
AcDbBlockTableRecord
  2
Custom1500.000000x1600.000000x4x4
340
0
102
{BLKREFS
331
E88
102
}
 70
     4
280
     1
281
     0
  0
BLOCK_RECORD
  5
EB7
330
1
100
AcDbSymbolTableRecord
100
AcDbBlockTableRecord
  2
*U3
340
0
102
{BLKREFS
331
EB5
102
}
 70
     0
280
     1
281
     0
  0
BLOCK_RECORD
  5
EC1
330
1
100
AcDbSymbolTableRecord
100
AcDbBlockTableRecord
  2
*U4
340
0
102
{BLKREFS
331
EC0
102
}
 70
     0
280
     1
281
     0
  0
BLOCK_RECORD
  5
ECB
330
1
100
AcDbSymbolTableRecord
100
AcDbBlockTableRecord
  2
*U5
340
0
102
{BLKREFS
331
ECA
102
}
 70
     0
280
     1
281
     0
  0
BLOCK_RECORD
  5
ED5
330
1
100
AcDbSymbolTableRecord
100
AcDbBlockTableRecord
  2
*U6
340
0
102
{BLKREFS
331
ED4
102
}
 70
     0
280
     1
281
     0
  0
BLOCK_RECORD
  5
EDF
330
1
100
AcDbSymbolTableRecord
100
AcDbBlockTableRecord
  2
*U7
340
0
102
{BLKREFS
331
EDE
102
}
 70
     0
280
     1
281
     0
  0
BLOCK_RECORD
  5
EE9
330
1
100
AcDbSymbolTableRecord
100
AcDbBlockTableRecord
  2
*U8
340
0
102
{BLKREFS
331
EE8
102
}
 70
     0
280
     1
281
     0
  0
BLOCK_RECORD
  5
EF3
330
1
100
AcDbSymbolTableRecord
100
AcDbBlockTableRecord
  2
*U9
340
0
102
{BLKREFS
331
EF2
102
}
 70
     0
280
     1
281
     0
  0
BLOCK_RECORD
  5
EFD
330
1
100
AcDbSymbolTableRecord
100
AcDbBlockTableRecord
  2
*U10
340
0
102
{BLKREFS
331
EFC
102
}
 70
     0
280
     1
281
     0
  0
BLOCK_RECORD
  5
F07
330
1
100
AcDbSymbolTableRecord
100
AcDbBlockTableRecord
  2
*U11
340
0
102
{BLKREFS
331
F06
102
}
 70
     0
280
     1
281
     0
  0
BLOCK_RECORD
  5
F11
330
1
100
AcDbSymbolTableRecord
100
AcDbBlockTableRecord
  2
*U12
340
0
102
{BLKREFS
331
F10
102
}
 70
     0
280
     1
281
     0
  0
BLOCK_RECORD
  5
F1B
330
1
100
AcDbSymbolTableRecord
100
AcDbBlockTableRecord
  2
*U13
340
0
102
{BLKREFS
331
F1A
102
}
 70
     0
280
     1
281
     0
  0
BLOCK_RECORD
  5
F25
330
1
100
AcDbSymbolTableRecord
100
AcDbBlockTableRecord
  2
*U14
340
0
102
{BLKREFS
331
F24
102
}
 70
     0
280
     1
281
     0
  0
BLOCK_RECORD
  5
F2F
330
1
100
AcDbSymbolTableRecord
100
AcDbBlockTableRecord
  2
*U15
340
0
102
{BLKREFS
331
F2E
102
}
 70
     0
280
     1
281
     0
  0
BLOCK_RECORD
  5
F39
330
1
100
AcDbSymbolTableRecord
100
AcDbBlockTableRecord
  2
*U16
340
0
102
{BLKREFS
331
F38
102
}
 70
     0
280
     1
281
     0
  0
BLOCK_RECORD
  5
F43
330
1
100
AcDbSymbolTableRecord
100
AcDbBlockTableRecord
  2
*U17
340
0
102
{BLKREFS
331
F42
102
}
 70
     0
280
     1
281
     0
  0
BLOCK_RECORD
  5
F4D
330
1
100
AcDbSymbolTableRecord
100
AcDbBlockTableRecord
  2
*U18
340
0
102
{BLKREFS
331
F4C
102
}
 70
     0
280
     1
281
     0
  0
BLOCK_RECORD
  5
F57
330
1
100
AcDbSymbolTableRecord
100
AcDbBlockTableRecord
  2
*U19
340
0
102
{BLKREFS
331
F56
102
}
 70
     0
280
     1
281
     0
  0
BLOCK_RECORD
  5
F61
330
1
100
AcDbSymbolTableRecord
100
AcDbBlockTableRecord
  2
*U20
340
0
102
{BLKREFS
331
F60
102
}
 70
     0
280
     1
281
     0
  0
BLOCK_RECORD
  5
F6B
330
1
100
AcDbSymbolTableRecord
100
AcDbBlockTableRecord
  2
*U21
340
0
102
{BLKREFS
331
F6A
102
}
 70
     0
280
     1
281
     0
  0
BLOCK_RECORD
  5
F75
330
1
100
AcDbSymbolTableRecord
100
AcDbBlockTableRecord
  2
*U22
340
0
102
{BLKREFS
331
F74
102
}
 70
     0
280
     1
281
     0
  0
BLOCK_RECORD
  5
F7F
330
1
100
AcDbSymbolTableRecord
100
AcDbBlockTableRecord
  2
*U23
340
0
102
{BLKREFS
331
F7E
102
}
 70
     0
280
     1
281
     0
  0
BLOCK_RECORD
  5
F89
330
1
100
AcDbSymbolTableRecord
100
AcDbBlockTableRecord
  2
*U24
340
0
102
{BLKREFS
331
F88
102
}
 70
     0
280
     1
281
     0
  0
BLOCK_RECORD
  5
F93
330
1
100
AcDbSymbolTableRecord
100
AcDbBlockTableRecord
  2
*U25
340
0
102
{BLKREFS
331
F92
102
}
 70
     0
280
     1
281
     0
  0
ENDTAB
  0
ENDSEC
  0
SECTION
  2
BLOCKS
  0
BLOCK
  5
71
330
70
100
AcDbEntity
  8
0
100
AcDbBlockBegin
  2
*Model_Space
 70
     0
 10
0.0
 20
0.0
 30
0.0
  3
*Model_Space
  1

  0
ENDBLK
  5
72
330
70
100
AcDbEntity
  8
0
100
AcDbBlockEnd
  0
BLOCK
  5
6D
330
6C
100
AcDbEntity
 67
     1
  8
0
100
AcDbBlockBegin
  2
*Paper_Space
 70
     0
 10
0.0
 20
0.0
 30
0.0
  3
*Paper_Space
  1

  0
ENDBLK
  5
6E
330
6C
100
AcDbEntity
 67
     1
  8
0
100
AcDbBlockEnd
  0
BLOCK
  5
75
330
74
100
AcDbEntity
 67
     1
  8
0
100
AcDbBlockBegin
  2
*Paper_Space0
 70
     0
 10
0.0
 20
0.0
 30
0.0
  3
*Paper_Space0
  1

  0
ENDBLK
  5
76
330
74
100
AcDbEntity
 67
     1
  8
0
100
AcDbBlockEnd
  0
BLOCK
  5
E8B
330
E8A
100
AcDbEntity
  8
0
100
AcDbBlockBegin
  2
Custom1500.000000x1600.000000x4x4
 70
     0
 10
0.0
 20
0.0
 30
0.0
  3
Custom1500.000000x1600.000000x4x4
  1

  0
LINE
  5
E8C
330
E8A
100
AcDbEntity
  8
0
100
AcDbLine
 10
0.0
 20
0.0
 30
0.0
 11
0.0
 21
15.0
 31
0.0
  0
LINE
  5
E8D
330
E8A
100
AcDbEntity
  8
0
100
AcDbLine
 10
0.0
 20
0.0
 30
0.0
 11
15.0
 21
0.0
 31
0.0
  0
LINE
  5
E8E
330
E8A
100
AcDbEntity
  8
0
100
AcDbLine
 10
1500.0
 20
0.0
 30
0.0
 11
1500.0
 21
15.0
 31
0.0
  0
LINE
  5
E8F
330
E8A
100
AcDbEntity
  8
0
100
AcDbLine
 10
1500.0
 20
0.0
 30
0.0
 11
1485.0
 21
0.0
 31
0.0
  0
LINE
  5
E90
330
E8A
100
AcDbEntity
  8
0
100
AcDbLine
 10
1500.0
 20
1600.0
 30
0.0
 11
1500.0
 21
1585.0
 31
0.0
  0
LINE
  5
E91
330
E8A
100
AcDbEntity
  8
0
100
AcDbLine
 10
1500.0
 20
1600.0
 30
0.0
 11
1485.0
 21
1600.0
 31
0.0
  0
LINE
  5
E92
330
E8A
100
AcDbEntity
  8
0
100
AcDbLine
 10
0.0
 20
1600.0
 30
0.0
 11
0.0
 21
1585.0
 31
0.0
  0
LINE
  5
E93
330
E8A
100
AcDbEntity
  8
0
100
AcDbLine
 10
0.0
 20
1600.0
 30
0.0
 11
15.0
 21
1600.0
 31
0.0
  0
LINE
  5
E94
330
E8A
100
AcDbEntity
  8
0
100
AcDbLine
 10
20.0
 20
10.0
 30
0.0
 11
20.0
 21
1590.0
 31
0.0
  0
LINE
  5
E95
330
E8A
100
AcDbEntity
  8
0
100
AcDbLine
 10
20.0
 20
1590.0
 30
0.0
 11
1490.0
 21
1590.0
 31
0.0
  0
LINE
  5
E96
330
E8A
100
AcDbEntity
  8
0
100
AcDbLine
 10
1490.0
 20
1590.0
 30
0.0
 11
1490.0
 21
10.0
 31
0.0
  0
LINE
  5
E97
330
E8A
100
AcDbEntity
  8
0
100
AcDbLine
 10
1490.0
 20
10.0
 30
0.0
 11
20.0
 21
10.0
 31
0.0
  0
LINE
  5
E98
330
E8A
100
AcDbEntity
  8
0
100
AcDbLine
 10
387.5
 20
1590.0
 30
0.0
 11
387.5
 21
1595.0
 31
0.0
  0
MTEXT
  5
E99
330
E8A
100
AcDbEntity
  8
0
100
AcDbMText
 10
203.75
 20
1595.0
 30
0.0
 40
2.5
 41
0.0
 46
0.0
 71
     1
 72
     5
  1
1
 73
     1
 44
1.0
  0
LINE
  5
E9A
330
E8A
100
AcDbEntity
  8
0
100
AcDbLine
 10
755.0
 20
1585.0
 30
0.0
 11
755.0
 21
1595.0
 31
0.0
  0
MTEXT
  5
E9B
330
E8A
100
AcDbEntity
  8
0
100
AcDbMText
 10
571.25
 20
1595.0
 30
0.0
 40
2.5
 41
0.0
 46
0.0
 71
     1
 72
     5
  1
2
 73
     1
 44
1.0
  0
LINE
  5
E9C
330
E8A
100
AcDbEntity
  8
0
100
AcDbLine
 10
1122.5
 20
1590.0
 30
0.0
 11
1122.5
 21
1595.0
 31
0.0
  0
MTEXT
  5
E9D
330
E8A
100
AcDbEntity
  8
0
100
AcDbMText
 10
938.75
 20
1595.0
 30
0.0
 40
2.5
 41
0.0
 46
0.0
 71
     1
 72
     5
  1
3
 73
     1
 44
1.0
  0
MTEXT
  5
E9E
330
E8A
100
AcDbEntity
  8
0
100
AcDbMText
 10
1306.25
 20
1595.0
 30
0.0
 40
2.5
 41
0.0
 46
0.0
 71
     1
 72
     5
  1
4
 73
     1
 44
1.0
  0
LINE
  5
E9F
330
E8A
100
AcDbEntity
  8
0
100
AcDbLine
 10
387.5
 20
10.0
 30
0.0
 11
387.5
 21
5.0
 31
0.0
  0
MTEXT
  5
EA0
330
E8A
100
AcDbEntity
  8
0
100
AcDbMText
 10
203.75
 20
7.5
 30
0.0
 40
2.5
 41
0.0
 46
0.0
 71
     1
 72
     5
  1
1
 73
     1
 44
1.0
  0
LINE
  5
EA1
330
E8A
100
AcDbEntity
  8
0
100
AcDbLine
 10
755.0
 20
15.0
 30
0.0
 11
755.0
 21
5.0
 31
0.0
  0
MTEXT
  5
EA2
330
E8A
100
AcDbEntity
  8
0
100
AcDbMText
 10
571.25
 20
7.5
 30
0.0
 40
2.5
 41
0.0
 46
0.0
 71
     1
 72
     5
  1
2
 73
     1
 44
1.0
  0
LINE
  5
EA3
330
E8A
100
AcDbEntity
  8
0
100
AcDbLine
 10
1122.5
 20
10.0
 30
0.0
 11
1122.5
 21
5.0
 31
0.0
  0
MTEXT
  5
EA4
330
E8A
100
AcDbEntity
  8
0
100
AcDbMText
 10
938.75
 20
7.5
 30
0.0
 40
2.5
 41
0.0
 46
0.0
 71
     1
 72
     5
  1
3
 73
     1
 44
1.0
  0
MTEXT
  5
EA5
330
E8A
100
AcDbEntity
  8
0
100
AcDbMText
 10
1306.25
 20
7.5
 30
0.0
 40
2.5
 41
0.0
 46
0.0
 71
     1
 72
     5
  1
4
 73
     1
 44
1.0
  0
LINE
  5
EA6
330
E8A
100
AcDbEntity
  8
0
100
AcDbLine
 10
20.0
 20
1195.0
 30
0.0
 11
15.0
 21
1195.0
 31
0.0
  0
MTEXT
  5
EA7
330
E8A
100
AcDbEntity
  8
0
100
AcDbMText
 10
15.0
 20
1392.5
 30
0.0
 40
2.5
 41
0.0
 46
0.0
 71
     1
 72
     5
  1
A
 73
     1
 44
1.0
  0
LINE
  5
EA8
330
E8A
100
AcDbEntity
  8
0
100
AcDbLine
 10
25.0
 20
800.0
 30
0.0
 11
15.0
 21
800.0
 31
0.0
  0
MTEXT
  5
EA9
330
E8A
100
AcDbEntity
  8
0
100
AcDbMText
 10
15.0
 20
997.5
 30
0.0
 40
2.5
 41
0.0
 46
0.0
 71
     1
 72
     5
  1
B
 73
     1
 44
1.0
  0
LINE
  5
EAA
330
E8A
100
AcDbEntity
  8
0
100
AcDbLine
 10
20.0
 20
405.0
 30
0.0
 11
15.0
 21
405.0
 31
0.0
  0
MTEXT
  5
EAB
330
E8A
100
AcDbEntity
  8
0
100
AcDbMText
 10
15.0
 20
602.5
 30
0.0
 40
2.5
 41
0.0
 46
0.0
 71
     1
 72
     5
  1
C
 73
     1
 44
1.0
  0
MTEXT
  5
EAC
330
E8A
100
AcDbEntity
  8
0
100
AcDbMText
 10
15.0
 20
207.5
 30
0.0
 40
2.5
 41
0.0
 46
0.0
 71
     1
 72
     5
  1
D
 73
     1
 44
1.0
  0
LINE
  5
EAD
330
E8A
100
AcDbEntity
  8
0
100
AcDbLine
 10
1490.0
 20
1195.0
 30
0.0
 11
1495.0
 21
1195.0
 31
0.0
  0
MTEXT
  5
EAE
330
E8A
100
AcDbEntity
  8
0
100
AcDbMText
 10
1492.5
 20
1392.5
 30
0.0
 40
2.5
 41
0.0
 46
0.0
 71
     1
 72
     5
  1
A
 73
     1
 44
1.0
  0
LINE
  5
EAF
330
E8A
100
AcDbEntity
  8
0
100
AcDbLine
 10
1485.0
 20
800.0
 30
0.0
 11
1495.0
 21
800.0
 31
0.0
  0
MTEXT
  5
EB0
330
E8A
100
AcDbEntity
  8
0
100
AcDbMText
 10
1492.5
 20
997.5
 30
0.0
 40
2.5
 41
0.0
 46
0.0
 71
     1
 72
     5
  1
B
 73
     1
 44
1.0
  0
LINE
  5
EB1
330
E8A
100
AcDbEntity
  8
0
100
AcDbLine
 10
1490.0
 20
405.0
 30
0.0
 11
1495.0
 21
405.0
 31
0.0
  0
MTEXT
  5
EB2
330
E8A
100
AcDbEntity
  8
0
100
AcDbMText
 10
1492.5
 20
602.5
 30
0.0
 40
2.5
 41
0.0
 46
0.0
 71
     1
 72
     5
  1
C
 73
     1
 44
1.0
  0
MTEXT
  5
EB3
330
E8A
100
AcDbEntity
  8
0
100
AcDbMText
 10
1492.5
 20
207.5
 30
0.0
 40
2.5
 41
0.0
 46
0.0
 71
     1
 72
     5
  1
D
 73
     1
 44
1.0
  0
ENDBLK
  5
EB4
330
E8A
100
AcDbEntity
  8
0
100
AcDbBlockEnd
  0
BLOCK
  5
EB8
330
EB7
100
AcDbEntity
  8
0
100
AcDbBlockBegin
  2
*U3
 70
     1
 10
0.0
 20
0.0
 30
0.0
  3
*U3
  1

  0
LINE
  5
EB9
330
EB7
100
AcDbEntity
  8
Smart Centers
  6
Continuous
 62
     0
440
 16777216
 48
0.75
100
AcDbLine
 10
-0.892969
 20
0.0
 30
0.0
 11
0.892969
 21
0.0
 31
0.0
  0
LINE
  5
EBA
330
EB7
100
AcDbEntity
  8
Smart Centers
  6
Continuous
 62
     0
440
 16777216
 48
0.75
100
AcDbLine
 10
0.0
 20
-0.892969
 30
0.0
 11
0.0
 21
0.892969
 31
0.0
  0
LINE
  5
EBB
330
EB7
100
AcDbEntity
  8
Smart Centers
 62
     0
440
 16777216
 48
0.75
100
AcDbLine
 10
-24.5
 20
0.0
 30
0.0
 11
-2.678906
 21
0.0
 31
0.0
  0
LINE
  5
EBC
330
EB7
100
AcDbEntity
  8
Smart Centers
 62
     0
440
 16777216
 48
0.75
100
AcDbLine
 10
2.678906
 20
0.0
 30
0.0
 11
24.5
 21
0.0
 31
0.0
  0
LINE
  5
EBD
330
EB7
100
AcDbEntity
  8
Smart Centers
 62
     0
440
 16777216
 48
0.75
100
AcDbLine
 10
0.0
 20
-24.5
 30
0.0
 11
0.0
 21
-2.678906
 31
0.0
  0
LINE
  5
EBE
330
EB7
100
AcDbEntity
  8
Smart Centers
 62
     0
440
 16777216
 48
0.75
100
AcDbLine
 10
0.0
 20
2.678906
 30
0.0
 11
0.0
 21
24.5
 31
0.0
  0
ENDBLK
  5
EBF
330
EB7
100
AcDbEntity
  8
0
100
AcDbBlockEnd
  0
BLOCK
  5
EC2
330
EC1
100
AcDbEntity
  8
0
100
AcDbBlockBegin
  2
*U4
 70
     1
 10
0.0
 20
0.0
 30
0.0
  3
*U4
  1

  0
LINE
  5
EC3
330
EC1
100
AcDbEntity
  8
Smart Centers
  6
Continuous
 62
     0
440
 16777216
 48
0.75
100
AcDbLine
 10
-0.892969
 20
0.0
 30
0.0
 11
0.892969
 21
0.0
 31
0.0
  0
LINE
  5
EC4
330
EC1
100
AcDbEntity
  8
Smart Centers
  6
Continuous
 62
     0
440
 16777216
 48
0.75
100
AcDbLine
 10
0.0
 20
-0.892969
 30
0.0
 11
0.0
 21
0.892969
 31
0.0
  0
LINE
  5
EC5
330
EC1
100
AcDbEntity
  8
Smart Centers
 62
     0
440
 16777216
 48
0.75
100
AcDbLine
 10
-6.0
 20
0.0
 30
0.0
 11
-2.678906
 21
0.0
 31
0.0
  0
LINE
  5
EC6
330
EC1
100
AcDbEntity
  8
Smart Centers
 62
     0
440
 16777216
 48
0.75
100
AcDbLine
 10
2.678906
 20
0.0
 30
0.0
 11
6.0
 21
0.0
 31
0.0
  0
LINE
  5
EC7
330
EC1
100
AcDbEntity
  8
Smart Centers
 62
     0
440
 16777216
 48
0.75
100
AcDbLine
 10
0.0
 20
-6.0
 30
0.0
 11
0.0
 21
-2.678906
 31
0.0
  0
LINE
  5
EC8
330
EC1
100
AcDbEntity
  8
Smart Centers
 62
     0
440
 16777216
 48
0.75
100
AcDbLine
 10
0.0
 20
2.678906
 30
0.0
 11
0.0
 21
6.0
 31
0.0
  0
ENDBLK
  5
EC9
330
EC1
100
AcDbEntity
  8
0
100
AcDbBlockEnd
  0
BLOCK
  5
ECC
330
ECB
100
AcDbEntity
  8
0
100
AcDbBlockBegin
  2
*U5
 70
     1
 10
0.0
 20
0.0
 30
0.0
  3
*U5
  1

  0
LINE
  5
ECD
330
ECB
100
AcDbEntity
  8
Smart Centers
  6
Continuous
 62
     0
440
 16777216
 48
0.75
100
AcDbLine
 10
-0.892969
 20
0.0
 30
0.0
 11
0.892969
 21
0.0
 31
0.0
  0
LINE
  5
ECE
330
ECB
100
AcDbEntity
  8
Smart Centers
  6
Continuous
 62
     0
440
 16777216
 48
0.75
100
AcDbLine
 10
0.0
 20
-0.892969
 30
0.0
 11
0.0
 21
0.892969
 31
0.0
  0
LINE
  5
ECF
330
ECB
100
AcDbEntity
  8
Smart Centers
 62
     0
440
 16777216
 48
0.75
100
AcDbLine
 10
-6.0
 20
0.0
 30
0.0
 11
-2.678906
 21
0.0
 31
0.0
  0
LINE
  5
ED0
330
ECB
100
AcDbEntity
  8
Smart Centers
 62
     0
440
 16777216
 48
0.75
100
AcDbLine
 10
2.678906
 20
0.0
 30
0.0
 11
6.0
 21
0.0
 31
0.0
  0
LINE
  5
ED1
330
ECB
100
AcDbEntity
  8
Smart Centers
 62
     0
440
 16777216
 48
0.75
100
AcDbLine
 10
0.0
 20
-6.0
 30
0.0
 11
0.0
 21
-2.678906
 31
0.0
  0
LINE
  5
ED2
330
ECB
100
AcDbEntity
  8
Smart Centers
 62
     0
440
 16777216
 48
0.75
100
AcDbLine
 10
0.0
 20
2.678906
 30
0.0
 11
0.0
 21
6.0
 31
0.0
  0
ENDBLK
  5
ED3
330
ECB
100
AcDbEntity
  8
0
100
AcDbBlockEnd
  0
BLOCK
  5
ED6
330
ED5
100
AcDbEntity
  8
0
100
AcDbBlockBegin
  2
*U6
 70
     1
 10
0.0
 20
0.0
 30
0.0
  3
*U6
  1

  0
LINE
  5
ED7
330
ED5
100
AcDbEntity
  8
Smart Centers
  6
Continuous
 62
     0
440
 16777216
 48
0.75
100
AcDbLine
 10
-0.892969
 20
0.0
 30
0.0
 11
0.892969
 21
0.0
 31
0.0
  0
LINE
  5
ED8
330
ED5
100
AcDbEntity
  8
Smart Centers
  6
Continuous
 62
     0
440
 16777216
 48
0.75
100
AcDbLine
 10
0.0
 20
-0.892969
 30
0.0
 11
0.0
 21
0.892969
 31
0.0
  0
LINE
  5
ED9
330
ED5
100
AcDbEntity
  8
Smart Centers
 62
     0
440
 16777216
 48
0.75
100
AcDbLine
 10
-6.0
 20
0.0
 30
0.0
 11
-2.678906
 21
0.0
 31
0.0
  0
LINE
  5
EDA
330
ED5
100
AcDbEntity
  8
Smart Centers
 62
     0
440
 16777216
 48
0.75
100
AcDbLine
 10
2.678906
 20
0.0
 30
0.0
 11
6.0
 21
0.0
 31
0.0
  0
LINE
  5
EDB
330
ED5
100
AcDbEntity
  8
Smart Centers
 62
     0
440
 16777216
 48
0.75
100
AcDbLine
 10
0.0
 20
-6.0
 30
0.0
 11
0.0
 21
-2.678906
 31
0.0
  0
LINE
  5
EDC
330
ED5
100
AcDbEntity
  8
Smart Centers
 62
     0
440
 16777216
 48
0.75
100
AcDbLine
 10
0.0
 20
2.678906
 30
0.0
 11
0.0
 21
6.0
 31
0.0
  0
ENDBLK
  5
EDD
330
ED5
100
AcDbEntity
  8
0
100
AcDbBlockEnd
  0
BLOCK
  5
EE0
330
EDF
100
AcDbEntity
  8
0
100
AcDbBlockBegin
  2
*U7
 70
     1
 10
0.0
 20
0.0
 30
0.0
  3
*U7
  1

  0
LINE
  5
EE1
330
EDF
100
AcDbEntity
  8
Smart Centers
  6
Continuous
 62
     0
440
 16777216
 48
0.75
100
AcDbLine
 10
-0.892969
 20
0.0
 30
0.0
 11
0.892969
 21
0.0
 31
0.0
  0
LINE
  5
EE2
330
EDF
100
AcDbEntity
  8
Smart Centers
  6
Continuous
 62
     0
440
 16777216
 48
0.75
100
AcDbLine
 10
0.0
 20
-0.892969
 30
0.0
 11
0.0
 21
0.892969
 31
0.0
  0
LINE
  5
EE3
330
EDF
100
AcDbEntity
  8
Smart Centers
 62
     0
440
 16777216
 48
0.75
100
AcDbLine
 10
-5.5
 20
0.0
 30
0.0
 11
-2.678906
 21
0.0
 31
0.0
  0
LINE
  5
EE4
330
EDF
100
AcDbEntity
  8
Smart Centers
 62
     0
440
 16777216
 48
0.75
100
AcDbLine
 10
2.678906
 20
0.0
 30
0.0
 11
5.5
 21
0.0
 31
0.0
  0
LINE
  5
EE5
330
EDF
100
AcDbEntity
  8
Smart Centers
 62
     0
440
 16777216
 48
0.75
100
AcDbLine
 10
0.0
 20
-5.5
 30
0.0
 11
0.0
 21
-2.678906
 31
0.0
  0
LINE
  5
EE6
330
EDF
100
AcDbEntity
  8
Smart Centers
 62
     0
440
 16777216
 48
0.75
100
AcDbLine
 10
0.0
 20
2.678906
 30
0.0
 11
0.0
 21
5.5
 31
0.0
  0
ENDBLK
  5
EE7
330
EDF
100
AcDbEntity
  8
0
100
AcDbBlockEnd
  0
BLOCK
  5
EEA
330
EE9
100
AcDbEntity
  8
0
100
AcDbBlockBegin
  2
*U8
 70
     1
 10
0.0
 20
0.0
 30
0.0
  3
*U8
  1

  0
LINE
  5
EEB
330
EE9
100
AcDbEntity
  8
Smart Centers
  6
Continuous
 62
     0
440
 16777216
 48
0.75
100
AcDbLine
 10
-0.892969
 20
0.0
 30
0.0
 11
0.892969
 21
0.0
 31
0.0
  0
LINE
  5
EEC
330
EE9
100
AcDbEntity
  8
Smart Centers
  6
Continuous
 62
     0
440
 16777216
 48
0.75
100
AcDbLine
 10
0.0
 20
-0.892969
 30
0.0
 11
0.0
 21
0.892969
 31
0.0
  0
LINE
  5
EED
330
EE9
100
AcDbEntity
  8
Smart Centers
 62
     0
440
 16777216
 48
0.75
100
AcDbLine
 10
-5.5
 20
0.0
 30
0.0
 11
-2.678906
 21
0.0
 31
0.0
  0
LINE
  5
EEE
330
EE9
100
AcDbEntity
  8
Smart Centers
 62
     0
440
 16777216
 48
0.75
100
AcDbLine
 10
2.678906
 20
0.0
 30
0.0
 11
5.5
 21
0.0
 31
0.0
  0
LINE
  5
EEF
330
EE9
100
AcDbEntity
  8
Smart Centers
 62
     0
440
 16777216
 48
0.75
100
AcDbLine
 10
0.0
 20
-5.5
 30
0.0
 11
0.0
 21
-2.678906
 31
0.0
  0
LINE
  5
EF0
330
EE9
100
AcDbEntity
  8
Smart Centers
 62
     0
440
 16777216
 48
0.75
100
AcDbLine
 10
0.0
 20
2.678906
 30
0.0
 11
0.0
 21
5.5
 31
0.0
  0
ENDBLK
  5
EF1
330
EE9
100
AcDbEntity
  8
0
100
AcDbBlockEnd
  0
BLOCK
  5
EF4
330
EF3
100
AcDbEntity
  8
0
100
AcDbBlockBegin
  2
*U9
 70
     1
 10
0.0
 20
0.0
 30
0.0
  3
*U9
  1

  0
LINE
  5
EF5
330
EF3
100
AcDbEntity
  8
Smart Centers
  6
Continuous
 62
     0
440
 16777216
 48
0.75
100
AcDbLine
 10
-0.892969
 20
0.0
 30
0.0
 11
0.892969
 21
0.0
 31
0.0
  0
LINE
  5
EF6
330
EF3
100
AcDbEntity
  8
Smart Centers
  6
Continuous
 62
     0
440
 16777216
 48
0.75
100
AcDbLine
 10
0.0
 20
-0.892969
 30
0.0
 11
0.0
 21
0.892969
 31
0.0
  0
LINE
  5
EF7
330
EF3
100
AcDbEntity
  8
Smart Centers
 62
     0
440
 16777216
 48
0.75
100
AcDbLine
 10
-6.0
 20
0.0
 30
0.0
 11
-2.678906
 21
0.0
 31
0.0
  0
LINE
  5
EF8
330
EF3
100
AcDbEntity
  8
Smart Centers
 62
     0
440
 16777216
 48
0.75
100
AcDbLine
 10
2.678906
 20
0.0
 30
0.0
 11
6.0
 21
0.0
 31
0.0
  0
LINE
  5
EF9
330
EF3
100
AcDbEntity
  8
Smart Centers
 62
     0
440
 16777216
 48
0.75
100
AcDbLine
 10
0.0
 20
-6.0
 30
0.0
 11
0.0
 21
-2.678906
 31
0.0
  0
LINE
  5
EFA
330
EF3
100
AcDbEntity
  8
Smart Centers
 62
     0
440
 16777216
 48
0.75
100
AcDbLine
 10
0.0
 20
2.678906
 30
0.0
 11
0.0
 21
6.0
 31
0.0
  0
ENDBLK
  5
EFB
330
EF3
100
AcDbEntity
  8
0
100
AcDbBlockEnd
  0
BLOCK
  5
EFE
330
EFD
100
AcDbEntity
  8
0
100
AcDbBlockBegin
  2
*U10
 70
     1
 10
0.0
 20
0.0
 30
0.0
  3
*U10
  1

  0
LINE
  5
EFF
330
EFD
100
AcDbEntity
  8
Smart Centers
  6
Continuous
 62
     0
440
 16777216
 48
0.75
100
AcDbLine
 10
-0.892969
 20
0.0
 30
0.0
 11
0.892969
 21
0.0
 31
0.0
  0
LINE
  5
F00
330
EFD
100
AcDbEntity
  8
Smart Centers
  6
Continuous
 62
     0
440
 16777216
 48
0.75
100
AcDbLine
 10
0.0
 20
-0.892969
 30
0.0
 11
0.0
 21
0.892969
 31
0.0
  0
LINE
  5
F01
330
EFD
100
AcDbEntity
  8
Smart Centers
 62
     0
440
 16777216
 48
0.75
100
AcDbLine
 10
-6.0
 20
0.0
 30
0.0
 11
-2.678906
 21
0.0
 31
0.0
  0
LINE
  5
F02
330
EFD
100
AcDbEntity
  8
Smart Centers
 62
     0
440
 16777216
 48
0.75
100
AcDbLine
 10
2.678906
 20
0.0
 30
0.0
 11
6.0
 21
0.0
 31
0.0
  0
LINE
  5
F03
330
EFD
100
AcDbEntity
  8
Smart Centers
 62
     0
440
 16777216
 48
0.75
100
AcDbLine
 10
0.0
 20
-6.0
 30
0.0
 11
0.0
 21
-2.678906
 31
0.0
  0
LINE
  5
F04
330
EFD
100
AcDbEntity
  8
Smart Centers
 62
     0
440
 16777216
 48
0.75
100
AcDbLine
 10
0.0
 20
2.678906
 30
0.0
 11
0.0
 21
6.0
 31
0.0
  0
ENDBLK
  5
F05
330
EFD
100
AcDbEntity
  8
0
100
AcDbBlockEnd
  0
BLOCK
  5
F08
330
F07
100
AcDbEntity
  8
0
100
AcDbBlockBegin
  2
*U11
 70
     1
 10
0.0
 20
0.0
 30
0.0
  3
*U11
  1

  0
LINE
  5
F09
330
F07
100
AcDbEntity
  8
Smart Centers
  6
Continuous
 62
     0
440
 16777216
 48
0.75
100
AcDbLine
 10
-0.892969
 20
0.0
 30
0.0
 11
0.892969
 21
0.0
 31
0.0
  0
LINE
  5
F0A
330
F07
100
AcDbEntity
  8
Smart Centers
  6
Continuous
 62
     0
440
 16777216
 48
0.75
100
AcDbLine
 10
0.0
 20
-0.892969
 30
0.0
 11
0.0
 21
0.892969
 31
0.0
  0
LINE
  5
F0B
330
F07
100
AcDbEntity
  8
Smart Centers
 62
     0
440
 16777216
 48
0.75
100
AcDbLine
 10
-6.0
 20
0.0
 30
0.0
 11
-2.678906
 21
0.0
 31
0.0
  0
LINE
  5
F0C
330
F07
100
AcDbEntity
  8
Smart Centers
 62
     0
440
 16777216
 48
0.75
100
AcDbLine
 10
2.678906
 20
0.0
 30
0.0
 11
6.0
 21
0.0
 31
0.0
  0
LINE
  5
F0D
330
F07
100
AcDbEntity
  8
Smart Centers
 62
     0
440
 16777216
 48
0.75
100
AcDbLine
 10
0.0
 20
-6.0
 30
0.0
 11
0.0
 21
-2.678906
 31
0.0
  0
LINE
  5
F0E
330
F07
100
AcDbEntity
  8
Smart Centers
 62
     0
440
 16777216
 48
0.75
100
AcDbLine
 10
0.0
 20
2.678906
 30
0.0
 11
0.0
 21
6.0
 31
0.0
  0
ENDBLK
  5
F0F
330
F07
100
AcDbEntity
  8
0
100
AcDbBlockEnd
  0
BLOCK
  5
F12
330
F11
100
AcDbEntity
  8
0
100
AcDbBlockBegin
  2
*U12
 70
     1
 10
0.0
 20
0.0
 30
0.0
  3
*U12
  1

  0
LINE
  5
F13
330
F11
100
AcDbEntity
  8
Smart Centers
  6
Continuous
 62
     0
440
 16777216
 48
0.75
100
AcDbLine
 10
-0.892969
 20
0.0
 30
0.0
 11
0.892969
 21
0.0
 31
0.0
  0
LINE
  5
F14
330
F11
100
AcDbEntity
  8
Smart Centers
  6
Continuous
 62
     0
440
 16777216
 48
0.75
100
AcDbLine
 10
0.0
 20
-0.892969
 30
0.0
 11
0.0
 21
0.892969
 31
0.0
  0
LINE
  5
F15
330
F11
100
AcDbEntity
  8
Smart Centers
 62
     0
440
 16777216
 48
0.75
100
AcDbLine
 10
-6.0
 20
0.0
 30
0.0
 11
-2.678906
 21
0.0
 31
0.0
  0
LINE
  5
F16
330
F11
100
AcDbEntity
  8
Smart Centers
 62
     0
440
 16777216
 48
0.75
100
AcDbLine
 10
2.678906
 20
0.0
 30
0.0
 11
6.0
 21
0.0
 31
0.0
  0
LINE
  5
F17
330
F11
100
AcDbEntity
  8
Smart Centers
 62
     0
440
 16777216
 48
0.75
100
AcDbLine
 10
0.0
 20
-6.0
 30
0.0
 11
0.0
 21
-2.678906
 31
0.0
  0
LINE
  5
F18
330
F11
100
AcDbEntity
  8
Smart Centers
 62
     0
440
 16777216
 48
0.75
100
AcDbLine
 10
0.0
 20
2.678906
 30
0.0
 11
0.0
 21
6.0
 31
0.0
  0
ENDBLK
  5
F19
330
F11
100
AcDbEntity
  8
0
100
AcDbBlockEnd
  0
BLOCK
  5
F1C
330
F1B
100
AcDbEntity
  8
0
100
AcDbBlockBegin
  2
*U13
 70
     1
 10
0.0
 20
0.0
 30
0.0
  3
*U13
  1

  0
LINE
  5
F1D
330
F1B
100
AcDbEntity
  8
Smart Centers
  6
Continuous
 62
     0
440
 16777216
 48
0.75
100
AcDbLine
 10
-0.892969
 20
0.0
 30
0.0
 11
0.892969
 21
0.0
 31
0.0
  0
LINE
  5
F1E
330
F1B
100
AcDbEntity
  8
Smart Centers
  6
Continuous
 62
     0
440
 16777216
 48
0.75
100
AcDbLine
 10
0.0
 20
-0.892969
 30
0.0
 11
0.0
 21
0.892969
 31
0.0
  0
LINE
  5
F1F
330
F1B
100
AcDbEntity
  8
Smart Centers
 62
     0
440
 16777216
 48
0.75
100
AcDbLine
 10
-6.0
 20
0.0
 30
0.0
 11
-2.678906
 21
0.0
 31
0.0
  0
LINE
  5
F20
330
F1B
100
AcDbEntity
  8
Smart Centers
 62
     0
440
 16777216
 48
0.75
100
AcDbLine
 10
2.678906
 20
0.0
 30
0.0
 11
6.0
 21
0.0
 31
0.0
  0
LINE
  5
F21
330
F1B
100
AcDbEntity
  8
Smart Centers
 62
     0
440
 16777216
 48
0.75
100
AcDbLine
 10
0.0
 20
-6.0
 30
0.0
 11
0.0
 21
-2.678906
 31
0.0
  0
LINE
  5
F22
330
F1B
100
AcDbEntity
  8
Smart Centers
 62
     0
440
 16777216
 48
0.75
100
AcDbLine
 10
0.0
 20
2.678906
 30
0.0
 11
0.0
 21
6.0
 31
0.0
  0
ENDBLK
  5
F23
330
F1B
100
AcDbEntity
  8
0
100
AcDbBlockEnd
  0
BLOCK
  5
F26
330
F25
100
AcDbEntity
  8
0
100
AcDbBlockBegin
  2
*U14
 70
     1
 10
0.0
 20
0.0
 30
0.0
  3
*U14
  1

  0
LINE
  5
F27
330
F25
100
AcDbEntity
  8
Smart Centers
  6
Continuous
 62
     0
440
 16777216
 48
0.75
100
AcDbLine
 10
-0.892969
 20
0.0
 30
0.0
 11
0.892969
 21
0.0
 31
0.0
  0
LINE
  5
F28
330
F25
100
AcDbEntity
  8
Smart Centers
  6
Continuous
 62
     0
440
 16777216
 48
0.75
100
AcDbLine
 10
0.0
 20
-0.892969
 30
0.0
 11
0.0
 21
0.892969
 31
0.0
  0
LINE
  5
F29
330
F25
100
AcDbEntity
  8
Smart Centers
 62
     0
440
 16777216
 48
0.75
100
AcDbLine
 10
-6.0
 20
0.0
 30
0.0
 11
-2.678906
 21
0.0
 31
0.0
  0
LINE
  5
F2A
330
F25
100
AcDbEntity
  8
Smart Centers
 62
     0
440
 16777216
 48
0.75
100
AcDbLine
 10
2.678906
 20
0.0
 30
0.0
 11
6.0
 21
0.0
 31
0.0
  0
LINE
  5
F2B
330
F25
100
AcDbEntity
  8
Smart Centers
 62
     0
440
 16777216
 48
0.75
100
AcDbLine
 10
0.0
 20
-6.0
 30
0.0
 11
0.0
 21
-2.678906
 31
0.0
  0
LINE
  5
F2C
330
F25
100
AcDbEntity
  8
Smart Centers
 62
     0
440
 16777216
 48
0.75
100
AcDbLine
 10
0.0
 20
2.678906
 30
0.0
 11
0.0
 21
6.0
 31
0.0
  0
ENDBLK
  5
F2D
330
F25
100
AcDbEntity
  8
0
100
AcDbBlockEnd
  0
BLOCK
  5
F30
330
F2F
100
AcDbEntity
  8
0
100
AcDbBlockBegin
  2
*U15
 70
     1
 10
0.0
 20
0.0
 30
0.0
  3
*U15
  1

  0
LINE
  5
F31
330
F2F
100
AcDbEntity
  8
Smart Centers
  6
Continuous
 62
     0
440
 16777216
 48
0.75
100
AcDbLine
 10
-0.892969
 20
0.0
 30
0.0
 11
0.892969
 21
0.0
 31
0.0
  0
LINE
  5
F32
330
F2F
100
AcDbEntity
  8
Smart Centers
  6
Continuous
 62
     0
440
 16777216
 48
0.75
100
AcDbLine
 10
0.0
 20
-0.892969
 30
0.0
 11
0.0
 21
0.892969
 31
0.0
  0
LINE
  5
F33
330
F2F
100
AcDbEntity
  8
Smart Centers
 62
     0
440
 16777216
 48
0.75
100
AcDbLine
 10
-18.5
 20
0.0
 30
0.0
 11
-2.678906
 21
0.0
 31
0.0
  0
LINE
  5
F34
330
F2F
100
AcDbEntity
  8
Smart Centers
 62
     0
440
 16777216
 48
0.75
100
AcDbLine
 10
2.678906
 20
0.0
 30
0.0
 11
18.5
 21
0.0
 31
0.0
  0
LINE
  5
F35
330
F2F
100
AcDbEntity
  8
Smart Centers
 62
     0
440
 16777216
 48
0.75
100
AcDbLine
 10
0.0
 20
-18.5
 30
0.0
 11
0.0
 21
-2.678906
 31
0.0
  0
LINE
  5
F36
330
F2F
100
AcDbEntity
  8
Smart Centers
 62
     0
440
 16777216
 48
0.75
100
AcDbLine
 10
0.0
 20
2.678906
 30
0.0
 11
0.0
 21
18.5
 31
0.0
  0
ENDBLK
  5
F37
330
F2F
100
AcDbEntity
  8
0
100
AcDbBlockEnd
  0
BLOCK
  5
F3A
330
F39
100
AcDbEntity
  8
0
100
AcDbBlockBegin
  2
*U16
 70
     1
 10
0.0
 20
0.0
 30
0.0
  3
*U16
  1

  0
LINE
  5
F3B
330
F39
100
AcDbEntity
  8
Smart Centers
  6
Continuous
 62
     0
440
 16777216
 48
0.75
100
AcDbLine
 10
-0.892969
 20
0.0
 30
0.0
 11
0.892969
 21
0.0
 31
0.0
  0
LINE
  5
F3C
330
F39
100
AcDbEntity
  8
Smart Centers
  6
Continuous
 62
     0
440
 16777216
 48
0.75
100
AcDbLine
 10
0.0
 20
-0.892969
 30
0.0
 11
0.0
 21
0.892969
 31
0.0
  0
LINE
  5
F3D
330
F39
100
AcDbEntity
  8
Smart Centers
 62
     0
440
 16777216
 48
0.75
100
AcDbLine
 10
-6.0
 20
0.0
 30
0.0
 11
-2.678906
 21
0.0
 31
0.0
  0
LINE
  5
F3E
330
F39
100
AcDbEntity
  8
Smart Centers
 62
     0
440
 16777216
 48
0.75
100
AcDbLine
 10
2.678906
 20
0.0
 30
0.0
 11
6.0
 21
0.0
 31
0.0
  0
LINE
  5
F3F
330
F39
100
AcDbEntity
  8
Smart Centers
 62
     0
440
 16777216
 48
0.75
100
AcDbLine
 10
0.0
 20
-6.0
 30
0.0
 11
0.0
 21
-2.678906
 31
0.0
  0
LINE
  5
F40
330
F39
100
AcDbEntity
  8
Smart Centers
 62
     0
440
 16777216
 48
0.75
100
AcDbLine
 10
0.0
 20
2.678906
 30
0.0
 11
0.0
 21
6.0
 31
0.0
  0
ENDBLK
  5
F41
330
F39
100
AcDbEntity
  8
0
100
AcDbBlockEnd
  0
BLOCK
  5
F44
330
F43
100
AcDbEntity
  8
0
100
AcDbBlockBegin
  2
*U17
 70
     1
 10
0.0
 20
0.0
 30
0.0
  3
*U17
  1

  0
LINE
  5
F45
330
F43
100
AcDbEntity
  8
Smart Centers
  6
Continuous
 62
     0
440
 16777216
 48
0.75
100
AcDbLine
 10
-0.892969
 20
0.0
 30
0.0
 11
0.892969
 21
0.0
 31
0.0
  0
LINE
  5
F46
330
F43
100
AcDbEntity
  8
Smart Centers
  6
Continuous
 62
     0
440
 16777216
 48
0.75
100
AcDbLine
 10
0.0
 20
-0.892969
 30
0.0
 11
0.0
 21
0.892969
 31
0.0
  0
LINE
  5
F47
330
F43
100
AcDbEntity
  8
Smart Centers
 62
     0
440
 16777216
 48
0.75
100
AcDbLine
 10
-6.0
 20
0.0
 30
0.0
 11
-2.678906
 21
0.0
 31
0.0
  0
LINE
  5
F48
330
F43
100
AcDbEntity
  8
Smart Centers
 62
     0
440
 16777216
 48
0.75
100
AcDbLine
 10
2.678906
 20
0.0
 30
0.0
 11
6.0
 21
0.0
 31
0.0
  0
LINE
  5
F49
330
F43
100
AcDbEntity
  8
Smart Centers
 62
     0
440
 16777216
 48
0.75
100
AcDbLine
 10
0.0
 20
-6.0
 30
0.0
 11
0.0
 21
-2.678906
 31
0.0
  0
LINE
  5
F4A
330
F43
100
AcDbEntity
  8
Smart Centers
 62
     0
440
 16777216
 48
0.75
100
AcDbLine
 10
0.0
 20
2.678906
 30
0.0
 11
0.0
 21
6.0
 31
0.0
  0
ENDBLK
  5
F4B
330
F43
100
AcDbEntity
  8
0
100
AcDbBlockEnd
  0
BLOCK
  5
F4E
330
F4D
100
AcDbEntity
  8
0
100
AcDbBlockBegin
  2
*U18
 70
     1
 10
0.0
 20
0.0
 30
0.0
  3
*U18
  1

  0
LINE
  5
F4F
330
F4D
100
AcDbEntity
  8
Smart Centers
  6
Continuous
 62
     0
440
 16777216
 48
0.75
100
AcDbLine
 10
-0.892969
 20
0.0
 30
0.0
 11
0.892969
 21
0.0
 31
0.0
  0
LINE
  5
F50
330
F4D
100
AcDbEntity
  8
Smart Centers
  6
Continuous
 62
     0
440
 16777216
 48
0.75
100
AcDbLine
 10
0.0
 20
-0.892969
 30
0.0
 11
0.0
 21
0.892969
 31
0.0
  0
LINE
  5
F51
330
F4D
100
AcDbEntity
  8
Smart Centers
 62
     0
440
 16777216
 48
0.75
100
AcDbLine
 10
-6.0
 20
0.0
 30
0.0
 11
-2.678906
 21
0.0
 31
0.0
  0
LINE
  5
F52
330
F4D
100
AcDbEntity
  8
Smart Centers
 62
     0
440
 16777216
 48
0.75
100
AcDbLine
 10
2.678906
 20
0.0
 30
0.0
 11
6.0
 21
0.0
 31
0.0
  0
LINE
  5
F53
330
F4D
100
AcDbEntity
  8
Smart Centers
 62
     0
440
 16777216
 48
0.75
100
AcDbLine
 10
0.0
 20
-6.0
 30
0.0
 11
0.0
 21
-2.678906
 31
0.0
  0
LINE
  5
F54
330
F4D
100
AcDbEntity
  8
Smart Centers
 62
     0
440
 16777216
 48
0.75
100
AcDbLine
 10
0.0
 20
2.678906
 30
0.0
 11
0.0
 21
6.0
 31
0.0
  0
ENDBLK
  5
F55
330
F4D
100
AcDbEntity
  8
0
100
AcDbBlockEnd
  0
BLOCK
  5
F58
330
F57
100
AcDbEntity
  8
0
100
AcDbBlockBegin
  2
*U19
 70
     1
 10
0.0
 20
0.0
 30
0.0
  3
*U19
  1

  0
LINE
  5
F59
330
F57
100
AcDbEntity
  8
Smart Centers
  6
Continuous
 62
     0
440
 16777216
 48
0.75
100
AcDbLine
 10
-0.892969
 20
0.0
 30
0.0
 11
0.892969
 21
0.0
 31
0.0
  0
LINE
  5
F5A
330
F57
100
AcDbEntity
  8
Smart Centers
  6
Continuous
 62
     0
440
 16777216
 48
0.75
100
AcDbLine
 10
0.0
 20
-0.892969
 30
0.0
 11
0.0
 21
0.892969
 31
0.0
  0
LINE
  5
F5B
330
F57
100
AcDbEntity
  8
Smart Centers
 62
     0
440
 16777216
 48
0.75
100
AcDbLine
 10
-6.5
 20
0.0
 30
0.0
 11
-2.678906
 21
0.0
 31
0.0
  0
LINE
  5
F5C
330
F57
100
AcDbEntity
  8
Smart Centers
 62
     0
440
 16777216
 48
0.75
100
AcDbLine
 10
2.678906
 20
0.0
 30
0.0
 11
6.5
 21
0.0
 31
0.0
  0
LINE
  5
F5D
330
F57
100
AcDbEntity
  8
Smart Centers
 62
     0
440
 16777216
 48
0.75
100
AcDbLine
 10
0.0
 20
-6.5
 30
0.0
 11
0.0
 21
-2.678906
 31
0.0
  0
LINE
  5
F5E
330
F57
100
AcDbEntity
  8
Smart Centers
 62
     0
440
 16777216
 48
0.75
100
AcDbLine
 10
0.0
 20
2.678906
 30
0.0
 11
0.0
 21
6.5
 31
0.0
  0
ENDBLK
  5
F5F
330
F57
100
AcDbEntity
  8
0
100
AcDbBlockEnd
  0
BLOCK
  5
F62
330
F61
100
AcDbEntity
  8
0
100
AcDbBlockBegin
  2
*U20
 70
     1
 10
0.0
 20
0.0
 30
0.0
  3
*U20
  1

  0
LINE
  5
F63
330
F61
100
AcDbEntity
  8
Smart Centers
  6
Continuous
 62
     0
440
 16777216
 48
0.75
100
AcDbLine
 10
-0.892969
 20
0.0
 30
0.0
 11
0.892969
 21
0.0
 31
0.0
  0
LINE
  5
F64
330
F61
100
AcDbEntity
  8
Smart Centers
  6
Continuous
 62
     0
440
 16777216
 48
0.75
100
AcDbLine
 10
0.0
 20
-0.892969
 30
0.0
 11
0.0
 21
0.892969
 31
0.0
  0
LINE
  5
F65
330
F61
100
AcDbEntity
  8
Smart Centers
 62
     0
440
 16777216
 48
0.75
100
AcDbLine
 10
-6.5
 20
0.0
 30
0.0
 11
-2.678906
 21
0.0
 31
0.0
  0
LINE
  5
F66
330
F61
100
AcDbEntity
  8
Smart Centers
 62
     0
440
 16777216
 48
0.75
100
AcDbLine
 10
2.678906
 20
0.0
 30
0.0
 11
6.5
 21
0.0
 31
0.0
  0
LINE
  5
F67
330
F61
100
AcDbEntity
  8
Smart Centers
 62
     0
440
 16777216
 48
0.75
100
AcDbLine
 10
0.0
 20
-6.5
 30
0.0
 11
0.0
 21
-2.678906
 31
0.0
  0
LINE
  5
F68
330
F61
100
AcDbEntity
  8
Smart Centers
 62
     0
440
 16777216
 48
0.75
100
AcDbLine
 10
0.0
 20
2.678906
 30
0.0
 11
0.0
 21
6.5
 31
0.0
  0
ENDBLK
  5
F69
330
F61
100
AcDbEntity
  8
0
100
AcDbBlockEnd
  0
BLOCK
  5
F6C
330
F6B
100
AcDbEntity
  8
0
100
AcDbBlockBegin
  2
*U21
 70
     1
 10
0.0
 20
0.0
 30
0.0
  3
*U21
  1

  0
LINE
  5
F6D
330
F6B
100
AcDbEntity
  8
Smart Centers
  6
Continuous
 62
     0
440
 16777216
 48
0.75
100
AcDbLine
 10
-0.892969
 20
0.0
 30
0.0
 11
0.892969
 21
0.0
 31
0.0
  0
LINE
  5
F6E
330
F6B
100
AcDbEntity
  8
Smart Centers
  6
Continuous
 62
     0
440
 16777216
 48
0.75
100
AcDbLine
 10
0.0
 20
-0.892969
 30
0.0
 11
0.0
 21
0.892969
 31
0.0
  0
LINE
  5
F6F
330
F6B
100
AcDbEntity
  8
Smart Centers
 62
     0
440
 16777216
 48
0.75
100
AcDbLine
 10
-6.5
 20
0.0
 30
0.0
 11
-2.678906
 21
0.0
 31
0.0
  0
LINE
  5
F70
330
F6B
100
AcDbEntity
  8
Smart Centers
 62
     0
440
 16777216
 48
0.75
100
AcDbLine
 10
2.678906
 20
0.0
 30
0.0
 11
6.5
 21
0.0
 31
0.0
  0
LINE
  5
F71
330
F6B
100
AcDbEntity
  8
Smart Centers
 62
     0
440
 16777216
 48
0.75
100
AcDbLine
 10
0.0
 20
-6.5
 30
0.0
 11
0.0
 21
-2.678906
 31
0.0
  0
LINE
  5
F72
330
F6B
100
AcDbEntity
  8
Smart Centers
 62
     0
440
 16777216
 48
0.75
100
AcDbLine
 10
0.0
 20
2.678906
 30
0.0
 11
0.0
 21
6.5
 31
0.0
  0
ENDBLK
  5
F73
330
F6B
100
AcDbEntity
  8
0
100
AcDbBlockEnd
  0
BLOCK
  5
F76
330
F75
100
AcDbEntity
  8
0
100
AcDbBlockBegin
  2
*U22
 70
     1
 10
0.0
 20
0.0
 30
0.0
  3
*U22
  1

  0
LINE
  5
F77
330
F75
100
AcDbEntity
  8
Smart Centers
  6
Continuous
 62
     0
440
 16777216
 48
0.75
100
AcDbLine
 10
-0.892969
 20
0.0
 30
0.0
 11
0.892969
 21
0.0
 31
0.0
  0
LINE
  5
F78
330
F75
100
AcDbEntity
  8
Smart Centers
  6
Continuous
 62
     0
440
 16777216
 48
0.75
100
AcDbLine
 10
0.0
 20
-0.892969
 30
0.0
 11
0.0
 21
0.892969
 31
0.0
  0
LINE
  5
F79
330
F75
100
AcDbEntity
  8
Smart Centers
 62
     0
440
 16777216
 48
0.75
100
AcDbLine
 10
-6.5
 20
0.0
 30
0.0
 11
-2.678906
 21
0.0
 31
0.0
  0
LINE
  5
F7A
330
F75
100
AcDbEntity
  8
Smart Centers
 62
     0
440
 16777216
 48
0.75
100
AcDbLine
 10
2.678906
 20
0.0
 30
0.0
 11
6.5
 21
0.0
 31
0.0
  0
LINE
  5
F7B
330
F75
100
AcDbEntity
  8
Smart Centers
 62
     0
440
 16777216
 48
0.75
100
AcDbLine
 10
0.0
 20
-6.5
 30
0.0
 11
0.0
 21
-2.678906
 31
0.0
  0
LINE
  5
F7C
330
F75
100
AcDbEntity
  8
Smart Centers
 62
     0
440
 16777216
 48
0.75
100
AcDbLine
 10
0.0
 20
2.678906
 30
0.0
 11
0.0
 21
6.5
 31
0.0
  0
ENDBLK
  5
F7D
330
F75
100
AcDbEntity
  8
0
100
AcDbBlockEnd
  0
BLOCK
  5
F80
330
F7F
100
AcDbEntity
  8
0
100
AcDbBlockBegin
  2
*U23
 70
     1
 10
0.0
 20
0.0
 30
0.0
  3
*U23
  1

  0
LINE
  5
F81
330
F7F
100
AcDbEntity
  8
Smart Centers
  6
Continuous
 62
     0
440
 16777216
 48
0.75
100
AcDbLine
 10
-0.892969
 20
0.0
 30
0.0
 11
0.892969
 21
0.0
 31
0.0
  0
LINE
  5
F82
330
F7F
100
AcDbEntity
  8
Smart Centers
  6
Continuous
 62
     0
440
 16777216
 48
0.75
100
AcDbLine
 10
0.0
 20
-0.892969
 30
0.0
 11
0.0
 21
0.892969
 31
0.0
  0
LINE
  5
F83
330
F7F
100
AcDbEntity
  8
Smart Centers
 62
     0
440
 16777216
 48
0.75
100
AcDbLine
 10
-17.5
 20
0.0
 30
0.0
 11
-2.678906
 21
0.0
 31
0.0
  0
LINE
  5
F84
330
F7F
100
AcDbEntity
  8
Smart Centers
 62
     0
440
 16777216
 48
0.75
100
AcDbLine
 10
2.678906
 20
0.0
 30
0.0
 11
17.5
 21
0.0
 31
0.0
  0
LINE
  5
F85
330
F7F
100
AcDbEntity
  8
Smart Centers
 62
     0
440
 16777216
 48
0.75
100
AcDbLine
 10
0.0
 20
-17.5
 30
0.0
 11
0.0
 21
-2.678906
 31
0.0
  0
LINE
  5
F86
330
F7F
100
AcDbEntity
  8
Smart Centers
 62
     0
440
 16777216
 48
0.75
100
AcDbLine
 10
0.0
 20
2.678906
 30
0.0
 11
0.0
 21
17.5
 31
0.0
  0
ENDBLK
  5
F87
330
F7F
100
AcDbEntity
  8
0
100
AcDbBlockEnd
  0
BLOCK
  5
F8A
330
F89
100
AcDbEntity
  8
0
100
AcDbBlockBegin
  2
*U24
 70
     1
 10
0.0
 20
0.0
 30
0.0
  3
*U24
  1

  0
LINE
  5
F8B
330
F89
100
AcDbEntity
  8
Smart Centers
  6
Continuous
 62
     0
440
 16777216
 48
0.75
100
AcDbLine
 10
-0.892969
 20
0.0
 30
0.0
 11
0.892969
 21
0.0
 31
0.0
  0
LINE
  5
F8C
330
F89
100
AcDbEntity
  8
Smart Centers
  6
Continuous
 62
     0
440
 16777216
 48
0.75
100
AcDbLine
 10
0.0
 20
-0.892969
 30
0.0
 11
0.0
 21
0.892969
 31
0.0
  0
LINE
  5
F8D
330
F89
100
AcDbEntity
  8
Smart Centers
 62
     0
440
 16777216
 48
0.75
100
AcDbLine
 10
-17.5
 20
0.0
 30
0.0
 11
-2.678906
 21
0.0
 31
0.0
  0
LINE
  5
F8E
330
F89
100
AcDbEntity
  8
Smart Centers
 62
     0
440
 16777216
 48
0.75
100
AcDbLine
 10
2.678906
 20
0.0
 30
0.0
 11
17.5
 21
0.0
 31
0.0
  0
LINE
  5
F8F
330
F89
100
AcDbEntity
  8
Smart Centers
 62
     0
440
 16777216
 48
0.75
100
AcDbLine
 10
0.0
 20
-17.5
 30
0.0
 11
0.0
 21
-2.678906
 31
0.0
  0
LINE
  5
F90
330
F89
100
AcDbEntity
  8
Smart Centers
 62
     0
440
 16777216
 48
0.75
100
AcDbLine
 10
0.0
 20
2.678906
 30
0.0
 11
0.0
 21
17.5
 31
0.0
  0
ENDBLK
  5
F91
330
F89
100
AcDbEntity
  8
0
100
AcDbBlockEnd
  0
BLOCK
  5
F94
330
F93
100
AcDbEntity
  8
0
100
AcDbBlockBegin
  2
*U25
 70
     1
 10
0.0
 20
0.0
 30
0.0
  3
*U25
  1

  0
LINE
  5
F95
330
F93
100
AcDbEntity
  8
Smart Centers
  6
Continuous
 62
     0
440
 16777216
 48
0.75
100
AcDbLine
 10
-0.892969
 20
0.0
 30
0.0
 11
0.892969
 21
0.0
 31
0.0
  0
LINE
  5
F96
330
F93
100
AcDbEntity
  8
Smart Centers
  6
Continuous
 62
     0
440
 16777216
 48
0.75
100
AcDbLine
 10
0.0
 20
-0.892969
 30
0.0
 11
0.0
 21
0.892969
 31
0.0
  0
LINE
  5
F97
330
F93
100
AcDbEntity
  8
Smart Centers
 62
     0
440
 16777216
 48
0.75
100
AcDbLine
 10
-11.5
 20
0.0
 30
0.0
 11
-2.678906
 21
0.0
 31
0.0
  0
LINE
  5
F98
330
F93
100
AcDbEntity
  8
Smart Centers
 62
     0
440
 16777216
 48
0.75
100
AcDbLine
 10
2.678906
 20
0.0
 30
0.0
 11
11.5
 21
0.0
 31
0.0
  0
LINE
  5
F99
330
F93
100
AcDbEntity
  8
Smart Centers
 62
     0
440
 16777216
 48
0.75
100
AcDbLine
 10
0.0
 20
-11.5
 30
0.0
 11
0.0
 21
-2.678906
 31
0.0
  0
LINE
  5
F9A
330
F93
100
AcDbEntity
  8
Smart Centers
 62
     0
440
 16777216
 48
0.75
100
AcDbLine
 10
0.0
 20
2.678906
 30
0.0
 11
0.0
 21
11.5
 31
0.0
  0
ENDBLK
  5
F9B
330
F93
100
AcDbEntity
  8
0
100
AcDbBlockEnd
  0
ENDSEC
  0
SECTION
  2
ENTITIES
  0
INSERT
  5
E88
330
70
100
AcDbEntity
  8
BORDER
100
AcDbBlockReference
  2
Custom1500.000000x1600.000000x4x4
 10
0.0
 20
0.0
 30
0.0
  0
INSERT
  5
EB5
330
70
100
AcDbEntity
  8
Smart Centers
 48
0.75
100
AcDbBlockReference
  2
*U3
 10
497.791717
 20
150.452709
 30
0.0
  0
INSERT
  5
EC0
330
70
100
AcDbEntity
  8
Smart Centers
 48
0.75
100
AcDbBlockReference
  2
*U4
 10
1182.291717
 20
1120.452709
 30
0.0
  0
INSERT
  5
ECA
330
70
100
AcDbEntity
  8
Smart Centers
 48
0.75
100
AcDbBlockReference
  2
*U5
 10
1096.291717
 20
870.452709
 30
0.0
  0
INSERT
  5
ED4
330
70
100
AcDbEntity
  8
Smart Centers
 48
0.75
100
AcDbBlockReference
  2
*U6
 10
1194.291717
 20
870.452709
 30
0.0
  0
INSERT
  5
EDE
330
70
100
AcDbEntity
  8
Smart Centers
 48
0.75
100
AcDbBlockReference
  2
*U7
 10
1198.791717
 20
805.452709
 30
0.0
  0
INSERT
  5
EE8
330
70
100
AcDbEntity
  8
Smart Centers
 48
0.75
100
AcDbBlockReference
  2
*U8
 10
1123.791717
 20
805.452709
 30
0.0
  0
INSERT
  5
EF2
330
70
100
AcDbEntity
  8
Smart Centers
 48
0.75
100
AcDbBlockReference
  2
*U9
 10
1182.291717
 20
870.452709
 30
0.0
  0
INSERT
  5
EFC
330
70
100
AcDbEntity
  8
Smart Centers
 48
0.75
100
AcDbBlockReference
  2
*U10
 10
1096.291717
 20
1120.452709
 30
0.0
  0
INSERT
  5
F06
330
70
100
AcDbEntity
  8
Smart Centers
 48
0.75
100
AcDbBlockReference
  2
*U11
 10
1194.291717
 20
1120.452709
 30
0.0
  0
INSERT
  5
F10
330
70
100
AcDbEntity
  8
Smart Centers
 48
0.75
100
AcDbBlockReference
  2
*U12
 10
1140.291717
 20
1120.452709
 30
0.0
  0
INSERT
  5
F1A
330
70
100
AcDbEntity
  8
Smart Centers
 48
0.75
100
AcDbBlockReference
  2
*U13
 10
1128.291717
 20
870.452709
 30
0.0
  0
INSERT
  5
F24
330
70
100
AcDbEntity
  8
Smart Centers
 48
0.75
100
AcDbBlockReference
  2
*U14
 10
1226.291717
 20
870.452709
 30
0.0
  0
INSERT
  5
F2E
330
70
100
AcDbEntity
  8
Smart Centers
 48
0.75
100
AcDbBlockReference
  2
*U15
 10
1312.791717
 20
765.452709
 30
0.0
  0
INSERT
  5
F38
330
70
100
AcDbEntity
  8
Smart Centers
 48
0.75
100
AcDbBlockReference
  2
*U16
 10
1140.291717
 20
870.452709
 30
0.0
  0
INSERT
  5
F42
330
70
100
AcDbEntity
  8
Smart Centers
 48
0.75
100
AcDbBlockReference
  2
*U17
 10
1128.291717
 20
1120.452709
 30
0.0
  0
INSERT
  5
F4C
330
70
100
AcDbEntity
  8
Smart Centers
 48
0.75
100
AcDbBlockReference
  2
*U18
 10
1226.291717
 20
1120.452709
 30
0.0
  0
INSERT
  5
F56
330
70
100
AcDbEntity
  8
Smart Centers
 48
0.75
100
AcDbBlockReference
  2
*U19
 10
588.291708
 20
749.952687
 30
0.0
  0
INSERT
  5
F60
330
70
100
AcDbEntity
  8
Smart Centers
 48
0.75
100
AcDbBlockReference
  2
*U20
 10
588.291708
 20
1066.952687
 30
0.0
  0
INSERT
  5
F6A
330
70
100
AcDbEntity
  8
Smart Centers
 48
0.75
100
AcDbBlockReference
  2
*U21
 10
903.291708
 20
749.952687
 30
0.0
  0
INSERT
  5
F74
330
70
100
AcDbEntity
  8
Smart Centers
 48
0.75
100
AcDbBlockReference
  2
*U22
 10
903.291708
 20
1066.952687
 30
0.0
  0
INSERT
  5
F7E
330
70
100
AcDbEntity
  8
Smart Centers
 48
0.75
100
AcDbBlockReference
  2
*U23
 10
765.791726
 20
1161.452727
 30
0.0
  0
INSERT
  5
F88
330
70
100
AcDbEntity
  8
Smart Centers
 48
0.75
100
AcDbBlockReference
  2
*U24
 10
725.791726
 20
1161.452727
 30
0.0
  0
INSERT
  5
F92
330
70
100
AcDbEntity
  8
Smart Centers
 48
0.75
100
AcDbBlockReference
  2
*U25
 10
745.791726
 20
1311.452727
 30
0.0
  0
LINE
  5
F9C
330
70
100
AcDbEntity
  8
Visible
100
AcDbLine
 10
1155.808717
 20
406.406709
 30
0.0
 11
1154.884717
 21
406.406709
 31
0.0
  0
LINE
  5
F9D
330
70
100
AcDbEntity
  8
Visible
100
AcDbLine
 10
1155.808717
 20
402.794709
 30
0.0
 11
1155.808717
 21
406.406709
 31
0.0
  0
LINE
  5
F9E
330
70
100
AcDbEntity
  8
Visible
100
AcDbLine
 10
1155.810717
 20
402.688709
 30
0.0
 11
1155.808717
 21
402.794709
 31
0.0
  0
LINE
  5
F9F
330
70
100
AcDbEntity
  8
Visible
100
AcDbLine
 10
1155.817717
 20
402.585709
 30
0.0
 11
1155.810717
 21
402.688709
 31
0.0
  0
LINE
  5
FA0
330
70
100
AcDbEntity
  8
Visible
100
AcDbLine
 10
1155.827717
 20
402.486709
 30
0.0
 11
1155.817717
 21
402.585709
 31
0.0
  0
LINE
  5
FA1
330
70
100
AcDbEntity
  8
Visible
100
AcDbLine
 10
1155.843717
 20
402.391709
 30
0.0
 11
1155.827717
 21
402.486709
 31
0.0
  0
LINE
  5
FA2
330
70
100
AcDbEntity
  8
Visible
100
AcDbLine
 10
1155.862717
 20
402.299709
 30
0.0
 11
1155.843717
 21
402.391709
 31
0.0
  0
LINE
  5
FA3
330
70
100
AcDbEntity
  8
Visible
100
AcDbLine
 10
1155.886717
 20
402.211709
 30
0.0
 11
1155.862717
 21
402.299709
 31
0.0
  0
LINE
  5
FA4
330
70
100
AcDbEntity
  8
Visible
100
AcDbLine
 10
1155.914717
 20
402.126709
 30
0.0
 11
1155.886717
 21
402.211709
 31
0.0
  0
LINE
  5
FA5
330
70
100
AcDbEntity
  8
Visible
100
AcDbLine
 10
1155.946717
 20
402.045709
 30
0.0
 11
1155.914717
 21
402.126709
 31
0.0
  0
LINE
  5
FA6
330
70
100
AcDbEntity
  8
Visible
100
AcDbLine
 10
1155.983717
 20
401.968709
 30
0.0
 11
1155.946717
 21
402.045709
 31
0.0
  0
LINE
  5
FA7
330
70
100
AcDbEntity
  8
Visible
100
AcDbLine
 10
1156.024717
 20
401.894709
 30
0.0
 11
1155.983717
 21
401.968709
 31
0.0
  0
LINE
  5
FA8
330
70
100
AcDbEntity
  8
Visible
100
AcDbLine
 10
1156.069717
 20
401.824709
 30
0.0
 11
1156.024717
 21
401.894709
 31
0.0
  0
LINE
  5
FA9
330
70
100
AcDbEntity
  8
Visible
100
AcDbLine
 10
1156.117717
 20
401.757709
 30
0.0
 11
1156.069717
 21
401.824709
 31
0.0
  0
LINE
  5
FAA
330
70
100
AcDbEntity
  8
Visible
100
AcDbLine
 10
1156.168717
 20
401.694709
 30
0.0
 11
1156.117717
 21
401.757709
 31
0.0
  0
LINE
  5
FAB
330
70
100
AcDbEntity
  8
Visible
100
AcDbLine
 10
1156.222717
 20
401.635709
 30
0.0
 11
1156.168717
 21
401.694709
 31
0.0
  0
LINE
  5
FAC
330
70
100
AcDbEntity
  8
Visible
100
AcDbLine
 10
1156.279717
 20
401.579709
 30
0.0
 11
1156.222717
 21
401.635709
 31
0.0
  0
LINE
  5
FAD
330
70
100
AcDbEntity
  8
Visible
100
AcDbLine
 10
1156.339717
 20
401.527709
 30
0.0
 11
1156.279717
 21
401.579709
 31
0.0
  0
LINE
  5
FAE
330
70
100
AcDbEntity
  8
Visible
100
AcDbLine
 10
1156.403717
 20
401.478709
 30
0.0
 11
1156.339717
 21
401.527709
 31
0.0
  0
LINE
  5
FAF
330
70
100
AcDbEntity
  8
Visible
100
AcDbLine
 10
1156.469717
 20
401.433709
 30
0.0
 11
1156.403717
 21
401.478709
 31
0.0
  0
LINE
  5
FB0
330
70
100
AcDbEntity
  8
Visible
100
AcDbLine
 10
1156.539717
 20
401.392709
 30
0.0
 11
1156.469717
 21
401.433709
 31
0.0
  0
LINE
  5
FB1
330
70
100
AcDbEntity
  8
Visible
100
AcDbLine
 10
1156.612717
 20
401.354709
 30
0.0
 11
1156.539717
 21
401.392709
 31
0.0
  0
LINE
  5
FB2
330
70
100
AcDbEntity
  8
Visible
100
AcDbLine
 10
1156.687717
 20
401.320709
 30
0.0
 11
1156.612717
 21
401.354709
 31
0.0
  0
LINE
  5
FB3
330
70
100
AcDbEntity
  8
Visible
100
AcDbLine
 10
1156.765717
 20
401.289709
 30
0.0
 11
1156.687717
 21
401.320709
 31
0.0
  0
LINE
  5
FB4
330
70
100
AcDbEntity
  8
Visible
100
AcDbLine
 10
1156.844717
 20
401.262709
 30
0.0
 11
1156.765717
 21
401.289709
 31
0.0
  0
LINE
  5
FB5
330
70
100
AcDbEntity
  8
Visible
100
AcDbLine
 10
1156.925717
 20
401.239709
 30
0.0
 11
1156.844717
 21
401.262709
 31
0.0
  0
LINE
  5
FB6
330
70
100
AcDbEntity
  8
Visible
100
AcDbLine
 10
1157.008717
 20
401.219709
 30
0.0
 11
1156.925717
 21
401.239709
 31
0.0
  0
LINE
  5
FB7
330
70
100
AcDbEntity
  8
Visible
100
AcDbLine
 10
1157.093717
 20
401.203709
 30
0.0
 11
1157.008717
 21
401.219709
 31
0.0
  0
LINE
  5
FB8
330
70
100
AcDbEntity
  8
Visible
100
AcDbLine
 10
1157.180717
 20
401.190709
 30
0.0
 11
1157.093717
 21
401.203709
 31
0.0
  0
LINE
  5
FB9
330
70
100
AcDbEntity
  8
Visible
100
AcDbLine
 10
1157.269717
 20
401.181709
 30
0.0
 11
1157.180717
 21
401.190709
 31
0.0
  0
LINE
  5
FBA
330
70
100
AcDbEntity
  8
Visible
100
AcDbLine
 10
1157.359717
 20
401.176709
 30
0.0
 11
1157.269717
 21
401.181709
 31
0.0
  0
LINE
  5
FBB
330
70
100
AcDbEntity
  8
Visible
100
AcDbLine
 10
1157.452717
 20
401.174709
 30
0.0
 11
1157.359717
 21
401.176709
 31
0.0
  0
LINE
  5
FBC
330
70
100
AcDbEntity
  8
Visible
100
AcDbLine
 10
1157.517717
 20
401.175709
 30
0.0
 11
1157.452717
 21
401.174709
 31
0.0
  0
LINE
  5
FBD
330
70
100
AcDbEntity
  8
Visible
100
AcDbLine
 10
1157.581717
 20
401.177709
 30
0.0
 11
1157.517717
 21
401.175709
 31
0.0
  0
LINE
  5
FBE
330
70
100
AcDbEntity
  8
Visible
100
AcDbLine
 10
1157.645717
 20
401.182709
 30
0.0
 11
1157.581717
 21
401.177709
 31
0.0
  0
LINE
  5
FBF
330
70
100
AcDbEntity
  8
Visible
100
AcDbLine
 10
1157.708717
 20
401.187709
 30
0.0
 11
1157.645717
 21
401.182709
 31
0.0
  0
LINE
  5
FC0
330
70
100
AcDbEntity
  8
Visible
100
AcDbLine
 10
1157.771717
 20
401.195709
 30
0.0
 11
1157.708717
 21
401.187709
 31
0.0
  0
LINE
  5
FC1
330
70
100
AcDbEntity
  8
Visible
100
AcDbLine
 10
1157.833717
 20
401.204709
 30
0.0
 11
1157.771717
 21
401.195709
 31
0.0
  0
LINE
  5
FC2
330
70
100
AcDbEntity
  8
Visible
100
AcDbLine
 10
1157.895717
 20
401.215709
 30
0.0
 11
1157.833717
 21
401.204709
 31
0.0
  0
LINE
  5
FC3
330
70
100
AcDbEntity
  8
Visible
100
AcDbLine
 10
1157.957717
 20
401.228709
 30
0.0
 11
1157.895717
 21
401.215709
 31
0.0
  0
LINE
  5
FC4
330
70
100
AcDbEntity
  8
Visible
100
AcDbLine
 10
1158.018717
 20
401.242709
 30
0.0
 11
1157.957717
 21
401.228709
 31
0.0
  0
LINE
  5
FC5
330
70
100
AcDbEntity
  8
Visible
100
AcDbLine
 10
1158.079717
 20
401.258709
 30
0.0
 11
1158.018717
 21
401.242709
 31
0.0
  0
LINE
  5
FC6
330
70
100
AcDbEntity
  8
Visible
100
AcDbLine
 10
1158.140717
 20
401.275709
 30
0.0
 11
1158.079717
 21
401.258709
 31
0.0
  0
LINE
  5
FC7
330
70
100
AcDbEntity
  8
Visible
100
AcDbLine
 10
1158.200717
 20
401.294709
 30
0.0
 11
1158.140717
 21
401.275709
 31
0.0
  0
LINE
  5
FC8
330
70
100
AcDbEntity
  8
Visible
100
AcDbLine
 10
1158.261717
 20
401.313709
 30
0.0
 11
1158.200717
 21
401.294709
 31
0.0
  0
LINE
  5
FC9
330
70
100
AcDbEntity
  8
Visible
100
AcDbLine
 10
1158.322717
 20
401.333709
 30
0.0
 11
1158.261717
 21
401.313709
 31
0.0
  0
LINE
  5
FCA
330
70
100
AcDbEntity
  8
Visible
100
AcDbLine
 10
1158.383717
 20
401.354709
 30
0.0
 11
1158.322717
 21
401.333709
 31
0.0
  0
LINE
  5
FCB
330
70
100
AcDbEntity
  8
Visible
100
AcDbLine
 10
1158.444717
 20
401.376709
 30
0.0
 11
1158.383717
 21
401.354709
 31
0.0
  0
LINE
  5
FCC
330
70
100
AcDbEntity
  8
Visible
100
AcDbLine
 10
1158.505717
 20
401.399709
 30
0.0
 11
1158.444717
 21
401.376709
 31
0.0
  0
LINE
  5
FCD
330
70
100
AcDbEntity
  8
Visible
100
AcDbLine
 10
1158.566717
 20
401.423709
 30
0.0
 11
1158.505717
 21
401.399709
 31
0.0
  0
LINE
  5
FCE
330
70
100
AcDbEntity
  8
Visible
100
AcDbLine
 10
1158.627717
 20
401.448709
 30
0.0
 11
1158.566717
 21
401.423709
 31
0.0
  0
LINE
  5
FCF
330
70
100
AcDbEntity
  8
Visible
100
AcDbLine
 10
1158.688717
 20
401.474709
 30
0.0
 11
1158.627717
 21
401.448709
 31
0.0
  0
LINE
  5
FD0
330
70
100
AcDbEntity
  8
Visible
100
AcDbLine
 10
1158.556717
 20
402.146709
 30
0.0
 11
1158.688717
 21
401.474709
 31
0.0
  0
LINE
  5
FD1
330
70
100
AcDbEntity
  8
Visible
100
AcDbLine
 10
1158.499717
 20
402.125709
 30
0.0
 11
1158.556717
 21
402.146709
 31
0.0
  0
LINE
  5
FD2
330
70
100
AcDbEntity
  8
Visible
100
AcDbLine
 10
1158.443717
 20
402.105709
 30
0.0
 11
1158.499717
 21
402.125709
 31
0.0
  0
LINE
  5
FD3
330
70
100
AcDbEntity
  8
Visible
100
AcDbLine
 10
1158.388717
 20
402.086709
 30
0.0
 11
1158.443717
 21
402.105709
 31
0.0
  0
LINE
  5
FD4
330
70
100
AcDbEntity
  8
Visible
100
AcDbLine
 10
1158.335717
 20
402.068709
 30
0.0
 11
1158.388717
 21
402.086709
 31
0.0
  0
LINE
  5
FD5
330
70
100
AcDbEntity
  8
Visible
100
AcDbLine
 10
1158.282717
 20
402.051709
 30
0.0
 11
1158.335717
 21
402.068709
 31
0.0
  0
LINE
  5
FD6
330
70
100
AcDbEntity
  8
Visible
100
AcDbLine
 10
1158.231717
 20
402.036709
 30
0.0
 11
1158.282717
 21
402.051709
 31
0.0
  0
LINE
  5
FD7
330
70
100
AcDbEntity
  8
Visible
100
AcDbLine
 10
1158.181717
 20
402.021709
 30
0.0
 11
1158.231717
 21
402.036709
 31
0.0
  0
LINE
  5
FD8
330
70
100
AcDbEntity
  8
Visible
100
AcDbLine
 10
1158.132717
 20
402.008709
 30
0.0
 11
1158.181717
 21
402.021709
 31
0.0
  0
LINE
  5
FD9
330
70
100
AcDbEntity
  8
Visible
100
AcDbLine
 10
1158.084717
 20
401.995709
 30
0.0
 11
1158.132717
 21
402.008709
 31
0.0
  0
LINE
  5
FDA
330
70
100
AcDbEntity
  8
Visible
100
AcDbLine
 10
1158.037717
 20
401.984709
 30
0.0
 11
1158.084717
 21
401.995709
 31
0.0
  0
LINE
  5
FDB
330
70
100
AcDbEntity
  8
Visible
100
AcDbLine
 10
1157.991717
 20
401.974709
 30
0.0
 11
1158.037717
 21
401.984709
 31
0.0
  0
LINE
  5
FDC
330
70
100
AcDbEntity
  8
Visible
100
AcDbLine
 10
1157.897717
 20
401.956709
 30
0.0
 11
1157.991717
 21
401.974709
 31
0.0
  0
LINE
  5
FDD
330
70
100
AcDbEntity
  8
Visible
100
AcDbLine
 10
1157.850717
 20
401.949709
 30
0.0
 11
1157.897717
 21
401.956709
 31
0.0
  0
LINE
  5
FDE
330
70
100
AcDbEntity
  8
Visible
100
AcDbLine
 10
1157.802717
 20
401.943709
 30
0.0
 11
1157.850717
 21
401.949709
 31
0.0
  0
LINE
  5
FDF
330
70
100
AcDbEntity
  8
Visible
100
AcDbLine
 10
1157.706717
 20
401.935709
 30
0.0
 11
1157.802717
 21
401.943709
 31
0.0
  0
LINE
  5
FE0
330
70
100
AcDbEntity
  8
Visible
100
AcDbLine
 10
1157.658717
 20
401.932709
 30
0.0
 11
1157.706717
 21
401.935709
 31
0.0
  0
LINE
  5
FE1
330
70
100
AcDbEntity
  8
Visible
100
AcDbLine
 10
1157.560717
 20
401.930709
 30
0.0
 11
1157.658717
 21
401.932709
 31
0.0
  0
LINE
  5
FE2
330
70
100
AcDbEntity
  8
Visible
100
AcDbLine
 10
1157.403717
 20
401.939709
 30
0.0
 11
1157.560717
 21
401.930709
 31
0.0
  0
LINE
  5
FE3
330
70
100
AcDbEntity
  8
Visible
100
AcDbLine
 10
1157.262717
 20
401.966709
 30
0.0
 11
1157.403717
 21
401.939709
 31
0.0
  0
LINE
  5
FE4
330
70
100
AcDbEntity
  8
Visible
100
AcDbLine
 10
1157.138717
 20
402.010709
 30
0.0
 11
1157.262717
 21
401.966709
 31
0.0
  0
LINE
  5
FE5
330
70
100
AcDbEntity
  8
Visible
100
AcDbLine
 10
1157.030717
 20
402.072709
 30
0.0
 11
1157.138717
 21
402.010709
 31
0.0
  0
LINE
  5
FE6
330
70
100
AcDbEntity
  8
Visible
100
AcDbLine
 10
1156.939717
 20
402.152709
 30
0.0
 11
1157.030717
 21
402.072709
 31
0.0
  0
LINE
  5
FE7
330
70
100
AcDbEntity
  8
Visible
100
AcDbLine
 10
1156.864717
 20
402.250709
 30
0.0
 11
1156.939717
 21
402.152709
 31
0.0
  0
LINE
  5
FE8
330
70
100
AcDbEntity
  8
Visible
100
AcDbLine
 10
1156.807717
 20
402.365709
 30
0.0
 11
1156.864717
 21
402.250709
 31
0.0
  0
LINE
  5
FE9
330
70
100
AcDbEntity
  8
Visible
100
AcDbLine
 10
1156.765717
 20
402.498709
 30
0.0
 11
1156.807717
 21
402.365709
 31
0.0
  0
LINE
  5
FEA
330
70
100
AcDbEntity
  8
Visible
100
AcDbLine
 10
1156.740717
 20
402.649709
 30
0.0
 11
1156.765717
 21
402.498709
 31
0.0
  0
LINE
  5
FEB
330
70
100
AcDbEntity
  8
Visible
100
AcDbLine
 10
1156.732717
 20
402.818709
 30
0.0
 11
1156.740717
 21
402.649709
 31
0.0
  0
LINE
  5
FEC
330
70
100
AcDbEntity
  8
Visible
100
AcDbLine
 10
1156.732717
 20
406.406709
 30
0.0
 11
1156.732717
 21
402.818709
 31
0.0
  0
LINE
  5
FED
330
70
100
AcDbEntity
  8
Visible
100
AcDbLine
 10
1158.544717
 20
406.406709
 30
0.0
 11
1156.732717
 21
406.406709
 31
0.0
  0
LINE
  5
FEE
330
70
100
AcDbEntity
  8
Visible
100
AcDbLine
 10
1158.544717
 20
407.054709
 30
0.0
 11
1158.544717
 21
406.406709
 31
0.0
  0
LINE
  5
FEF
330
70
100
AcDbEntity
  8
Visible
100
AcDbLine
 10
1156.732717
 20
407.054709
 30
0.0
 11
1158.544717
 21
407.054709
 31
0.0
  0
LINE
  5
FF0
330
70
100
AcDbEntity
  8
Visible
100
AcDbLine
 10
1156.732717
 20
408.650709
 30
0.0
 11
1156.732717
 21
407.054709
 31
0.0
  0
LINE
  5
FF1
330
70
100
AcDbEntity
  8
Visible
100
AcDbLine
 10
1155.808717
 20
408.650709
 30
0.0
 11
1156.732717
 21
408.650709
 31
0.0
  0
LINE
  5
FF2
330
70
100
AcDbEntity
  8
Visible
100
AcDbLine
 10
1155.808717
 20
407.054709
 30
0.0
 11
1155.808717
 21
408.650709
 31
0.0
  0
LINE
  5
FF3
330
70
100
AcDbEntity
  8
Visible
100
AcDbLine
 10
1154.884717
 20
407.054709
 30
0.0
 11
1155.808717
 21
407.054709
 31
0.0
  0
LINE
  5
FF4
330
70
100
AcDbEntity
  8
Visible
100
AcDbLine
 10
1154.884717
 20
406.406709
 30
0.0
 11
1154.884717
 21
407.054709
 31
0.0
  0
LINE
  5
FF5
330
70
100
AcDbEntity
  8
Visible
100
AcDbLine
 10
1151.890717
 20
406.406709
 30
0.0
 11
1150.954717
 21
406.406709
 31
0.0
  0
LINE
  5
FF6
330
70
100
AcDbEntity
  8
Visible
100
AcDbLine
 10
1151.890717
 20
401.318709
 30
0.0
 11
1151.890717
 21
406.406709
 31
0.0
  0
LINE
  5
FF7
330
70
100
AcDbEntity
  8
Visible
100
AcDbLine
 10
1152.826717
 20
401.318709
 30
0.0
 11
1151.890717
 21
401.318709
 31
0.0
  0
LINE
  5
FF8
330
70
100
AcDbEntity
  8
Visible
100
AcDbLine
 10
1152.826717
 20
406.406709
 30
0.0
 11
1152.826717
 21
401.318709
 31
0.0
  0
LINE
  5
FF9
330
70
100
AcDbEntity
  8
Visible
100
AcDbLine
 10
1154.014717
 20
406.406709
 30
0.0
 11
1152.826717
 21
406.406709
 31
0.0
  0
LINE
  5
FFA
330
70
100
AcDbEntity
  8
Visible
100
AcDbLine
 10
1154.014717
 20
407.054709
 30
0.0
 11
1154.014717
 21
406.406709
 31
0.0
  0
LINE
  5
FFB
330
70
100
AcDbEntity
  8
Visible
100
AcDbLine
 10
1152.826717
 20
407.054709
 30
0.0
 11
1154.014717
 21
407.054709
 31
0.0
  0
LINE
  5
FFC
330
70
100
AcDbEntity
  8
Visible
100
AcDbLine
 10
1152.826717
 20
407.930709
 30
0.0
 11
1152.826717
 21
407.054709
 31
0.0
  0
LINE
  5
FFD
330
70
100
AcDbEntity
  8
Visible
100
AcDbLine
 10
1152.827717
 20
408.003709
 30
0.0
 11
1152.826717
 21
407.930709
 31
0.0
  0
LINE
  5
FFE
330
70
100
AcDbEntity
  8
Visible
100
AcDbLine
 10
1152.831717
 20
408.072709
 30
0.0
 11
1152.827717
 21
408.003709
 31
0.0
  0
LINE
  5
FFF
330
70
100
AcDbEntity
  8
Visible
100
AcDbLine
 10
1152.837717
 20
408.138709
 30
0.0
 11
1152.831717
 21
408.072709
 31
0.0
  0
LINE
  5
1000
330
70
100
AcDbEntity
  8
Visible
100
AcDbLine
 10
1152.846717
 20
408.200709
 30
0.0
 11
1152.837717
 21
408.138709
 31
0.0
  0
LINE
  5
1001
330
70
100
AcDbEntity
  8
Visible
100
AcDbLine
 10
1152.858717
 20
408.259709
 30
0.0
 11
1152.846717
 21
408.200709
 31
0.0
  0
LINE
  5
1002
330
70
100
AcDbEntity
  8
Visible
100
AcDbLine
 10
1152.871717
 20
408.314709
 30
0.0
 11
1152.858717
 21
408.259709
 31
0.0
  0
LINE
  5
1003
330
70
100
AcDbEntity
  8
Visible
100
AcDbLine
 10
1152.888717
 20
408.366709
 30
0.0
 11
1152.871717
 21
408.314709
 31
0.0
  0
LINE
  5
1004
330
70
100
AcDbEntity
  8
Visible
100
AcDbLine
 10
1152.907717
 20
408.414709
 30
0.0
 11
1152.888717
 21
408.366709
 31
0.0
  0
LINE
  5
1005
330
70
100
AcDbEntity
  8
Visible
100
AcDbLine
 10
1152.928717
 20
408.459709
 30
0.0
 11
1152.907717
 21
408.414709
 31
0.0
  0
LINE
  5
1006
330
70
100
AcDbEntity
  8
Visible
100
AcDbLine
 10
1152.952717
 20
408.500709
 30
0.0
 11
1152.928717
 21
408.459709
 31
0.0
  0
LINE
  5
1007
330
70
100
AcDbEntity
  8
Visible
100
AcDbLine
 10
1152.978717
 20
408.538709
 30
0.0
 11
1152.952717
 21
408.500709
 31
0.0
  0
LINE
  5
1008
330
70
100
AcDbEntity
  8
Visible
100
AcDbLine
 10
1153.005717
 20
408.574709
 30
0.0
 11
1152.978717
 21
408.538709
 31
0.0
  0
LINE
  5
1009
330
70
100
AcDbEntity
  8
Visible
100
AcDbLine
 10
1153.034717
 20
408.607709
 30
0.0
 11
1153.005717
 21
408.574709
 31
0.0
  0
LINE
  5
100A
330
70
100
AcDbEntity
  8
Visible
100
AcDbLine
 10
1153.063717
 20
408.638709
 30
0.0
 11
1153.034717
 21
408.607709
 31
0.0
  0
LINE
  5
100B
330
70
100
AcDbEntity
  8
Visible
100
AcDbLine
 10
1153.094717
 20
408.666709
 30
0.0
 11
1153.063717
 21
408.638709
 31
0.0
  0
LINE
  5
100C
330
70
100
AcDbEntity
  8
Visible
100
AcDbLine
 10
1153.127717
 20
408.692709
 30
0.0
 11
1153.094717
 21
408.666709
 31
0.0
  0
LINE
  5
100D
330
70
100
AcDbEntity
  8
Visible
100
AcDbLine
 10
1153.161717
 20
408.715709
 30
0.0
 11
1153.127717
 21
408.692709
 31
0.0
  0
LINE
  5
100E
330
70
100
AcDbEntity
  8
Visible
100
AcDbLine
 10
1153.196717
 20
408.736709
 30
0.0
 11
1153.161717
 21
408.715709
 31
0.0
  0
LINE
  5
100F
330
70
100
AcDbEntity
  8
Visible
100
AcDbLine
 10
1153.232717
 20
408.754709
 30
0.0
 11
1153.196717
 21
408.736709
 31
0.0
  0
LINE
  5
1010
330
70
100
AcDbEntity
  8
Visible
100
AcDbLine
 10
1153.270717
 20
408.770709
 30
0.0
 11
1153.232717
 21
408.754709
 31
0.0
  0
LINE
  5
1011
330
70
100
AcDbEntity
  8
Visible
100
AcDbLine
 10
1153.308717
 20
408.784709
 30
0.0
 11
1153.270717
 21
408.770709
 31
0.0
  0
LINE
  5
1012
330
70
100
AcDbEntity
  8
Visible
100
AcDbLine
 10
1153.347717
 20
408.796709
 30
0.0
 11
1153.308717
 21
408.784709
 31
0.0
  0
LINE
  5
1013
330
70
100
AcDbEntity
  8
Visible
100
AcDbLine
 10
1153.385717
 20
408.807709
 30
0.0
 11
1153.347717
 21
408.796709
 31
0.0
  0
LINE
  5
1014
330
70
100
AcDbEntity
  8
Visible
100
AcDbLine
 10
1153.424717
 20
408.816709
 30
0.0
 11
1153.385717
 21
408.807709
 31
0.0
  0
LINE
  5
1015
330
70
100
AcDbEntity
  8
Visible
100
AcDbLine
 10
1153.462717
 20
408.824709
 30
0.0
 11
1153.424717
 21
408.816709
 31
0.0
  0
LINE
  5
1016
330
70
100
AcDbEntity
  8
Visible
100
AcDbLine
 10
1153.500717
 20
408.830709
 30
0.0
 11
1153.462717
 21
408.824709
 31
0.0
  0
LINE
  5
1017
330
70
100
AcDbEntity
  8
Visible
100
AcDbLine
 10
1153.539717
 20
408.836709
 30
0.0
 11
1153.500717
 21
408.830709
 31
0.0
  0
LINE
  5
1018
330
70
100
AcDbEntity
  8
Visible
100
AcDbLine
 10
1153.577717
 20
408.839709
 30
0.0
 11
1153.539717
 21
408.836709
 31
0.0
  0
LINE
  5
1019
330
70
100
AcDbEntity
  8
Visible
100
AcDbLine
 10
1153.616717
 20
408.841709
 30
0.0
 11
1153.577717
 21
408.839709
 31
0.0
  0
LINE
  5
101A
330
70
100
AcDbEntity
  8
Visible
100
AcDbLine
 10
1153.654717
 20
408.842709
 30
0.0
 11
1153.616717
 21
408.841709
 31
0.0
  0
LINE
  5
101B
330
70
100
AcDbEntity
  8
Visible
100
AcDbLine
 10
1153.687717
 20
408.842709
 30
0.0
 11
1153.654717
 21
408.842709
 31
0.0
  0
LINE
  5
101C
330
70
100
AcDbEntity
  8
Visible
100
AcDbLine
 10
1153.719717
 20
408.841709
 30
0.0
 11
1153.687717
 21
408.842709
 31
0.0
  0
LINE
  5
101D
330
70
100
AcDbEntity
  8
Visible
100
AcDbLine
 10
1153.753717
 20
408.839709
 30
0.0
 11
1153.719717
 21
408.841709
 31
0.0
  0
LINE
  5
101E
330
70
100
AcDbEntity
  8
Visible
100
AcDbLine
 10
1153.786717
 20
408.836709
 30
0.0
 11
1153.753717
 21
408.839709
 31
0.0
  0
LINE
  5
101F
330
70
100
AcDbEntity
  8
Visible
100
AcDbLine
 10
1153.820717
 20
408.833709
 30
0.0
 11
1153.786717
 21
408.836709
 31
0.0
  0
LINE
  5
1020
330
70
100
AcDbEntity
  8
Visible
100
AcDbLine
 10
1153.854717
 20
408.829709
 30
0.0
 11
1153.820717
 21
408.833709
 31
0.0
  0
LINE
  5
1021
330
70
100
AcDbEntity
  8
Visible
100
AcDbLine
 10
1153.888717
 20
408.824709
 30
0.0
 11
1153.854717
 21
408.829709
 31
0.0
  0
LINE
  5
1022
330
70
100
AcDbEntity
  8
Visible
100
AcDbLine
 10
1153.923717
 20
408.819709
 30
0.0
 11
1153.888717
 21
408.824709
 31
0.0
  0
LINE
  5
1023
330
70
100
AcDbEntity
  8
Visible
100
AcDbLine
 10
1153.958717
 20
408.813709
 30
0.0
 11
1153.923717
 21
408.819709
 31
0.0
  0
LINE
  5
1024
330
70
100
AcDbEntity
  8
Visible
100
AcDbLine
 10
1153.993717
 20
408.806709
 30
0.0
 11
1153.958717
 21
408.813709
 31
0.0
  0
LINE
  5
1025
330
70
100
AcDbEntity
  8
Visible
100
AcDbLine
 10
1154.028717
 20
408.798709
 30
0.0
 11
1153.993717
 21
408.806709
 31
0.0
  0
LINE
  5
1026
330
70
100
AcDbEntity
  8
Visible
100
AcDbLine
 10
1154.064717
 20
408.790709
 30
0.0
 11
1154.028717
 21
408.798709
 31
0.0
  0
LINE
  5
1027
330
70
100
AcDbEntity
  8
Visible
100
AcDbLine
 10
1154.099717
 20
408.781709
 30
0.0
 11
1154.064717
 21
408.790709
 31
0.0
  0
LINE
  5
1028
330
70
100
AcDbEntity
  8
Visible
100
AcDbLine
 10
1154.171717
 20
408.761709
 30
0.0
 11
1154.099717
 21
408.781709
 31
0.0
  0
LINE
  5
1029
330
70
100
AcDbEntity
  8
Visible
100
AcDbLine
 10
1154.206717
 20
408.750709
 30
0.0
 11
1154.171717
 21
408.761709
 31
0.0
  0
LINE
  5
102A
330
70
100
AcDbEntity
  8
Visible
100
AcDbLine
 10
1154.242717
 20
408.738709
 30
0.0
 11
1154.206717
 21
408.750709
 31
0.0
  0
LINE
  5
102B
330
70
100
AcDbEntity
  8
Visible
100
AcDbLine
 10
1154.314717
 20
408.712709
 30
0.0
 11
1154.242717
 21
408.738709
 31
0.0
  0
LINE
  5
102C
330
70
100
AcDbEntity
  8
Visible
100
AcDbLine
 10
1154.350717
 20
408.698709
 30
0.0
 11
1154.314717
 21
408.712709
 31
0.0
  0
LINE
  5
102D
330
70
100
AcDbEntity
  8
Visible
100
AcDbLine
 10
1154.530717
 20
409.442709
 30
0.0
 11
1154.350717
 21
408.698709
 31
0.0
  0
LINE
  5
102E
330
70
100
AcDbEntity
  8
Visible
100
AcDbLine
 10
1154.480717
 20
409.456709
 30
0.0
 11
1154.530717
 21
409.442709
 31
0.0
  0
LINE
  5
102F
330
70
100
AcDbEntity
  8
Visible
100
AcDbLine
 10
1154.429717
 20
409.469709
 30
0.0
 11
1154.480717
 21
409.456709
 31
0.0
  0
LINE
  5
1030
330
70
100
AcDbEntity
  8
Visible
100
AcDbLine
 10
1154.379717
 20
409.482709
 30
0.0
 11
1154.429717
 21
409.469709
 31
0.0
  0
LINE
  5
1031
330
70
100
AcDbEntity
  8
Visible
100
AcDbLine
 10
1154.328717
 20
409.494709
 30
0.0
 11
1154.379717
 21
409.482709
 31
0.0
  0
LINE
  5
1032
330
70
100
AcDbEntity
  8
Visible
100
AcDbLine
 10
1154.277717
 20
409.505709
 30
0.0
 11
1154.328717
 21
409.494709
 31
0.0
  0
LINE
  5
1033
330
70
100
AcDbEntity
  8
Visible
100
AcDbLine
 10
1154.227717
 20
409.515709
 30
0.0
 11
1154.277717
 21
409.505709
 31
0.0
  0
LINE
  5
1034
330
70
100
AcDbEntity
  8
Visible
100
AcDbLine
 10
1154.176717
 20
409.525709
 30
0.0
 11
1154.227717
 21
409.515709
 31
0.0
  0
LINE
  5
1035
330
70
100
AcDbEntity
  8
Visible
100
AcDbLine
 10
1154.125717
 20
409.534709
 30
0.0
 11
1154.176717
 21
409.525709
 31
0.0
  0
LINE
  5
1036
330
70
100
AcDbEntity
  8
Visible
100
AcDbLine
 10
1154.023717
 20
409.550709
 30
0.0
 11
1154.125717
 21
409.534709
 31
0.0
  0
LINE
  5
1037
330
70
100
AcDbEntity
  8
Visible
100
AcDbLine
 10
1153.972717
 20
409.557709
 30
0.0
 11
1154.023717
 21
409.550709
 31
0.0
  0
LINE
  5
1038
330
70
100
AcDbEntity
  8
Visible
100
AcDbLine
 10
1153.921717
 20
409.563709
 30
0.0
 11
1153.972717
 21
409.557709
 31
0.0
  0
LINE
  5
1039
330
70
100
AcDbEntity
  8
Visible
100
AcDbLine
 10
1153.871717
 20
409.568709
 30
0.0
 11
1153.921717
 21
409.563709
 31
0.0
  0
LINE
  5
103A
330
70
100
AcDbEntity
  8
Visible
100
AcDbLine
 10
1153.820717
 20
409.573709
 30
0.0
 11
1153.871717
 21
409.568709
 31
0.0
  0
LINE
  5
103B
330
70
100
AcDbEntity
  8
Visible
100
AcDbLine
 10
1153.770717
 20
409.577709
 30
0.0
 11
1153.820717
 21
409.573709
 31
0.0
  0
LINE
  5
103C
330
70
100
AcDbEntity
  8
Visible
100
AcDbLine
 10
1153.670717
 20
409.583709
 30
0.0
 11
1153.770717
 21
409.577709
 31
0.0
  0
LINE
  5
103D
330
70
100
AcDbEntity
  8
Visible
100
AcDbLine
 10
1153.621717
 20
409.585709
 30
0.0
 11
1153.670717
 21
409.583709
 31
0.0
  0
LINE
  5
103E
330
70
100
AcDbEntity
  8
Visible
100
AcDbLine
 10
1153.571717
 20
409.586709
 30
0.0
 11
1153.621717
 21
409.585709
 31
0.0
  0
LINE
  5
103F
330
70
100
AcDbEntity
  8
Visible
100
AcDbLine
 10
1153.522717
 20
409.586709
 30
0.0
 11
1153.571717
 21
409.586709
 31
0.0
  0
LINE
  5
1040
330
70
100
AcDbEntity
  8
Visible
100
AcDbLine
 10
1153.432717
 20
409.584709
 30
0.0
 11
1153.522717
 21
409.586709
 31
0.0
  0
LINE
  5
1041
330
70
100
AcDbEntity
  8
Visible
100
AcDbLine
 10
1153.343717
 20
409.579709
 30
0.0
 11
1153.432717
 21
409.584709
 31
0.0
  0
LINE
  5
1042
330
70
100
AcDbEntity
  8
Visible
100
AcDbLine
 10
1153.256717
 20
409.570709
 30
0.0
 11
1153.343717
 21
409.579709
 31
0.0
  0
LINE
  5
1043
330
70
100
AcDbEntity
  8
Visible
100
AcDbLine
 10
1153.171717
 20
409.558709
 30
0.0
 11
1153.256717
 21
409.570709
 31
0.0
  0
LINE
  5
1044
330
70
100
AcDbEntity
  8
Visible
100
AcDbLine
 10
1153.088717
 20
409.543709
 30
0.0
 11
1153.171717
 21
409.558709
 31
0.0
  0
LINE
  5
1045
330
70
100
AcDbEntity
  8
Visible
100
AcDbLine
 10
1153.006717
 20
409.523709
 30
0.0
 11
1153.088717
 21
409.543709
 31
0.0
  0
LINE
  5
1046
330
70
100
AcDbEntity
  8
Visible
100
AcDbLine
 10
1152.926717
 20
409.501709
 30
0.0
 11
1153.006717
 21
409.523709
 31
0.0
  0
LINE
  5
1047
330
70
100
AcDbEntity
  8
Visible
100
AcDbLine
 10
1152.848717
 20
409.475709
 30
0.0
 11
1152.926717
 21
409.501709
 31
0.0
  0
LINE
  5
1048
330
70
100
AcDbEntity
  8
Visible
100
AcDbLine
 10
1152.772717
 20
409.445709
 30
0.0
 11
1152.848717
 21
409.475709
 31
0.0
  0
LINE
  5
1049
330
70
100
AcDbEntity
  8
Visible
100
AcDbLine
 10
1152.697717
 20
409.412709
 30
0.0
 11
1152.772717
 21
409.445709
 31
0.0
  0
LINE
  5
104A
330
70
100
AcDbEntity
  8
Visible
100
AcDbLine
 10
1152.625717
 20
409.375709
 30
0.0
 11
1152.697717
 21
409.412709
 31
0.0
  0
LINE
  5
104B
330
70
100
AcDbEntity
  8
Visible
100
AcDbLine
 10
1152.555717
 20
409.335709
 30
0.0
 11
1152.625717
 21
409.375709
 31
0.0
  0
LINE
  5
104C
330
70
100
AcDbEntity
  8
Visible
100
AcDbLine
 10
1152.489717
 20
409.291709
 30
0.0
 11
1152.555717
 21
409.335709
 31
0.0
  0
LINE
  5
104D
330
70
100
AcDbEntity
  8
Visible
100
AcDbLine
 10
1152.426717
 20
409.243709
 30
0.0
 11
1152.489717
 21
409.291709
 31
0.0
  0
LINE
  5
104E
330
70
100
AcDbEntity
  8
Visible
100
AcDbLine
 10
1152.365717
 20
409.191709
 30
0.0
 11
1152.426717
 21
409.243709
 31
0.0
  0
LINE
  5
104F
330
70
100
AcDbEntity
  8
Visible
100
AcDbLine
 10
1152.308717
 20
409.135709
 30
0.0
 11
1152.365717
 21
409.191709
 31
0.0
  0
LINE
  5
1050
330
70
100
AcDbEntity
  8
Visible
100
AcDbLine
 10
1152.254717
 20
409.076709
 30
0.0
 11
1152.308717
 21
409.135709
 31
0.0
  0
LINE
  5
1051
330
70
100
AcDbEntity
  8
Visible
100
AcDbLine
 10
1152.203717
 20
409.013709
 30
0.0
 11
1152.254717
 21
409.076709
 31
0.0
  0
LINE
  5
1052
330
70
100
AcDbEntity
  8
Visible
100
AcDbLine
 10
1152.154717
 20
408.946709
 30
0.0
 11
1152.203717
 21
409.013709
 31
0.0
  0
LINE
  5
1053
330
70
100
AcDbEntity
  8
Visible
100
AcDbLine
 10
1152.109717
 20
408.875709
 30
0.0
 11
1152.154717
 21
408.946709
 31
0.0
  0
LINE
  5
1054
330
70
100
AcDbEntity
  8
Visible
100
AcDbLine
 10
1152.067717
 20
408.800709
 30
0.0
 11
1152.109717
 21
408.875709
 31
0.0
  0
LINE
  5
1055
330
70
100
AcDbEntity
  8
Visible
100
AcDbLine
 10
1152.030717
 20
408.722709
 30
0.0
 11
1152.067717
 21
408.800709
 31
0.0
  0
LINE
  5
1056
330
70
100
AcDbEntity
  8
Visible
100
AcDbLine
 10
1151.997717
 20
408.639709
 30
0.0
 11
1152.030717
 21
408.722709
 31
0.0
  0
LINE
  5
1057
330
70
100
AcDbEntity
  8
Visible
100
AcDbLine
 10
1151.969717
 20
408.551709
 30
0.0
 11
1151.997717
 21
408.639709
 31
0.0
  0
LINE
  5
1058
330
70
100
AcDbEntity
  8
Visible
100
AcDbLine
 10
1151.945717
 20
408.460709
 30
0.0
 11
1151.969717
 21
408.551709
 31
0.0
  0
LINE
  5
1059
330
70
100
AcDbEntity
  8
Visible
100
AcDbLine
 10
1151.925717
 20
408.365709
 30
0.0
 11
1151.945717
 21
408.460709
 31
0.0
  0
LINE
  5
105A
330
70
100
AcDbEntity
  8
Visible
100
AcDbLine
 10
1151.910717
 20
408.265709
 30
0.0
 11
1151.925717
 21
408.365709
 31
0.0
  0
LINE
  5
105B
330
70
100
AcDbEntity
  8
Visible
100
AcDbLine
 10
1151.899717
 20
408.162709
 30
0.0
 11
1151.910717
 21
408.265709
 31
0.0
  0
LINE
  5
105C
330
70
100
AcDbEntity
  8
Visible
100
AcDbLine
 10
1151.892717
 20
408.054709
 30
0.0
 11
1151.899717
 21
408.162709
 31
0.0
  0
LINE
  5
105D
330
70
100
AcDbEntity
  8
Visible
100
AcDbLine
 10
1151.890717
 20
407.942709
 30
0.0
 11
1151.892717
 21
408.054709
 31
0.0
  0
LINE
  5
105E
330
70
100
AcDbEntity
  8
Visible
100
AcDbLine
 10
1151.890717
 20
407.054709
 30
0.0
 11
1151.890717
 21
407.942709
 31
0.0
  0
LINE
  5
105F
330
70
100
AcDbEntity
  8
Visible
100
AcDbLine
 10
1150.954717
 20
407.054709
 30
0.0
 11
1151.890717
 21
407.054709
 31
0.0
  0
LINE
  5
1060
330
70
100
AcDbEntity
  8
Visible
100
AcDbLine
 10
1150.954717
 20
406.406709
 30
0.0
 11
1150.954717
 21
407.054709
 31
0.0
  0
LINE
  5
1061
330
70
100
AcDbEntity
  8
Visible
100
AcDbLine
 10
1149.724717
 20
404.030709
 30
0.0
 11
1145.752919
 21
404.030709
 31
0.0
  0
LINE
  5
1062
330
70
100
AcDbEntity
  8
Visible
100
AcDbLine
 10
1149.732717
 20
404.151709
 30
0.0
 11
1149.724717
 21
404.030709
 31
0.0
  0
LINE
  5
1063
330
70
100
AcDbEntity
  8
Visible
100
AcDbLine
 10
1149.737717
 20
404.271709
 30
0.0
 11
1149.732717
 21
404.151709
 31
0.0
  0
LINE
  5
1064
330
70
100
AcDbEntity
  8
Visible
100
AcDbLine
 10
1149.738717
 20
404.390709
 30
0.0
 11
1149.737717
 21
404.271709
 31
0.0
  0
LINE
  5
1065
330
70
100
AcDbEntity
  8
Visible
100
AcDbLine
 10
1149.737717
 20
404.509709
 30
0.0
 11
1149.738717
 21
404.390709
 31
0.0
  0
LINE
  5
1066
330
70
100
AcDbEntity
  8
Visible
100
AcDbLine
 10
1149.732717
 20
404.626709
 30
0.0
 11
1149.737717
 21
404.509709
 31
0.0
  0
LINE
  5
1067
330
70
100
AcDbEntity
  8
Visible
100
AcDbLine
 10
1149.724717
 20
404.743709
 30
0.0
 11
1149.732717
 21
404.626709
 31
0.0
  0
LINE
  5
1068
330
70
100
AcDbEntity
  8
Visible
100
AcDbLine
 10
1149.713717
 20
404.859709
 30
0.0
 11
1149.724717
 21
404.743709
 31
0.0
  0
LINE
  5
1069
330
70
100
AcDbEntity
  8
Visible
100
AcDbLine
 10
1149.699717
 20
404.975709
 30
0.0
 11
1149.713717
 21
404.859709
 31
0.0
  0
LINE
  5
106A
330
70
100
AcDbEntity
  8
Visible
100
AcDbLine
 10
1149.682717
 20
405.089709
 30
0.0
 11
1149.699717
 21
404.975709
 31
0.0
  0
LINE
  5
106B
330
70
100
AcDbEntity
  8
Visible
100
AcDbLine
 10
1149.661717
 20
405.203709
 30
0.0
 11
1149.682717
 21
405.089709
 31
0.0
  0
LINE
  5
106C
330
70
100
AcDbEntity
  8
Visible
100
AcDbLine
 10
1149.637717
 20
405.315709
 30
0.0
 11
1149.661717
 21
405.203709
 31
0.0
  0
LINE
  5
106D
330
70
100
AcDbEntity
  8
Visible
100
AcDbLine
 10
1149.610717
 20
405.425709
 30
0.0
 11
1149.637717
 21
405.315709
 31
0.0
  0
LINE
  5
106E
330
70
100
AcDbEntity
  8
Visible
100
AcDbLine
 10
1149.579717
 20
405.533709
 30
0.0
 11
1149.610717
 21
405.425709
 31
0.0
  0
LINE
  5
106F
330
70
100
AcDbEntity
  8
Visible
100
AcDbLine
 10
1149.545717
 20
405.638709
 30
0.0
 11
1149.579717
 21
405.533709
 31
0.0
  0
LINE
  5
1070
330
70
100
AcDbEntity
  8
Visible
100
AcDbLine
 10
1149.507717
 20
405.741709
 30
0.0
 11
1149.545717
 21
405.638709
 31
0.0
  0
LINE
  5
1071
330
70
100
AcDbEntity
  8
Visible
100
AcDbLine
 10
1149.466717
 20
405.841709
 30
0.0
 11
1149.507717
 21
405.741709
 31
0.0
  0
LINE
  5
1072
330
70
100
AcDbEntity
  8
Visible
100
AcDbLine
 10
1149.422717
 20
405.939709
 30
0.0
 11
1149.466717
 21
405.841709
 31
0.0
  0
LINE
  5
1073
330
70
100
AcDbEntity
  8
Visible
100
AcDbLine
 10
1149.374717
 20
406.035709
 30
0.0
 11
1149.422717
 21
405.939709
 31
0.0
  0
LINE
  5
1074
330
70
100
AcDbEntity
  8
Visible
100
AcDbLine
 10
1149.323717
 20
406.129709
 30
0.0
 11
1149.374717
 21
406.035709
 31
0.0
  0
LINE
  5
1075
330
70
100
AcDbEntity
  8
Visible
100
AcDbLine
 10
1149.268717
 20
406.220709
 30
0.0
 11
1149.323717
 21
406.129709
 31
0.0
  0
LINE
  5
1076
330
70
100
AcDbEntity
  8
Visible
100
AcDbLine
 10
1149.210717
 20
406.308709
 30
0.0
 11
1149.268717
 21
406.220709
 31
0.0
  0
LINE
  5
1077
330
70
100
AcDbEntity
  8
Visible
100
AcDbLine
 10
1149.148717
 20
406.393709
 30
0.0
 11
1149.210717
 21
406.308709
 31
0.0
  0
LINE
  5
1078
330
70
100
AcDbEntity
  8
Visible
100
AcDbLine
 10
1149.083717
 20
406.473709
 30
0.0
 11
1149.148717
 21
406.393709
 31
0.0
  0
LINE
  5
1079
330
70
100
AcDbEntity
  8
Visible
100
AcDbLine
 10
1149.014717
 20
406.550709
 30
0.0
 11
1149.083717
 21
406.473709
 31
0.0
  0
LINE
  5
107A
330
70
100
AcDbEntity
  8
Visible
100
AcDbLine
 10
1148.941717
 20
406.623709
 30
0.0
 11
1149.014717
 21
406.550709
 31
0.0
  0
LINE
  5
107B
330
70
100
AcDbEntity
  8
Visible
100
AcDbLine
 10
1148.865717
 20
406.693709
 30
0.0
 11
1148.941717
 21
406.623709
 31
0.0
  0
LINE
  5
107C
330
70
100
AcDbEntity
  8
Visible
100
AcDbLine
 10
1148.785717
 20
406.759709
 30
0.0
 11
1148.865717
 21
406.693709
 31
0.0
  0
LINE
  5
107D
330
70
100
AcDbEntity
  8
Visible
100
AcDbLine
 10
1148.702717
 20
406.821709
 30
0.0
 11
1148.785717
 21
406.759709
 31
0.0
  0
LINE
  5
107E
330
70
100
AcDbEntity
  8
Visible
100
AcDbLine
 10
1148.615717
 20
406.879709
 30
0.0
 11
1148.702717
 21
406.821709
 31
0.0
  0
LINE
  5
107F
330
70
100
AcDbEntity
  8
Visible
100
AcDbLine
 10
1148.524717
 20
406.934709
 30
0.0
 11
1148.615717
 21
406.879709
 31
0.0
  0
LINE
  5
1080
330
70
100
AcDbEntity
  8
Visible
100
AcDbLine
 10
1148.430717
 20
406.984709
 30
0.0
 11
1148.524717
 21
406.934709
 31
0.0
  0
LINE
  5
1081
330
70
100
AcDbEntity
  8
Visible
100
AcDbLine
 10
1148.332717
 20
407.029709
 30
0.0
 11
1148.430717
 21
406.984709
 31
0.0
  0
LINE
  5
1082
330
70
100
AcDbEntity
  8
Visible
100
AcDbLine
 10
1148.230717
 20
407.069709
 30
0.0
 11
1148.332717
 21
407.029709
 31
0.0
  0
LINE
  5
1083
330
70
100
AcDbEntity
  8
Visible
100
AcDbLine
 10
1148.124717
 20
407.103709
 30
0.0
 11
1148.230717
 21
407.069709
 31
0.0
  0
LINE
  5
1084
330
70
100
AcDbEntity
  8
Visible
100
AcDbLine
 10
1148.014717
 20
407.132709
 30
0.0
 11
1148.124717
 21
407.103709
 31
0.0
  0
LINE
  5
1085
330
70
100
AcDbEntity
  8
Visible
100
AcDbLine
 10
1147.900717
 20
407.156709
 30
0.0
 11
1148.014717
 21
407.132709
 31
0.0
  0
LINE
  5
1086
330
70
100
AcDbEntity
  8
Visible
100
AcDbLine
 10
1147.783717
 20
407.174709
 30
0.0
 11
1147.900717
 21
407.156709
 31
0.0
  0
LINE
  5
1087
330
70
100
AcDbEntity
  8
Visible
100
AcDbLine
 10
1147.662717
 20
407.187709
 30
0.0
 11
1147.783717
 21
407.174709
 31
0.0
  0
LINE
  5
1088
330
70
100
AcDbEntity
  8
Visible
100
AcDbLine
 10
1147.537717
 20
407.195709
 30
0.0
 11
1147.662717
 21
407.187709
 31
0.0
  0
LINE
  5
1089
330
70
100
AcDbEntity
  8
Visible
100
AcDbLine
 10
1147.408717
 20
407.198709
 30
0.0
 11
1147.537717
 21
407.195709
 31
0.0
  0
LINE
  5
108A
330
70
100
AcDbEntity
  8
Visible
100
AcDbLine
 10
1147.260717
 20
407.194709
 30
0.0
 11
1147.408717
 21
407.198709
 31
0.0
  0
LINE
  5
108B
330
70
100
AcDbEntity
  8
Visible
100
AcDbLine
 10
1147.115717
 20
407.183709
 30
0.0
 11
1147.260717
 21
407.194709
 31
0.0
  0
LINE
  5
108C
330
70
100
AcDbEntity
  8
Visible
100
AcDbLine
 10
1146.973717
 20
407.165709
 30
0.0
 11
1147.115717
 21
407.183709
 31
0.0
  0
LINE
  5
108D
330
70
100
AcDbEntity
  8
Visible
100
AcDbLine
 10
1146.834717
 20
407.140709
 30
0.0
 11
1146.973717
 21
407.165709
 31
0.0
  0
LINE
  5
108E
330
70
100
AcDbEntity
  8
Visible
100
AcDbLine
 10
1146.699717
 20
407.107709
 30
0.0
 11
1146.834717
 21
407.140709
 31
0.0
  0
LINE
  5
108F
330
70
100
AcDbEntity
  8
Visible
100
AcDbLine
 10
1146.567717
 20
407.067709
 30
0.0
 11
1146.699717
 21
407.107709
 31
0.0
  0
LINE
  5
1090
330
70
100
AcDbEntity
  8
Visible
100
AcDbLine
 10
1146.439717
 20
407.020709
 30
0.0
 11
1146.567717
 21
407.067709
 31
0.0
  0
LINE
  5
1091
330
70
100
AcDbEntity
  8
Visible
100
AcDbLine
 10
1146.314717
 20
406.966709
 30
0.0
 11
1146.439717
 21
407.020709
 31
0.0
  0
LINE
  5
1092
330
70
100
AcDbEntity
  8
Visible
100
AcDbLine
 10
1146.192717
 20
406.904709
 30
0.0
 11
1146.314717
 21
406.966709
 31
0.0
  0
LINE
  5
1093
330
70
100
AcDbEntity
  8
Visible
100
AcDbLine
 10
1146.073717
 20
406.835709
 30
0.0
 11
1146.192717
 21
406.904709
 31
0.0
  0
LINE
  5
1094
330
70
100
AcDbEntity
  8
Visible
100
AcDbLine
 10
1145.958717
 20
406.759709
 30
0.0
 11
1146.073717
 21
406.835709
 31
0.0
  0
LINE
  5
1095
330
70
100
AcDbEntity
  8
Visible
100
AcDbLine
 10
1145.849717
 20
406.677709
 30
0.0
 11
1145.958717
 21
406.759709
 31
0.0
  0
LINE
  5
1096
330
70
100
AcDbEntity
  8
Visible
100
AcDbLine
 10
1145.744717
 20
406.589709
 30
0.0
 11
1145.849717
 21
406.677709
 31
0.0
  0
LINE
  5
1097
330
70
100
AcDbEntity
  8
Visible
100
AcDbLine
 10
1145.645717
 20
406.494709
 30
0.0
 11
1145.744717
 21
406.589709
 31
0.0
  0
LINE
  5
1098
330
70
100
AcDbEntity
  8
Visible
100
AcDbLine
 10
1145.550717
 20
406.393709
 30
0.0
 11
1145.645717
 21
406.494709
 31
0.0
  0
LINE
  5
1099
330
70
100
AcDbEntity
  8
Visible
100
AcDbLine
 10
1145.461717
 20
406.286709
 30
0.0
 11
1145.550717
 21
406.393709
 31
0.0
  0
LINE
  5
109A
330
70
100
AcDbEntity
  8
Visible
100
AcDbLine
 10
1145.376717
 20
406.172709
 30
0.0
 11
1145.461717
 21
406.286709
 31
0.0
  0
LINE
  5
109B
330
70
100
AcDbEntity
  8
Visible
100
AcDbLine
 10
1145.296717
 20
406.053709
 30
0.0
 11
1145.376717
 21
406.172709
 31
0.0
  0
LINE
  5
109C
330
70
100
AcDbEntity
  8
Visible
100
AcDbLine
 10
1145.222717
 20
405.926709
 30
0.0
 11
1145.296717
 21
406.053709
 31
0.0
  0
LINE
  5
109D
330
70
100
AcDbEntity
  8
Visible
100
AcDbLine
 10
1145.152717
 20
405.794709
 30
0.0
 11
1145.222717
 21
405.926709
 31
0.0
  0
LINE
  5
109E
330
70
100
AcDbEntity
  8
Visible
100
AcDbLine
 10
1145.088717
 20
405.656709
 30
0.0
 11
1145.152717
 21
405.794709
 31
0.0
  0
LINE
  5
109F
330
70
100
AcDbEntity
  8
Visible
100
AcDbLine
 10
1145.031717
 20
405.512709
 30
0.0
 11
1145.088717
 21
405.656709
 31
0.0
  0
LINE
  5
10A0
330
70
100
AcDbEntity
  8
Visible
100
AcDbLine
 10
1144.981717
 20
405.363709
 30
0.0
 11
1145.031717
 21
405.512709
 31
0.0
  0
LINE
  5
10A1
330
70
100
AcDbEntity
  8
Visible
100
AcDbLine
 10
1144.937717
 20
405.209709
 30
0.0
 11
1144.981717
 21
405.363709
 31
0.0
  0
LINE
  5
10A2
330
70
100
AcDbEntity
  8
Visible
100
AcDbLine
 10
1144.900717
 20
405.050709
 30
0.0
 11
1144.937717
 21
405.209709
 31
0.0
  0
LINE
  5
10A3
330
70
100
AcDbEntity
  8
Visible
100
AcDbLine
 10
1144.870717
 20
404.885709
 30
0.0
 11
1144.900717
 21
405.050709
 31
0.0
  0
LINE
  5
10A4
330
70
100
AcDbEntity
  8
Visible
100
AcDbLine
 10
1144.846717
 20
404.715709
 30
0.0
 11
1144.870717
 21
404.885709
 31
0.0
  0
LINE
  5
10A5
330
70
100
AcDbEntity
  8
Visible
100
AcDbLine
 10
1144.829717
 20
404.540709
 30
0.0
 11
1144.846717
 21
404.715709
 31
0.0
  0
LINE
  5
10A6
330
70
100
AcDbEntity
  8
Visible
100
AcDbLine
 10
1144.819717
 20
404.360709
 30
0.0
 11
1144.829717
 21
404.540709
 31
0.0
  0
LINE
  5
10A7
330
70
100
AcDbEntity
  8
Visible
100
AcDbLine
 10
1144.816717
 20
404.174709
 30
0.0
 11
1144.819717
 21
404.360709
 31
0.0
  0
LINE
  5
10A8
330
70
100
AcDbEntity
  8
Visible
100
AcDbLine
 10
1144.819717
 20
404.000709
 30
0.0
 11
1144.816717
 21
404.174709
 31
0.0
  0
LINE
  5
10A9
330
70
100
AcDbEntity
  8
Visible
100
AcDbLine
 10
1144.830717
 20
403.829709
 30
0.0
 11
1144.819717
 21
404.000709
 31
0.0
  0
LINE
  5
10AA
330
70
100
AcDbEntity
  8
Visible
100
AcDbLine
 10
1144.847717
 20
403.663709
 30
0.0
 11
1144.830717
 21
403.829709
 31
0.0
  0
LINE
  5
10AB
330
70
100
AcDbEntity
  8
Visible
100
AcDbLine
 10
1144.870717
 20
403.501709
 30
0.0
 11
1144.847717
 21
403.663709
 31
0.0
  0
LINE
  5
10AC
330
70
100
AcDbEntity
  8
Visible
100
AcDbLine
 10
1144.901717
 20
403.343709
 30
0.0
 11
1144.870717
 21
403.501709
 31
0.0
  0
LINE
  5
10AD
330
70
100
AcDbEntity
  8
Visible
100
AcDbLine
 10
1144.938717
 20
403.189709
 30
0.0
 11
1144.901717
 21
403.343709
 31
0.0
  0
LINE
  5
10AE
330
70
100
AcDbEntity
  8
Visible
100
AcDbLine
 10
1144.982717
 20
403.039709
 30
0.0
 11
1144.938717
 21
403.189709
 31
0.0
  0
LINE
  5
10AF
330
70
100
AcDbEntity
  8
Visible
100
AcDbLine
 10
1145.033717
 20
402.893709
 30
0.0
 11
1144.982717
 21
403.039709
 31
0.0
  0
LINE
  5
10B0
330
70
100
AcDbEntity
  8
Visible
100
AcDbLine
 10
1145.091717
 20
402.752709
 30
0.0
 11
1145.033717
 21
402.893709
 31
0.0
  0
LINE
  5
10B1
330
70
100
AcDbEntity
  8
Visible
100
AcDbLine
 10
1145.155717
 20
402.614709
 30
0.0
 11
1145.091717
 21
402.752709
 31
0.0
  0
LINE
  5
10B2
330
70
100
AcDbEntity
  8
Visible
100
AcDbLine
 10
1145.225717
 20
402.481709
 30
0.0
 11
1145.155717
 21
402.614709
 31
0.0
  0
LINE
  5
10B3
330
70
100
AcDbEntity
  8
Visible
100
AcDbLine
 10
1145.300717
 20
402.355709
 30
0.0
 11
1145.225717
 21
402.481709
 31
0.0
  0
LINE
  5
10B4
330
70
100
AcDbEntity
  8
Visible
100
AcDbLine
 10
1145.381717
 20
402.234709
 30
0.0
 11
1145.300717
 21
402.355709
 31
0.0
  0
LINE
  5
10B5
330
70
100
AcDbEntity
  8
Visible
100
AcDbLine
 10
1145.466717
 20
402.119709
 30
0.0
 11
1145.381717
 21
402.234709
 31
0.0
  0
LINE
  5
10B6
330
70
100
AcDbEntity
  8
Visible
100
AcDbLine
 10
1145.555717
 20
402.010709
 30
0.0
 11
1145.466717
 21
402.119709
 31
0.0
  0
LINE
  5
10B7
330
70
100
AcDbEntity
  8
Visible
100
AcDbLine
 10
1145.650717
 20
401.907709
 30
0.0
 11
1145.555717
 21
402.010709
 31
0.0
  0
LINE
  5
10B8
330
70
100
AcDbEntity
  8
Visible
100
AcDbLine
 10
1145.750717
 20
401.810709
 30
0.0
 11
1145.650717
 21
401.907709
 31
0.0
  0
LINE
  5
10B9
330
70
100
AcDbEntity
  8
Visible
100
AcDbLine
 10
1145.855717
 20
401.719709
 30
0.0
 11
1145.750717
 21
401.810709
 31
0.0
  0
LINE
  5
10BA
330
70
100
AcDbEntity
  8
Visible
100
AcDbLine
 10
1145.964717
 20
401.634709
 30
0.0
 11
1145.855717
 21
401.719709
 31
0.0
  0
LINE
  5
10BB
330
70
100
AcDbEntity
  8
Visible
100
AcDbLine
 10
1146.079717
 20
401.555709
 30
0.0
 11
1145.964717
 21
401.634709
 31
0.0
  0
LINE
  5
10BC
330
70
100
AcDbEntity
  8
Visible
100
AcDbLine
 10
1146.198717
 20
401.483709
 30
0.0
 11
1146.079717
 21
401.555709
 31
0.0
  0
LINE
  5
10BD
330
70
100
AcDbEntity
  8
Visible
100
AcDbLine
 10
1146.319717
 20
401.418709
 30
0.0
 11
1146.198717
 21
401.483709
 31
0.0
  0
LINE
  5
10BE
330
70
100
AcDbEntity
  8
Visible
100
AcDbLine
 10
1146.444717
 20
401.361709
 30
0.0
 11
1146.319717
 21
401.418709
 31
0.0
  0
LINE
  5
10BF
330
70
100
AcDbEntity
  8
Visible
100
AcDbLine
 10
1146.572717
 20
401.311709
 30
0.0
 11
1146.444717
 21
401.361709
 31
0.0
  0
LINE
  5
10C0
330
70
100
AcDbEntity
  8
Visible
100
AcDbLine
 10
1146.704717
 20
401.269709
 30
0.0
 11
1146.572717
 21
401.311709
 31
0.0
  0
LINE
  5
10C1
330
70
100
AcDbEntity
  8
Visible
100
AcDbLine
 10
1146.838717
 20
401.235709
 30
0.0
 11
1146.704717
 21
401.269709
 31
0.0
  0
LINE
  5
10C2
330
70
100
AcDbEntity
  8
Visible
100
AcDbLine
 10
1146.976717
 20
401.208709
 30
0.0
 11
1146.838717
 21
401.235709
 31
0.0
  0
LINE
  5
10C3
330
70
100
AcDbEntity
  8
Visible
100
AcDbLine
 10
1147.117717
 20
401.189709
 30
0.0
 11
1146.976717
 21
401.208709
 31
0.0
  0
LINE
  5
10C4
330
70
100
AcDbEntity
  8
Visible
100
AcDbLine
 10
1147.261717
 20
401.178709
 30
0.0
 11
1147.117717
 21
401.189709
 31
0.0
  0
LINE
  5
10C5
330
70
100
AcDbEntity
  8
Visible
100
AcDbLine
 10
1147.408717
 20
401.174709
 30
0.0
 11
1147.261717
 21
401.178709
 31
0.0
  0
LINE
  5
10C6
330
70
100
AcDbEntity
  8
Visible
100
AcDbLine
 10
1147.530717
 20
401.176709
 30
0.0
 11
1147.408717
 21
401.174709
 31
0.0
  0
LINE
  5
10C7
330
70
100
AcDbEntity
  8
Visible
100
AcDbLine
 10
1147.650717
 20
401.183709
 30
0.0
 11
1147.530717
 21
401.176709
 31
0.0
  0
LINE
  5
10C8
330
70
100
AcDbEntity
  8
Visible
100
AcDbLine
 10
1147.767717
 20
401.194709
 30
0.0
 11
1147.650717
 21
401.183709
 31
0.0
  0
LINE
  5
10C9
330
70
100
AcDbEntity
  8
Visible
100
AcDbLine
 10
1147.882717
 20
401.210709
 30
0.0
 11
1147.767717
 21
401.194709
 31
0.0
  0
LINE
  5
10CA
330
70
100
AcDbEntity
  8
Visible
100
AcDbLine
 10
1147.994717
 20
401.229709
 30
0.0
 11
1147.882717
 21
401.210709
 31
0.0
  0
LINE
  5
10CB
330
70
100
AcDbEntity
  8
Visible
100
AcDbLine
 10
1148.104717
 20
401.254709
 30
0.0
 11
1147.994717
 21
401.229709
 31
0.0
  0
LINE
  5
10CC
330
70
100
AcDbEntity
  8
Visible
100
AcDbLine
 10
1148.211717
 20
401.283709
 30
0.0
 11
1148.104717
 21
401.254709
 31
0.0
  0
LINE
  5
10CD
330
70
100
AcDbEntity
  8
Visible
100
AcDbLine
 10
1148.316717
 20
401.316709
 30
0.0
 11
1148.211717
 21
401.283709
 31
0.0
  0
LINE
  5
10CE
330
70
100
AcDbEntity
  8
Visible
100
AcDbLine
 10
1148.418717
 20
401.354709
 30
0.0
 11
1148.316717
 21
401.316709
 31
0.0
  0
LINE
  5
10CF
330
70
100
AcDbEntity
  8
Visible
100
AcDbLine
 10
1148.518717
 20
401.396709
 30
0.0
 11
1148.418717
 21
401.354709
 31
0.0
  0
LINE
  5
10D0
330
70
100
AcDbEntity
  8
Visible
100
AcDbLine
 10
1148.615717
 20
401.442709
 30
0.0
 11
1148.518717
 21
401.396709
 31
0.0
  0
LINE
  5
10D1
330
70
100
AcDbEntity
  8
Visible
100
AcDbLine
 10
1148.708717
 20
401.492709
 30
0.0
 11
1148.615717
 21
401.442709
 31
0.0
  0
LINE
  5
10D2
330
70
100
AcDbEntity
  8
Visible
100
AcDbLine
 10
1148.798717
 20
401.546709
 30
0.0
 11
1148.708717
 21
401.492709
 31
0.0
  0
LINE
  5
10D3
330
70
100
AcDbEntity
  8
Visible
100
AcDbLine
 10
1148.884717
 20
401.604709
 30
0.0
 11
1148.798717
 21
401.546709
 31
0.0
  0
LINE
  5
10D4
330
70
100
AcDbEntity
  8
Visible
100
AcDbLine
 10
1148.966717
 20
401.665709
 30
0.0
 11
1148.884717
 21
401.604709
 31
0.0
  0
LINE
  5
10D5
330
70
100
AcDbEntity
  8
Visible
100
AcDbLine
 10
1149.046717
 20
401.730709
 30
0.0
 11
1148.966717
 21
401.665709
 31
0.0
  0
LINE
  5
10D6
330
70
100
AcDbEntity
  8
Visible
100
AcDbLine
 10
1149.122717
 20
401.799709
 30
0.0
 11
1149.046717
 21
401.730709
 31
0.0
  0
LINE
  5
10D7
330
70
100
AcDbEntity
  8
Visible
100
AcDbLine
 10
1149.194717
 20
401.872709
 30
0.0
 11
1149.122717
 21
401.799709
 31
0.0
  0
LINE
  5
10D8
330
70
100
AcDbEntity
  8
Visible
100
AcDbLine
 10
1149.263717
 20
401.949709
 30
0.0
 11
1149.194717
 21
401.872709
 31
0.0
  0
LINE
  5
10D9
330
70
100
AcDbEntity
  8
Visible
100
AcDbLine
 10
1149.328717
 20
402.029709
 30
0.0
 11
1149.263717
 21
401.949709
 31
0.0
  0
LINE
  5
10DA
330
70
100
AcDbEntity
  8
Visible
100
AcDbLine
 10
1149.389717
 20
402.113709
 30
0.0
 11
1149.328717
 21
402.029709
 31
0.0
  0
LINE
  5
10DB
330
70
100
AcDbEntity
  8
Visible
100
AcDbLine
 10
1149.446717
 20
402.200709
 30
0.0
 11
1149.389717
 21
402.113709
 31
0.0
  0
LINE
  5
10DC
330
70
100
AcDbEntity
  8
Visible
100
AcDbLine
 10
1149.498717
 20
402.290709
 30
0.0
 11
1149.446717
 21
402.200709
 31
0.0
  0
LINE
  5
10DD
330
70
100
AcDbEntity
  8
Visible
100
AcDbLine
 10
1149.546717
 20
402.383709
 30
0.0
 11
1149.498717
 21
402.290709
 31
0.0
  0
LINE
  5
10DE
330
70
100
AcDbEntity
  8
Visible
100
AcDbLine
 10
1149.589717
 20
402.480709
 30
0.0
 11
1149.546717
 21
402.383709
 31
0.0
  0
LINE
  5
10DF
330
70
100
AcDbEntity
  8
Visible
100
AcDbLine
 10
1149.628717
 20
402.579709
 30
0.0
 11
1149.589717
 21
402.480709
 31
0.0
  0
LINE
  5
10E0
330
70
100
AcDbEntity
  8
Visible
100
AcDbLine
 10
1149.661717
 20
402.682709
 30
0.0
 11
1149.628717
 21
402.579709
 31
0.0
  0
LINE
  5
10E1
330
70
100
AcDbEntity
  8
Visible
100
AcDbLine
 10
1149.691717
 20
402.788709
 30
0.0
 11
1149.661717
 21
402.682709
 31
0.0
  0
LINE
  5
10E2
330
70
100
AcDbEntity
  8
Visible
100
AcDbLine
 10
1149.716717
 20
402.898709
 30
0.0
 11
1149.691717
 21
402.788709
 31
0.0
  0
LINE
  5
10E3
330
70
100
AcDbEntity
  8
Visible
100
AcDbLine
 10
1149.736717
 20
403.010709
 30
0.0
 11
1149.716717
 21
402.898709
 31
0.0
  0
LINE
  5
10E4
330
70
100
AcDbEntity
  8
Visible
100
AcDbLine
 10
1148.764717
 20
403.010709
 30
0.0
 11
1149.736717
 21
403.010709
 31
0.0
  0
LINE
  5
10E5
330
70
100
AcDbEntity
  8
Visible
100
AcDbLine
 10
1148.746717
 20
402.907709
 30
0.0
 11
1148.764717
 21
403.010709
 31
0.0
  0
LINE
  5
10E6
330
70
100
AcDbEntity
  8
Visible
100
AcDbLine
 10
1148.722717
 20
402.809709
 30
0.0
 11
1148.746717
 21
402.907709
 31
0.0
  0
LINE
  5
10E7
330
70
100
AcDbEntity
  8
Visible
100
AcDbLine
 10
1148.692717
 20
402.716709
 30
0.0
 11
1148.722717
 21
402.809709
 31
0.0
  0
LINE
  5
10E8
330
70
100
AcDbEntity
  8
Visible
100
AcDbLine
 10
1148.656717
 20
402.629709
 30
0.0
 11
1148.692717
 21
402.716709
 31
0.0
  0
LINE
  5
10E9
330
70
100
AcDbEntity
  8
Visible
100
AcDbLine
 10
1148.615717
 20
402.546709
 30
0.0
 11
1148.656717
 21
402.629709
 31
0.0
  0
LINE
  5
10EA
330
70
100
AcDbEntity
  8
Visible
100
AcDbLine
 10
1148.569717
 20
402.469709
 30
0.0
 11
1148.615717
 21
402.546709
 31
0.0
  0
LINE
  5
10EB
330
70
100
AcDbEntity
  8
Visible
100
AcDbLine
 10
1148.517717
 20
402.397709
 30
0.0
 11
1148.569717
 21
402.469709
 31
0.0
  0
LINE
  5
10EC
330
70
100
AcDbEntity
  8
Visible
100
AcDbLine
 10
1148.459717
 20
402.330709
 30
0.0
 11
1148.517717
 21
402.397709
 31
0.0
  0
LINE
  5
10ED
330
70
100
AcDbEntity
  8
Visible
100
AcDbLine
 10
1148.395717
 20
402.269709
 30
0.0
 11
1148.459717
 21
402.330709
 31
0.0
  0
LINE
  5
10EE
330
70
100
AcDbEntity
  8
Visible
100
AcDbLine
 10
1148.326717
 20
402.212709
 30
0.0
 11
1148.395717
 21
402.269709
 31
0.0
  0
LINE
  5
10EF
330
70
100
AcDbEntity
  8
Visible
100
AcDbLine
 10
1148.252717
 20
402.161709
 30
0.0
 11
1148.326717
 21
402.212709
 31
0.0
  0
LINE
  5
10F0
330
70
100
AcDbEntity
  8
Visible
100
AcDbLine
 10
1148.174717
 20
402.115709
 30
0.0
 11
1148.252717
 21
402.161709
 31
0.0
  0
LINE
  5
10F1
330
70
100
AcDbEntity
  8
Visible
100
AcDbLine
 10
1148.092717
 20
402.074709
 30
0.0
 11
1148.174717
 21
402.115709
 31
0.0
  0
LINE
  5
10F2
330
70
100
AcDbEntity
  8
Visible
100
AcDbLine
 10
1148.006717
 20
402.039709
 30
0.0
 11
1148.092717
 21
402.074709
 31
0.0
  0
LINE
  5
10F3
330
70
100
AcDbEntity
  8
Visible
100
AcDbLine
 10
1147.916717
 20
402.010709
 30
0.0
 11
1148.006717
 21
402.039709
 31
0.0
  0
LINE
  5
10F4
330
70
100
AcDbEntity
  8
Visible
100
AcDbLine
 10
1147.823717
 20
401.985709
 30
0.0
 11
1147.916717
 21
402.010709
 31
0.0
  0
LINE
  5
10F5
330
70
100
AcDbEntity
  8
Visible
100
AcDbLine
 10
1147.725717
 20
401.966709
 30
0.0
 11
1147.823717
 21
401.985709
 31
0.0
  0
LINE
  5
10F6
330
70
100
AcDbEntity
  8
Visible
100
AcDbLine
 10
1147.623717
 20
401.953709
 30
0.0
 11
1147.725717
 21
401.966709
 31
0.0
  0
LINE
  5
10F7
330
70
100
AcDbEntity
  8
Visible
100
AcDbLine
 10
1147.518717
 20
401.945709
 30
0.0
 11
1147.623717
 21
401.953709
 31
0.0
  0
LINE
  5
10F8
330
70
100
AcDbEntity
  8
Visible
100
AcDbLine
 10
1147.408717
 20
401.942709
 30
0.0
 11
1147.518717
 21
401.945709
 31
0.0
  0
LINE
  5
10F9
330
70
100
AcDbEntity
  8
Visible
100
AcDbLine
 10
1147.298717
 20
401.945709
 30
0.0
 11
1147.408717
 21
401.942709
 31
0.0
  0
LINE
  5
10FA
330
70
100
AcDbEntity
  8
Visible
100
AcDbLine
 10
1147.192717
 20
401.953709
 30
0.0
 11
1147.298717
 21
401.945709
 31
0.0
  0
LINE
  5
10FB
330
70
100
AcDbEntity
  8
Visible
100
AcDbLine
 10
1147.090717
 20
401.967709
 30
0.0
 11
1147.192717
 21
401.953709
 31
0.0
  0
LINE
  5
10FC
330
70
100
AcDbEntity
  8
Visible
100
AcDbLine
 10
1146.992717
 20
401.986709
 30
0.0
 11
1147.090717
 21
401.967709
 31
0.0
  0
LINE
  5
10FD
330
70
100
AcDbEntity
  8
Visible
100
AcDbLine
 10
1146.898717
 20
402.011709
 30
0.0
 11
1146.992717
 21
401.986709
 31
0.0
  0
LINE
  5
10FE
330
70
100
AcDbEntity
  8
Visible
100
AcDbLine
 10
1146.808717
 20
402.041709
 30
0.0
 11
1146.898717
 21
402.011709
 31
0.0
  0
LINE
  5
10FF
330
70
100
AcDbEntity
  8
Visible
100
AcDbLine
 10
1146.721717
 20
402.077709
 30
0.0
 11
1146.808717
 21
402.041709
 31
0.0
  0
LINE
  5
1100
330
70
100
AcDbEntity
  8
Visible
100
AcDbLine
 10
1146.638717
 20
402.119709
 30
0.0
 11
1146.721717
 21
402.077709
 31
0.0
  0
LINE
  5
1101
330
70
100
AcDbEntity
  8
Visible
100
AcDbLine
 10
1146.559717
 20
402.166709
 30
0.0
 11
1146.638717
 21
402.119709
 31
0.0
  0
LINE
  5
1102
330
70
100
AcDbEntity
  8
Visible
100
AcDbLine
 10
1146.484717
 20
402.218709
 30
0.0
 11
1146.559717
 21
402.166709
 31
0.0
  0
LINE
  5
1103
330
70
100
AcDbEntity
  8
Visible
100
AcDbLine
 10
1146.413717
 20
402.275709
 30
0.0
 11
1146.484717
 21
402.218709
 31
0.0
  0
LINE
  5
1104
330
70
100
AcDbEntity
  8
Visible
100
AcDbLine
 10
1146.345717
 20
402.336709
 30
0.0
 11
1146.413717
 21
402.275709
 31
0.0
  0
LINE
  5
1105
330
70
100
AcDbEntity
  8
Visible
100
AcDbLine
 10
1146.281717
 20
402.401709
 30
0.0
 11
1146.345717
 21
402.336709
 31
0.0
  0
LINE
  5
1106
330
70
100
AcDbEntity
  8
Visible
100
AcDbLine
 10
1146.220717
 20
402.470709
 30
0.0
 11
1146.281717
 21
402.401709
 31
0.0
  0
LINE
  5
1107
330
70
100
AcDbEntity
  8
Visible
100
AcDbLine
 10
1146.164717
 20
402.543709
 30
0.0
 11
1146.220717
 21
402.470709
 31
0.0
  0
LINE
  5
1108
330
70
100
AcDbEntity
  8
Visible
100
AcDbLine
 10
1146.111717
 20
402.620709
 30
0.0
 11
1146.164717
 21
402.543709
 31
0.0
  0
LINE
  5
1109
330
70
100
AcDbEntity
  8
Visible
100
AcDbLine
 10
1146.061717
 20
402.701709
 30
0.0
 11
1146.111717
 21
402.620709
 31
0.0
  0
LINE
  5
110A
330
70
100
AcDbEntity
  8
Visible
100
AcDbLine
 10
1146.016717
 20
402.786709
 30
0.0
 11
1146.061717
 21
402.701709
 31
0.0
  0
LINE
  5
110B
330
70
100
AcDbEntity
  8
Visible
100
AcDbLine
 10
1145.973717
 20
402.875709
 30
0.0
 11
1146.016717
 21
402.786709
 31
0.0
  0
LINE
  5
110C
330
70
100
AcDbEntity
  8
Visible
100
AcDbLine
 10
1145.935717
 20
402.968709
 30
0.0
 11
1145.973717
 21
402.875709
 31
0.0
  0
LINE
  5
110D
330
70
100
AcDbEntity
  8
Visible
100
AcDbLine
 10
1145.900717
 20
403.064709
 30
0.0
 11
1145.935717
 21
402.968709
 31
0.0
  0
LINE
  5
110E
330
70
100
AcDbEntity
  8
Visible
100
AcDbLine
 10
1145.869717
 20
403.163709
 30
0.0
 11
1145.900717
 21
403.064709
 31
0.0
  0
LINE
  5
110F
330
70
100
AcDbEntity
  8
Visible
100
AcDbLine
 10
1145.842717
 20
403.264709
 30
0.0
 11
1145.869717
 21
403.163709
 31
0.0
  0
LINE
  5
1110
330
70
100
AcDbEntity
  8
Visible
100
AcDbLine
 10
1145.818717
 20
403.367709
 30
0.0
 11
1145.842717
 21
403.264709
 31
0.0
  0
LINE
  5
1111
330
70
100
AcDbEntity
  8
Visible
100
AcDbLine
 10
1145.798717
 20
403.474709
 30
0.0
 11
1145.818717
 21
403.367709
 31
0.0
  0
LINE
  5
1112
330
70
100
AcDbEntity
  8
Visible
100
AcDbLine
 10
1145.781717
 20
403.582709
 30
0.0
 11
1145.798717
 21
403.474709
 31
0.0
  0
LINE
  5
1113
330
70
100
AcDbEntity
  8
Visible
100
AcDbLine
 10
1145.768717
 20
403.693709
 30
0.0
 11
1145.781717
 21
403.582709
 31
0.0
  0
LINE
  5
1114
330
70
100
AcDbEntity
  8
Visible
100
AcDbLine
 10
1145.759717
 20
403.807709
 30
0.0
 11
1145.768717
 21
403.693709
 31
0.0
  0
LINE
  5
1115
330
70
100
AcDbEntity
  8
Visible
100
AcDbLine
 10
1145.754717
 20
403.923709
 30
0.0
 11
1145.759717
 21
403.807709
 31
0.0
  0
LINE
  5
1116
330
70
100
AcDbEntity
  8
Visible
100
AcDbLine
 10
1145.752919
 20
404.030709
 30
0.0
 11
1145.754717
 21
403.923709
 31
0.0
  0
LINE
  5
1117
330
70
100
AcDbEntity
  8
Visible
100
AcDbLine
 10
1144.102717
 20
401.318709
 30
0.0
 11
1139.806717
 21
401.318709
 31
0.0
  0
LINE
  5
1118
330
70
100
AcDbEntity
  8
Visible
100
AcDbLine
 10
1144.102717
 20
402.134709
 30
0.0
 11
1144.102717
 21
401.318709
 31
0.0
  0
LINE
  5
1119
330
70
100
AcDbEntity
  8
Visible
100
AcDbLine
 10
1140.742717
 20
402.134709
 30
0.0
 11
1144.102717
 21
402.134709
 31
0.0
  0
LINE
  5
111A
330
70
100
AcDbEntity
  8
Visible
100
AcDbLine
 10
1140.742717
 20
408.854709
 30
0.0
 11
1140.742717
 21
402.134709
 31
0.0
  0
LINE
  5
111B
330
70
100
AcDbEntity
  8
Visible
100
AcDbLine
 10
1139.806717
 20
408.854709
 30
0.0
 11
1140.742717
 21
408.854709
 31
0.0
  0
LINE
  5
111C
330
70
100
AcDbEntity
  8
Visible
100
AcDbLine
 10
1139.806717
 20
401.318709
 30
0.0
 11
1139.806717
 21
408.854709
 31
0.0
  0
LINE
  5
111D
330
70
100
AcDbEntity
  8
Visible
100
AcDbLine
 10
1342.791717
 20
680.952709
 30
0.0
 11
1348.791717
 21
680.952709
 31
0.0
  0
LINE
  5
111E
330
70
100
AcDbEntity
  8
Visible
100
AcDbLine
 10
1342.791717
 20
651.952709
 30
0.0
 11
1342.791717
 21
680.952709
 31
0.0
  0
LINE
  5
111F
330
70
100
AcDbEntity
  8
Visible
100
AcDbLine
 10
1348.791717
 20
651.952709
 30
0.0
 11
1342.791717
 21
651.952709
 31
0.0
  0
LINE
  5
1120
330
70
100
AcDbEntity
  8
Visible
100
AcDbLine
 10
1348.791717
 20
622.952709
 30
0.0
 11
1348.791717
 21
651.952709
 31
0.0
  0
LINE
  5
1121
330
70
100
AcDbEntity
  8
Visible
100
AcDbLine
 10
1342.791717
 20
622.952709
 30
0.0
 11
1348.791717
 21
622.952709
 31
0.0
  0
LINE
  5
1122
330
70
100
AcDbEntity
  8
Visible
100
AcDbLine
 10
1342.791717
 20
593.952709
 30
0.0
 11
1342.791717
 21
622.952709
 31
0.0
  0
LINE
  5
1123
330
70
100
AcDbEntity
  8
Visible
100
AcDbLine
 10
1348.791717
 20
593.952709
 30
0.0
 11
1342.791717
 21
593.952709
 31
0.0
  0
LINE
  5
1124
330
70
100
AcDbEntity
  8
Visible
100
AcDbLine
 10
1348.791717
 20
564.952709
 30
0.0
 11
1348.791717
 21
593.952709
 31
0.0
  0
LINE
  5
1125
330
70
100
AcDbEntity
  8
Visible
100
AcDbLine
 10
1342.791717
 20
564.952709
 30
0.0
 11
1348.791717
 21
564.952709
 31
0.0
  0
LINE
  5
1126
330
70
100
AcDbEntity
  8
Visible
100
AcDbLine
 10
1342.791717
 20
535.952709
 30
0.0
 11
1342.791717
 21
564.952709
 31
0.0
  0
LINE
  5
1127
330
70
100
AcDbEntity
  8
Visible
100
AcDbLine
 10
1348.791717
 20
535.952709
 30
0.0
 11
1342.791717
 21
535.952709
 31
0.0
  0
LINE
  5
1128
330
70
100
AcDbEntity
  8
Visible
100
AcDbLine
 10
1348.791717
 20
506.952709
 30
0.0
 11
1348.791717
 21
535.952709
 31
0.0
  0
LINE
  5
1129
330
70
100
AcDbEntity
  8
Visible
100
AcDbLine
 10
1342.791717
 20
506.952709
 30
0.0
 11
1348.791717
 21
506.952709
 31
0.0
  0
LINE
  5
112A
330
70
100
AcDbEntity
  8
Visible
100
AcDbLine
 10
1342.791717
 20
477.952709
 30
0.0
 11
1342.791717
 21
506.952709
 31
0.0
  0
LINE
  5
112B
330
70
100
AcDbEntity
  8
Visible
100
AcDbLine
 10
1348.791717
 20
477.952709
 30
0.0
 11
1342.791717
 21
477.952709
 31
0.0
  0
LINE
  5
112C
330
70
100
AcDbEntity
  8
Visible
100
AcDbLine
 10
1348.791717
 20
448.952709
 30
0.0
 11
1348.791717
 21
477.952709
 31
0.0
  0
LINE
  5
112D
330
70
100
AcDbEntity
  8
Visible
100
AcDbLine
 10
1342.791717
 20
448.952709
 30
0.0
 11
1348.791717
 21
448.952709
 31
0.0
  0
LINE
  5
112E
330
70
100
AcDbEntity
  8
Visible
100
AcDbLine
 10
1342.791717
 20
419.952709
 30
0.0
 11
1342.791717
 21
448.952709
 31
0.0
  0
LINE
  5
112F
330
70
100
AcDbEntity
  8
Visible
100
AcDbLine
 10
1348.791717
 20
419.952709
 30
0.0
 11
1342.791717
 21
419.952709
 31
0.0
  0
LINE
  5
1130
330
70
100
AcDbEntity
  8
Visible
100
AcDbLine
 10
1348.791717
 20
390.952709
 30
0.0
 11
1348.791717
 21
419.952709
 31
0.0
  0
LINE
  5
1131
330
70
100
AcDbEntity
  8
Visible
100
AcDbLine
 10
1342.791717
 20
390.952709
 30
0.0
 11
1348.791717
 21
390.952709
 31
0.0
  0
LINE
  5
1132
330
70
100
AcDbEntity
  8
Visible
100
AcDbLine
 10
1342.791717
 20
361.952709
 30
0.0
 11
1342.791717
 21
390.952709
 31
0.0
  0
LINE
  5
1133
330
70
100
AcDbEntity
  8
Visible
100
AcDbLine
 10
1348.791717
 20
361.952709
 30
0.0
 11
1342.791717
 21
361.952709
 31
0.0
  0
LINE
  5
1134
330
70
100
AcDbEntity
  8
Visible
100
AcDbLine
 10
1348.791717
 20
332.952709
 30
0.0
 11
1348.791717
 21
361.952709
 31
0.0
  0
LINE
  5
1135
330
70
100
AcDbEntity
  8
Visible
100
AcDbLine
 10
1342.791717
 20
332.952709
 30
0.0
 11
1348.791717
 21
332.952709
 31
0.0
  0
LINE
  5
1136
330
70
100
AcDbEntity
  8
Visible
100
AcDbLine
 10
1342.791717
 20
303.952709
 30
0.0
 11
1342.791717
 21
332.952709
 31
0.0
  0
LINE
  5
1137
330
70
100
AcDbEntity
  8
Visible
100
AcDbLine
 10
1348.791717
 20
303.952709
 30
0.0
 11
1342.791717
 21
303.952709
 31
0.0
  0
LINE
  5
1138
330
70
100
AcDbEntity
  8
Visible
100
AcDbLine
 10
1348.791717
 20
274.952709
 30
0.0
 11
1348.791717
 21
303.952709
 31
0.0
  0
LINE
  5
1139
330
70
100
AcDbEntity
  8
Visible
100
AcDbLine
 10
1342.791717
 20
274.952709
 30
0.0
 11
1348.791717
 21
274.952709
 31
0.0
  0
LINE
  5
113A
330
70
100
AcDbEntity
  8
Visible
100
AcDbLine
 10
1342.791717
 20
245.952709
 30
0.0
 11
1342.791717
 21
274.952709
 31
0.0
  0
LINE
  5
113B
330
70
100
AcDbEntity
  8
Visible
100
AcDbLine
 10
1348.791717
 20
245.952709
 30
0.0
 11
1342.791717
 21
245.952709
 31
0.0
  0
LINE
  5
113C
330
70
100
AcDbEntity
  8
Visible
100
AcDbLine
 10
1348.791717
 20
216.952709
 30
0.0
 11
1348.791717
 21
245.952709
 31
0.0
  0
LINE
  5
113D
330
70
100
AcDbEntity
  8
Visible
100
AcDbLine
 10
1342.791717
 20
216.952709
 30
0.0
 11
1348.791717
 21
216.952709
 31
0.0
  0
LINE
  5
113E
330
70
100
AcDbEntity
  8
Visible
100
AcDbLine
 10
1342.791717
 20
187.952709
 30
0.0
 11
1342.791717
 21
216.952709
 31
0.0
  0
LINE
  5
113F
330
70
100
AcDbEntity
  8
Visible
100
AcDbLine
 10
1348.791717
 20
187.952709
 30
0.0
 11
1342.791717
 21
187.952709
 31
0.0
  0
LINE
  5
1140
330
70
100
AcDbEntity
  8
Visible
100
AcDbLine
 10
1348.791717
 20
158.952709
 30
0.0
 11
1348.791717
 21
187.952709
 31
0.0
  0
LINE
  5
1141
330
70
100
AcDbEntity
  8
Visible
100
AcDbLine
 10
1342.791717
 20
158.952709
 30
0.0
 11
1348.791717
 21
158.952709
 31
0.0
  0
LINE
  5
1142
330
70
100
AcDbEntity
  8
Visible
100
AcDbLine
 10
1342.791717
 20
129.952709
 30
0.0
 11
1342.791717
 21
158.952709
 31
0.0
  0
LINE
  5
1143
330
70
100
AcDbEntity
  8
Visible
100
AcDbLine
 10
1348.791717
 20
129.952709
 30
0.0
 11
1342.791717
 21
129.952709
 31
0.0
  0
LINE
  5
1144
330
70
100
AcDbEntity
  8
Visible
100
AcDbLine
 10
1348.791717
 20
105.452709
 30
0.0
 11
1348.791717
 21
129.952709
 31
0.0
  0
LINE
  5
1145
330
70
100
AcDbEntity
  8
Visible
100
AcDbLine
 10
1308.291717
 20
105.452709
 30
0.0
 11
1348.791717
 21
105.452709
 31
0.0
  0
LINE
  5
1146
330
70
100
AcDbEntity
  8
Visible
100
AcDbLine
 10
1308.291717
 20
111.452709
 30
0.0
 11
1308.291717
 21
105.452709
 31
0.0
  0
LINE
  5
1147
330
70
100
AcDbEntity
  8
Visible
100
AcDbLine
 10
1279.291717
 20
111.452709
 30
0.0
 11
1308.291717
 21
111.452709
 31
0.0
  0
LINE
  5
1148
330
70
100
AcDbEntity
  8
Visible
100
AcDbLine
 10
1279.291717
 20
105.452709
 30
0.0
 11
1279.291717
 21
111.452709
 31
0.0
  0
LINE
  5
1149
330
70
100
AcDbEntity
  8
Visible
100
AcDbLine
 10
1250.291717
 20
105.452709
 30
0.0
 11
1279.291717
 21
105.452709
 31
0.0
  0
LINE
  5
114A
330
70
100
AcDbEntity
  8
Visible
100
AcDbLine
 10
1250.291717
 20
111.452709
 30
0.0
 11
1250.291717
 21
105.452709
 31
0.0
  0
LINE
  5
114B
330
70
100
AcDbEntity
  8
Visible
100
AcDbLine
 10
1221.291717
 20
111.452709
 30
0.0
 11
1250.291717
 21
111.452709
 31
0.0
  0
LINE
  5
114C
330
70
100
AcDbEntity
  8
Visible
100
AcDbLine
 10
1221.291717
 20
105.452709
 30
0.0
 11
1221.291717
 21
111.452709
 31
0.0
  0
LINE
  5
114D
330
70
100
AcDbEntity
  8
Visible
100
AcDbLine
 10
1192.291717
 20
105.452709
 30
0.0
 11
1221.291717
 21
105.452709
 31
0.0
  0
LINE
  5
114E
330
70
100
AcDbEntity
  8
Visible
100
AcDbLine
 10
1192.291717
 20
111.452709
 30
0.0
 11
1192.291717
 21
105.452709
 31
0.0
  0
LINE
  5
114F
330
70
100
AcDbEntity
  8
Visible
100
AcDbLine
 10
1163.291717
 20
111.452709
 30
0.0
 11
1192.291717
 21
111.452709
 31
0.0
  0
LINE
  5
1150
330
70
100
AcDbEntity
  8
Visible
100
AcDbLine
 10
1163.291717
 20
105.452709
 30
0.0
 11
1163.291717
 21
111.452709
 31
0.0
  0
LINE
  5
1151
330
70
100
AcDbEntity
  8
Visible
100
AcDbLine
 10
1134.291717
 20
105.452709
 30
0.0
 11
1163.291717
 21
105.452709
 31
0.0
  0
LINE
  5
1152
330
70
100
AcDbEntity
  8
Visible
100
AcDbLine
 10
1134.291717
 20
111.452709
 30
0.0
 11
1134.291717
 21
105.452709
 31
0.0
  0
LINE
  5
1153
330
70
100
AcDbEntity
  8
Visible
100
AcDbLine
 10
1105.291717
 20
111.452709
 30
0.0
 11
1134.291717
 21
111.452709
 31
0.0
  0
LINE
  5
1154
330
70
100
AcDbEntity
  8
Visible
100
AcDbLine
 10
1105.291717
 20
105.452709
 30
0.0
 11
1105.291717
 21
111.452709
 31
0.0
  0
LINE
  5
1155
330
70
100
AcDbEntity
  8
Visible
100
AcDbLine
 10
1076.291717
 20
105.452709
 30
0.0
 11
1105.291717
 21
105.452709
 31
0.0
  0
LINE
  5
1156
330
70
100
AcDbEntity
  8
Visible
100
AcDbLine
 10
1076.291717
 20
111.452709
 30
0.0
 11
1076.291717
 21
105.452709
 31
0.0
  0
LINE
  5
1157
330
70
100
AcDbEntity
  8
Visible
100
AcDbLine
 10
1047.291717
 20
111.452709
 30
0.0
 11
1076.291717
 21
111.452709
 31
0.0
  0
LINE
  5
1158
330
70
100
AcDbEntity
  8
Visible
100
AcDbLine
 10
1047.291717
 20
105.452709
 30
0.0
 11
1047.291717
 21
111.452709
 31
0.0
  0
LINE
  5
1159
330
70
100
AcDbEntity
  8
Visible
100
AcDbLine
 10
1018.291717
 20
105.452709
 30
0.0
 11
1047.291717
 21
105.452709
 31
0.0
  0
LINE
  5
115A
330
70
100
AcDbEntity
  8
Visible
100
AcDbLine
 10
1018.291717
 20
111.452709
 30
0.0
 11
1018.291717
 21
105.452709
 31
0.0
  0
LINE
  5
115B
330
70
100
AcDbEntity
  8
Visible
100
AcDbLine
 10
989.291717
 20
111.452709
 30
0.0
 11
1018.291717
 21
111.452709
 31
0.0
  0
LINE
  5
115C
330
70
100
AcDbEntity
  8
Visible
100
AcDbLine
 10
989.291717
 20
105.452709
 30
0.0
 11
989.291717
 21
111.452709
 31
0.0
  0
LINE
  5
115D
330
70
100
AcDbEntity
  8
Visible
100
AcDbLine
 10
948.791717
 20
105.452709
 30
0.0
 11
989.291717
 21
105.452709
 31
0.0
  0
LINE
  5
115E
330
70
100
AcDbEntity
  8
Visible
100
AcDbLine
 10
948.791717
 20
129.952709
 30
0.0
 11
948.791717
 21
105.452709
 31
0.0
  0
LINE
  5
115F
330
70
100
AcDbEntity
  8
Visible
100
AcDbLine
 10
954.791717
 20
129.952709
 30
0.0
 11
948.791717
 21
129.952709
 31
0.0
  0
LINE
  5
1160
330
70
100
AcDbEntity
  8
Visible
100
AcDbLine
 10
954.791717
 20
158.952709
 30
0.0
 11
954.791717
 21
129.952709
 31
0.0
  0
LINE
  5
1161
330
70
100
AcDbEntity
  8
Visible
100
AcDbLine
 10
948.791717
 20
158.952709
 30
0.0
 11
954.791717
 21
158.952709
 31
0.0
  0
LINE
  5
1162
330
70
100
AcDbEntity
  8
Visible
100
AcDbLine
 10
948.791717
 20
187.952709
 30
0.0
 11
948.791717
 21
158.952709
 31
0.0
  0
LINE
  5
1163
330
70
100
AcDbEntity
  8
Visible
100
AcDbLine
 10
954.791717
 20
187.952709
 30
0.0
 11
948.791717
 21
187.952709
 31
0.0
  0
LINE
  5
1164
330
70
100
AcDbEntity
  8
Visible
100
AcDbLine
 10
954.791717
 20
216.952709
 30
0.0
 11
954.791717
 21
187.952709
 31
0.0
  0
LINE
  5
1165
330
70
100
AcDbEntity
  8
Visible
100
AcDbLine
 10
948.791717
 20
216.952709
 30
0.0
 11
954.791717
 21
216.952709
 31
0.0
  0
LINE
  5
1166
330
70
100
AcDbEntity
  8
Visible
100
AcDbLine
 10
948.791717
 20
245.952709
 30
0.0
 11
948.791717
 21
216.952709
 31
0.0
  0
LINE
  5
1167
330
70
100
AcDbEntity
  8
Visible
100
AcDbLine
 10
954.791717
 20
245.952709
 30
0.0
 11
948.791717
 21
245.952709
 31
0.0
  0
LINE
  5
1168
330
70
100
AcDbEntity
  8
Visible
100
AcDbLine
 10
954.791717
 20
274.952709
 30
0.0
 11
954.791717
 21
245.952709
 31
0.0
  0
LINE
  5
1169
330
70
100
AcDbEntity
  8
Visible
100
AcDbLine
 10
948.791717
 20
274.952709
 30
0.0
 11
954.791717
 21
274.952709
 31
0.0
  0
LINE
  5
116A
330
70
100
AcDbEntity
  8
Visible
100
AcDbLine
 10
948.791717
 20
303.952709
 30
0.0
 11
948.791717
 21
274.952709
 31
0.0
  0
LINE
  5
116B
330
70
100
AcDbEntity
  8
Visible
100
AcDbLine
 10
954.791717
 20
303.952709
 30
0.0
 11
948.791717
 21
303.952709
 31
0.0
  0
LINE
  5
116C
330
70
100
AcDbEntity
  8
Visible
100
AcDbLine
 10
954.791717
 20
332.952709
 30
0.0
 11
954.791717
 21
303.952709
 31
0.0
  0
LINE
  5
116D
330
70
100
AcDbEntity
  8
Visible
100
AcDbLine
 10
948.791717
 20
332.952709
 30
0.0
 11
954.791717
 21
332.952709
 31
0.0
  0
LINE
  5
116E
330
70
100
AcDbEntity
  8
Visible
100
AcDbLine
 10
948.791717
 20
361.952709
 30
0.0
 11
948.791717
 21
332.952709
 31
0.0
  0
LINE
  5
116F
330
70
100
AcDbEntity
  8
Visible
100
AcDbLine
 10
954.791717
 20
361.952709
 30
0.0
 11
948.791717
 21
361.952709
 31
0.0
  0
LINE
  5
1170
330
70
100
AcDbEntity
  8
Visible
100
AcDbLine
 10
954.791717
 20
390.952709
 30
0.0
 11
954.791717
 21
361.952709
 31
0.0
  0
LINE
  5
1171
330
70
100
AcDbEntity
  8
Visible
100
AcDbLine
 10
948.791717
 20
390.952709
 30
0.0
 11
954.791717
 21
390.952709
 31
0.0
  0
LINE
  5
1172
330
70
100
AcDbEntity
  8
Visible
100
AcDbLine
 10
948.791717
 20
419.952709
 30
0.0
 11
948.791717
 21
390.952709
 31
0.0
  0
LINE
  5
1173
330
70
100
AcDbEntity
  8
Visible
100
AcDbLine
 10
954.791717
 20
419.952709
 30
0.0
 11
948.791717
 21
419.952709
 31
0.0
  0
LINE
  5
1174
330
70
100
AcDbEntity
  8
Visible
100
AcDbLine
 10
954.791717
 20
448.952709
 30
0.0
 11
954.791717
 21
419.952709
 31
0.0
  0
LINE
  5
1175
330
70
100
AcDbEntity
  8
Visible
100
AcDbLine
 10
948.791717
 20
448.952709
 30
0.0
 11
954.791717
 21
448.952709
 31
0.0
  0
LINE
  5
1176
330
70
100
AcDbEntity
  8
Visible
100
AcDbLine
 10
948.791717
 20
477.952709
 30
0.0
 11
948.791717
 21
448.952709
 31
0.0
  0
LINE
  5
1177
330
70
100
AcDbEntity
  8
Visible
100
AcDbLine
 10
954.791717
 20
477.952709
 30
0.0
 11
948.791717
 21
477.952709
 31
0.0
  0
LINE
  5
1178
330
70
100
AcDbEntity
  8
Visible
100
AcDbLine
 10
954.791717
 20
506.952709
 30
0.0
 11
954.791717
 21
477.952709
 31
0.0
  0
LINE
  5
1179
330
70
100
AcDbEntity
  8
Visible
100
AcDbLine
 10
948.791717
 20
506.952709
 30
0.0
 11
954.791717
 21
506.952709
 31
0.0
  0
LINE
  5
117A
330
70
100
AcDbEntity
  8
Visible
100
AcDbLine
 10
948.791717
 20
535.952709
 30
0.0
 11
948.791717
 21
506.952709
 31
0.0
  0
LINE
  5
117B
330
70
100
AcDbEntity
  8
Visible
100
AcDbLine
 10
954.791717
 20
535.952709
 30
0.0
 11
948.791717
 21
535.952709
 31
0.0
  0
LINE
  5
117C
330
70
100
AcDbEntity
  8
Visible
100
AcDbLine
 10
954.791717
 20
564.952709
 30
0.0
 11
954.791717
 21
535.952709
 31
0.0
  0
LINE
  5
117D
330
70
100
AcDbEntity
  8
Visible
100
AcDbLine
 10
948.791717
 20
564.952709
 30
0.0
 11
954.791717
 21
564.952709
 31
0.0
  0
LINE
  5
117E
330
70
100
AcDbEntity
  8
Visible
100
AcDbLine
 10
948.791717
 20
593.952709
 30
0.0
 11
948.791717
 21
564.952709
 31
0.0
  0
LINE
  5
117F
330
70
100
AcDbEntity
  8
Visible
100
AcDbLine
 10
954.791717
 20
593.952709
 30
0.0
 11
948.791717
 21
593.952709
 31
0.0
  0
LINE
  5
1180
330
70
100
AcDbEntity
  8
Visible
100
AcDbLine
 10
954.791717
 20
622.952709
 30
0.0
 11
954.791717
 21
593.952709
 31
0.0
  0
LINE
  5
1181
330
70
100
AcDbEntity
  8
Visible
100
AcDbLine
 10
948.791717
 20
622.952709
 30
0.0
 11
954.791717
 21
622.952709
 31
0.0
  0
LINE
  5
1182
330
70
100
AcDbEntity
  8
Visible
100
AcDbLine
 10
948.791717
 20
651.952709
 30
0.0
 11
948.791717
 21
622.952709
 31
0.0
  0
LINE
  5
1183
330
70
100
AcDbEntity
  8
Visible
100
AcDbLine
 10
954.791717
 20
651.952709
 30
0.0
 11
948.791717
 21
651.952709
 31
0.0
  0
LINE
  5
1184
330
70
100
AcDbEntity
  8
Visible
100
AcDbLine
 10
954.791717
 20
680.952709
 30
0.0
 11
954.791717
 21
651.952709
 31
0.0
  0
LINE
  5
1185
330
70
100
AcDbEntity
  8
Visible
100
AcDbLine
 10
948.791717
 20
680.952709
 30
0.0
 11
954.791717
 21
680.952709
 31
0.0
  0
LINE
  5
1186
330
70
100
AcDbEntity
  8
Visible
100
AcDbLine
 10
948.791717
 20
705.452709
 30
0.0
 11
948.791717
 21
680.952709
 31
0.0
  0
LINE
  5
1187
330
70
100
AcDbEntity
  8
Visible
100
AcDbLine
 10
989.291717
 20
705.452709
 30
0.0
 11
948.791717
 21
705.452709
 31
0.0
  0
LINE
  5
1188
330
70
100
AcDbEntity
  8
Visible
100
AcDbLine
 10
989.291717
 20
699.452709
 30
0.0
 11
989.291717
 21
705.452709
 31
0.0
  0
LINE
  5
1189
330
70
100
AcDbEntity
  8
Visible
100
AcDbLine
 10
1018.291717
 20
699.452709
 30
0.0
 11
989.291717
 21
699.452709
 31
0.0
  0
LINE
  5
118A
330
70
100
AcDbEntity
  8
Visible
100
AcDbLine
 10
1018.291717
 20
705.452709
 30
0.0
 11
1018.291717
 21
699.452709
 31
0.0
  0
LINE
  5
118B
330
70
100
AcDbEntity
  8
Visible
100
AcDbLine
 10
1047.291717
 20
705.452709
 30
0.0
 11
1018.291717
 21
705.452709
 31
0.0
  0
LINE
  5
118C
330
70
100
AcDbEntity
  8
Visible
100
AcDbLine
 10
1047.291717
 20
699.452709
 30
0.0
 11
1047.291717
 21
705.452709
 31
0.0
  0
LINE
  5
118D
330
70
100
AcDbEntity
  8
Visible
100
AcDbLine
 10
1076.291717
 20
699.452709
 30
0.0
 11
1047.291717
 21
699.452709
 31
0.0
  0
LINE
  5
118E
330
70
100
AcDbEntity
  8
Visible
100
AcDbLine
 10
1076.291717
 20
705.452709
 30
0.0
 11
1076.291717
 21
699.452709
 31
0.0
  0
LINE
  5
118F
330
70
100
AcDbEntity
  8
Visible
100
AcDbLine
 10
1105.291717
 20
705.452709
 30
0.0
 11
1076.291717
 21
705.452709
 31
0.0
  0
LINE
  5
1190
330
70
100
AcDbEntity
  8
Visible
100
AcDbLine
 10
1105.291717
 20
699.452709
 30
0.0
 11
1105.291717
 21
705.452709
 31
0.0
  0
LINE
  5
1191
330
70
100
AcDbEntity
  8
Visible
100
AcDbLine
 10
1134.291717
 20
699.452709
 30
0.0
 11
1105.291717
 21
699.452709
 31
0.0
  0
LINE
  5
1192
330
70
100
AcDbEntity
  8
Visible
100
AcDbLine
 10
1134.291717
 20
705.452709
 30
0.0
 11
1134.291717
 21
699.452709
 31
0.0
  0
LINE
  5
1193
330
70
100
AcDbEntity
  8
Visible
100
AcDbLine
 10
1163.291717
 20
705.452709
 30
0.0
 11
1134.291717
 21
705.452709
 31
0.0
  0
LINE
  5
1194
330
70
100
AcDbEntity
  8
Visible
100
AcDbLine
 10
1163.291717
 20
699.452709
 30
0.0
 11
1163.291717
 21
705.452709
 31
0.0
  0
LINE
  5
1195
330
70
100
AcDbEntity
  8
Visible
100
AcDbLine
 10
1192.291717
 20
699.452709
 30
0.0
 11
1163.291717
 21
699.452709
 31
0.0
  0
LINE
  5
1196
330
70
100
AcDbEntity
  8
Visible
100
AcDbLine
 10
1192.291717
 20
705.452709
 30
0.0
 11
1192.291717
 21
699.452709
 31
0.0
  0
LINE
  5
1197
330
70
100
AcDbEntity
  8
Visible
100
AcDbLine
 10
1221.291717
 20
705.452709
 30
0.0
 11
1192.291717
 21
705.452709
 31
0.0
  0
LINE
  5
1198
330
70
100
AcDbEntity
  8
Visible
100
AcDbLine
 10
1221.291717
 20
699.452709
 30
0.0
 11
1221.291717
 21
705.452709
 31
0.0
  0
LINE
  5
1199
330
70
100
AcDbEntity
  8
Visible
100
AcDbLine
 10
1250.291717
 20
699.452709
 30
0.0
 11
1221.291717
 21
699.452709
 31
0.0
  0
LINE
  5
119A
330
70
100
AcDbEntity
  8
Visible
100
AcDbLine
 10
1250.291717
 20
705.452709
 30
0.0
 11
1250.291717
 21
699.452709
 31
0.0
  0
LINE
  5
119B
330
70
100
AcDbEntity
  8
Visible
100
AcDbLine
 10
1279.291717
 20
705.452709
 30
0.0
 11
1250.291717
 21
705.452709
 31
0.0
  0
LINE
  5
119C
330
70
100
AcDbEntity
  8
Visible
100
AcDbLine
 10
1279.291717
 20
699.452709
 30
0.0
 11
1279.291717
 21
705.452709
 31
0.0
  0
LINE
  5
119D
330
70
100
AcDbEntity
  8
Visible
100
AcDbLine
 10
1308.291717
 20
699.452709
 30
0.0
 11
1279.291717
 21
699.452709
 31
0.0
  0
LINE
  5
119E
330
70
100
AcDbEntity
  8
Visible
100
AcDbLine
 10
1308.291717
 20
705.452709
 30
0.0
 11
1308.291717
 21
699.452709
 31
0.0
  0
LINE
  5
119F
330
70
100
AcDbEntity
  8
Visible
100
AcDbLine
 10
1348.791717
 20
705.452709
 30
0.0
 11
1308.291717
 21
705.452709
 31
0.0
  0
LINE
  5
11A0
330
70
100
AcDbEntity
  8
Visible
100
AcDbLine
 10
1348.791717
 20
680.952709
 30
0.0
 11
1348.791717
 21
705.452709
 31
0.0
  0
LINE
  5
11A1
330
70
100
AcDbEntity
  8
Visible
100
AcDbLine
 10
754.686717
 20
403.769786
 30
0.0
 11
754.686717
 21
401.360709
 31
0.0
  0
LINE
  5
11A2
330
70
100
AcDbEntity
  8
Visible
100
AcDbLine
 10
755.46953
 20
404.406237
 30
0.0
 11
754.686717
 21
403.769786
 31
0.0
  0
LINE
  5
11A3
330
70
100
AcDbEntity
  8
Visible
100
AcDbLine
 10
757.758717
 20
401.360709
 30
0.0
 11
755.46953
 21
404.406237
 31
0.0
  0
LINE
  5
11A4
330
70
100
AcDbEntity
  8
Visible
100
AcDbLine
 10
758.910717
 20
401.360709
 30
0.0
 11
757.758717
 21
401.360709
 31
0.0
  0
LINE
  5
11A5
330
70
100
AcDbEntity
  8
Visible
100
AcDbLine
 10
756.138893
 20
404.95045
 30
0.0
 11
758.910717
 21
401.360709
 31
0.0
  0
LINE
  5
11A6
330
70
100
AcDbEntity
  8
Visible
100
AcDbLine
 10
758.778717
 20
407.096709
 30
0.0
 11
756.138893
 21
404.95045
 31
0.0
  0
LINE
  5
11A7
330
70
100
AcDbEntity
  8
Visible
100
AcDbLine
 10
757.470717
 20
407.096709
 30
0.0
 11
758.778717
 21
407.096709
 31
0.0
  0
LINE
  5
11A8
330
70
100
AcDbEntity
  8
Visible
100
AcDbLine
 10
754.686717
 20
404.769103
 30
0.0
 11
757.470717
 21
407.096709
 31
0.0
  0
LINE
  5
11A9
330
70
100
AcDbEntity
  8
Visible
100
AcDbLine
 10
754.686717
 20
409.544709
 30
0.0
 11
754.686717
 21
404.769103
 31
0.0
  0
LINE
  5
11AA
330
70
100
AcDbEntity
  8
Visible
100
AcDbLine
 10
753.750717
 20
409.544709
 30
0.0
 11
754.686717
 21
409.544709
 31
0.0
  0
LINE
  5
11AB
330
70
100
AcDbEntity
  8
Visible
100
AcDbLine
 10
753.750717
 20
401.360709
 30
0.0
 11
753.750717
 21
409.544709
 31
0.0
  0
LINE
  5
11AC
330
70
100
AcDbEntity
  8
Visible
100
AcDbLine
 10
754.686717
 20
401.360709
 30
0.0
 11
753.750717
 21
401.360709
 31
0.0
  0
LINE
  5
11AD
330
70
100
AcDbEntity
  8
Visible
100
AcDbLine
 10
749.847717
 20
401.227709
 30
0.0
 11
749.713717
 21
401.219709
 31
0.0
  0
LINE
  5
11AE
330
70
100
AcDbEntity
  8
Visible
100
AcDbLine
 10
749.979717
 20
401.240709
 30
0.0
 11
749.847717
 21
401.227709
 31
0.0
  0
LINE
  5
11AF
330
70
100
AcDbEntity
  8
Visible
100
AcDbLine
 10
750.106717
 20
401.259709
 30
0.0
 11
749.979717
 21
401.240709
 31
0.0
  0
LINE
  5
11B0
330
70
100
AcDbEntity
  8
Visible
100
AcDbLine
 10
750.230717
 20
401.284709
 30
0.0
 11
750.106717
 21
401.259709
 31
0.0
  0
LINE
  5
11B1
330
70
100
AcDbEntity
  8
Visible
100
AcDbLine
 10
750.351717
 20
401.313709
 30
0.0
 11
750.230717
 21
401.284709
 31
0.0
  0
LINE
  5
11B2
330
70
100
AcDbEntity
  8
Visible
100
AcDbLine
 10
750.467717
 20
401.348709
 30
0.0
 11
750.351717
 21
401.313709
 31
0.0
  0
LINE
  5
11B3
330
70
100
AcDbEntity
  8
Visible
100
AcDbLine
 10
750.580717
 20
401.389709
 30
0.0
 11
750.467717
 21
401.348709
 31
0.0
  0
LINE
  5
11B4
330
70
100
AcDbEntity
  8
Visible
100
AcDbLine
 10
750.689717
 20
401.435709
 30
0.0
 11
750.580717
 21
401.389709
 31
0.0
  0
LINE
  5
11B5
330
70
100
AcDbEntity
  8
Visible
100
AcDbLine
 10
750.795717
 20
401.486709
 30
0.0
 11
750.689717
 21
401.435709
 31
0.0
  0
LINE
  5
11B6
330
70
100
AcDbEntity
  8
Visible
100
AcDbLine
 10
750.896717
 20
401.542709
 30
0.0
 11
750.795717
 21
401.486709
 31
0.0
  0
LINE
  5
11B7
330
70
100
AcDbEntity
  8
Visible
100
AcDbLine
 10
750.993717
 20
401.602709
 30
0.0
 11
750.896717
 21
401.542709
 31
0.0
  0
LINE
  5
11B8
330
70
100
AcDbEntity
  8
Visible
100
AcDbLine
 10
751.085717
 20
401.666709
 30
0.0
 11
750.993717
 21
401.602709
 31
0.0
  0
LINE
  5
11B9
330
70
100
AcDbEntity
  8
Visible
100
AcDbLine
 10
751.172717
 20
401.734709
 30
0.0
 11
751.085717
 21
401.666709
 31
0.0
  0
LINE
  5
11BA
330
70
100
AcDbEntity
  8
Visible
100
AcDbLine
 10
751.255717
 20
401.805709
 30
0.0
 11
751.172717
 21
401.734709
 31
0.0
  0
LINE
  5
11BB
330
70
100
AcDbEntity
  8
Visible
100
AcDbLine
 10
751.332717
 20
401.881709
 30
0.0
 11
751.255717
 21
401.805709
 31
0.0
  0
LINE
  5
11BC
330
70
100
AcDbEntity
  8
Visible
100
AcDbLine
 10
751.405717
 20
401.961709
 30
0.0
 11
751.332717
 21
401.881709
 31
0.0
  0
LINE
  5
11BD
330
70
100
AcDbEntity
  8
Visible
100
AcDbLine
 10
751.474717
 20
402.045709
 30
0.0
 11
751.405717
 21
401.961709
 31
0.0
  0
LINE
  5
11BE
330
70
100
AcDbEntity
  8
Visible
100
AcDbLine
 10
751.537717
 20
402.132709
 30
0.0
 11
751.474717
 21
402.045709
 31
0.0
  0
LINE
  5
11BF
330
70
100
AcDbEntity
  8
Visible
100
AcDbLine
 10
751.596717
 20
402.224709
 30
0.0
 11
751.537717
 21
402.132709
 31
0.0
  0
LINE
  5
11C0
330
70
100
AcDbEntity
  8
Visible
100
AcDbLine
 10
751.650717
 20
402.319709
 30
0.0
 11
751.596717
 21
402.224709
 31
0.0
  0
LINE
  5
11C1
330
70
100
AcDbEntity
  8
Visible
100
AcDbLine
 10
751.698717
 20
402.416709
 30
0.0
 11
751.650717
 21
402.319709
 31
0.0
  0
LINE
  5
11C2
330
70
100
AcDbEntity
  8
Visible
100
AcDbLine
 10
751.740717
 20
402.517709
 30
0.0
 11
751.698717
 21
402.416709
 31
0.0
  0
LINE
  5
11C3
330
70
100
AcDbEntity
  8
Visible
100
AcDbLine
 10
751.776717
 20
402.620709
 30
0.0
 11
751.740717
 21
402.517709
 31
0.0
  0
LINE
  5
11C4
330
70
100
AcDbEntity
  8
Visible
100
AcDbLine
 10
751.807717
 20
402.725709
 30
0.0
 11
751.776717
 21
402.620709
 31
0.0
  0
LINE
  5
11C5
330
70
100
AcDbEntity
  8
Visible
100
AcDbLine
 10
751.833717
 20
402.833709
 30
0.0
 11
751.807717
 21
402.725709
 31
0.0
  0
LINE
  5
11C6
330
70
100
AcDbEntity
  8
Visible
100
AcDbLine
 10
751.853717
 20
402.944709
 30
0.0
 11
751.833717
 21
402.833709
 31
0.0
  0
LINE
  5
11C7
330
70
100
AcDbEntity
  8
Visible
100
AcDbLine
 10
751.867717
 20
403.057709
 30
0.0
 11
751.853717
 21
402.944709
 31
0.0
  0
LINE
  5
11C8
330
70
100
AcDbEntity
  8
Visible
100
AcDbLine
 10
751.875717
 20
403.173709
 30
0.0
 11
751.867717
 21
403.057709
 31
0.0
  0
LINE
  5
11C9
330
70
100
AcDbEntity
  8
Visible
100
AcDbLine
 10
751.878717
 20
403.292709
 30
0.0
 11
751.875717
 21
403.173709
 31
0.0
  0
LINE
  5
11CA
330
70
100
AcDbEntity
  8
Visible
100
AcDbLine
 10
750.918717
 20
403.292709
 30
0.0
 11
751.878717
 21
403.292709
 31
0.0
  0
LINE
  5
11CB
330
70
100
AcDbEntity
  8
Visible
100
AcDbLine
 10
750.915717
 20
403.178709
 30
0.0
 11
750.918717
 21
403.292709
 31
0.0
  0
LINE
  5
11CC
330
70
100
AcDbEntity
  8
Visible
100
AcDbLine
 10
750.904717
 20
403.069709
 30
0.0
 11
750.915717
 21
403.178709
 31
0.0
  0
LINE
  5
11CD
330
70
100
AcDbEntity
  8
Visible
100
AcDbLine
 10
750.887717
 20
402.966709
 30
0.0
 11
750.904717
 21
403.069709
 31
0.0
  0
LINE
  5
11CE
330
70
100
AcDbEntity
  8
Visible
100
AcDbLine
 10
750.863717
 20
402.867709
 30
0.0
 11
750.887717
 21
402.966709
 31
0.0
  0
LINE
  5
11CF
330
70
100
AcDbEntity
  8
Visible
100
AcDbLine
 10
750.832717
 20
402.774709
 30
0.0
 11
750.863717
 21
402.867709
 31
0.0
  0
LINE
  5
11D0
330
70
100
AcDbEntity
  8
Visible
100
AcDbLine
 10
750.794717
 20
402.685709
 30
0.0
 11
750.832717
 21
402.774709
 31
0.0
  0
LINE
  5
11D1
330
70
100
AcDbEntity
  8
Visible
100
AcDbLine
 10
750.749717
 20
402.602709
 30
0.0
 11
750.794717
 21
402.685709
 31
0.0
  0
LINE
  5
11D2
330
70
100
AcDbEntity
  8
Visible
100
AcDbLine
 10
750.697717
 20
402.524709
 30
0.0
 11
750.749717
 21
402.602709
 31
0.0
  0
LINE
  5
11D3
330
70
100
AcDbEntity
  8
Visible
100
AcDbLine
 10
750.639717
 20
402.451709
 30
0.0
 11
750.697717
 21
402.524709
 31
0.0
  0
LINE
  5
11D4
330
70
100
AcDbEntity
  8
Visible
100
AcDbLine
 10
750.573717
 20
402.383709
 30
0.0
 11
750.639717
 21
402.451709
 31
0.0
  0
LINE
  5
11D5
330
70
100
AcDbEntity
  8
Visible
100
AcDbLine
 10
750.501717
 20
402.321709
 30
0.0
 11
750.573717
 21
402.383709
 31
0.0
  0
LINE
  5
11D6
330
70
100
AcDbEntity
  8
Visible
100
AcDbLine
 10
750.422717
 20
402.265709
 30
0.0
 11
750.501717
 21
402.321709
 31
0.0
  0
LINE
  5
11D7
330
70
100
AcDbEntity
  8
Visible
100
AcDbLine
 10
750.337717
 20
402.216709
 30
0.0
 11
750.422717
 21
402.265709
 31
0.0
  0
LINE
  5
11D8
330
70
100
AcDbEntity
  8
Visible
100
AcDbLine
 10
750.246717
 20
402.174709
 30
0.0
 11
750.337717
 21
402.216709
 31
0.0
  0
LINE
  5
11D9
330
70
100
AcDbEntity
  8
Visible
100
AcDbLine
 10
750.148717
 20
402.138709
 30
0.0
 11
750.246717
 21
402.174709
 31
0.0
  0
LINE
  5
11DA
330
70
100
AcDbEntity
  8
Visible
100
AcDbLine
 10
750.043717
 20
402.108709
 30
0.0
 11
750.148717
 21
402.138709
 31
0.0
  0
LINE
  5
11DB
330
70
100
AcDbEntity
  8
Visible
100
AcDbLine
 10
749.933717
 20
402.085709
 30
0.0
 11
750.043717
 21
402.108709
 31
0.0
  0
LINE
  5
11DC
330
70
100
AcDbEntity
  8
Visible
100
AcDbLine
 10
749.816717
 20
402.069709
 30
0.0
 11
749.933717
 21
402.085709
 31
0.0
  0
LINE
  5
11DD
330
70
100
AcDbEntity
  8
Visible
100
AcDbLine
 10
749.692717
 20
402.059709
 30
0.0
 11
749.816717
 21
402.069709
 31
0.0
  0
LINE
  5
11DE
330
70
100
AcDbEntity
  8
Visible
100
AcDbLine
 10
749.562717
 20
402.056709
 30
0.0
 11
749.692717
 21
402.059709
 31
0.0
  0
LINE
  5
11DF
330
70
100
AcDbEntity
  8
Visible
100
AcDbLine
 10
749.468717
 20
402.059709
 30
0.0
 11
749.562717
 21
402.056709
 31
0.0
  0
LINE
  5
11E0
330
70
100
AcDbEntity
  8
Visible
100
AcDbLine
 10
749.376717
 20
402.067709
 30
0.0
 11
749.468717
 21
402.059709
 31
0.0
  0
LINE
  5
11E1
330
70
100
AcDbEntity
  8
Visible
100
AcDbLine
 10
749.287717
 20
402.080709
 30
0.0
 11
749.376717
 21
402.067709
 31
0.0
  0
LINE
  5
11E2
330
70
100
AcDbEntity
  8
Visible
100
AcDbLine
 10
749.199717
 20
402.099709
 30
0.0
 11
749.287717
 21
402.080709
 31
0.0
  0
LINE
  5
11E3
330
70
100
AcDbEntity
  8
Visible
100
AcDbLine
 10
749.113717
 20
402.123709
 30
0.0
 11
749.199717
 21
402.099709
 31
0.0
  0
LINE
  5
11E4
330
70
100
AcDbEntity
  8
Visible
100
AcDbLine
 10
749.030717
 20
402.153709
 30
0.0
 11
749.113717
 21
402.123709
 31
0.0
  0
LINE
  5
11E5
330
70
100
AcDbEntity
  8
Visible
100
AcDbLine
 10
748.948717
 20
402.188709
 30
0.0
 11
749.030717
 21
402.153709
 31
0.0
  0
LINE
  5
11E6
330
70
100
AcDbEntity
  8
Visible
100
AcDbLine
 10
748.869717
 20
402.229709
 30
0.0
 11
748.948717
 21
402.188709
 31
0.0
  0
LINE
  5
11E7
330
70
100
AcDbEntity
  8
Visible
100
AcDbLine
 10
748.791717
 20
402.275709
 30
0.0
 11
748.869717
 21
402.229709
 31
0.0
  0
LINE
  5
11E8
330
70
100
AcDbEntity
  8
Visible
100
AcDbLine
 10
748.716717
 20
402.326709
 30
0.0
 11
748.791717
 21
402.275709
 31
0.0
  0
LINE
  5
11E9
330
70
100
AcDbEntity
  8
Visible
100
AcDbLine
 10
748.643717
 20
402.382709
 30
0.0
 11
748.716717
 21
402.326709
 31
0.0
  0
LINE
  5
11EA
330
70
100
AcDbEntity
  8
Visible
100
AcDbLine
 10
748.574717
 20
402.443709
 30
0.0
 11
748.643717
 21
402.382709
 31
0.0
  0
LINE
  5
11EB
330
70
100
AcDbEntity
  8
Visible
100
AcDbLine
 10
748.507717
 20
402.508709
 30
0.0
 11
748.574717
 21
402.443709
 31
0.0
  0
LINE
  5
11EC
330
70
100
AcDbEntity
  8
Visible
100
AcDbLine
 10
748.444717
 20
402.577709
 30
0.0
 11
748.507717
 21
402.508709
 31
0.0
  0
LINE
  5
11ED
330
70
100
AcDbEntity
  8
Visible
100
AcDbLine
 10
748.384717
 20
402.651709
 30
0.0
 11
748.444717
 21
402.577709
 31
0.0
  0
LINE
  5
11EE
330
70
100
AcDbEntity
  8
Visible
100
AcDbLine
 10
748.327717
 20
402.729709
 30
0.0
 11
748.384717
 21
402.651709
 31
0.0
  0
LINE
  5
11EF
330
70
100
AcDbEntity
  8
Visible
100
AcDbLine
 10
748.273717
 20
402.811709
 30
0.0
 11
748.327717
 21
402.729709
 31
0.0
  0
LINE
  5
11F0
330
70
100
AcDbEntity
  8
Visible
100
AcDbLine
 10
748.223717
 20
402.898709
 30
0.0
 11
748.273717
 21
402.811709
 31
0.0
  0
LINE
  5
11F1
330
70
100
AcDbEntity
  8
Visible
100
AcDbLine
 10
748.175717
 20
402.989709
 30
0.0
 11
748.223717
 21
402.898709
 31
0.0
  0
LINE
  5
11F2
330
70
100
AcDbEntity
  8
Visible
100
AcDbLine
 10
748.131717
 20
403.085709
 30
0.0
 11
748.175717
 21
402.989709
 31
0.0
  0
LINE
  5
11F3
330
70
100
AcDbEntity
  8
Visible
100
AcDbLine
 10
748.091717
 20
403.185709
 30
0.0
 11
748.131717
 21
403.085709
 31
0.0
  0
LINE
  5
11F4
330
70
100
AcDbEntity
  8
Visible
100
AcDbLine
 10
748.054717
 20
403.288709
 30
0.0
 11
748.091717
 21
403.185709
 31
0.0
  0
LINE
  5
11F5
330
70
100
AcDbEntity
  8
Visible
100
AcDbLine
 10
748.022717
 20
403.394709
 30
0.0
 11
748.054717
 21
403.288709
 31
0.0
  0
LINE
  5
11F6
330
70
100
AcDbEntity
  8
Visible
100
AcDbLine
 10
747.995717
 20
403.505709
 30
0.0
 11
748.022717
 21
403.394709
 31
0.0
  0
LINE
  5
11F7
330
70
100
AcDbEntity
  8
Visible
100
AcDbLine
 10
747.971717
 20
403.618709
 30
0.0
 11
747.995717
 21
403.505709
 31
0.0
  0
LINE
  5
11F8
330
70
100
AcDbEntity
  8
Visible
100
AcDbLine
 10
747.952717
 20
403.736709
 30
0.0
 11
747.971717
 21
403.618709
 31
0.0
  0
LINE
  5
11F9
330
70
100
AcDbEntity
  8
Visible
100
AcDbLine
 10
747.937717
 20
403.856709
 30
0.0
 11
747.952717
 21
403.736709
 31
0.0
  0
LINE
  5
11FA
330
70
100
AcDbEntity
  8
Visible
100
AcDbLine
 10
747.927717
 20
403.981709
 30
0.0
 11
747.937717
 21
403.856709
 31
0.0
  0
LINE
  5
11FB
330
70
100
AcDbEntity
  8
Visible
100
AcDbLine
 10
747.920717
 20
404.109709
 30
0.0
 11
747.927717
 21
403.981709
 31
0.0
  0
LINE
  5
11FC
330
70
100
AcDbEntity
  8
Visible
100
AcDbLine
 10
747.918717
 20
404.240709
 30
0.0
 11
747.920717
 21
404.109709
 31
0.0
  0
LINE
  5
11FD
330
70
100
AcDbEntity
  8
Visible
100
AcDbLine
 10
747.920717
 20
404.382709
 30
0.0
 11
747.918717
 21
404.240709
 31
0.0
  0
LINE
  5
11FE
330
70
100
AcDbEntity
  8
Visible
100
AcDbLine
 10
747.927717
 20
404.519709
 30
0.0
 11
747.920717
 21
404.382709
 31
0.0
  0
LINE
  5
11FF
330
70
100
AcDbEntity
  8
Visible
100
AcDbLine
 10
747.939717
 20
404.651709
 30
0.0
 11
747.927717
 21
404.519709
 31
0.0
  0
LINE
  5
1200
330
70
100
AcDbEntity
  8
Visible
100
AcDbLine
 10
747.955717
 20
404.778709
 30
0.0
 11
747.939717
 21
404.651709
 31
0.0
  0
LINE
  5
1201
330
70
100
AcDbEntity
  8
Visible
100
AcDbLine
 10
747.977717
 20
404.901709
 30
0.0
 11
747.955717
 21
404.778709
 31
0.0
  0
LINE
  5
1202
330
70
100
AcDbEntity
  8
Visible
100
AcDbLine
 10
748.002717
 20
405.019709
 30
0.0
 11
747.977717
 21
404.901709
 31
0.0
  0
LINE
  5
1203
330
70
100
AcDbEntity
  8
Visible
100
AcDbLine
 10
748.033717
 20
405.132709
 30
0.0
 11
748.002717
 21
405.019709
 31
0.0
  0
LINE
  5
1204
330
70
100
AcDbEntity
  8
Visible
100
AcDbLine
 10
748.068717
 20
405.240709
 30
0.0
 11
748.033717
 21
405.132709
 31
0.0
  0
LINE
  5
1205
330
70
100
AcDbEntity
  8
Visible
100
AcDbLine
 10
748.108717
 20
405.344709
 30
0.0
 11
748.068717
 21
405.240709
 31
0.0
  0
LINE
  5
1206
330
70
100
AcDbEntity
  8
Visible
100
AcDbLine
 10
748.152717
 20
405.443709
 30
0.0
 11
748.108717
 21
405.344709
 31
0.0
  0
LINE
  5
1207
330
70
100
AcDbEntity
  8
Visible
100
AcDbLine
 10
748.200717
 20
405.537709
 30
0.0
 11
748.152717
 21
405.443709
 31
0.0
  0
LINE
  5
1208
330
70
100
AcDbEntity
  8
Visible
100
AcDbLine
 10
748.251717
 20
405.627709
 30
0.0
 11
748.200717
 21
405.537709
 31
0.0
  0
LINE
  5
1209
330
70
100
AcDbEntity
  8
Visible
100
AcDbLine
 10
748.305717
 20
405.711709
 30
0.0
 11
748.251717
 21
405.627709
 31
0.0
  0
LINE
  5
120A
330
70
100
AcDbEntity
  8
Visible
100
AcDbLine
 10
748.362717
 20
405.791709
 30
0.0
 11
748.305717
 21
405.711709
 31
0.0
  0
LINE
  5
120B
330
70
100
AcDbEntity
  8
Visible
100
AcDbLine
 10
748.421717
 20
405.866709
 30
0.0
 11
748.362717
 21
405.791709
 31
0.0
  0
LINE
  5
120C
330
70
100
AcDbEntity
  8
Visible
100
AcDbLine
 10
748.484717
 20
405.936709
 30
0.0
 11
748.421717
 21
405.866709
 31
0.0
  0
LINE
  5
120D
330
70
100
AcDbEntity
  8
Visible
100
AcDbLine
 10
748.549717
 20
406.002709
 30
0.0
 11
748.484717
 21
405.936709
 31
0.0
  0
LINE
  5
120E
330
70
100
AcDbEntity
  8
Visible
100
AcDbLine
 10
748.617717
 20
406.062709
 30
0.0
 11
748.549717
 21
406.002709
 31
0.0
  0
LINE
  5
120F
330
70
100
AcDbEntity
  8
Visible
100
AcDbLine
 10
748.687717
 20
406.118709
 30
0.0
 11
748.617717
 21
406.062709
 31
0.0
  0
LINE
  5
1210
330
70
100
AcDbEntity
  8
Visible
100
AcDbLine
 10
748.761717
 20
406.169709
 30
0.0
 11
748.687717
 21
406.118709
 31
0.0
  0
LINE
  5
1211
330
70
100
AcDbEntity
  8
Visible
100
AcDbLine
 10
748.837717
 20
406.215709
 30
0.0
 11
748.761717
 21
406.169709
 31
0.0
  0
LINE
  5
1212
330
70
100
AcDbEntity
  8
Visible
100
AcDbLine
 10
748.913717
 20
406.256709
 30
0.0
 11
748.837717
 21
406.215709
 31
0.0
  0
LINE
  5
1213
330
70
100
AcDbEntity
  8
Visible
100
AcDbLine
 10
748.991717
 20
406.293709
 30
0.0
 11
748.913717
 21
406.256709
 31
0.0
  0
LINE
  5
1214
330
70
100
AcDbEntity
  8
Visible
100
AcDbLine
 10
749.069717
 20
406.325709
 30
0.0
 11
748.991717
 21
406.293709
 31
0.0
  0
LINE
  5
1215
330
70
100
AcDbEntity
  8
Visible
100
AcDbLine
 10
749.149717
 20
406.351709
 30
0.0
 11
749.069717
 21
406.325709
 31
0.0
  0
LINE
  5
1216
330
70
100
AcDbEntity
  8
Visible
100
AcDbLine
 10
749.229717
 20
406.373709
 30
0.0
 11
749.149717
 21
406.351709
 31
0.0
  0
LINE
  5
1217
330
70
100
AcDbEntity
  8
Visible
100
AcDbLine
 10
749.311717
 20
406.390709
 30
0.0
 11
749.229717
 21
406.373709
 31
0.0
  0
LINE
  5
1218
330
70
100
AcDbEntity
  8
Visible
100
AcDbLine
 10
749.394717
 20
406.402709
 30
0.0
 11
749.311717
 21
406.390709
 31
0.0
  0
LINE
  5
1219
330
70
100
AcDbEntity
  8
Visible
100
AcDbLine
 10
749.477717
 20
406.410709
 30
0.0
 11
749.394717
 21
406.402709
 31
0.0
  0
LINE
  5
121A
330
70
100
AcDbEntity
  8
Visible
100
AcDbLine
 10
749.562717
 20
406.412709
 30
0.0
 11
749.477717
 21
406.410709
 31
0.0
  0
LINE
  5
121B
330
70
100
AcDbEntity
  8
Visible
100
AcDbLine
 10
749.661717
 20
406.409709
 30
0.0
 11
749.562717
 21
406.412709
 31
0.0
  0
LINE
  5
121C
330
70
100
AcDbEntity
  8
Visible
100
AcDbLine
 10
749.757717
 20
406.400709
 30
0.0
 11
749.661717
 21
406.409709
 31
0.0
  0
LINE
  5
121D
330
70
100
AcDbEntity
  8
Visible
100
AcDbLine
 10
749.851717
 20
406.386709
 30
0.0
 11
749.757717
 21
406.400709
 31
0.0
  0
LINE
  5
121E
330
70
100
AcDbEntity
  8
Visible
100
AcDbLine
 10
749.941717
 20
406.365709
 30
0.0
 11
749.851717
 21
406.386709
 31
0.0
  0
LINE
  5
121F
330
70
100
AcDbEntity
  8
Visible
100
AcDbLine
 10
750.028717
 20
406.339709
 30
0.0
 11
749.941717
 21
406.365709
 31
0.0
  0
LINE
  5
1220
330
70
100
AcDbEntity
  8
Visible
100
AcDbLine
 10
750.112717
 20
406.307709
 30
0.0
 11
750.028717
 21
406.339709
 31
0.0
  0
LINE
  5
1221
330
70
100
AcDbEntity
  8
Visible
100
AcDbLine
 10
750.193717
 20
406.269709
 30
0.0
 11
750.112717
 21
406.307709
 31
0.0
  0
LINE
  5
1222
330
70
100
AcDbEntity
  8
Visible
100
AcDbLine
 10
750.270717
 20
406.226709
 30
0.0
 11
750.193717
 21
406.269709
 31
0.0
  0
LINE
  5
1223
330
70
100
AcDbEntity
  8
Visible
100
AcDbLine
 10
750.345717
 20
406.176709
 30
0.0
 11
750.270717
 21
406.226709
 31
0.0
  0
LINE
  5
1224
330
70
100
AcDbEntity
  8
Visible
100
AcDbLine
 10
750.417717
 20
406.121709
 30
0.0
 11
750.345717
 21
406.176709
 31
0.0
  0
LINE
  5
1225
330
70
100
AcDbEntity
  8
Visible
100
AcDbLine
 10
750.485717
 20
406.061709
 30
0.0
 11
750.417717
 21
406.121709
 31
0.0
  0
LINE
  5
1226
330
70
100
AcDbEntity
  8
Visible
100
AcDbLine
 10
750.549717
 20
405.996709
 30
0.0
 11
750.485717
 21
406.061709
 31
0.0
  0
LINE
  5
1227
330
70
100
AcDbEntity
  8
Visible
100
AcDbLine
 10
750.610717
 20
405.928709
 30
0.0
 11
750.549717
 21
405.996709
 31
0.0
  0
LINE
  5
1228
330
70
100
AcDbEntity
  8
Visible
100
AcDbLine
 10
750.666717
 20
405.855709
 30
0.0
 11
750.610717
 21
405.928709
 31
0.0
  0
LINE
  5
1229
330
70
100
AcDbEntity
  8
Visible
100
AcDbLine
 10
750.718717
 20
405.778709
 30
0.0
 11
750.666717
 21
405.855709
 31
0.0
  0
LINE
  5
122A
330
70
100
AcDbEntity
  8
Visible
100
AcDbLine
 10
750.766717
 20
405.697709
 30
0.0
 11
750.718717
 21
405.778709
 31
0.0
  0
LINE
  5
122B
330
70
100
AcDbEntity
  8
Visible
100
AcDbLine
 10
750.810717
 20
405.612709
 30
0.0
 11
750.766717
 21
405.697709
 31
0.0
  0
LINE
  5
122C
330
70
100
AcDbEntity
  8
Visible
100
AcDbLine
 10
750.850717
 20
405.523709
 30
0.0
 11
750.810717
 21
405.612709
 31
0.0
  0
LINE
  5
122D
330
70
100
AcDbEntity
  8
Visible
100
AcDbLine
 10
750.886717
 20
405.430709
 30
0.0
 11
750.850717
 21
405.523709
 31
0.0
  0
LINE
  5
122E
330
70
100
AcDbEntity
  8
Visible
100
AcDbLine
 10
750.918717
 20
405.332709
 30
0.0
 11
750.886717
 21
405.430709
 31
0.0
  0
LINE
  5
122F
330
70
100
AcDbEntity
  8
Visible
100
AcDbLine
 10
751.878717
 20
405.416709
 30
0.0
 11
750.918717
 21
405.332709
 31
0.0
  0
LINE
  5
1230
330
70
100
AcDbEntity
  8
Visible
100
AcDbLine
 10
751.859717
 20
405.488709
 30
0.0
 11
751.878717
 21
405.416709
 31
0.0
  0
LINE
  5
1231
330
70
100
AcDbEntity
  8
Visible
100
AcDbLine
 10
751.838717
 20
405.559709
 30
0.0
 11
751.859717
 21
405.488709
 31
0.0
  0
LINE
  5
1232
330
70
100
AcDbEntity
  8
Visible
100
AcDbLine
 10
751.815717
 20
405.629709
 30
0.0
 11
751.838717
 21
405.559709
 31
0.0
  0
LINE
  5
1233
330
70
100
AcDbEntity
  8
Visible
100
AcDbLine
 10
751.790717
 20
405.699709
 30
0.0
 11
751.815717
 21
405.629709
 31
0.0
  0
LINE
  5
1234
330
70
100
AcDbEntity
  8
Visible
100
AcDbLine
 10
751.763717
 20
405.768709
 30
0.0
 11
751.790717
 21
405.699709
 31
0.0
  0
LINE
  5
1235
330
70
100
AcDbEntity
  8
Visible
100
AcDbLine
 10
751.734717
 20
405.836709
 30
0.0
 11
751.763717
 21
405.768709
 31
0.0
  0
LINE
  5
1236
330
70
100
AcDbEntity
  8
Visible
100
AcDbLine
 10
751.703717
 20
405.904709
 30
0.0
 11
751.734717
 21
405.836709
 31
0.0
  0
LINE
  5
1237
330
70
100
AcDbEntity
  8
Visible
100
AcDbLine
 10
751.671717
 20
405.971709
 30
0.0
 11
751.703717
 21
405.904709
 31
0.0
  0
LINE
  5
1238
330
70
100
AcDbEntity
  8
Visible
100
AcDbLine
 10
751.636717
 20
406.037709
 30
0.0
 11
751.671717
 21
405.971709
 31
0.0
  0
LINE
  5
1239
330
70
100
AcDbEntity
  8
Visible
100
AcDbLine
 10
751.599717
 20
406.103709
 30
0.0
 11
751.636717
 21
406.037709
 31
0.0
  0
LINE
  5
123A
330
70
100
AcDbEntity
  8
Visible
100
AcDbLine
 10
751.560717
 20
406.168709
 30
0.0
 11
751.599717
 21
406.103709
 31
0.0
  0
LINE
  5
123B
330
70
100
AcDbEntity
  8
Visible
100
AcDbLine
 10
751.519717
 20
406.231709
 30
0.0
 11
751.560717
 21
406.168709
 31
0.0
  0
LINE
  5
123C
330
70
100
AcDbEntity
  8
Visible
100
AcDbLine
 10
751.477717
 20
406.293709
 30
0.0
 11
751.519717
 21
406.231709
 31
0.0
  0
LINE
  5
123D
330
70
100
AcDbEntity
  8
Visible
100
AcDbLine
 10
751.432717
 20
406.354709
 30
0.0
 11
751.477717
 21
406.293709
 31
0.0
  0
LINE
  5
123E
330
70
100
AcDbEntity
  8
Visible
100
AcDbLine
 10
751.385717
 20
406.413709
 30
0.0
 11
751.432717
 21
406.354709
 31
0.0
  0
LINE
  5
123F
330
70
100
AcDbEntity
  8
Visible
100
AcDbLine
 10
751.337717
 20
406.471709
 30
0.0
 11
751.385717
 21
406.413709
 31
0.0
  0
LINE
  5
1240
330
70
100
AcDbEntity
  8
Visible
100
AcDbLine
 10
751.286717
 20
406.527709
 30
0.0
 11
751.337717
 21
406.471709
 31
0.0
  0
LINE
  5
1241
330
70
100
AcDbEntity
  8
Visible
100
AcDbLine
 10
751.233717
 20
406.582709
 30
0.0
 11
751.286717
 21
406.527709
 31
0.0
  0
LINE
  5
1242
330
70
100
AcDbEntity
  8
Visible
100
AcDbLine
 10
751.179717
 20
406.636709
 30
0.0
 11
751.233717
 21
406.582709
 31
0.0
  0
LINE
  5
1243
330
70
100
AcDbEntity
  8
Visible
100
AcDbLine
 10
751.122717
 20
406.688709
 30
0.0
 11
751.179717
 21
406.636709
 31
0.0
  0
LINE
  5
1244
330
70
100
AcDbEntity
  8
Visible
100
AcDbLine
 10
751.063717
 20
406.738709
 30
0.0
 11
751.122717
 21
406.688709
 31
0.0
  0
LINE
  5
1245
330
70
100
AcDbEntity
  8
Visible
100
AcDbLine
 10
751.003717
 20
406.787709
 30
0.0
 11
751.063717
 21
406.738709
 31
0.0
  0
LINE
  5
1246
330
70
100
AcDbEntity
  8
Visible
100
AcDbLine
 10
750.940717
 20
406.833709
 30
0.0
 11
751.003717
 21
406.787709
 31
0.0
  0
LINE
  5
1247
330
70
100
AcDbEntity
  8
Visible
100
AcDbLine
 10
750.876717
 20
406.877709
 30
0.0
 11
750.940717
 21
406.833709
 31
0.0
  0
LINE
  5
1248
330
70
100
AcDbEntity
  8
Visible
100
AcDbLine
 10
750.809717
 20
406.918709
 30
0.0
 11
750.876717
 21
406.877709
 31
0.0
  0
LINE
  5
1249
330
70
100
AcDbEntity
  8
Visible
100
AcDbLine
 10
750.741717
 20
406.958709
 30
0.0
 11
750.809717
 21
406.918709
 31
0.0
  0
LINE
  5
124A
330
70
100
AcDbEntity
  8
Visible
100
AcDbLine
 10
750.670717
 20
406.995709
 30
0.0
 11
750.741717
 21
406.958709
 31
0.0
  0
LINE
  5
124B
330
70
100
AcDbEntity
  8
Visible
100
AcDbLine
 10
750.598717
 20
407.030709
 30
0.0
 11
750.670717
 21
406.995709
 31
0.0
  0
LINE
  5
124C
330
70
100
AcDbEntity
  8
Visible
100
AcDbLine
 10
750.523717
 20
407.062709
 30
0.0
 11
750.598717
 21
407.030709
 31
0.0
  0
LINE
  5
124D
330
70
100
AcDbEntity
  8
Visible
100
AcDbLine
 10
750.447717
 20
407.093709
 30
0.0
 11
750.523717
 21
407.062709
 31
0.0
  0
LINE
  5
124E
330
70
100
AcDbEntity
  8
Visible
100
AcDbLine
 10
750.369717
 20
407.121709
 30
0.0
 11
750.447717
 21
407.093709
 31
0.0
  0
LINE
  5
124F
330
70
100
AcDbEntity
  8
Visible
100
AcDbLine
 10
750.288717
 20
407.146709
 30
0.0
 11
750.369717
 21
407.121709
 31
0.0
  0
LINE
  5
1250
330
70
100
AcDbEntity
  8
Visible
100
AcDbLine
 10
750.206717
 20
407.168709
 30
0.0
 11
750.288717
 21
407.146709
 31
0.0
  0
LINE
  5
1251
330
70
100
AcDbEntity
  8
Visible
100
AcDbLine
 10
750.122717
 20
407.187709
 30
0.0
 11
750.206717
 21
407.168709
 31
0.0
  0
LINE
  5
1252
330
70
100
AcDbEntity
  8
Visible
100
AcDbLine
 10
750.035717
 20
407.203709
 30
0.0
 11
750.122717
 21
407.187709
 31
0.0
  0
LINE
  5
1253
330
70
100
AcDbEntity
  8
Visible
100
AcDbLine
 10
749.947717
 20
407.216709
 30
0.0
 11
750.035717
 21
407.203709
 31
0.0
  0
LINE
  5
1254
330
70
100
AcDbEntity
  8
Visible
100
AcDbLine
 10
749.857717
 20
407.227709
 30
0.0
 11
749.947717
 21
407.216709
 31
0.0
  0
LINE
  5
1255
330
70
100
AcDbEntity
  8
Visible
100
AcDbLine
 10
749.764717
 20
407.234709
 30
0.0
 11
749.857717
 21
407.227709
 31
0.0
  0
LINE
  5
1256
330
70
100
AcDbEntity
  8
Visible
100
AcDbLine
 10
749.670717
 20
407.239709
 30
0.0
 11
749.764717
 21
407.234709
 31
0.0
  0
LINE
  5
1257
330
70
100
AcDbEntity
  8
Visible
100
AcDbLine
 10
749.574717
 20
407.240709
 30
0.0
 11
749.670717
 21
407.239709
 31
0.0
  0
LINE
  5
1258
330
70
100
AcDbEntity
  8
Visible
100
AcDbLine
 10
749.437717
 20
407.236709
 30
0.0
 11
749.574717
 21
407.240709
 31
0.0
  0
LINE
  5
1259
330
70
100
AcDbEntity
  8
Visible
100
AcDbLine
 10
749.302717
 20
407.226709
 30
0.0
 11
749.437717
 21
407.236709
 31
0.0
  0
LINE
  5
125A
330
70
100
AcDbEntity
  8
Visible
100
AcDbLine
 10
749.168717
 20
407.208709
 30
0.0
 11
749.302717
 21
407.226709
 31
0.0
  0
LINE
  5
125B
330
70
100
AcDbEntity
  8
Visible
100
AcDbLine
 10
749.037717
 20
407.183709
 30
0.0
 11
749.168717
 21
407.208709
 31
0.0
  0
LINE
  5
125C
330
70
100
AcDbEntity
  8
Visible
100
AcDbLine
 10
748.907717
 20
407.152709
 30
0.0
 11
749.037717
 21
407.183709
 31
0.0
  0
LINE
  5
125D
330
70
100
AcDbEntity
  8
Visible
100
AcDbLine
 10
748.779717
 20
407.113709
 30
0.0
 11
748.907717
 21
407.152709
 31
0.0
  0
LINE
  5
125E
330
70
100
AcDbEntity
  8
Visible
100
AcDbLine
 10
748.654717
 20
407.067709
 30
0.0
 11
748.779717
 21
407.113709
 31
0.0
  0
LINE
  5
125F
330
70
100
AcDbEntity
  8
Visible
100
AcDbLine
 10
748.530717
 20
407.013709
 30
0.0
 11
748.654717
 21
407.067709
 31
0.0
  0
LINE
  5
1260
330
70
100
AcDbEntity
  8
Visible
100
AcDbLine
 10
748.407717
 20
406.953709
 30
0.0
 11
748.530717
 21
407.013709
 31
0.0
  0
LINE
  5
1261
330
70
100
AcDbEntity
  8
Visible
100
AcDbLine
 10
748.287717
 20
406.886709
 30
0.0
 11
748.407717
 21
406.953709
 31
0.0
  0
LINE
  5
1262
330
70
100
AcDbEntity
  8
Visible
100
AcDbLine
 10
748.170717
 20
406.812709
 30
0.0
 11
748.287717
 21
406.886709
 31
0.0
  0
LINE
  5
1263
330
70
100
AcDbEntity
  8
Visible
100
AcDbLine
 10
748.057717
 20
406.732709
 30
0.0
 11
748.170717
 21
406.812709
 31
0.0
  0
LINE
  5
1264
330
70
100
AcDbEntity
  8
Visible
100
AcDbLine
 10
747.950717
 20
406.645709
 30
0.0
 11
748.057717
 21
406.732709
 31
0.0
  0
LINE
  5
1265
330
70
100
AcDbEntity
  8
Visible
100
AcDbLine
 10
747.846717
 20
406.552709
 30
0.0
 11
747.950717
 21
406.645709
 31
0.0
  0
LINE
  5
1266
330
70
100
AcDbEntity
  8
Visible
100
AcDbLine
 10
747.748717
 20
406.452709
 30
0.0
 11
747.846717
 21
406.552709
 31
0.0
  0
LINE
  5
1267
330
70
100
AcDbEntity
  8
Visible
100
AcDbLine
 10
747.654717
 20
406.347709
 30
0.0
 11
747.748717
 21
406.452709
 31
0.0
  0
LINE
  5
1268
330
70
100
AcDbEntity
  8
Visible
100
AcDbLine
 10
747.564717
 20
406.235709
 30
0.0
 11
747.654717
 21
406.347709
 31
0.0
  0
LINE
  5
1269
330
70
100
AcDbEntity
  8
Visible
100
AcDbLine
 10
747.480717
 20
406.116709
 30
0.0
 11
747.564717
 21
406.235709
 31
0.0
  0
LINE
  5
126A
330
70
100
AcDbEntity
  8
Visible
100
AcDbLine
 10
747.400717
 20
405.991709
 30
0.0
 11
747.480717
 21
406.116709
 31
0.0
  0
LINE
  5
126B
330
70
100
AcDbEntity
  8
Visible
100
AcDbLine
 10
747.324717
 20
405.860709
 30
0.0
 11
747.400717
 21
405.991709
 31
0.0
  0
LINE
  5
126C
330
70
100
AcDbEntity
  8
Visible
100
AcDbLine
 10
747.254717
 20
405.723709
 30
0.0
 11
747.324717
 21
405.860709
 31
0.0
  0
LINE
  5
126D
330
70
100
AcDbEntity
  8
Visible
100
AcDbLine
 10
747.192717
 20
405.580709
 30
0.0
 11
747.254717
 21
405.723709
 31
0.0
  0
LINE
  5
126E
330
70
100
AcDbEntity
  8
Visible
100
AcDbLine
 10
747.137717
 20
405.432709
 30
0.0
 11
747.192717
 21
405.580709
 31
0.0
  0
LINE
  5
126F
330
70
100
AcDbEntity
  8
Visible
100
AcDbLine
 10
747.090717
 20
405.278709
 30
0.0
 11
747.137717
 21
405.432709
 31
0.0
  0
LINE
  5
1270
330
70
100
AcDbEntity
  8
Visible
100
AcDbLine
 10
747.050717
 20
405.119709
 30
0.0
 11
747.090717
 21
405.278709
 31
0.0
  0
LINE
  5
1271
330
70
100
AcDbEntity
  8
Visible
100
AcDbLine
 10
747.017717
 20
404.954709
 30
0.0
 11
747.050717
 21
405.119709
 31
0.0
  0
LINE
  5
1272
330
70
100
AcDbEntity
  8
Visible
100
AcDbLine
 10
746.991717
 20
404.784709
 30
0.0
 11
747.017717
 21
404.954709
 31
0.0
  0
LINE
  5
1273
330
70
100
AcDbEntity
  8
Visible
100
AcDbLine
 10
746.973717
 20
404.608709
 30
0.0
 11
746.991717
 21
404.784709
 31
0.0
  0
LINE
  5
1274
330
70
100
AcDbEntity
  8
Visible
100
AcDbLine
 10
746.962717
 20
404.427709
 30
0.0
 11
746.973717
 21
404.608709
 31
0.0
  0
LINE
  5
1275
330
70
100
AcDbEntity
  8
Visible
100
AcDbLine
 10
746.958717
 20
404.240709
 30
0.0
 11
746.962717
 21
404.427709
 31
0.0
  0
LINE
  5
1276
330
70
100
AcDbEntity
  8
Visible
100
AcDbLine
 10
746.962717
 20
404.058709
 30
0.0
 11
746.958717
 21
404.240709
 31
0.0
  0
LINE
  5
1277
330
70
100
AcDbEntity
  8
Visible
100
AcDbLine
 10
746.973717
 20
403.880709
 30
0.0
 11
746.962717
 21
404.058709
 31
0.0
  0
LINE
  5
1278
330
70
100
AcDbEntity
  8
Visible
100
AcDbLine
 10
746.991717
 20
403.708709
 30
0.0
 11
746.973717
 21
403.880709
 31
0.0
  0
LINE
  5
1279
330
70
100
AcDbEntity
  8
Visible
100
AcDbLine
 10
747.017717
 20
403.540709
 30
0.0
 11
746.991717
 21
403.708709
 31
0.0
  0
LINE
  5
127A
330
70
100
AcDbEntity
  8
Visible
100
AcDbLine
 10
747.050717
 20
403.377709
 30
0.0
 11
747.017717
 21
403.540709
 31
0.0
  0
LINE
  5
127B
330
70
100
AcDbEntity
  8
Visible
100
AcDbLine
 10
747.090717
 20
403.220709
 30
0.0
 11
747.050717
 21
403.377709
 31
0.0
  0
LINE
  5
127C
330
70
100
AcDbEntity
  8
Visible
100
AcDbLine
 10
747.137717
 20
403.067709
 30
0.0
 11
747.090717
 21
403.220709
 31
0.0
  0
LINE
  5
127D
330
70
100
AcDbEntity
  8
Visible
100
AcDbLine
 10
747.192717
 20
402.919709
 30
0.0
 11
747.137717
 21
403.067709
 31
0.0
  0
LINE
  5
127E
330
70
100
AcDbEntity
  8
Visible
100
AcDbLine
 10
747.254717
 20
402.776709
 30
0.0
 11
747.192717
 21
402.919709
 31
0.0
  0
LINE
  5
127F
330
70
100
AcDbEntity
  8
Visible
100
AcDbLine
 10
747.324717
 20
402.638709
 30
0.0
 11
747.254717
 21
402.776709
 31
0.0
  0
LINE
  5
1280
330
70
100
AcDbEntity
  8
Visible
100
AcDbLine
 10
747.400717
 20
402.505709
 30
0.0
 11
747.324717
 21
402.638709
 31
0.0
  0
LINE
  5
1281
330
70
100
AcDbEntity
  8
Visible
100
AcDbLine
 10
747.480717
 20
402.379709
 30
0.0
 11
747.400717
 21
402.505709
 31
0.0
  0
LINE
  5
1282
330
70
100
AcDbEntity
  8
Visible
100
AcDbLine
 10
747.564717
 20
402.259709
 30
0.0
 11
747.480717
 21
402.379709
 31
0.0
  0
LINE
  5
1283
330
70
100
AcDbEntity
  8
Visible
100
AcDbLine
 10
747.654717
 20
402.145709
 30
0.0
 11
747.564717
 21
402.259709
 31
0.0
  0
LINE
  5
1284
330
70
100
AcDbEntity
  8
Visible
100
AcDbLine
 10
747.748717
 20
402.036709
 30
0.0
 11
747.654717
 21
402.145709
 31
0.0
  0
LINE
  5
1285
330
70
100
AcDbEntity
  8
Visible
100
AcDbLine
 10
747.846717
 20
401.935709
 30
0.0
 11
747.748717
 21
402.036709
 31
0.0
  0
LINE
  5
1286
330
70
100
AcDbEntity
  8
Visible
100
AcDbLine
 10
747.950717
 20
401.839709
 30
0.0
 11
747.846717
 21
401.935709
 31
0.0
  0
LINE
  5
1287
330
70
100
AcDbEntity
  8
Visible
100
AcDbLine
 10
748.057717
 20
401.749709
 30
0.0
 11
747.950717
 21
401.839709
 31
0.0
  0
LINE
  5
1288
330
70
100
AcDbEntity
  8
Visible
100
AcDbLine
 10
748.170717
 20
401.665709
 30
0.0
 11
748.057717
 21
401.749709
 31
0.0
  0
LINE
  5
1289
330
70
100
AcDbEntity
  8
Visible
100
AcDbLine
 10
748.287717
 20
401.588709
 30
0.0
 11
748.170717
 21
401.665709
 31
0.0
  0
LINE
  5
128A
330
70
100
AcDbEntity
  8
Visible
100
AcDbLine
 10
748.407717
 20
401.517709
 30
0.0
 11
748.287717
 21
401.588709
 31
0.0
  0
LINE
  5
128B
330
70
100
AcDbEntity
  8
Visible
100
AcDbLine
 10
748.530717
 20
401.454709
 30
0.0
 11
748.407717
 21
401.517709
 31
0.0
  0
LINE
  5
128C
330
70
100
AcDbEntity
  8
Visible
100
AcDbLine
 10
748.654717
 20
401.398709
 30
0.0
 11
748.530717
 21
401.454709
 31
0.0
  0
LINE
  5
128D
330
70
100
AcDbEntity
  8
Visible
100
AcDbLine
 10
748.779717
 20
401.350709
 30
0.0
 11
748.654717
 21
401.398709
 31
0.0
  0
LINE
  5
128E
330
70
100
AcDbEntity
  8
Visible
100
AcDbLine
 10
748.907717
 20
401.309709
 30
0.0
 11
748.779717
 21
401.350709
 31
0.0
  0
LINE
  5
128F
330
70
100
AcDbEntity
  8
Visible
100
AcDbLine
 10
749.037717
 20
401.276709
 30
0.0
 11
748.907717
 21
401.309709
 31
0.0
  0
LINE
  5
1290
330
70
100
AcDbEntity
  8
Visible
100
AcDbLine
 10
749.168717
 20
401.249709
 30
0.0
 11
749.037717
 21
401.276709
 31
0.0
  0
LINE
  5
1291
330
70
100
AcDbEntity
  8
Visible
100
AcDbLine
 10
749.302717
 20
401.231709
 30
0.0
 11
749.168717
 21
401.249709
 31
0.0
  0
LINE
  5
1292
330
70
100
AcDbEntity
  8
Visible
100
AcDbLine
 10
749.437717
 20
401.220709
 30
0.0
 11
749.302717
 21
401.231709
 31
0.0
  0
LINE
  5
1293
330
70
100
AcDbEntity
  8
Visible
100
AcDbLine
 10
749.574717
 20
401.216709
 30
0.0
 11
749.437717
 21
401.220709
 31
0.0
  0
LINE
  5
1294
330
70
100
AcDbEntity
  8
Visible
100
AcDbLine
 10
749.713717
 20
401.219709
 30
0.0
 11
749.574717
 21
401.216709
 31
0.0
  0
LINE
  5
1295
330
70
100
AcDbEntity
  8
Visible
100
AcDbLine
 10
744.384717
 20
404.31864
 30
0.0
 11
744.384717
 21
405.080709
 31
0.0
  0
LINE
  5
1296
330
70
100
AcDbEntity
  8
Visible
100
AcDbLine
 10
744.381717
 20
404.319709
 30
0.0
 11
744.384717
 21
404.31864
 31
0.0
  0
LINE
  5
1297
330
70
100
AcDbEntity
  8
Visible
100
AcDbLine
 10
744.294717
 20
404.348709
 30
0.0
 11
744.381717
 21
404.319709
 31
0.0
  0
LINE
  5
1298
330
70
100
AcDbEntity
  8
Visible
100
AcDbLine
 10
744.207717
 20
404.376709
 30
0.0
 11
744.294717
 21
404.348709
 31
0.0
  0
LINE
  5
1299
330
70
100
AcDbEntity
  8
Visible
100
AcDbLine
 10
744.031717
 20
404.428709
 30
0.0
 11
744.207717
 21
404.376709
 31
0.0
  0
LINE
  5
129A
330
70
100
AcDbEntity
  8
Visible
100
AcDbLine
 10
743.853717
 20
404.474709
 30
0.0
 11
744.031717
 21
404.428709
 31
0.0
  0
LINE
  5
129B
330
70
100
AcDbEntity
  8
Visible
100
AcDbLine
 10
743.763717
 20
404.495709
 30
0.0
 11
743.853717
 21
404.474709
 31
0.0
  0
LINE
  5
129C
330
70
100
AcDbEntity
  8
Visible
100
AcDbLine
 10
743.673717
 20
404.515709
 30
0.0
 11
743.763717
 21
404.495709
 31
0.0
  0
LINE
  5
129D
330
70
100
AcDbEntity
  8
Visible
100
AcDbLine
 10
743.583717
 20
404.534709
 30
0.0
 11
743.673717
 21
404.515709
 31
0.0
  0
LINE
  5
129E
330
70
100
AcDbEntity
  8
Visible
100
AcDbLine
 10
743.492717
 20
404.551709
 30
0.0
 11
743.583717
 21
404.534709
 31
0.0
  0
LINE
  5
129F
330
70
100
AcDbEntity
  8
Visible
100
AcDbLine
 10
743.402717
 20
404.566709
 30
0.0
 11
743.492717
 21
404.551709
 31
0.0
  0
LINE
  5
12A0
330
70
100
AcDbEntity
  8
Visible
100
AcDbLine
 10
743.311717
 20
404.580709
 30
0.0
 11
743.402717
 21
404.566709
 31
0.0
  0
LINE
  5
12A1
330
70
100
AcDbEntity
  8
Visible
100
AcDbLine
 10
743.221717
 20
404.592709
 30
0.0
 11
743.311717
 21
404.580709
 31
0.0
  0
LINE
  5
12A2
330
70
100
AcDbEntity
  8
Visible
100
AcDbLine
 10
743.131717
 20
404.601709
 30
0.0
 11
743.221717
 21
404.592709
 31
0.0
  0
LINE
  5
12A3
330
70
100
AcDbEntity
  8
Visible
100
AcDbLine
 10
743.040717
 20
404.610709
 30
0.0
 11
743.131717
 21
404.601709
 31
0.0
  0
LINE
  5
12A4
330
70
100
AcDbEntity
  8
Visible
100
AcDbLine
 10
742.950717
 20
404.616709
 30
0.0
 11
743.040717
 21
404.610709
 31
0.0
  0
LINE
  5
12A5
330
70
100
AcDbEntity
  8
Visible
100
AcDbLine
 10
742.860717
 20
404.620709
 30
0.0
 11
742.950717
 21
404.616709
 31
0.0
  0
LINE
  5
12A6
330
70
100
AcDbEntity
  8
Visible
100
AcDbLine
 10
742.770717
 20
404.623709
 30
0.0
 11
742.860717
 21
404.620709
 31
0.0
  0
LINE
  5
12A7
330
70
100
AcDbEntity
  8
Visible
100
AcDbLine
 10
742.680717
 20
404.624709
 30
0.0
 11
742.770717
 21
404.623709
 31
0.0
  0
LINE
  5
12A8
330
70
100
AcDbEntity
  8
Visible
100
AcDbLine
 10
742.555717
 20
404.622709
 30
0.0
 11
742.680717
 21
404.624709
 31
0.0
  0
LINE
  5
12A9
330
70
100
AcDbEntity
  8
Visible
100
AcDbLine
 10
742.433717
 20
404.617709
 30
0.0
 11
742.555717
 21
404.622709
 31
0.0
  0
LINE
  5
12AA
330
70
100
AcDbEntity
  8
Visible
100
AcDbLine
 10
742.313717
 20
404.609709
 30
0.0
 11
742.433717
 21
404.617709
 31
0.0
  0
LINE
  5
12AB
330
70
100
AcDbEntity
  8
Visible
100
AcDbLine
 10
742.196717
 20
404.597709
 30
0.0
 11
742.313717
 21
404.609709
 31
0.0
  0
LINE
  5
12AC
330
70
100
AcDbEntity
  8
Visible
100
AcDbLine
 10
742.081717
 20
404.581709
 30
0.0
 11
742.196717
 21
404.597709
 31
0.0
  0
LINE
  5
12AD
330
70
100
AcDbEntity
  8
Visible
100
AcDbLine
 10
741.969717
 20
404.562709
 30
0.0
 11
742.081717
 21
404.581709
 31
0.0
  0
LINE
  5
12AE
330
70
100
AcDbEntity
  8
Visible
100
AcDbLine
 10
741.860717
 20
404.540709
 30
0.0
 11
741.969717
 21
404.562709
 31
0.0
  0
LINE
  5
12AF
330
70
100
AcDbEntity
  8
Visible
100
AcDbLine
 10
741.753717
 20
404.515709
 30
0.0
 11
741.860717
 21
404.540709
 31
0.0
  0
LINE
  5
12B0
330
70
100
AcDbEntity
  8
Visible
100
AcDbLine
 10
741.648717
 20
404.485709
 30
0.0
 11
741.753717
 21
404.515709
 31
0.0
  0
LINE
  5
12B1
330
70
100
AcDbEntity
  8
Visible
100
AcDbLine
 10
741.546717
 20
404.453709
 30
0.0
 11
741.648717
 21
404.485709
 31
0.0
  0
LINE
  5
12B2
330
70
100
AcDbEntity
  8
Visible
100
AcDbLine
 10
741.447717
 20
404.417709
 30
0.0
 11
741.546717
 21
404.453709
 31
0.0
  0
LINE
  5
12B3
330
70
100
AcDbEntity
  8
Visible
100
AcDbLine
 10
741.353717
 20
404.377709
 30
0.0
 11
741.447717
 21
404.417709
 31
0.0
  0
LINE
  5
12B4
330
70
100
AcDbEntity
  8
Visible
100
AcDbLine
 10
741.263717
 20
404.333709
 30
0.0
 11
741.353717
 21
404.377709
 31
0.0
  0
LINE
  5
12B5
330
70
100
AcDbEntity
  8
Visible
100
AcDbLine
 10
741.177717
 20
404.285709
 30
0.0
 11
741.263717
 21
404.333709
 31
0.0
  0
LINE
  5
12B6
330
70
100
AcDbEntity
  8
Visible
100
AcDbLine
 10
741.095717
 20
404.233709
 30
0.0
 11
741.177717
 21
404.285709
 31
0.0
  0
LINE
  5
12B7
330
70
100
AcDbEntity
  8
Visible
100
AcDbLine
 10
741.018717
 20
404.178709
 30
0.0
 11
741.095717
 21
404.233709
 31
0.0
  0
LINE
  5
12B8
330
70
100
AcDbEntity
  8
Visible
100
AcDbLine
 10
740.945717
 20
404.118709
 30
0.0
 11
741.018717
 21
404.178709
 31
0.0
  0
LINE
  5
12B9
330
70
100
AcDbEntity
  8
Visible
100
AcDbLine
 10
740.876717
 20
404.055709
 30
0.0
 11
740.945717
 21
404.118709
 31
0.0
  0
LINE
  5
12BA
330
70
100
AcDbEntity
  8
Visible
100
AcDbLine
 10
740.811717
 20
403.987709
 30
0.0
 11
740.876717
 21
404.055709
 31
0.0
  0
LINE
  5
12BB
330
70
100
AcDbEntity
  8
Visible
100
AcDbLine
 10
740.751717
 20
403.916709
 30
0.0
 11
740.811717
 21
403.987709
 31
0.0
  0
LINE
  5
12BC
330
70
100
AcDbEntity
  8
Visible
100
AcDbLine
 10
740.696717
 20
403.841709
 30
0.0
 11
740.751717
 21
403.916709
 31
0.0
  0
LINE
  5
12BD
330
70
100
AcDbEntity
  8
Visible
100
AcDbLine
 10
740.646717
 20
403.761709
 30
0.0
 11
740.696717
 21
403.841709
 31
0.0
  0
LINE
  5
12BE
330
70
100
AcDbEntity
  8
Visible
100
AcDbLine
 10
740.603717
 20
403.677709
 30
0.0
 11
740.646717
 21
403.761709
 31
0.0
  0
LINE
  5
12BF
330
70
100
AcDbEntity
  8
Visible
100
AcDbLine
 10
740.565717
 20
403.589709
 30
0.0
 11
740.603717
 21
403.677709
 31
0.0
  0
LINE
  5
12C0
330
70
100
AcDbEntity
  8
Visible
100
AcDbLine
 10
740.533717
 20
403.496709
 30
0.0
 11
740.565717
 21
403.589709
 31
0.0
  0
LINE
  5
12C1
330
70
100
AcDbEntity
  8
Visible
100
AcDbLine
 10
740.507717
 20
403.399709
 30
0.0
 11
740.533717
 21
403.496709
 31
0.0
  0
LINE
  5
12C2
330
70
100
AcDbEntity
  8
Visible
100
AcDbLine
 10
740.486717
 20
403.298709
 30
0.0
 11
740.507717
 21
403.399709
 31
0.0
  0
LINE
  5
12C3
330
70
100
AcDbEntity
  8
Visible
100
AcDbLine
 10
740.472717
 20
403.192709
 30
0.0
 11
740.486717
 21
403.298709
 31
0.0
  0
LINE
  5
12C4
330
70
100
AcDbEntity
  8
Visible
100
AcDbLine
 10
740.463717
 20
403.082709
 30
0.0
 11
740.472717
 21
403.192709
 31
0.0
  0
LINE
  5
12C5
330
70
100
AcDbEntity
  8
Visible
100
AcDbLine
 10
740.460717
 20
402.968709
 30
0.0
 11
740.463717
 21
403.082709
 31
0.0
  0
LINE
  5
12C6
330
70
100
AcDbEntity
  8
Visible
100
AcDbLine
 10
740.462717
 20
402.880709
 30
0.0
 11
740.460717
 21
402.968709
 31
0.0
  0
LINE
  5
12C7
330
70
100
AcDbEntity
  8
Visible
100
AcDbLine
 10
740.469717
 20
402.792709
 30
0.0
 11
740.462717
 21
402.880709
 31
0.0
  0
LINE
  5
12C8
330
70
100
AcDbEntity
  8
Visible
100
AcDbLine
 10
740.481717
 20
402.705709
 30
0.0
 11
740.469717
 21
402.792709
 31
0.0
  0
LINE
  5
12C9
330
70
100
AcDbEntity
  8
Visible
100
AcDbLine
 10
740.496717
 20
402.620709
 30
0.0
 11
740.481717
 21
402.705709
 31
0.0
  0
LINE
  5
12CA
330
70
100
AcDbEntity
  8
Visible
100
AcDbLine
 10
740.517717
 20
402.534709
 30
0.0
 11
740.496717
 21
402.620709
 31
0.0
  0
LINE
  5
12CB
330
70
100
AcDbEntity
  8
Visible
100
AcDbLine
 10
740.542717
 20
402.450709
 30
0.0
 11
740.517717
 21
402.534709
 31
0.0
  0
LINE
  5
12CC
330
70
100
AcDbEntity
  8
Visible
100
AcDbLine
 10
740.572717
 20
402.367709
 30
0.0
 11
740.542717
 21
402.450709
 31
0.0
  0
LINE
  5
12CD
330
70
100
AcDbEntity
  8
Visible
100
AcDbLine
 10
740.606717
 20
402.284709
 30
0.0
 11
740.572717
 21
402.367709
 31
0.0
  0
LINE
  5
12CE
330
70
100
AcDbEntity
  8
Visible
100
AcDbLine
 10
740.645717
 20
402.203709
 30
0.0
 11
740.606717
 21
402.284709
 31
0.0
  0
LINE
  5
12CF
330
70
100
AcDbEntity
  8
Visible
100
AcDbLine
 10
740.688717
 20
402.122709
 30
0.0
 11
740.645717
 21
402.203709
 31
0.0
  0
LINE
  5
12D0
330
70
100
AcDbEntity
  8
Visible
100
AcDbLine
 10
740.736717
 20
402.043709
 30
0.0
 11
740.688717
 21
402.122709
 31
0.0
  0
LINE
  5
12D1
330
70
100
AcDbEntity
  8
Visible
100
AcDbLine
 10
740.789717
 20
401.967709
 30
0.0
 11
740.736717
 21
402.043709
 31
0.0
  0
LINE
  5
12D2
330
70
100
AcDbEntity
  8
Visible
100
AcDbLine
 10
740.846717
 20
401.894709
 30
0.0
 11
740.789717
 21
401.967709
 31
0.0
  0
LINE
  5
12D3
330
70
100
AcDbEntity
  8
Visible
100
AcDbLine
 10
740.908717
 20
401.824709
 30
0.0
 11
740.846717
 21
401.894709
 31
0.0
  0
LINE
  5
12D4
330
70
100
AcDbEntity
  8
Visible
100
AcDbLine
 10
740.974717
 20
401.757709
 30
0.0
 11
740.908717
 21
401.824709
 31
0.0
  0
LINE
  5
12D5
330
70
100
AcDbEntity
  8
Visible
100
AcDbLine
 10
741.046717
 20
401.694709
 30
0.0
 11
740.974717
 21
401.757709
 31
0.0
  0
LINE
  5
12D6
330
70
100
AcDbEntity
  8
Visible
100
AcDbLine
 10
741.122717
 20
401.633709
 30
0.0
 11
741.046717
 21
401.694709
 31
0.0
  0
LINE
  5
12D7
330
70
100
AcDbEntity
  8
Visible
100
AcDbLine
 10
741.203717
 20
401.575709
 30
0.0
 11
741.122717
 21
401.633709
 31
0.0
  0
LINE
  5
12D8
330
70
100
AcDbEntity
  8
Visible
100
AcDbLine
 10
741.288717
 20
401.520709
 30
0.0
 11
741.203717
 21
401.575709
 31
0.0
  0
LINE
  5
12D9
330
70
100
AcDbEntity
  8
Visible
100
AcDbLine
 10
741.378717
 20
401.468709
 30
0.0
 11
741.288717
 21
401.520709
 31
0.0
  0
LINE
  5
12DA
330
70
100
AcDbEntity
  8
Visible
100
AcDbLine
 10
741.473717
 20
401.420709
 30
0.0
 11
741.378717
 21
401.468709
 31
0.0
  0
LINE
  5
12DB
330
70
100
AcDbEntity
  8
Visible
100
AcDbLine
 10
741.573717
 20
401.377709
 30
0.0
 11
741.473717
 21
401.420709
 31
0.0
  0
LINE
  5
12DC
330
70
100
AcDbEntity
  8
Visible
100
AcDbLine
 10
741.677717
 20
401.339709
 30
0.0
 11
741.573717
 21
401.377709
 31
0.0
  0
LINE
  5
12DD
330
70
100
AcDbEntity
  8
Visible
100
AcDbLine
 10
741.787717
 20
401.307709
 30
0.0
 11
741.677717
 21
401.339709
 31
0.0
  0
LINE
  5
12DE
330
70
100
AcDbEntity
  8
Visible
100
AcDbLine
 10
741.902717
 20
401.279709
 30
0.0
 11
741.787717
 21
401.307709
 31
0.0
  0
LINE
  5
12DF
330
70
100
AcDbEntity
  8
Visible
100
AcDbLine
 10
742.021717
 20
401.256709
 30
0.0
 11
741.902717
 21
401.279709
 31
0.0
  0
LINE
  5
12E0
330
70
100
AcDbEntity
  8
Visible
100
AcDbLine
 10
742.145717
 20
401.239709
 30
0.0
 11
742.021717
 21
401.256709
 31
0.0
  0
LINE
  5
12E1
330
70
100
AcDbEntity
  8
Visible
100
AcDbLine
 10
742.275717
 20
401.226709
 30
0.0
 11
742.145717
 21
401.239709
 31
0.0
  0
LINE
  5
12E2
330
70
100
AcDbEntity
  8
Visible
100
AcDbLine
 10
742.409717
 20
401.219709
 30
0.0
 11
742.275717
 21
401.226709
 31
0.0
  0
LINE
  5
12E3
330
70
100
AcDbEntity
  8
Visible
100
AcDbLine
 10
742.548717
 20
401.216709
 30
0.0
 11
742.409717
 21
401.219709
 31
0.0
  0
LINE
  5
12E4
330
70
100
AcDbEntity
  8
Visible
100
AcDbLine
 10
742.675717
 20
401.219709
 30
0.0
 11
742.548717
 21
401.216709
 31
0.0
  0
LINE
  5
12E5
330
70
100
AcDbEntity
  8
Visible
100
AcDbLine
 10
742.798717
 20
401.228709
 30
0.0
 11
742.675717
 21
401.219709
 31
0.0
  0
LINE
  5
12E6
330
70
100
AcDbEntity
  8
Visible
100
AcDbLine
 10
742.917717
 20
401.243709
 30
0.0
 11
742.798717
 21
401.228709
 31
0.0
  0
LINE
  5
12E7
330
70
100
AcDbEntity
  8
Visible
100
AcDbLine
 10
743.033717
 20
401.264709
 30
0.0
 11
742.917717
 21
401.243709
 31
0.0
  0
LINE
  5
12E8
330
70
100
AcDbEntity
  8
Visible
100
AcDbLine
 10
743.145717
 20
401.291709
 30
0.0
 11
743.033717
 21
401.264709
 31
0.0
  0
LINE
  5
12E9
330
70
100
AcDbEntity
  8
Visible
100
AcDbLine
 10
743.254717
 20
401.324709
 30
0.0
 11
743.145717
 21
401.291709
 31
0.0
  0
LINE
  5
12EA
330
70
100
AcDbEntity
  8
Visible
100
AcDbLine
 10
743.359717
 20
401.363709
 30
0.0
 11
743.254717
 21
401.324709
 31
0.0
  0
LINE
  5
12EB
330
70
100
AcDbEntity
  8
Visible
100
AcDbLine
 10
743.460717
 20
401.408709
 30
0.0
 11
743.359717
 21
401.363709
 31
0.0
  0
LINE
  5
12EC
330
70
100
AcDbEntity
  8
Visible
100
AcDbLine
 10
743.558717
 20
401.459709
 30
0.0
 11
743.460717
 21
401.408709
 31
0.0
  0
LINE
  5
12ED
330
70
100
AcDbEntity
  8
Visible
100
AcDbLine
 10
743.652717
 20
401.516709
 30
0.0
 11
743.558717
 21
401.459709
 31
0.0
  0
LINE
  5
12EE
330
70
100
AcDbEntity
  8
Visible
100
AcDbLine
 10
743.742717
 20
401.578709
 30
0.0
 11
743.652717
 21
401.516709
 31
0.0
  0
LINE
  5
12EF
330
70
100
AcDbEntity
  8
Visible
100
AcDbLine
 10
743.828717
 20
401.644709
 30
0.0
 11
743.742717
 21
401.578709
 31
0.0
  0
LINE
  5
12F0
330
70
100
AcDbEntity
  8
Visible
100
AcDbLine
 10
743.910717
 20
401.713709
 30
0.0
 11
743.828717
 21
401.644709
 31
0.0
  0
LINE
  5
12F1
330
70
100
AcDbEntity
  8
Visible
100
AcDbLine
 10
743.988717
 20
401.787709
 30
0.0
 11
743.910717
 21
401.713709
 31
0.0
  0
LINE
  5
12F2
330
70
100
AcDbEntity
  8
Visible
100
AcDbLine
 10
744.061717
 20
401.864709
 30
0.0
 11
743.988717
 21
401.787709
 31
0.0
  0
LINE
  5
12F3
330
70
100
AcDbEntity
  8
Visible
100
AcDbLine
 10
744.130717
 20
401.945709
 30
0.0
 11
744.061717
 21
401.864709
 31
0.0
  0
LINE
  5
12F4
330
70
100
AcDbEntity
  8
Visible
100
AcDbLine
 10
744.194717
 20
402.030709
 30
0.0
 11
744.130717
 21
401.945709
 31
0.0
  0
LINE
  5
12F5
330
70
100
AcDbEntity
  8
Visible
100
AcDbLine
 10
744.255717
 20
402.119709
 30
0.0
 11
744.194717
 21
402.030709
 31
0.0
  0
LINE
  5
12F6
330
70
100
AcDbEntity
  8
Visible
100
AcDbLine
 10
744.311717
 20
402.212709
 30
0.0
 11
744.255717
 21
402.119709
 31
0.0
  0
LINE
  5
12F7
330
70
100
AcDbEntity
  8
Visible
100
AcDbLine
 10
744.363717
 20
402.308709
 30
0.0
 11
744.311717
 21
402.212709
 31
0.0
  0
LINE
  5
12F8
330
70
100
AcDbEntity
  8
Visible
100
AcDbLine
 10
744.405958
 20
402.397684
 30
0.0
 11
744.363717
 21
402.308709
 31
0.0
  0
LINE
  5
12F9
330
70
100
AcDbEntity
  8
Visible
100
AcDbLine
 10
744.504717
 20
401.360709
 30
0.0
 11
744.405958
 21
402.397684
 31
0.0
  0
LINE
  5
12FA
330
70
100
AcDbEntity
  8
Visible
100
AcDbLine
 10
745.320717
 20
401.360709
 30
0.0
 11
744.504717
 21
401.360709
 31
0.0
  0
LINE
  5
12FB
330
70
100
AcDbEntity
  8
Visible
100
AcDbLine
 10
745.320717
 20
405.056709
 30
0.0
 11
745.320717
 21
401.360709
 31
0.0
  0
LINE
  5
12FC
330
70
100
AcDbEntity
  8
Visible
100
AcDbLine
 10
745.317717
 20
405.208709
 30
0.0
 11
745.320717
 21
405.056709
 31
0.0
  0
LINE
  5
12FD
330
70
100
AcDbEntity
  8
Visible
100
AcDbLine
 10
745.308717
 20
405.354709
 30
0.0
 11
745.317717
 21
405.208709
 31
0.0
  0
LINE
  5
12FE
330
70
100
AcDbEntity
  8
Visible
100
AcDbLine
 10
745.294717
 20
405.494709
 30
0.0
 11
745.308717
 21
405.354709
 31
0.0
  0
LINE
  5
12FF
330
70
100
AcDbEntity
  8
Visible
100
AcDbLine
 10
745.274717
 20
405.629709
 30
0.0
 11
745.294717
 21
405.494709
 31
0.0
  0
LINE
  5
1300
330
70
100
AcDbEntity
  8
Visible
100
AcDbLine
 10
745.248717
 20
405.757709
 30
0.0
 11
745.274717
 21
405.629709
 31
0.0
  0
LINE
  5
1301
330
70
100
AcDbEntity
  8
Visible
100
AcDbLine
 10
745.216717
 20
405.880709
 30
0.0
 11
745.248717
 21
405.757709
 31
0.0
  0
LINE
  5
1302
330
70
100
AcDbEntity
  8
Visible
100
AcDbLine
 10
745.179717
 20
405.997709
 30
0.0
 11
745.216717
 21
405.880709
 31
0.0
  0
LINE
  5
1303
330
70
100
AcDbEntity
  8
Visible
100
AcDbLine
 10
745.136717
 20
406.108709
 30
0.0
 11
745.179717
 21
405.997709
 31
0.0
  0
LINE
  5
1304
330
70
100
AcDbEntity
  8
Visible
100
AcDbLine
 10
745.087717
 20
406.213709
 30
0.0
 11
745.136717
 21
406.108709
 31
0.0
  0
LINE
  5
1305
330
70
100
AcDbEntity
  8
Visible
100
AcDbLine
 10
745.032717
 20
406.313709
 30
0.0
 11
745.087717
 21
406.213709
 31
0.0
  0
LINE
  5
1306
330
70
100
AcDbEntity
  8
Visible
100
AcDbLine
 10
744.972717
 20
406.407709
 30
0.0
 11
745.032717
 21
406.313709
 31
0.0
  0
LINE
  5
1307
330
70
100
AcDbEntity
  8
Visible
100
AcDbLine
 10
744.908717
 20
406.496709
 30
0.0
 11
744.972717
 21
406.407709
 31
0.0
  0
LINE
  5
1308
330
70
100
AcDbEntity
  8
Visible
100
AcDbLine
 10
744.839717
 20
406.579709
 30
0.0
 11
744.908717
 21
406.496709
 31
0.0
  0
LINE
  5
1309
330
70
100
AcDbEntity
  8
Visible
100
AcDbLine
 10
744.766717
 20
406.658709
 30
0.0
 11
744.839717
 21
406.579709
 31
0.0
  0
LINE
  5
130A
330
70
100
AcDbEntity
  8
Visible
100
AcDbLine
 10
744.689717
 20
406.731709
 30
0.0
 11
744.766717
 21
406.658709
 31
0.0
  0
LINE
  5
130B
330
70
100
AcDbEntity
  8
Visible
100
AcDbLine
 10
744.606717
 20
406.799709
 30
0.0
 11
744.689717
 21
406.731709
 31
0.0
  0
LINE
  5
130C
330
70
100
AcDbEntity
  8
Visible
100
AcDbLine
 10
744.520717
 20
406.861709
 30
0.0
 11
744.606717
 21
406.799709
 31
0.0
  0
LINE
  5
130D
330
70
100
AcDbEntity
  8
Visible
100
AcDbLine
 10
744.429717
 20
406.919709
 30
0.0
 11
744.520717
 21
406.861709
 31
0.0
  0
LINE
  5
130E
330
70
100
AcDbEntity
  8
Visible
100
AcDbLine
 10
744.334717
 20
406.971709
 30
0.0
 11
744.429717
 21
406.919709
 31
0.0
  0
LINE
  5
130F
330
70
100
AcDbEntity
  8
Visible
100
AcDbLine
 10
744.234717
 20
407.018709
 30
0.0
 11
744.334717
 21
406.971709
 31
0.0
  0
LINE
  5
1310
330
70
100
AcDbEntity
  8
Visible
100
AcDbLine
 10
744.131717
 20
407.060709
 30
0.0
 11
744.234717
 21
407.018709
 31
0.0
  0
LINE
  5
1311
330
70
100
AcDbEntity
  8
Visible
100
AcDbLine
 10
744.024717
 20
407.098709
 30
0.0
 11
744.131717
 21
407.060709
 31
0.0
  0
LINE
  5
1312
330
70
100
AcDbEntity
  8
Visible
100
AcDbLine
 10
743.915717
 20
407.131709
 30
0.0
 11
744.024717
 21
407.098709
 31
0.0
  0
LINE
  5
1313
330
70
100
AcDbEntity
  8
Visible
100
AcDbLine
 10
743.802717
 20
407.160709
 30
0.0
 11
743.915717
 21
407.131709
 31
0.0
  0
LINE
  5
1314
330
70
100
AcDbEntity
  8
Visible
100
AcDbLine
 10
743.686717
 20
407.185709
 30
0.0
 11
743.802717
 21
407.160709
 31
0.0
  0
LINE
  5
1315
330
70
100
AcDbEntity
  8
Visible
100
AcDbLine
 10
743.568717
 20
407.204709
 30
0.0
 11
743.686717
 21
407.185709
 31
0.0
  0
LINE
  5
1316
330
70
100
AcDbEntity
  8
Visible
100
AcDbLine
 10
743.446717
 20
407.220709
 30
0.0
 11
743.568717
 21
407.204709
 31
0.0
  0
LINE
  5
1317
330
70
100
AcDbEntity
  8
Visible
100
AcDbLine
 10
743.322717
 20
407.231709
 30
0.0
 11
743.446717
 21
407.220709
 31
0.0
  0
LINE
  5
1318
330
70
100
AcDbEntity
  8
Visible
100
AcDbLine
 10
743.195717
 20
407.238709
 30
0.0
 11
743.322717
 21
407.231709
 31
0.0
  0
LINE
  5
1319
330
70
100
AcDbEntity
  8
Visible
100
AcDbLine
 10
743.064717
 20
407.240709
 30
0.0
 11
743.195717
 21
407.238709
 31
0.0
  0
LINE
  5
131A
330
70
100
AcDbEntity
  8
Visible
100
AcDbLine
 10
742.928717
 20
407.238709
 30
0.0
 11
743.064717
 21
407.240709
 31
0.0
  0
LINE
  5
131B
330
70
100
AcDbEntity
  8
Visible
100
AcDbLine
 10
742.794717
 20
407.233709
 30
0.0
 11
742.928717
 21
407.238709
 31
0.0
  0
LINE
  5
131C
330
70
100
AcDbEntity
  8
Visible
100
AcDbLine
 10
742.664717
 20
407.225709
 30
0.0
 11
742.794717
 21
407.233709
 31
0.0
  0
LINE
  5
131D
330
70
100
AcDbEntity
  8
Visible
100
AcDbLine
 10
742.536717
 20
407.213709
 30
0.0
 11
742.664717
 21
407.225709
 31
0.0
  0
LINE
  5
131E
330
70
100
AcDbEntity
  8
Visible
100
AcDbLine
 10
742.412717
 20
407.197709
 30
0.0
 11
742.536717
 21
407.213709
 31
0.0
  0
LINE
  5
131F
330
70
100
AcDbEntity
  8
Visible
100
AcDbLine
 10
742.291717
 20
407.178709
 30
0.0
 11
742.412717
 21
407.197709
 31
0.0
  0
LINE
  5
1320
330
70
100
AcDbEntity
  8
Visible
100
AcDbLine
 10
742.173717
 20
407.156709
 30
0.0
 11
742.291717
 21
407.178709
 31
0.0
  0
LINE
  5
1321
330
70
100
AcDbEntity
  8
Visible
100
AcDbLine
 10
742.058717
 20
407.131709
 30
0.0
 11
742.173717
 21
407.156709
 31
0.0
  0
LINE
  5
1322
330
70
100
AcDbEntity
  8
Visible
100
AcDbLine
 10
741.946717
 20
407.101709
 30
0.0
 11
742.058717
 21
407.131709
 31
0.0
  0
LINE
  5
1323
330
70
100
AcDbEntity
  8
Visible
100
AcDbLine
 10
741.837717
 20
407.069709
 30
0.0
 11
741.946717
 21
407.101709
 31
0.0
  0
LINE
  5
1324
330
70
100
AcDbEntity
  8
Visible
100
AcDbLine
 10
741.732717
 20
407.033709
 30
0.0
 11
741.837717
 21
407.069709
 31
0.0
  0
LINE
  5
1325
330
70
100
AcDbEntity
  8
Visible
100
AcDbLine
 10
741.631717
 20
406.992709
 30
0.0
 11
741.732717
 21
407.033709
 31
0.0
  0
LINE
  5
1326
330
70
100
AcDbEntity
  8
Visible
100
AcDbLine
 10
741.536717
 20
406.947709
 30
0.0
 11
741.631717
 21
406.992709
 31
0.0
  0
LINE
  5
1327
330
70
100
AcDbEntity
  8
Visible
100
AcDbLine
 10
741.444717
 20
406.899709
 30
0.0
 11
741.536717
 21
406.947709
 31
0.0
  0
LINE
  5
1328
330
70
100
AcDbEntity
  8
Visible
100
AcDbLine
 10
741.358717
 20
406.846709
 30
0.0
 11
741.444717
 21
406.899709
 31
0.0
  0
LINE
  5
1329
330
70
100
AcDbEntity
  8
Visible
100
AcDbLine
 10
741.276717
 20
406.788709
 30
0.0
 11
741.358717
 21
406.846709
 31
0.0
  0
LINE
  5
132A
330
70
100
AcDbEntity
  8
Visible
100
AcDbLine
 10
741.198717
 20
406.727709
 30
0.0
 11
741.276717
 21
406.788709
 31
0.0
  0
LINE
  5
132B
330
70
100
AcDbEntity
  8
Visible
100
AcDbLine
 10
741.126717
 20
406.661709
 30
0.0
 11
741.198717
 21
406.727709
 31
0.0
  0
LINE
  5
132C
330
70
100
AcDbEntity
  8
Visible
100
AcDbLine
 10
741.058717
 20
406.591709
 30
0.0
 11
741.126717
 21
406.661709
 31
0.0
  0
LINE
  5
132D
330
70
100
AcDbEntity
  8
Visible
100
AcDbLine
 10
740.994717
 20
406.517709
 30
0.0
 11
741.058717
 21
406.591709
 31
0.0
  0
LINE
  5
132E
330
70
100
AcDbEntity
  8
Visible
100
AcDbLine
 10
740.936717
 20
406.438709
 30
0.0
 11
740.994717
 21
406.517709
 31
0.0
  0
LINE
  5
132F
330
70
100
AcDbEntity
  8
Visible
100
AcDbLine
 10
740.884717
 20
406.355709
 30
0.0
 11
740.936717
 21
406.438709
 31
0.0
  0
LINE
  5
1330
330
70
100
AcDbEntity
  8
Visible
100
AcDbLine
 10
740.838717
 20
406.267709
 30
0.0
 11
740.884717
 21
406.355709
 31
0.0
  0
LINE
  5
1331
330
70
100
AcDbEntity
  8
Visible
100
AcDbLine
 10
740.798717
 20
406.173709
 30
0.0
 11
740.838717
 21
406.267709
 31
0.0
  0
LINE
  5
1332
330
70
100
AcDbEntity
  8
Visible
100
AcDbLine
 10
740.764717
 20
406.075709
 30
0.0
 11
740.798717
 21
406.173709
 31
0.0
  0
LINE
  5
1333
330
70
100
AcDbEntity
  8
Visible
100
AcDbLine
 10
740.737717
 20
405.972709
 30
0.0
 11
740.764717
 21
406.075709
 31
0.0
  0
LINE
  5
1334
330
70
100
AcDbEntity
  8
Visible
100
AcDbLine
 10
740.716717
 20
405.865709
 30
0.0
 11
740.737717
 21
405.972709
 31
0.0
  0
LINE
  5
1335
330
70
100
AcDbEntity
  8
Visible
100
AcDbLine
 10
740.700717
 20
405.752709
 30
0.0
 11
740.716717
 21
405.865709
 31
0.0
  0
LINE
  5
1336
330
70
100
AcDbEntity
  8
Visible
100
AcDbLine
 10
740.691717
 20
405.634709
 30
0.0
 11
740.700717
 21
405.752709
 31
0.0
  0
LINE
  5
1337
330
70
100
AcDbEntity
  8
Visible
100
AcDbLine
 10
740.688717
 20
405.512709
 30
0.0
 11
740.691717
 21
405.634709
 31
0.0
  0
LINE
  5
1338
330
70
100
AcDbEntity
  8
Visible
100
AcDbLine
 10
741.732717
 20
405.512709
 30
0.0
 11
740.688717
 21
405.512709
 31
0.0
  0
LINE
  5
1339
330
70
100
AcDbEntity
  8
Visible
100
AcDbLine
 10
741.734717
 20
405.582709
 30
0.0
 11
741.732717
 21
405.512709
 31
0.0
  0
LINE
  5
133A
330
70
100
AcDbEntity
  8
Visible
100
AcDbLine
 10
741.739717
 20
405.648709
 30
0.0
 11
741.734717
 21
405.582709
 31
0.0
  0
LINE
  5
133B
330
70
100
AcDbEntity
  8
Visible
100
AcDbLine
 10
741.748717
 20
405.713709
 30
0.0
 11
741.739717
 21
405.648709
 31
0.0
  0
LINE
  5
133C
330
70
100
AcDbEntity
  8
Visible
100
AcDbLine
 10
741.760717
 20
405.775709
 30
0.0
 11
741.748717
 21
405.713709
 31
0.0
  0
LINE
  5
133D
330
70
100
AcDbEntity
  8
Visible
100
AcDbLine
 10
741.776717
 20
405.834709
 30
0.0
 11
741.760717
 21
405.775709
 31
0.0
  0
LINE
  5
133E
330
70
100
AcDbEntity
  8
Visible
100
AcDbLine
 10
741.796717
 20
405.890709
 30
0.0
 11
741.776717
 21
405.834709
 31
0.0
  0
LINE
  5
133F
330
70
100
AcDbEntity
  8
Visible
100
AcDbLine
 10
741.819717
 20
405.944709
 30
0.0
 11
741.796717
 21
405.890709
 31
0.0
  0
LINE
  5
1340
330
70
100
AcDbEntity
  8
Visible
100
AcDbLine
 10
741.845717
 20
405.996709
 30
0.0
 11
741.819717
 21
405.944709
 31
0.0
  0
LINE
  5
1341
330
70
100
AcDbEntity
  8
Visible
100
AcDbLine
 10
741.875717
 20
406.045709
 30
0.0
 11
741.845717
 21
405.996709
 31
0.0
  0
LINE
  5
1342
330
70
100
AcDbEntity
  8
Visible
100
AcDbLine
 10
741.909717
 20
406.091709
 30
0.0
 11
741.875717
 21
406.045709
 31
0.0
  0
LINE
  5
1343
330
70
100
AcDbEntity
  8
Visible
100
AcDbLine
 10
741.946717
 20
406.135709
 30
0.0
 11
741.909717
 21
406.091709
 31
0.0
  0
LINE
  5
1344
330
70
100
AcDbEntity
  8
Visible
100
AcDbLine
 10
741.985717
 20
406.176709
 30
0.0
 11
741.946717
 21
406.135709
 31
0.0
  0
LINE
  5
1345
330
70
100
AcDbEntity
  8
Visible
100
AcDbLine
 10
742.027717
 20
406.215709
 30
0.0
 11
741.985717
 21
406.176709
 31
0.0
  0
LINE
  5
1346
330
70
100
AcDbEntity
  8
Visible
100
AcDbLine
 10
742.071717
 20
406.252709
 30
0.0
 11
742.027717
 21
406.215709
 31
0.0
  0
LINE
  5
1347
330
70
100
AcDbEntity
  8
Visible
100
AcDbLine
 10
742.118717
 20
406.287709
 30
0.0
 11
742.071717
 21
406.252709
 31
0.0
  0
LINE
  5
1348
330
70
100
AcDbEntity
  8
Visible
100
AcDbLine
 10
742.167717
 20
406.319709
 30
0.0
 11
742.118717
 21
406.287709
 31
0.0
  0
LINE
  5
1349
330
70
100
AcDbEntity
  8
Visible
100
AcDbLine
 10
742.219717
 20
406.349709
 30
0.0
 11
742.167717
 21
406.319709
 31
0.0
  0
LINE
  5
134A
330
70
100
AcDbEntity
  8
Visible
100
AcDbLine
 10
742.273717
 20
406.376709
 30
0.0
 11
742.219717
 21
406.349709
 31
0.0
  0
LINE
  5
134B
330
70
100
AcDbEntity
  8
Visible
100
AcDbLine
 10
742.330717
 20
406.401709
 30
0.0
 11
742.273717
 21
406.376709
 31
0.0
  0
LINE
  5
134C
330
70
100
AcDbEntity
  8
Visible
100
AcDbLine
 10
742.389717
 20
406.424709
 30
0.0
 11
742.330717
 21
406.401709
 31
0.0
  0
LINE
  5
134D
330
70
100
AcDbEntity
  8
Visible
100
AcDbLine
 10
742.450717
 20
406.445709
 30
0.0
 11
742.389717
 21
406.424709
 31
0.0
  0
LINE
  5
134E
330
70
100
AcDbEntity
  8
Visible
100
AcDbLine
 10
742.513717
 20
406.463709
 30
0.0
 11
742.450717
 21
406.445709
 31
0.0
  0
LINE
  5
134F
330
70
100
AcDbEntity
  8
Visible
100
AcDbLine
 10
742.577717
 20
406.479709
 30
0.0
 11
742.513717
 21
406.463709
 31
0.0
  0
LINE
  5
1350
330
70
100
AcDbEntity
  8
Visible
100
AcDbLine
 10
742.642717
 20
406.493709
 30
0.0
 11
742.577717
 21
406.479709
 31
0.0
  0
LINE
  5
1351
330
70
100
AcDbEntity
  8
Visible
100
AcDbLine
 10
742.709717
 20
406.505709
 30
0.0
 11
742.642717
 21
406.493709
 31
0.0
  0
LINE
  5
1352
330
70
100
AcDbEntity
  8
Visible
100
AcDbLine
 10
742.777717
 20
406.515709
 30
0.0
 11
742.709717
 21
406.505709
 31
0.0
  0
LINE
  5
1353
330
70
100
AcDbEntity
  8
Visible
100
AcDbLine
 10
742.847717
 20
406.522709
 30
0.0
 11
742.777717
 21
406.515709
 31
0.0
  0
LINE
  5
1354
330
70
100
AcDbEntity
  8
Visible
100
AcDbLine
 10
742.918717
 20
406.528709
 30
0.0
 11
742.847717
 21
406.522709
 31
0.0
  0
LINE
  5
1355
330
70
100
AcDbEntity
  8
Visible
100
AcDbLine
 10
742.990717
 20
406.531709
 30
0.0
 11
742.918717
 21
406.528709
 31
0.0
  0
LINE
  5
1356
330
70
100
AcDbEntity
  8
Visible
100
AcDbLine
 10
743.064717
 20
406.532709
 30
0.0
 11
742.990717
 21
406.531709
 31
0.0
  0
LINE
  5
1357
330
70
100
AcDbEntity
  8
Visible
100
AcDbLine
 10
743.193717
 20
406.529709
 30
0.0
 11
743.064717
 21
406.532709
 31
0.0
  0
LINE
  5
1358
330
70
100
AcDbEntity
  8
Visible
100
AcDbLine
 10
743.315717
 20
406.518709
 30
0.0
 11
743.193717
 21
406.529709
 31
0.0
  0
LINE
  5
1359
330
70
100
AcDbEntity
  8
Visible
100
AcDbLine
 10
743.430717
 20
406.501709
 30
0.0
 11
743.315717
 21
406.518709
 31
0.0
  0
LINE
  5
135A
330
70
100
AcDbEntity
  8
Visible
100
AcDbLine
 10
743.539717
 20
406.478709
 30
0.0
 11
743.430717
 21
406.501709
 31
0.0
  0
LINE
  5
135B
330
70
100
AcDbEntity
  8
Visible
100
AcDbLine
 10
743.642717
 20
406.447709
 30
0.0
 11
743.539717
 21
406.478709
 31
0.0
  0
LINE
  5
135C
330
70
100
AcDbEntity
  8
Visible
100
AcDbLine
 10
743.737717
 20
406.410709
 30
0.0
 11
743.642717
 21
406.447709
 31
0.0
  0
LINE
  5
135D
330
70
100
AcDbEntity
  8
Visible
100
AcDbLine
 10
743.826717
 20
406.366709
 30
0.0
 11
743.737717
 21
406.410709
 31
0.0
  0
LINE
  5
135E
330
70
100
AcDbEntity
  8
Visible
100
AcDbLine
 10
743.909717
 20
406.315709
 30
0.0
 11
743.826717
 21
406.366709
 31
0.0
  0
LINE
  5
135F
330
70
100
AcDbEntity
  8
Visible
100
AcDbLine
 10
743.985717
 20
406.257709
 30
0.0
 11
743.909717
 21
406.315709
 31
0.0
  0
LINE
  5
1360
330
70
100
AcDbEntity
  8
Visible
100
AcDbLine
 10
744.054717
 20
406.193709
 30
0.0
 11
743.985717
 21
406.257709
 31
0.0
  0
LINE
  5
1361
330
70
100
AcDbEntity
  8
Visible
100
AcDbLine
 10
744.117717
 20
406.121709
 30
0.0
 11
744.054717
 21
406.193709
 31
0.0
  0
LINE
  5
1362
330
70
100
AcDbEntity
  8
Visible
100
AcDbLine
 10
744.173717
 20
406.040709
 30
0.0
 11
744.117717
 21
406.121709
 31
0.0
  0
LINE
  5
1363
330
70
100
AcDbEntity
  8
Visible
100
AcDbLine
 10
744.222717
 20
405.950709
 30
0.0
 11
744.173717
 21
406.040709
 31
0.0
  0
LINE
  5
1364
330
70
100
AcDbEntity
  8
Visible
100
AcDbLine
 10
744.265717
 20
405.852709
 30
0.0
 11
744.222717
 21
405.950709
 31
0.0
  0
LINE
  5
1365
330
70
100
AcDbEntity
  8
Visible
100
AcDbLine
 10
744.301717
 20
405.745709
 30
0.0
 11
744.265717
 21
405.852709
 31
0.0
  0
LINE
  5
1366
330
70
100
AcDbEntity
  8
Visible
100
AcDbLine
 10
744.331717
 20
405.630709
 30
0.0
 11
744.301717
 21
405.745709
 31
0.0
  0
LINE
  5
1367
330
70
100
AcDbEntity
  8
Visible
100
AcDbLine
 10
744.354717
 20
405.505709
 30
0.0
 11
744.331717
 21
405.630709
 31
0.0
  0
LINE
  5
1368
330
70
100
AcDbEntity
  8
Visible
100
AcDbLine
 10
744.371717
 20
405.372709
 30
0.0
 11
744.354717
 21
405.505709
 31
0.0
  0
LINE
  5
1369
330
70
100
AcDbEntity
  8
Visible
100
AcDbLine
 10
744.381717
 20
405.230709
 30
0.0
 11
744.371717
 21
405.372709
 31
0.0
  0
LINE
  5
136A
330
70
100
AcDbEntity
  8
Visible
100
AcDbLine
 10
744.384717
 20
405.080709
 30
0.0
 11
744.381717
 21
405.230709
 31
0.0
  0
LINE
  5
136B
330
70
100
AcDbEntity
  8
Visible
100
AcDbLine
 10
736.600717
 20
401.367709
 30
0.0
 11
736.459717
 21
401.362709
 31
0.0
  0
LINE
  5
136C
330
70
100
AcDbEntity
  8
Visible
100
AcDbLine
 10
736.735717
 20
401.376709
 30
0.0
 11
736.600717
 21
401.367709
 31
0.0
  0
LINE
  5
136D
330
70
100
AcDbEntity
  8
Visible
100
AcDbLine
 10
736.866717
 20
401.388709
 30
0.0
 11
736.735717
 21
401.376709
 31
0.0
  0
LINE
  5
136E
330
70
100
AcDbEntity
  8
Visible
100
AcDbLine
 10
736.992717
 20
401.404709
 30
0.0
 11
736.866717
 21
401.388709
 31
0.0
  0
LINE
  5
136F
330
70
100
AcDbEntity
  8
Visible
100
AcDbLine
 10
737.113717
 20
401.423709
 30
0.0
 11
736.992717
 21
401.404709
 31
0.0
  0
LINE
  5
1370
330
70
100
AcDbEntity
  8
Visible
100
AcDbLine
 10
737.230717
 20
401.445709
 30
0.0
 11
737.113717
 21
401.423709
 31
0.0
  0
LINE
  5
1371
330
70
100
AcDbEntity
  8
Visible
100
AcDbLine
 10
737.341717
 20
401.471709
 30
0.0
 11
737.230717
 21
401.445709
 31
0.0
  0
LINE
  5
1372
330
70
100
AcDbEntity
  8
Visible
100
AcDbLine
 10
737.448717
 20
401.501709
 30
0.0
 11
737.341717
 21
401.471709
 31
0.0
  0
LINE
  5
1373
330
70
100
AcDbEntity
  8
Visible
100
AcDbLine
 10
737.550717
 20
401.534709
 30
0.0
 11
737.448717
 21
401.501709
 31
0.0
  0
LINE
  5
1374
330
70
100
AcDbEntity
  8
Visible
100
AcDbLine
 10
737.648717
 20
401.570709
 30
0.0
 11
737.550717
 21
401.534709
 31
0.0
  0
LINE
  5
1375
330
70
100
AcDbEntity
  8
Visible
100
AcDbLine
 10
737.741717
 20
401.608709
 30
0.0
 11
737.648717
 21
401.570709
 31
0.0
  0
LINE
  5
1376
330
70
100
AcDbEntity
  8
Visible
100
AcDbLine
 10
737.831717
 20
401.649709
 30
0.0
 11
737.741717
 21
401.608709
 31
0.0
  0
LINE
  5
1377
330
70
100
AcDbEntity
  8
Visible
100
AcDbLine
 10
737.917717
 20
401.692709
 30
0.0
 11
737.831717
 21
401.649709
 31
0.0
  0
LINE
  5
1378
330
70
100
AcDbEntity
  8
Visible
100
AcDbLine
 10
737.998717
 20
401.738709
 30
0.0
 11
737.917717
 21
401.692709
 31
0.0
  0
LINE
  5
1379
330
70
100
AcDbEntity
  8
Visible
100
AcDbLine
 10
738.076717
 20
401.786709
 30
0.0
 11
737.998717
 21
401.738709
 31
0.0
  0
LINE
  5
137A
330
70
100
AcDbEntity
  8
Visible
100
AcDbLine
 10
738.150717
 20
401.836709
 30
0.0
 11
738.076717
 21
401.786709
 31
0.0
  0
LINE
  5
137B
330
70
100
AcDbEntity
  8
Visible
100
AcDbLine
 10
738.220717
 20
401.889709
 30
0.0
 11
738.150717
 21
401.836709
 31
0.0
  0
LINE
  5
137C
330
70
100
AcDbEntity
  8
Visible
100
AcDbLine
 10
738.286717
 20
401.944709
 30
0.0
 11
738.220717
 21
401.889709
 31
0.0
  0
LINE
  5
137D
330
70
100
AcDbEntity
  8
Visible
100
AcDbLine
 10
738.348717
 20
402.002709
 30
0.0
 11
738.286717
 21
401.944709
 31
0.0
  0
LINE
  5
137E
330
70
100
AcDbEntity
  8
Visible
100
AcDbLine
 10
738.406717
 20
402.062709
 30
0.0
 11
738.348717
 21
402.002709
 31
0.0
  0
LINE
  5
137F
330
70
100
AcDbEntity
  8
Visible
100
AcDbLine
 10
738.461717
 20
402.122709
 30
0.0
 11
738.406717
 21
402.062709
 31
0.0
  0
LINE
  5
1380
330
70
100
AcDbEntity
  8
Visible
100
AcDbLine
 10
738.513717
 20
402.185709
 30
0.0
 11
738.461717
 21
402.122709
 31
0.0
  0
LINE
  5
1381
330
70
100
AcDbEntity
  8
Visible
100
AcDbLine
 10
738.561717
 20
402.249709
 30
0.0
 11
738.513717
 21
402.185709
 31
0.0
  0
LINE
  5
1382
330
70
100
AcDbEntity
  8
Visible
100
AcDbLine
 10
738.605717
 20
402.314709
 30
0.0
 11
738.561717
 21
402.249709
 31
0.0
  0
LINE
  5
1383
330
70
100
AcDbEntity
  8
Visible
100
AcDbLine
 10
738.646717
 20
402.381709
 30
0.0
 11
738.605717
 21
402.314709
 31
0.0
  0
LINE
  5
1384
330
70
100
AcDbEntity
  8
Visible
100
AcDbLine
 10
738.684717
 20
402.449709
 30
0.0
 11
738.646717
 21
402.381709
 31
0.0
  0
LINE
  5
1385
330
70
100
AcDbEntity
  8
Visible
100
AcDbLine
 10
738.719717
 20
402.518709
 30
0.0
 11
738.684717
 21
402.449709
 31
0.0
  0
LINE
  5
1386
330
70
100
AcDbEntity
  8
Visible
100
AcDbLine
 10
738.749717
 20
402.590709
 30
0.0
 11
738.719717
 21
402.518709
 31
0.0
  0
LINE
  5
1387
330
70
100
AcDbEntity
  8
Visible
100
AcDbLine
 10
738.777717
 20
402.662709
 30
0.0
 11
738.749717
 21
402.590709
 31
0.0
  0
LINE
  5
1388
330
70
100
AcDbEntity
  8
Visible
100
AcDbLine
 10
738.802717
 20
402.735709
 30
0.0
 11
738.777717
 21
402.662709
 31
0.0
  0
LINE
  5
1389
330
70
100
AcDbEntity
  8
Visible
100
AcDbLine
 10
738.823717
 20
402.809709
 30
0.0
 11
738.802717
 21
402.735709
 31
0.0
  0
LINE
  5
138A
330
70
100
AcDbEntity
  8
Visible
100
AcDbLine
 10
738.843717
 20
402.883709
 30
0.0
 11
738.823717
 21
402.809709
 31
0.0
  0
LINE
  5
138B
330
70
100
AcDbEntity
  8
Visible
100
AcDbLine
 10
738.860717
 20
402.958709
 30
0.0
 11
738.843717
 21
402.883709
 31
0.0
  0
LINE
  5
138C
330
70
100
AcDbEntity
  8
Visible
100
AcDbLine
 10
738.874717
 20
403.032709
 30
0.0
 11
738.860717
 21
402.958709
 31
0.0
  0
LINE
  5
138D
330
70
100
AcDbEntity
  8
Visible
100
AcDbLine
 10
738.885717
 20
403.108709
 30
0.0
 11
738.874717
 21
403.032709
 31
0.0
  0
LINE
  5
138E
330
70
100
AcDbEntity
  8
Visible
100
AcDbLine
 10
738.894717
 20
403.183709
 30
0.0
 11
738.885717
 21
403.108709
 31
0.0
  0
LINE
  5
138F
330
70
100
AcDbEntity
  8
Visible
100
AcDbLine
 10
738.901717
 20
403.259709
 30
0.0
 11
738.894717
 21
403.183709
 31
0.0
  0
LINE
  5
1390
330
70
100
AcDbEntity
  8
Visible
100
AcDbLine
 10
738.905717
 20
403.335709
 30
0.0
 11
738.901717
 21
403.259709
 31
0.0
  0
LINE
  5
1391
330
70
100
AcDbEntity
  8
Visible
100
AcDbLine
 10
738.906717
 20
403.412709
 30
0.0
 11
738.905717
 21
403.335709
 31
0.0
  0
LINE
  5
1392
330
70
100
AcDbEntity
  8
Visible
100
AcDbLine
 10
738.904717
 20
403.495709
 30
0.0
 11
738.906717
 21
403.412709
 31
0.0
  0
LINE
  5
1393
330
70
100
AcDbEntity
  8
Visible
100
AcDbLine
 10
738.898717
 20
403.578709
 30
0.0
 11
738.904717
 21
403.495709
 31
0.0
  0
LINE
  5
1394
330
70
100
AcDbEntity
  8
Visible
100
AcDbLine
 10
738.888717
 20
403.659709
 30
0.0
 11
738.898717
 21
403.578709
 31
0.0
  0
LINE
  5
1395
330
70
100
AcDbEntity
  8
Visible
100
AcDbLine
 10
738.874717
 20
403.740709
 30
0.0
 11
738.888717
 21
403.659709
 31
0.0
  0
LINE
  5
1396
330
70
100
AcDbEntity
  8
Visible
100
AcDbLine
 10
738.857717
 20
403.819709
 30
0.0
 11
738.874717
 21
403.740709
 31
0.0
  0
LINE
  5
1397
330
70
100
AcDbEntity
  8
Visible
100
AcDbLine
 10
738.835717
 20
403.898709
 30
0.0
 11
738.857717
 21
403.819709
 31
0.0
  0
LINE
  5
1398
330
70
100
AcDbEntity
  8
Visible
100
AcDbLine
 10
738.809717
 20
403.975709
 30
0.0
 11
738.835717
 21
403.898709
 31
0.0
  0
LINE
  5
1399
330
70
100
AcDbEntity
  8
Visible
100
AcDbLine
 10
738.779717
 20
404.051709
 30
0.0
 11
738.809717
 21
403.975709
 31
0.0
  0
LINE
  5
139A
330
70
100
AcDbEntity
  8
Visible
100
AcDbLine
 10
738.746717
 20
404.127709
 30
0.0
 11
738.779717
 21
404.051709
 31
0.0
  0
LINE
  5
139B
330
70
100
AcDbEntity
  8
Visible
100
AcDbLine
 10
738.708717
 20
404.201709
 30
0.0
 11
738.746717
 21
404.127709
 31
0.0
  0
LINE
  5
139C
330
70
100
AcDbEntity
  8
Visible
100
AcDbLine
 10
738.667717
 20
404.274709
 30
0.0
 11
738.708717
 21
404.201709
 31
0.0
  0
LINE
  5
139D
330
70
100
AcDbEntity
  8
Visible
100
AcDbLine
 10
738.623717
 20
404.344709
 30
0.0
 11
738.667717
 21
404.274709
 31
0.0
  0
LINE
  5
139E
330
70
100
AcDbEntity
  8
Visible
100
AcDbLine
 10
738.575717
 20
404.412709
 30
0.0
 11
738.623717
 21
404.344709
 31
0.0
  0
LINE
  5
139F
330
70
100
AcDbEntity
  8
Visible
100
AcDbLine
 10
738.525717
 20
404.478709
 30
0.0
 11
738.575717
 21
404.412709
 31
0.0
  0
LINE
  5
13A0
330
70
100
AcDbEntity
  8
Visible
100
AcDbLine
 10
738.472717
 20
404.541709
 30
0.0
 11
738.525717
 21
404.478709
 31
0.0
  0
LINE
  5
13A1
330
70
100
AcDbEntity
  8
Visible
100
AcDbLine
 10
738.415717
 20
404.603709
 30
0.0
 11
738.472717
 21
404.541709
 31
0.0
  0
LINE
  5
13A2
330
70
100
AcDbEntity
  8
Visible
100
AcDbLine
 10
738.356717
 20
404.662709
 30
0.0
 11
738.415717
 21
404.603709
 31
0.0
  0
LINE
  5
13A3
330
70
100
AcDbEntity
  8
Visible
100
AcDbLine
 10
738.293717
 20
404.718709
 30
0.0
 11
738.356717
 21
404.662709
 31
0.0
  0
LINE
  5
13A4
330
70
100
AcDbEntity
  8
Visible
100
AcDbLine
 10
738.228717
 20
404.773709
 30
0.0
 11
738.293717
 21
404.718709
 31
0.0
  0
LINE
  5
13A5
330
70
100
AcDbEntity
  8
Visible
100
AcDbLine
 10
738.159717
 20
404.825709
 30
0.0
 11
738.228717
 21
404.773709
 31
0.0
  0
LINE
  5
13A6
330
70
100
AcDbEntity
  8
Visible
100
AcDbLine
 10
738.088717
 20
404.874709
 30
0.0
 11
738.159717
 21
404.825709
 31
0.0
  0
LINE
  5
13A7
330
70
100
AcDbEntity
  8
Visible
100
AcDbLine
 10
738.014717
 20
404.920709
 30
0.0
 11
738.088717
 21
404.874709
 31
0.0
  0
LINE
  5
13A8
330
70
100
AcDbEntity
  8
Visible
100
AcDbLine
 10
737.938717
 20
404.962709
 30
0.0
 11
738.014717
 21
404.920709
 31
0.0
  0
LINE
  5
13A9
330
70
100
AcDbEntity
  8
Visible
100
AcDbLine
 10
737.860717
 20
405.000709
 30
0.0
 11
737.938717
 21
404.962709
 31
0.0
  0
LINE
  5
13AA
330
70
100
AcDbEntity
  8
Visible
100
AcDbLine
 10
737.780717
 20
405.034709
 30
0.0
 11
737.860717
 21
405.000709
 31
0.0
  0
LINE
  5
13AB
330
70
100
AcDbEntity
  8
Visible
100
AcDbLine
 10
737.698717
 20
405.065709
 30
0.0
 11
737.780717
 21
405.034709
 31
0.0
  0
LINE
  5
13AC
330
70
100
AcDbEntity
  8
Visible
100
AcDbLine
 10
737.613717
 20
405.092709
 30
0.0
 11
737.698717
 21
405.065709
 31
0.0
  0
LINE
  5
13AD
330
70
100
AcDbEntity
  8
Visible
100
AcDbLine
 10
737.526717
 20
405.116709
 30
0.0
 11
737.613717
 21
405.092709
 31
0.0
  0
LINE
  5
13AE
330
70
100
AcDbEntity
  8
Visible
100
AcDbLine
 10
737.437717
 20
405.136709
 30
0.0
 11
737.526717
 21
405.116709
 31
0.0
  0
LINE
  5
13AF
330
70
100
AcDbEntity
  8
Visible
100
AcDbLine
 10
737.346717
 20
405.152709
 30
0.0
 11
737.437717
 21
405.136709
 31
0.0
  0
LINE
  5
13B0
330
70
100
AcDbEntity
  8
Visible
100
AcDbLine
 10
737.485717
 20
405.190709
 30
0.0
 11
737.346717
 21
405.152709
 31
0.0
  0
LINE
  5
13B1
330
70
100
AcDbEntity
  8
Visible
100
AcDbLine
 10
737.617717
 20
405.234709
 30
0.0
 11
737.485717
 21
405.190709
 31
0.0
  0
LINE
  5
13B2
330
70
100
AcDbEntity
  8
Visible
100
AcDbLine
 10
737.742717
 20
405.284709
 30
0.0
 11
737.617717
 21
405.234709
 31
0.0
  0
LINE
  5
13B3
330
70
100
AcDbEntity
  8
Visible
100
AcDbLine
 10
737.860717
 20
405.340709
 30
0.0
 11
737.742717
 21
405.284709
 31
0.0
  0
LINE
  5
13B4
330
70
100
AcDbEntity
  8
Visible
100
AcDbLine
 10
737.971717
 20
405.402709
 30
0.0
 11
737.860717
 21
405.340709
 31
0.0
  0
LINE
  5
13B5
330
70
100
AcDbEntity
  8
Visible
100
AcDbLine
 10
738.074717
 20
405.470709
 30
0.0
 11
737.971717
 21
405.402709
 31
0.0
  0
LINE
  5
13B6
330
70
100
AcDbEntity
  8
Visible
100
AcDbLine
 10
738.171717
 20
405.544709
 30
0.0
 11
738.074717
 21
405.470709
 31
0.0
  0
LINE
  5
13B7
330
70
100
AcDbEntity
  8
Visible
100
AcDbLine
 10
738.260717
 20
405.624709
 30
0.0
 11
738.171717
 21
405.544709
 31
0.0
  0
LINE
  5
13B8
330
70
100
AcDbEntity
  8
Visible
100
AcDbLine
 10
738.342717
 20
405.711709
 30
0.0
 11
738.260717
 21
405.624709
 31
0.0
  0
LINE
  5
13B9
330
70
100
AcDbEntity
  8
Visible
100
AcDbLine
 10
738.417717
 20
405.803709
 30
0.0
 11
738.342717
 21
405.711709
 31
0.0
  0
LINE
  5
13BA
330
70
100
AcDbEntity
  8
Visible
100
AcDbLine
 10
738.485717
 20
405.900709
 30
0.0
 11
738.417717
 21
405.803709
 31
0.0
  0
LINE
  5
13BB
330
70
100
AcDbEntity
  8
Visible
100
AcDbLine
 10
738.546717
 20
406.001709
 30
0.0
 11
738.485717
 21
405.900709
 31
0.0
  0
LINE
  5
13BC
330
70
100
AcDbEntity
  8
Visible
100
AcDbLine
 10
738.599717
 20
406.105709
 30
0.0
 11
738.546717
 21
406.001709
 31
0.0
  0
LINE
  5
13BD
330
70
100
AcDbEntity
  8
Visible
100
AcDbLine
 10
738.645717
 20
406.212709
 30
0.0
 11
738.599717
 21
406.105709
 31
0.0
  0
LINE
  5
13BE
330
70
100
AcDbEntity
  8
Visible
100
AcDbLine
 10
738.685717
 20
406.323709
 30
0.0
 11
738.645717
 21
406.212709
 31
0.0
  0
LINE
  5
13BF
330
70
100
AcDbEntity
  8
Visible
100
AcDbLine
 10
738.717717
 20
406.437709
 30
0.0
 11
738.685717
 21
406.323709
 31
0.0
  0
LINE
  5
13C0
330
70
100
AcDbEntity
  8
Visible
100
AcDbLine
 10
738.742717
 20
406.555709
 30
0.0
 11
738.717717
 21
406.437709
 31
0.0
  0
LINE
  5
13C1
330
70
100
AcDbEntity
  8
Visible
100
AcDbLine
 10
738.760717
 20
406.676709
 30
0.0
 11
738.742717
 21
406.555709
 31
0.0
  0
LINE
  5
13C2
330
70
100
AcDbEntity
  8
Visible
100
AcDbLine
 10
738.770717
 20
406.800709
 30
0.0
 11
738.760717
 21
406.676709
 31
0.0
  0
LINE
  5
13C3
330
70
100
AcDbEntity
  8
Visible
100
AcDbLine
 10
738.774717
 20
406.928709
 30
0.0
 11
738.770717
 21
406.800709
 31
0.0
  0
LINE
  5
13C4
330
70
100
AcDbEntity
  8
Visible
100
AcDbLine
 10
738.771717
 20
407.033709
 30
0.0
 11
738.774717
 21
406.928709
 31
0.0
  0
LINE
  5
13C5
330
70
100
AcDbEntity
  8
Visible
100
AcDbLine
 10
738.763717
 20
407.136709
 30
0.0
 11
738.771717
 21
407.033709
 31
0.0
  0
LINE
  5
13C6
330
70
100
AcDbEntity
  8
Visible
100
AcDbLine
 10
738.750717
 20
407.238709
 30
0.0
 11
738.763717
 21
407.136709
 31
0.0
  0
LINE
  5
13C7
330
70
100
AcDbEntity
  8
Visible
100
AcDbLine
 10
738.731717
 20
407.337709
 30
0.0
 11
738.750717
 21
407.238709
 31
0.0
  0
LINE
  5
13C8
330
70
100
AcDbEntity
  8
Visible
100
AcDbLine
 10
738.706717
 20
407.436709
 30
0.0
 11
738.731717
 21
407.337709
 31
0.0
  0
LINE
  5
13C9
330
70
100
AcDbEntity
  8
Visible
100
AcDbLine
 10
738.677717
 20
407.532709
 30
0.0
 11
738.706717
 21
407.436709
 31
0.0
  0
LINE
  5
13CA
330
70
100
AcDbEntity
  8
Visible
100
AcDbLine
 10
738.642717
 20
407.628709
 30
0.0
 11
738.677717
 21
407.532709
 31
0.0
  0
LINE
  5
13CB
330
70
100
AcDbEntity
  8
Visible
100
AcDbLine
 10
738.601717
 20
407.721709
 30
0.0
 11
738.642717
 21
407.628709
 31
0.0
  0
LINE
  5
13CC
330
70
100
AcDbEntity
  8
Visible
100
AcDbLine
 10
738.555717
 20
407.813709
 30
0.0
 11
738.601717
 21
407.721709
 31
0.0
  0
LINE
  5
13CD
330
70
100
AcDbEntity
  8
Visible
100
AcDbLine
 10
738.504717
 20
407.903709
 30
0.0
 11
738.555717
 21
407.813709
 31
0.0
  0
LINE
  5
13CE
330
70
100
AcDbEntity
  8
Visible
100
AcDbLine
 10
738.447717
 20
407.991709
 30
0.0
 11
738.504717
 21
407.903709
 31
0.0
  0
LINE
  5
13CF
330
70
100
AcDbEntity
  8
Visible
100
AcDbLine
 10
738.385717
 20
408.075709
 30
0.0
 11
738.447717
 21
407.991709
 31
0.0
  0
LINE
  5
13D0
330
70
100
AcDbEntity
  8
Visible
100
AcDbLine
 10
738.317717
 20
408.156709
 30
0.0
 11
738.385717
 21
408.075709
 31
0.0
  0
LINE
  5
13D1
330
70
100
AcDbEntity
  8
Visible
100
AcDbLine
 10
738.244717
 20
408.233709
 30
0.0
 11
738.317717
 21
408.156709
 31
0.0
  0
LINE
  5
13D2
330
70
100
AcDbEntity
  8
Visible
100
AcDbLine
 10
738.165717
 20
408.306709
 30
0.0
 11
738.244717
 21
408.233709
 31
0.0
  0
LINE
  5
13D3
330
70
100
AcDbEntity
  8
Visible
100
AcDbLine
 10
738.081717
 20
408.377709
 30
0.0
 11
738.165717
 21
408.306709
 31
0.0
  0
LINE
  5
13D4
330
70
100
AcDbEntity
  8
Visible
100
AcDbLine
 10
737.991717
 20
408.444709
 30
0.0
 11
738.081717
 21
408.377709
 31
0.0
  0
LINE
  5
13D5
330
70
100
AcDbEntity
  8
Visible
100
AcDbLine
 10
737.895717
 20
408.507709
 30
0.0
 11
737.991717
 21
408.444709
 31
0.0
  0
LINE
  5
13D6
330
70
100
AcDbEntity
  8
Visible
100
AcDbLine
 10
737.794717
 20
408.567709
 30
0.0
 11
737.895717
 21
408.507709
 31
0.0
  0
LINE
  5
13D7
330
70
100
AcDbEntity
  8
Visible
100
AcDbLine
 10
737.688717
 20
408.623709
 30
0.0
 11
737.794717
 21
408.567709
 31
0.0
  0
LINE
  5
13D8
330
70
100
AcDbEntity
  8
Visible
100
AcDbLine
 10
737.576717
 20
408.675709
 30
0.0
 11
737.688717
 21
408.623709
 31
0.0
  0
LINE
  5
13D9
330
70
100
AcDbEntity
  8
Visible
100
AcDbLine
 10
737.458717
 20
408.721709
 30
0.0
 11
737.576717
 21
408.675709
 31
0.0
  0
LINE
  5
13DA
330
70
100
AcDbEntity
  8
Visible
100
AcDbLine
 10
737.335717
 20
408.762709
 30
0.0
 11
737.458717
 21
408.721709
 31
0.0
  0
LINE
  5
13DB
330
70
100
AcDbEntity
  8
Visible
100
AcDbLine
 10
737.206717
 20
408.798709
 30
0.0
 11
737.335717
 21
408.762709
 31
0.0
  0
LINE
  5
13DC
330
70
100
AcDbEntity
  8
Visible
100
AcDbLine
 10
737.071717
 20
408.828709
 30
0.0
 11
737.206717
 21
408.798709
 31
0.0
  0
LINE
  5
13DD
330
70
100
AcDbEntity
  8
Visible
100
AcDbLine
 10
736.931717
 20
408.852709
 30
0.0
 11
737.071717
 21
408.828709
 31
0.0
  0
LINE
  5
13DE
330
70
100
AcDbEntity
  8
Visible
100
AcDbLine
 10
736.785717
 20
408.871709
 30
0.0
 11
736.931717
 21
408.852709
 31
0.0
  0
LINE
  5
13DF
330
70
100
AcDbEntity
  8
Visible
100
AcDbLine
 10
736.634717
 20
408.885709
 30
0.0
 11
736.785717
 21
408.871709
 31
0.0
  0
LINE
  5
13E0
330
70
100
AcDbEntity
  8
Visible
100
AcDbLine
 10
736.477717
 20
408.893709
 30
0.0
 11
736.634717
 21
408.885709
 31
0.0
  0
LINE
  5
13E1
330
70
100
AcDbEntity
  8
Visible
100
AcDbLine
 10
736.314717
 20
408.896709
 30
0.0
 11
736.477717
 21
408.893709
 31
0.0
  0
LINE
  5
13E2
330
70
100
AcDbEntity
  8
Visible
100
AcDbLine
 10
733.494717
 20
408.896709
 30
0.0
 11
736.314717
 21
408.896709
 31
0.0
  0
LINE
  5
13E3
330
70
100
AcDbEntity
  8
Visible
100
AcDbLine
 10
733.494717
 20
401.360709
 30
0.0
 11
733.494717
 21
408.896709
 31
0.0
  0
LINE
  5
13E4
330
70
100
AcDbEntity
  8
Visible
100
AcDbLine
 10
736.314717
 20
401.360709
 30
0.0
 11
733.494717
 21
401.360709
 31
0.0
  0
LINE
  5
13E5
330
70
100
AcDbEntity
  8
Visible
100
AcDbLine
 10
736.459717
 20
401.362709
 30
0.0
 11
736.314717
 21
401.360709
 31
0.0
  0
LINE
  5
13E6
330
70
100
AcDbEntity
  8
Visible
100
AcDbLine
 10
945.791717
 20
680.952709
 30
0.0
 11
939.791717
 21
680.952709
 31
0.0
  0
LINE
  5
13E7
330
70
100
AcDbEntity
  8
Visible
100
AcDbLine
 10
945.791717
 20
651.952709
 30
0.0
 11
945.791717
 21
680.952709
 31
0.0
  0
LINE
  5
13E8
330
70
100
AcDbEntity
  8
Visible
100
AcDbLine
 10
939.791717
 20
651.952709
 30
0.0
 11
945.791717
 21
651.952709
 31
0.0
  0
LINE
  5
13E9
330
70
100
AcDbEntity
  8
Visible
100
AcDbLine
 10
939.791717
 20
622.952709
 30
0.0
 11
939.791717
 21
651.952709
 31
0.0
  0
LINE
  5
13EA
330
70
100
AcDbEntity
  8
Visible
100
AcDbLine
 10
945.791717
 20
622.952709
 30
0.0
 11
939.791717
 21
622.952709
 31
0.0
  0
LINE
  5
13EB
330
70
100
AcDbEntity
  8
Visible
100
AcDbLine
 10
945.791717
 20
593.952709
 30
0.0
 11
945.791717
 21
622.952709
 31
0.0
  0
LINE
  5
13EC
330
70
100
AcDbEntity
  8
Visible
100
AcDbLine
 10
939.791717
 20
593.952709
 30
0.0
 11
945.791717
 21
593.952709
 31
0.0
  0
LINE
  5
13ED
330
70
100
AcDbEntity
  8
Visible
100
AcDbLine
 10
939.791717
 20
564.952709
 30
0.0
 11
939.791717
 21
593.952709
 31
0.0
  0
LINE
  5
13EE
330
70
100
AcDbEntity
  8
Visible
100
AcDbLine
 10
945.791717
 20
564.952709
 30
0.0
 11
939.791717
 21
564.952709
 31
0.0
  0
LINE
  5
13EF
330
70
100
AcDbEntity
  8
Visible
100
AcDbLine
 10
945.791717
 20
535.952709
 30
0.0
 11
945.791717
 21
564.952709
 31
0.0
  0
LINE
  5
13F0
330
70
100
AcDbEntity
  8
Visible
100
AcDbLine
 10
939.791717
 20
535.952709
 30
0.0
 11
945.791717
 21
535.952709
 31
0.0
  0
LINE
  5
13F1
330
70
100
AcDbEntity
  8
Visible
100
AcDbLine
 10
939.791717
 20
506.952709
 30
0.0
 11
939.791717
 21
535.952709
 31
0.0
  0
LINE
  5
13F2
330
70
100
AcDbEntity
  8
Visible
100
AcDbLine
 10
945.791717
 20
506.952709
 30
0.0
 11
939.791717
 21
506.952709
 31
0.0
  0
LINE
  5
13F3
330
70
100
AcDbEntity
  8
Visible
100
AcDbLine
 10
945.791717
 20
477.952709
 30
0.0
 11
945.791717
 21
506.952709
 31
0.0
  0
LINE
  5
13F4
330
70
100
AcDbEntity
  8
Visible
100
AcDbLine
 10
939.791717
 20
477.952709
 30
0.0
 11
945.791717
 21
477.952709
 31
0.0
  0
LINE
  5
13F5
330
70
100
AcDbEntity
  8
Visible
100
AcDbLine
 10
939.791717
 20
448.952709
 30
0.0
 11
939.791717
 21
477.952709
 31
0.0
  0
LINE
  5
13F6
330
70
100
AcDbEntity
  8
Visible
100
AcDbLine
 10
945.791717
 20
448.952709
 30
0.0
 11
939.791717
 21
448.952709
 31
0.0
  0
LINE
  5
13F7
330
70
100
AcDbEntity
  8
Visible
100
AcDbLine
 10
945.791717
 20
419.952709
 30
0.0
 11
945.791717
 21
448.952709
 31
0.0
  0
LINE
  5
13F8
330
70
100
AcDbEntity
  8
Visible
100
AcDbLine
 10
939.791717
 20
419.952709
 30
0.0
 11
945.791717
 21
419.952709
 31
0.0
  0
LINE
  5
13F9
330
70
100
AcDbEntity
  8
Visible
100
AcDbLine
 10
939.791717
 20
390.952709
 30
0.0
 11
939.791717
 21
419.952709
 31
0.0
  0
LINE
  5
13FA
330
70
100
AcDbEntity
  8
Visible
100
AcDbLine
 10
945.791717
 20
390.952709
 30
0.0
 11
939.791717
 21
390.952709
 31
0.0
  0
LINE
  5
13FB
330
70
100
AcDbEntity
  8
Visible
100
AcDbLine
 10
945.791717
 20
361.952709
 30
0.0
 11
945.791717
 21
390.952709
 31
0.0
  0
LINE
  5
13FC
330
70
100
AcDbEntity
  8
Visible
100
AcDbLine
 10
939.791717
 20
361.952709
 30
0.0
 11
945.791717
 21
361.952709
 31
0.0
  0
LINE
  5
13FD
330
70
100
AcDbEntity
  8
Visible
100
AcDbLine
 10
939.791717
 20
332.952709
 30
0.0
 11
939.791717
 21
361.952709
 31
0.0
  0
LINE
  5
13FE
330
70
100
AcDbEntity
  8
Visible
100
AcDbLine
 10
945.791717
 20
332.952709
 30
0.0
 11
939.791717
 21
332.952709
 31
0.0
  0
LINE
  5
13FF
330
70
100
AcDbEntity
  8
Visible
100
AcDbLine
 10
945.791717
 20
303.952709
 30
0.0
 11
945.791717
 21
332.952709
 31
0.0
  0
LINE
  5
1400
330
70
100
AcDbEntity
  8
Visible
100
AcDbLine
 10
939.791717
 20
303.952709
 30
0.0
 11
945.791717
 21
303.952709
 31
0.0
  0
LINE
  5
1401
330
70
100
AcDbEntity
  8
Visible
100
AcDbLine
 10
939.791717
 20
274.952709
 30
0.0
 11
939.791717
 21
303.952709
 31
0.0
  0
LINE
  5
1402
330
70
100
AcDbEntity
  8
Visible
100
AcDbLine
 10
945.791717
 20
274.952709
 30
0.0
 11
939.791717
 21
274.952709
 31
0.0
  0
LINE
  5
1403
330
70
100
AcDbEntity
  8
Visible
100
AcDbLine
 10
945.791717
 20
245.952709
 30
0.0
 11
945.791717
 21
274.952709
 31
0.0
  0
LINE
  5
1404
330
70
100
AcDbEntity
  8
Visible
100
AcDbLine
 10
939.791717
 20
245.952709
 30
0.0
 11
945.791717
 21
245.952709
 31
0.0
  0
LINE
  5
1405
330
70
100
AcDbEntity
  8
Visible
100
AcDbLine
 10
939.791717
 20
216.952709
 30
0.0
 11
939.791717
 21
245.952709
 31
0.0
  0
LINE
  5
1406
330
70
100
AcDbEntity
  8
Visible
100
AcDbLine
 10
945.791717
 20
216.952709
 30
0.0
 11
939.791717
 21
216.952709
 31
0.0
  0
LINE
  5
1407
330
70
100
AcDbEntity
  8
Visible
100
AcDbLine
 10
945.791717
 20
187.952709
 30
0.0
 11
945.791717
 21
216.952709
 31
0.0
  0
LINE
  5
1408
330
70
100
AcDbEntity
  8
Visible
100
AcDbLine
 10
939.791717
 20
187.952709
 30
0.0
 11
945.791717
 21
187.952709
 31
0.0
  0
LINE
  5
1409
330
70
100
AcDbEntity
  8
Visible
100
AcDbLine
 10
939.791717
 20
158.952709
 30
0.0
 11
939.791717
 21
187.952709
 31
0.0
  0
LINE
  5
140A
330
70
100
AcDbEntity
  8
Visible
100
AcDbLine
 10
945.791717
 20
158.952709
 30
0.0
 11
939.791717
 21
158.952709
 31
0.0
  0
LINE
  5
140B
330
70
100
AcDbEntity
  8
Visible
100
AcDbLine
 10
945.791717
 20
129.952709
 30
0.0
 11
945.791717
 21
158.952709
 31
0.0
  0
LINE
  5
140C
330
70
100
AcDbEntity
  8
Visible
100
AcDbLine
 10
939.791717
 20
129.952709
 30
0.0
 11
945.791717
 21
129.952709
 31
0.0
  0
LINE
  5
140D
330
70
100
AcDbEntity
  8
Visible
100
AcDbLine
 10
939.791717
 20
105.452709
 30
0.0
 11
939.791717
 21
129.952709
 31
0.0
  0
LINE
  5
140E
330
70
100
AcDbEntity
  8
Visible
100
AcDbLine
 10
905.291717
 20
105.452709
 30
0.0
 11
939.791717
 21
105.452709
 31
0.0
  0
LINE
  5
140F
330
70
100
AcDbEntity
  8
Visible
100
AcDbLine
 10
905.291717
 20
111.452709
 30
0.0
 11
905.291717
 21
105.452709
 31
0.0
  0
LINE
  5
1410
330
70
100
AcDbEntity
  8
Visible
100
AcDbLine
 10
876.291717
 20
111.452709
 30
0.0
 11
905.291717
 21
111.452709
 31
0.0
  0
LINE
  5
1411
330
70
100
AcDbEntity
  8
Visible
100
AcDbLine
 10
876.291717
 20
105.452709
 30
0.0
 11
876.291717
 21
111.452709
 31
0.0
  0
LINE
  5
1412
330
70
100
AcDbEntity
  8
Visible
100
AcDbLine
 10
847.291717
 20
105.452709
 30
0.0
 11
876.291717
 21
105.452709
 31
0.0
  0
LINE
  5
1413
330
70
100
AcDbEntity
  8
Visible
100
AcDbLine
 10
847.291717
 20
111.452709
 30
0.0
 11
847.291717
 21
105.452709
 31
0.0
  0
LINE
  5
1414
330
70
100
AcDbEntity
  8
Visible
100
AcDbLine
 10
818.291717
 20
111.452709
 30
0.0
 11
847.291717
 21
111.452709
 31
0.0
  0
LINE
  5
1415
330
70
100
AcDbEntity
  8
Visible
100
AcDbLine
 10
818.291717
 20
105.452709
 30
0.0
 11
818.291717
 21
111.452709
 31
0.0
  0
LINE
  5
1416
330
70
100
AcDbEntity
  8
Visible
100
AcDbLine
 10
789.291717
 20
105.452709
 30
0.0
 11
818.291717
 21
105.452709
 31
0.0
  0
LINE
  5
1417
330
70
100
AcDbEntity
  8
Visible
100
AcDbLine
 10
789.291717
 20
111.452709
 30
0.0
 11
789.291717
 21
105.452709
 31
0.0
  0
LINE
  5
1418
330
70
100
AcDbEntity
  8
Visible
100
AcDbLine
 10
760.291717
 20
111.452709
 30
0.0
 11
789.291717
 21
111.452709
 31
0.0
  0
LINE
  5
1419
330
70
100
AcDbEntity
  8
Visible
100
AcDbLine
 10
760.291717
 20
105.452709
 30
0.0
 11
760.291717
 21
111.452709
 31
0.0
  0
LINE
  5
141A
330
70
100
AcDbEntity
  8
Visible
100
AcDbLine
 10
731.291717
 20
105.452709
 30
0.0
 11
760.291717
 21
105.452709
 31
0.0
  0
LINE
  5
141B
330
70
100
AcDbEntity
  8
Visible
100
AcDbLine
 10
731.291717
 20
111.452709
 30
0.0
 11
731.291717
 21
105.452709
 31
0.0
  0
LINE
  5
141C
330
70
100
AcDbEntity
  8
Visible
100
AcDbLine
 10
702.291717
 20
111.452709
 30
0.0
 11
731.291717
 21
111.452709
 31
0.0
  0
LINE
  5
141D
330
70
100
AcDbEntity
  8
Visible
100
AcDbLine
 10
702.291717
 20
105.452709
 30
0.0
 11
702.291717
 21
111.452709
 31
0.0
  0
LINE
  5
141E
330
70
100
AcDbEntity
  8
Visible
100
AcDbLine
 10
673.291717
 20
105.452709
 30
0.0
 11
702.291717
 21
105.452709
 31
0.0
  0
LINE
  5
141F
330
70
100
AcDbEntity
  8
Visible
100
AcDbLine
 10
673.291717
 20
111.452709
 30
0.0
 11
673.291717
 21
105.452709
 31
0.0
  0
LINE
  5
1420
330
70
100
AcDbEntity
  8
Visible
100
AcDbLine
 10
644.291717
 20
111.452709
 30
0.0
 11
673.291717
 21
111.452709
 31
0.0
  0
LINE
  5
1421
330
70
100
AcDbEntity
  8
Visible
100
AcDbLine
 10
644.291717
 20
105.452709
 30
0.0
 11
644.291717
 21
111.452709
 31
0.0
  0
LINE
  5
1422
330
70
100
AcDbEntity
  8
Visible
100
AcDbLine
 10
615.291717
 20
105.452709
 30
0.0
 11
644.291717
 21
105.452709
 31
0.0
  0
LINE
  5
1423
330
70
100
AcDbEntity
  8
Visible
100
AcDbLine
 10
615.291717
 20
111.452709
 30
0.0
 11
615.291717
 21
105.452709
 31
0.0
  0
LINE
  5
1424
330
70
100
AcDbEntity
  8
Visible
100
AcDbLine
 10
586.291717
 20
111.452709
 30
0.0
 11
615.291717
 21
111.452709
 31
0.0
  0
LINE
  5
1425
330
70
100
AcDbEntity
  8
Visible
100
AcDbLine
 10
586.291717
 20
105.452709
 30
0.0
 11
586.291717
 21
111.452709
 31
0.0
  0
LINE
  5
1426
330
70
100
AcDbEntity
  8
Visible
100
AcDbLine
 10
551.791717
 20
105.452709
 30
0.0
 11
586.291717
 21
105.452709
 31
0.0
  0
LINE
  5
1427
330
70
100
AcDbEntity
  8
Visible
100
AcDbLine
 10
551.791717
 20
129.952709
 30
0.0
 11
551.791717
 21
105.452709
 31
0.0
  0
LINE
  5
1428
330
70
100
AcDbEntity
  8
Visible
100
AcDbLine
 10
545.791717
 20
129.952709
 30
0.0
 11
551.791717
 21
129.952709
 31
0.0
  0
LINE
  5
1429
330
70
100
AcDbEntity
  8
Visible
100
AcDbLine
 10
545.791717
 20
158.952709
 30
0.0
 11
545.791717
 21
129.952709
 31
0.0
  0
LINE
  5
142A
330
70
100
AcDbEntity
  8
Visible
100
AcDbLine
 10
551.791717
 20
158.952709
 30
0.0
 11
545.791717
 21
158.952709
 31
0.0
  0
LINE
  5
142B
330
70
100
AcDbEntity
  8
Visible
100
AcDbLine
 10
551.791717
 20
187.952709
 30
0.0
 11
551.791717
 21
158.952709
 31
0.0
  0
LINE
  5
142C
330
70
100
AcDbEntity
  8
Visible
100
AcDbLine
 10
545.791717
 20
187.952709
 30
0.0
 11
551.791717
 21
187.952709
 31
0.0
  0
LINE
  5
142D
330
70
100
AcDbEntity
  8
Visible
100
AcDbLine
 10
545.791717
 20
216.952709
 30
0.0
 11
545.791717
 21
187.952709
 31
0.0
  0
LINE
  5
142E
330
70
100
AcDbEntity
  8
Visible
100
AcDbLine
 10
551.791717
 20
216.952709
 30
0.0
 11
545.791717
 21
216.952709
 31
0.0
  0
LINE
  5
142F
330
70
100
AcDbEntity
  8
Visible
100
AcDbLine
 10
551.791717
 20
245.952709
 30
0.0
 11
551.791717
 21
216.952709
 31
0.0
  0
LINE
  5
1430
330
70
100
AcDbEntity
  8
Visible
100
AcDbLine
 10
545.791717
 20
245.952709
 30
0.0
 11
551.791717
 21
245.952709
 31
0.0
  0
LINE
  5
1431
330
70
100
AcDbEntity
  8
Visible
100
AcDbLine
 10
545.791717
 20
274.952709
 30
0.0
 11
545.791717
 21
245.952709
 31
0.0
  0
LINE
  5
1432
330
70
100
AcDbEntity
  8
Visible
100
AcDbLine
 10
551.791717
 20
274.952709
 30
0.0
 11
545.791717
 21
274.952709
 31
0.0
  0
LINE
  5
1433
330
70
100
AcDbEntity
  8
Visible
100
AcDbLine
 10
551.791717
 20
303.952709
 30
0.0
 11
551.791717
 21
274.952709
 31
0.0
  0
LINE
  5
1434
330
70
100
AcDbEntity
  8
Visible
100
AcDbLine
 10
545.791717
 20
303.952709
 30
0.0
 11
551.791717
 21
303.952709
 31
0.0
  0
LINE
  5
1435
330
70
100
AcDbEntity
  8
Visible
100
AcDbLine
 10
545.791717
 20
332.952709
 30
0.0
 11
545.791717
 21
303.952709
 31
0.0
  0
LINE
  5
1436
330
70
100
AcDbEntity
  8
Visible
100
AcDbLine
 10
551.791717
 20
332.952709
 30
0.0
 11
545.791717
 21
332.952709
 31
0.0
  0
LINE
  5
1437
330
70
100
AcDbEntity
  8
Visible
100
AcDbLine
 10
551.791717
 20
361.952709
 30
0.0
 11
551.791717
 21
332.952709
 31
0.0
  0
LINE
  5
1438
330
70
100
AcDbEntity
  8
Visible
100
AcDbLine
 10
545.791717
 20
361.952709
 30
0.0
 11
551.791717
 21
361.952709
 31
0.0
  0
LINE
  5
1439
330
70
100
AcDbEntity
  8
Visible
100
AcDbLine
 10
545.791717
 20
390.952709
 30
0.0
 11
545.791717
 21
361.952709
 31
0.0
  0
LINE
  5
143A
330
70
100
AcDbEntity
  8
Visible
100
AcDbLine
 10
551.791717
 20
390.952709
 30
0.0
 11
545.791717
 21
390.952709
 31
0.0
  0
LINE
  5
143B
330
70
100
AcDbEntity
  8
Visible
100
AcDbLine
 10
551.791717
 20
419.952709
 30
0.0
 11
551.791717
 21
390.952709
 31
0.0
  0
LINE
  5
143C
330
70
100
AcDbEntity
  8
Visible
100
AcDbLine
 10
545.791717
 20
419.952709
 30
0.0
 11
551.791717
 21
419.952709
 31
0.0
  0
LINE
  5
143D
330
70
100
AcDbEntity
  8
Visible
100
AcDbLine
 10
545.791717
 20
448.952709
 30
0.0
 11
545.791717
 21
419.952709
 31
0.0
  0
LINE
  5
143E
330
70
100
AcDbEntity
  8
Visible
100
AcDbLine
 10
551.791717
 20
448.952709
 30
0.0
 11
545.791717
 21
448.952709
 31
0.0
  0
LINE
  5
143F
330
70
100
AcDbEntity
  8
Visible
100
AcDbLine
 10
551.791717
 20
477.952709
 30
0.0
 11
551.791717
 21
448.952709
 31
0.0
  0
LINE
  5
1440
330
70
100
AcDbEntity
  8
Visible
100
AcDbLine
 10
545.791717
 20
477.952709
 30
0.0
 11
551.791717
 21
477.952709
 31
0.0
  0
LINE
  5
1441
330
70
100
AcDbEntity
  8
Visible
100
AcDbLine
 10
545.791717
 20
506.952709
 30
0.0
 11
545.791717
 21
477.952709
 31
0.0
  0
LINE
  5
1442
330
70
100
AcDbEntity
  8
Visible
100
AcDbLine
 10
551.791717
 20
506.952709
 30
0.0
 11
545.791717
 21
506.952709
 31
0.0
  0
LINE
  5
1443
330
70
100
AcDbEntity
  8
Visible
100
AcDbLine
 10
551.791717
 20
535.952709
 30
0.0
 11
551.791717
 21
506.952709
 31
0.0
  0
LINE
  5
1444
330
70
100
AcDbEntity
  8
Visible
100
AcDbLine
 10
545.791717
 20
535.952709
 30
0.0
 11
551.791717
 21
535.952709
 31
0.0
  0
LINE
  5
1445
330
70
100
AcDbEntity
  8
Visible
100
AcDbLine
 10
545.791717
 20
564.952709
 30
0.0
 11
545.791717
 21
535.952709
 31
0.0
  0
LINE
  5
1446
330
70
100
AcDbEntity
  8
Visible
100
AcDbLine
 10
551.791717
 20
564.952709
 30
0.0
 11
545.791717
 21
564.952709
 31
0.0
  0
LINE
  5
1447
330
70
100
AcDbEntity
  8
Visible
100
AcDbLine
 10
551.791717
 20
593.952709
 30
0.0
 11
551.791717
 21
564.952709
 31
0.0
  0
LINE
  5
1448
330
70
100
AcDbEntity
  8
Visible
100
AcDbLine
 10
545.791717
 20
593.952709
 30
0.0
 11
551.791717
 21
593.952709
 31
0.0
  0
LINE
  5
1449
330
70
100
AcDbEntity
  8
Visible
100
AcDbLine
 10
545.791717
 20
622.952709
 30
0.0
 11
545.791717
 21
593.952709
 31
0.0
  0
LINE
  5
144A
330
70
100
AcDbEntity
  8
Visible
100
AcDbLine
 10
551.791717
 20
622.952709
 30
0.0
 11
545.791717
 21
622.952709
 31
0.0
  0
LINE
  5
144B
330
70
100
AcDbEntity
  8
Visible
100
AcDbLine
 10
551.791717
 20
651.952709
 30
0.0
 11
551.791717
 21
622.952709
 31
0.0
  0
LINE
  5
144C
330
70
100
AcDbEntity
  8
Visible
100
AcDbLine
 10
545.791717
 20
651.952709
 30
0.0
 11
551.791717
 21
651.952709
 31
0.0
  0
LINE
  5
144D
330
70
100
AcDbEntity
  8
Visible
100
AcDbLine
 10
545.791717
 20
680.952709
 30
0.0
 11
545.791717
 21
651.952709
 31
0.0
  0
LINE
  5
144E
330
70
100
AcDbEntity
  8
Visible
100
AcDbLine
 10
551.791717
 20
680.952709
 30
0.0
 11
545.791717
 21
680.952709
 31
0.0
  0
LINE
  5
144F
330
70
100
AcDbEntity
  8
Visible
100
AcDbLine
 10
551.791717
 20
705.452709
 30
0.0
 11
551.791717
 21
680.952709
 31
0.0
  0
LINE
  5
1450
330
70
100
AcDbEntity
  8
Visible
100
AcDbLine
 10
586.291717
 20
705.452709
 30
0.0
 11
551.791717
 21
705.452709
 31
0.0
  0
LINE
  5
1451
330
70
100
AcDbEntity
  8
Visible
100
AcDbLine
 10
586.291717
 20
699.452709
 30
0.0
 11
586.291717
 21
705.452709
 31
0.0
  0
LINE
  5
1452
330
70
100
AcDbEntity
  8
Visible
100
AcDbLine
 10
615.291717
 20
699.452709
 30
0.0
 11
586.291717
 21
699.452709
 31
0.0
  0
LINE
  5
1453
330
70
100
AcDbEntity
  8
Visible
100
AcDbLine
 10
615.291717
 20
705.452709
 30
0.0
 11
615.291717
 21
699.452709
 31
0.0
  0
LINE
  5
1454
330
70
100
AcDbEntity
  8
Visible
100
AcDbLine
 10
644.291717
 20
705.452709
 30
0.0
 11
615.291717
 21
705.452709
 31
0.0
  0
LINE
  5
1455
330
70
100
AcDbEntity
  8
Visible
100
AcDbLine
 10
644.291717
 20
699.452709
 30
0.0
 11
644.291717
 21
705.452709
 31
0.0
  0
LINE
  5
1456
330
70
100
AcDbEntity
  8
Visible
100
AcDbLine
 10
673.291717
 20
699.452709
 30
0.0
 11
644.291717
 21
699.452709
 31
0.0
  0
LINE
  5
1457
330
70
100
AcDbEntity
  8
Visible
100
AcDbLine
 10
673.291717
 20
705.452709
 30
0.0
 11
673.291717
 21
699.452709
 31
0.0
  0
LINE
  5
1458
330
70
100
AcDbEntity
  8
Visible
100
AcDbLine
 10
702.291717
 20
705.452709
 30
0.0
 11
673.291717
 21
705.452709
 31
0.0
  0
LINE
  5
1459
330
70
100
AcDbEntity
  8
Visible
100
AcDbLine
 10
702.291717
 20
699.452709
 30
0.0
 11
702.291717
 21
705.452709
 31
0.0
  0
LINE
  5
145A
330
70
100
AcDbEntity
  8
Visible
100
AcDbLine
 10
731.291717
 20
699.452709
 30
0.0
 11
702.291717
 21
699.452709
 31
0.0
  0
LINE
  5
145B
330
70
100
AcDbEntity
  8
Visible
100
AcDbLine
 10
731.291717
 20
705.452709
 30
0.0
 11
731.291717
 21
699.452709
 31
0.0
  0
LINE
  5
145C
330
70
100
AcDbEntity
  8
Visible
100
AcDbLine
 10
760.291717
 20
705.452709
 30
0.0
 11
731.291717
 21
705.452709
 31
0.0
  0
LINE
  5
145D
330
70
100
AcDbEntity
  8
Visible
100
AcDbLine
 10
760.291717
 20
699.452709
 30
0.0
 11
760.291717
 21
705.452709
 31
0.0
  0
LINE
  5
145E
330
70
100
AcDbEntity
  8
Visible
100
AcDbLine
 10
789.291717
 20
699.452709
 30
0.0
 11
760.291717
 21
699.452709
 31
0.0
  0
LINE
  5
145F
330
70
100
AcDbEntity
  8
Visible
100
AcDbLine
 10
789.291717
 20
705.452709
 30
0.0
 11
789.291717
 21
699.452709
 31
0.0
  0
LINE
  5
1460
330
70
100
AcDbEntity
  8
Visible
100
AcDbLine
 10
818.291717
 20
705.452709
 30
0.0
 11
789.291717
 21
705.452709
 31
0.0
  0
LINE
  5
1461
330
70
100
AcDbEntity
  8
Visible
100
AcDbLine
 10
818.291717
 20
699.452709
 30
0.0
 11
818.291717
 21
705.452709
 31
0.0
  0
LINE
  5
1462
330
70
100
AcDbEntity
  8
Visible
100
AcDbLine
 10
847.291717
 20
699.452709
 30
0.0
 11
818.291717
 21
699.452709
 31
0.0
  0
LINE
  5
1463
330
70
100
AcDbEntity
  8
Visible
100
AcDbLine
 10
847.291717
 20
705.452709
 30
0.0
 11
847.291717
 21
699.452709
 31
0.0
  0
LINE
  5
1464
330
70
100
AcDbEntity
  8
Visible
100
AcDbLine
 10
876.291717
 20
705.452709
 30
0.0
 11
847.291717
 21
705.452709
 31
0.0
  0
LINE
  5
1465
330
70
100
AcDbEntity
  8
Visible
100
AcDbLine
 10
876.291717
 20
699.452709
 30
0.0
 11
876.291717
 21
705.452709
 31
0.0
  0
LINE
  5
1466
330
70
100
AcDbEntity
  8
Visible
100
AcDbLine
 10
905.291717
 20
699.452709
 30
0.0
 11
876.291717
 21
699.452709
 31
0.0
  0
LINE
  5
1467
330
70
100
AcDbEntity
  8
Visible
100
AcDbLine
 10
905.291717
 20
705.452709
 30
0.0
 11
905.291717
 21
699.452709
 31
0.0
  0
LINE
  5
1468
330
70
100
AcDbEntity
  8
Visible
100
AcDbLine
 10
939.791717
 20
705.452709
 30
0.0
 11
905.291717
 21
705.452709
 31
0.0
  0
LINE
  5
1469
330
70
100
AcDbEntity
  8
Visible
100
AcDbLine
 10
939.791717
 20
680.952709
 30
0.0
 11
939.791717
 21
705.452709
 31
0.0
  0
CIRCLE
  5
146A
330
70
100
AcDbEntity
  8
Visible
100
AcDbCircle
 10
-497.791717
 20
150.452709
 30
0.0
 40
21.00000000000001
210
0.0
220
0.0
230
-1.0
  0
LINE
  5
146B
330
70
100
AcDbEntity
  8
Visible
100
AcDbLine
 10
355.004717
 20
406.772709
 30
0.0
 11
355.004717
 21
403.184709
 31
0.0
  0
LINE
  5
146C
330
70
100
AcDbEntity
  8
Visible
100
AcDbLine
 10
356.816717
 20
406.772709
 30
0.0
 11
355.004717
 21
406.772709
 31
0.0
  0
LINE
  5
146D
330
70
100
AcDbEntity
  8
Visible
100
AcDbLine
 10
356.816717
 20
407.420709
 30
0.0
 11
356.816717
 21
406.772709
 31
0.0
  0
LINE
  5
146E
330
70
100
AcDbEntity
  8
Visible
100
AcDbLine
 10
355.004717
 20
407.420709
 30
0.0
 11
356.816717
 21
407.420709
 31
0.0
  0
LINE
  5
146F
330
70
100
AcDbEntity
  8
Visible
100
AcDbLine
 10
355.004717
 20
409.016709
 30
0.0
 11
355.004717
 21
407.420709
 31
0.0
  0
LINE
  5
1470
330
70
100
AcDbEntity
  8
Visible
100
AcDbLine
 10
354.080717
 20
409.016709
 30
0.0
 11
355.004717
 21
409.016709
 31
0.0
  0
LINE
  5
1471
330
70
100
AcDbEntity
  8
Visible
100
AcDbLine
 10
354.080717
 20
407.420709
 30
0.0
 11
354.080717
 21
409.016709
 31
0.0
  0
LINE
  5
1472
330
70
100
AcDbEntity
  8
Visible
100
AcDbLine
 10
353.156717
 20
407.420709
 30
0.0
 11
354.080717
 21
407.420709
 31
0.0
  0
LINE
  5
1473
330
70
100
AcDbEntity
  8
Visible
100
AcDbLine
 10
353.156717
 20
406.772709
 30
0.0
 11
353.156717
 21
407.420709
 31
0.0
  0
LINE
  5
1474
330
70
100
AcDbEntity
  8
Visible
100
AcDbLine
 10
354.080717
 20
406.772709
 30
0.0
 11
353.156717
 21
406.772709
 31
0.0
  0
LINE
  5
1475
330
70
100
AcDbEntity
  8
Visible
100
AcDbLine
 10
354.080717
 20
403.160709
 30
0.0
 11
354.080717
 21
406.772709
 31
0.0
  0
LINE
  5
1476
330
70
100
AcDbEntity
  8
Visible
100
AcDbLine
 10
354.082717
 20
403.054709
 30
0.0
 11
354.080717
 21
403.160709
 31
0.0
  0
LINE
  5
1477
330
70
100
AcDbEntity
  8
Visible
100
AcDbLine
 10
354.089717
 20
402.951709
 30
0.0
 11
354.082717
 21
403.054709
 31
0.0
  0
LINE
  5
1478
330
70
100
AcDbEntity
  8
Visible
100
AcDbLine
 10
354.099717
 20
402.852709
 30
0.0
 11
354.089717
 21
402.951709
 31
0.0
  0
LINE
  5
1479
330
70
100
AcDbEntity
  8
Visible
100
AcDbLine
 10
354.115717
 20
402.757709
 30
0.0
 11
354.099717
 21
402.852709
 31
0.0
  0
LINE
  5
147A
330
70
100
AcDbEntity
  8
Visible
100
AcDbLine
 10
354.134717
 20
402.665709
 30
0.0
 11
354.115717
 21
402.757709
 31
0.0
  0
LINE
  5
147B
330
70
100
AcDbEntity
  8
Visible
100
AcDbLine
 10
354.158717
 20
402.577709
 30
0.0
 11
354.134717
 21
402.665709
 31
0.0
  0
LINE
  5
147C
330
70
100
AcDbEntity
  8
Visible
100
AcDbLine
 10
354.186717
 20
402.492709
 30
0.0
 11
354.158717
 21
402.577709
 31
0.0
  0
LINE
  5
147D
330
70
100
AcDbEntity
  8
Visible
100
AcDbLine
 10
354.218717
 20
402.411709
 30
0.0
 11
354.186717
 21
402.492709
 31
0.0
  0
LINE
  5
147E
330
70
100
AcDbEntity
  8
Visible
100
AcDbLine
 10
354.255717
 20
402.334709
 30
0.0
 11
354.218717
 21
402.411709
 31
0.0
  0
LINE
  5
147F
330
70
100
AcDbEntity
  8
Visible
100
AcDbLine
 10
354.296717
 20
402.260709
 30
0.0
 11
354.255717
 21
402.334709
 31
0.0
  0
LINE
  5
1480
330
70
100
AcDbEntity
  8
Visible
100
AcDbLine
 10
354.341717
 20
402.190709
 30
0.0
 11
354.296717
 21
402.260709
 31
0.0
  0
LINE
  5
1481
330
70
100
AcDbEntity
  8
Visible
100
AcDbLine
 10
354.389717
 20
402.123709
 30
0.0
 11
354.341717
 21
402.190709
 31
0.0
  0
LINE
  5
1482
330
70
100
AcDbEntity
  8
Visible
100
AcDbLine
 10
354.440717
 20
402.060709
 30
0.0
 11
354.389717
 21
402.123709
 31
0.0
  0
LINE
  5
1483
330
70
100
AcDbEntity
  8
Visible
100
AcDbLine
 10
354.494717
 20
402.001709
 30
0.0
 11
354.440717
 21
402.060709
 31
0.0
  0
LINE
  5
1484
330
70
100
AcDbEntity
  8
Visible
100
AcDbLine
 10
354.551717
 20
401.945709
 30
0.0
 11
354.494717
 21
402.001709
 31
0.0
  0
LINE
  5
1485
330
70
100
AcDbEntity
  8
Visible
100
AcDbLine
 10
354.611717
 20
401.893709
 30
0.0
 11
354.551717
 21
401.945709
 31
0.0
  0
LINE
  5
1486
330
70
100
AcDbEntity
  8
Visible
100
AcDbLine
 10
354.675717
 20
401.844709
 30
0.0
 11
354.611717
 21
401.893709
 31
0.0
  0
LINE
  5
1487
330
70
100
AcDbEntity
  8
Visible
100
AcDbLine
 10
354.741717
 20
401.799709
 30
0.0
 11
354.675717
 21
401.844709
 31
0.0
  0
LINE
  5
1488
330
70
100
AcDbEntity
  8
Visible
100
AcDbLine
 10
354.811717
 20
401.758709
 30
0.0
 11
354.741717
 21
401.799709
 31
0.0
  0
LINE
  5
1489
330
70
100
AcDbEntity
  8
Visible
100
AcDbLine
 10
354.884717
 20
401.720709
 30
0.0
 11
354.811717
 21
401.758709
 31
0.0
  0
LINE
  5
148A
330
70
100
AcDbEntity
  8
Visible
100
AcDbLine
 10
354.959717
 20
401.686709
 30
0.0
 11
354.884717
 21
401.720709
 31
0.0
  0
LINE
  5
148B
330
70
100
AcDbEntity
  8
Visible
100
AcDbLine
 10
355.037717
 20
401.655709
 30
0.0
 11
354.959717
 21
401.686709
 31
0.0
  0
LINE
  5
148C
330
70
100
AcDbEntity
  8
Visible
100
AcDbLine
 10
355.116717
 20
401.628709
 30
0.0
 11
355.037717
 21
401.655709
 31
0.0
  0
LINE
  5
148D
330
70
100
AcDbEntity
  8
Visible
100
AcDbLine
 10
355.197717
 20
401.605709
 30
0.0
 11
355.116717
 21
401.628709
 31
0.0
  0
LINE
  5
148E
330
70
100
AcDbEntity
  8
Visible
100
AcDbLine
 10
355.280717
 20
401.585709
 30
0.0
 11
355.197717
 21
401.605709
 31
0.0
  0
LINE
  5
148F
330
70
100
AcDbEntity
  8
Visible
100
AcDbLine
 10
355.365717
 20
401.569709
 30
0.0
 11
355.280717
 21
401.585709
 31
0.0
  0
LINE
  5
1490
330
70
100
AcDbEntity
  8
Visible
100
AcDbLine
 10
355.452717
 20
401.556709
 30
0.0
 11
355.365717
 21
401.569709
 31
0.0
  0
LINE
  5
1491
330
70
100
AcDbEntity
  8
Visible
100
AcDbLine
 10
355.541717
 20
401.547709
 30
0.0
 11
355.452717
 21
401.556709
 31
0.0
  0
LINE
  5
1492
330
70
100
AcDbEntity
  8
Visible
100
AcDbLine
 10
355.631717
 20
401.542709
 30
0.0
 11
355.541717
 21
401.547709
 31
0.0
  0
LINE
  5
1493
330
70
100
AcDbEntity
  8
Visible
100
AcDbLine
 10
355.724717
 20
401.540709
 30
0.0
 11
355.631717
 21
401.542709
 31
0.0
  0
LINE
  5
1494
330
70
100
AcDbEntity
  8
Visible
100
AcDbLine
 10
355.789717
 20
401.541709
 30
0.0
 11
355.724717
 21
401.540709
 31
0.0
  0
LINE
  5
1495
330
70
100
AcDbEntity
  8
Visible
100
AcDbLine
 10
355.853717
 20
401.543709
 30
0.0
 11
355.789717
 21
401.541709
 31
0.0
  0
LINE
  5
1496
330
70
100
AcDbEntity
  8
Visible
100
AcDbLine
 10
355.917717
 20
401.548709
 30
0.0
 11
355.853717
 21
401.543709
 31
0.0
  0
LINE
  5
1497
330
70
100
AcDbEntity
  8
Visible
100
AcDbLine
 10
355.980717
 20
401.553709
 30
0.0
 11
355.917717
 21
401.548709
 31
0.0
  0
LINE
  5
1498
330
70
100
AcDbEntity
  8
Visible
100
AcDbLine
 10
356.043717
 20
401.561709
 30
0.0
 11
355.980717
 21
401.553709
 31
0.0
  0
LINE
  5
1499
330
70
100
AcDbEntity
  8
Visible
100
AcDbLine
 10
356.105717
 20
401.570709
 30
0.0
 11
356.043717
 21
401.561709
 31
0.0
  0
LINE
  5
149A
330
70
100
AcDbEntity
  8
Visible
100
AcDbLine
 10
356.167717
 20
401.581709
 30
0.0
 11
356.105717
 21
401.570709
 31
0.0
  0
LINE
  5
149B
330
70
100
AcDbEntity
  8
Visible
100
AcDbLine
 10
356.229717
 20
401.594709
 30
0.0
 11
356.167717
 21
401.581709
 31
0.0
  0
LINE
  5
149C
330
70
100
AcDbEntity
  8
Visible
100
AcDbLine
 10
356.290717
 20
401.608709
 30
0.0
 11
356.229717
 21
401.594709
 31
0.0
  0
LINE
  5
149D
330
70
100
AcDbEntity
  8
Visible
100
AcDbLine
 10
356.351717
 20
401.624709
 30
0.0
 11
356.290717
 21
401.608709
 31
0.0
  0
LINE
  5
149E
330
70
100
AcDbEntity
  8
Visible
100
AcDbLine
 10
356.412717
 20
401.641709
 30
0.0
 11
356.351717
 21
401.624709
 31
0.0
  0
LINE
  5
149F
330
70
100
AcDbEntity
  8
Visible
100
AcDbLine
 10
356.472717
 20
401.660709
 30
0.0
 11
356.412717
 21
401.641709
 31
0.0
  0
LINE
  5
14A0
330
70
100
AcDbEntity
  8
Visible
100
AcDbLine
 10
356.533717
 20
401.679709
 30
0.0
 11
356.472717
 21
401.660709
 31
0.0
  0
LINE
  5
14A1
330
70
100
AcDbEntity
  8
Visible
100
AcDbLine
 10
356.594717
 20
401.699709
 30
0.0
 11
356.533717
 21
401.679709
 31
0.0
  0
LINE
  5
14A2
330
70
100
AcDbEntity
  8
Visible
100
AcDbLine
 10
356.655717
 20
401.720709
 30
0.0
 11
356.594717
 21
401.699709
 31
0.0
  0
LINE
  5
14A3
330
70
100
AcDbEntity
  8
Visible
100
AcDbLine
 10
356.716717
 20
401.742709
 30
0.0
 11
356.655717
 21
401.720709
 31
0.0
  0
LINE
  5
14A4
330
70
100
AcDbEntity
  8
Visible
100
AcDbLine
 10
356.777717
 20
401.765709
 30
0.0
 11
356.716717
 21
401.742709
 31
0.0
  0
LINE
  5
14A5
330
70
100
AcDbEntity
  8
Visible
100
AcDbLine
 10
356.838717
 20
401.789709
 30
0.0
 11
356.777717
 21
401.765709
 31
0.0
  0
LINE
  5
14A6
330
70
100
AcDbEntity
  8
Visible
100
AcDbLine
 10
356.899717
 20
401.814709
 30
0.0
 11
356.838717
 21
401.789709
 31
0.0
  0
LINE
  5
14A7
330
70
100
AcDbEntity
  8
Visible
100
AcDbLine
 10
356.960717
 20
401.840709
 30
0.0
 11
356.899717
 21
401.814709
 31
0.0
  0
LINE
  5
14A8
330
70
100
AcDbEntity
  8
Visible
100
AcDbLine
 10
356.828717
 20
402.512709
 30
0.0
 11
356.960717
 21
401.840709
 31
0.0
  0
LINE
  5
14A9
330
70
100
AcDbEntity
  8
Visible
100
AcDbLine
 10
356.771717
 20
402.491709
 30
0.0
 11
356.828717
 21
402.512709
 31
0.0
  0
LINE
  5
14AA
330
70
100
AcDbEntity
  8
Visible
100
AcDbLine
 10
356.715717
 20
402.471709
 30
0.0
 11
356.771717
 21
402.491709
 31
0.0
  0
LINE
  5
14AB
330
70
100
AcDbEntity
  8
Visible
100
AcDbLine
 10
356.660717
 20
402.452709
 30
0.0
 11
356.715717
 21
402.471709
 31
0.0
  0
LINE
  5
14AC
330
70
100
AcDbEntity
  8
Visible
100
AcDbLine
 10
356.607717
 20
402.434709
 30
0.0
 11
356.660717
 21
402.452709
 31
0.0
  0
LINE
  5
14AD
330
70
100
AcDbEntity
  8
Visible
100
AcDbLine
 10
356.554717
 20
402.418709
 30
0.0
 11
356.607717
 21
402.434709
 31
0.0
  0
LINE
  5
14AE
330
70
100
AcDbEntity
  8
Visible
100
AcDbLine
 10
356.503717
 20
402.402709
 30
0.0
 11
356.554717
 21
402.418709
 31
0.0
  0
LINE
  5
14AF
330
70
100
AcDbEntity
  8
Visible
100
AcDbLine
 10
356.453717
 20
402.387709
 30
0.0
 11
356.503717
 21
402.402709
 31
0.0
  0
LINE
  5
14B0
330
70
100
AcDbEntity
  8
Visible
100
AcDbLine
 10
356.404717
 20
402.374709
 30
0.0
 11
356.453717
 21
402.387709
 31
0.0
  0
LINE
  5
14B1
330
70
100
AcDbEntity
  8
Visible
100
AcDbLine
 10
356.356717
 20
402.361709
 30
0.0
 11
356.404717
 21
402.374709
 31
0.0
  0
LINE
  5
14B2
330
70
100
AcDbEntity
  8
Visible
100
AcDbLine
 10
356.309717
 20
402.350709
 30
0.0
 11
356.356717
 21
402.361709
 31
0.0
  0
LINE
  5
14B3
330
70
100
AcDbEntity
  8
Visible
100
AcDbLine
 10
356.263717
 20
402.340709
 30
0.0
 11
356.309717
 21
402.350709
 31
0.0
  0
LINE
  5
14B4
330
70
100
AcDbEntity
  8
Visible
100
AcDbLine
 10
356.169717
 20
402.322709
 30
0.0
 11
356.263717
 21
402.340709
 31
0.0
  0
LINE
  5
14B5
330
70
100
AcDbEntity
  8
Visible
100
AcDbLine
 10
356.122717
 20
402.315709
 30
0.0
 11
356.169717
 21
402.322709
 31
0.0
  0
LINE
  5
14B6
330
70
100
AcDbEntity
  8
Visible
100
AcDbLine
 10
356.026717
 20
402.305709
 30
0.0
 11
356.122717
 21
402.315709
 31
0.0
  0
LINE
  5
14B7
330
70
100
AcDbEntity
  8
Visible
100
AcDbLine
 10
355.978717
 20
402.301709
 30
0.0
 11
356.026717
 21
402.305709
 31
0.0
  0
LINE
  5
14B8
330
70
100
AcDbEntity
  8
Visible
100
AcDbLine
 10
355.930717
 20
402.298709
 30
0.0
 11
355.978717
 21
402.301709
 31
0.0
  0
LINE
  5
14B9
330
70
100
AcDbEntity
  8
Visible
100
AcDbLine
 10
355.832717
 20
402.296709
 30
0.0
 11
355.930717
 21
402.298709
 31
0.0
  0
LINE
  5
14BA
330
70
100
AcDbEntity
  8
Visible
100
AcDbLine
 10
355.675717
 20
402.305709
 30
0.0
 11
355.832717
 21
402.296709
 31
0.0
  0
LINE
  5
14BB
330
70
100
AcDbEntity
  8
Visible
100
AcDbLine
 10
355.534717
 20
402.332709
 30
0.0
 11
355.675717
 21
402.305709
 31
0.0
  0
LINE
  5
14BC
330
70
100
AcDbEntity
  8
Visible
100
AcDbLine
 10
355.410717
 20
402.376709
 30
0.0
 11
355.534717
 21
402.332709
 31
0.0
  0
LINE
  5
14BD
330
70
100
AcDbEntity
  8
Visible
100
AcDbLine
 10
355.302717
 20
402.438709
 30
0.0
 11
355.410717
 21
402.376709
 31
0.0
  0
LINE
  5
14BE
330
70
100
AcDbEntity
  8
Visible
100
AcDbLine
 10
355.211717
 20
402.518709
 30
0.0
 11
355.302717
 21
402.438709
 31
0.0
  0
LINE
  5
14BF
330
70
100
AcDbEntity
  8
Visible
100
AcDbLine
 10
355.136717
 20
402.616709
 30
0.0
 11
355.211717
 21
402.518709
 31
0.0
  0
LINE
  5
14C0
330
70
100
AcDbEntity
  8
Visible
100
AcDbLine
 10
355.079717
 20
402.731709
 30
0.0
 11
355.136717
 21
402.616709
 31
0.0
  0
LINE
  5
14C1
330
70
100
AcDbEntity
  8
Visible
100
AcDbLine
 10
355.037717
 20
402.864709
 30
0.0
 11
355.079717
 21
402.731709
 31
0.0
  0
LINE
  5
14C2
330
70
100
AcDbEntity
  8
Visible
100
AcDbLine
 10
355.012717
 20
403.015709
 30
0.0
 11
355.037717
 21
402.864709
 31
0.0
  0
LINE
  5
14C3
330
70
100
AcDbEntity
  8
Visible
100
AcDbLine
 10
355.004717
 20
403.184709
 30
0.0
 11
355.012717
 21
403.015709
 31
0.0
  0
LINE
  5
14C4
330
70
100
AcDbEntity
  8
Visible
100
AcDbLine
 10
347.656717
 20
404.539709
 30
0.0
 11
347.654717
 21
404.396709
 31
0.0
  0
LINE
  5
14C5
330
70
100
AcDbEntity
  8
Visible
100
AcDbLine
 10
347.662717
 20
404.678709
 30
0.0
 11
347.656717
 21
404.539709
 31
0.0
  0
LINE
  5
14C6
330
70
100
AcDbEntity
  8
Visible
100
AcDbLine
 10
347.672717
 20
404.814709
 30
0.0
 11
347.662717
 21
404.678709
 31
0.0
  0
LINE
  5
14C7
330
70
100
AcDbEntity
  8
Visible
100
AcDbLine
 10
347.687717
 20
404.945709
 30
0.0
 11
347.672717
 21
404.814709
 31
0.0
  0
LINE
  5
14C8
330
70
100
AcDbEntity
  8
Visible
100
AcDbLine
 10
347.705717
 20
405.072709
 30
0.0
 11
347.687717
 21
404.945709
 31
0.0
  0
LINE
  5
14C9
330
70
100
AcDbEntity
  8
Visible
100
AcDbLine
 10
347.727717
 20
405.195709
 30
0.0
 11
347.705717
 21
405.072709
 31
0.0
  0
LINE
  5
14CA
330
70
100
AcDbEntity
  8
Visible
100
AcDbLine
 10
347.754717
 20
405.314709
 30
0.0
 11
347.727717
 21
405.195709
 31
0.0
  0
LINE
  5
14CB
330
70
100
AcDbEntity
  8
Visible
100
AcDbLine
 10
347.785717
 20
405.429709
 30
0.0
 11
347.754717
 21
405.314709
 31
0.0
  0
LINE
  5
14CC
330
70
100
AcDbEntity
  8
Visible
100
AcDbLine
 10
347.819717
 20
405.540709
 30
0.0
 11
347.785717
 21
405.429709
 31
0.0
  0
LINE
  5
14CD
330
70
100
AcDbEntity
  8
Visible
100
AcDbLine
 10
347.858717
 20
405.647709
 30
0.0
 11
347.819717
 21
405.540709
 31
0.0
  0
LINE
  5
14CE
330
70
100
AcDbEntity
  8
Visible
100
AcDbLine
 10
347.901717
 20
405.750709
 30
0.0
 11
347.858717
 21
405.647709
 31
0.0
  0
LINE
  5
14CF
330
70
100
AcDbEntity
  8
Visible
100
AcDbLine
 10
347.947717
 20
405.847709
 30
0.0
 11
347.901717
 21
405.750709
 31
0.0
  0
LINE
  5
14D0
330
70
100
AcDbEntity
  8
Visible
100
AcDbLine
 10
347.996717
 20
405.940709
 30
0.0
 11
347.947717
 21
405.847709
 31
0.0
  0
LINE
  5
14D1
330
70
100
AcDbEntity
  8
Visible
100
AcDbLine
 10
348.049717
 20
406.028709
 30
0.0
 11
347.996717
 21
405.940709
 31
0.0
  0
LINE
  5
14D2
330
70
100
AcDbEntity
  8
Visible
100
AcDbLine
 10
348.106717
 20
406.111709
 30
0.0
 11
348.049717
 21
406.028709
 31
0.0
  0
LINE
  5
14D3
330
70
100
AcDbEntity
  8
Visible
100
AcDbLine
 10
348.165717
 20
406.190709
 30
0.0
 11
348.106717
 21
406.111709
 31
0.0
  0
LINE
  5
14D4
330
70
100
AcDbEntity
  8
Visible
100
AcDbLine
 10
348.229717
 20
406.263709
 30
0.0
 11
348.165717
 21
406.190709
 31
0.0
  0
LINE
  5
14D5
330
70
100
AcDbEntity
  8
Visible
100
AcDbLine
 10
348.296717
 20
406.331709
 30
0.0
 11
348.229717
 21
406.263709
 31
0.0
  0
LINE
  5
14D6
330
70
100
AcDbEntity
  8
Visible
100
AcDbLine
 10
348.366717
 20
406.395709
 30
0.0
 11
348.296717
 21
406.331709
 31
0.0
  0
LINE
  5
14D7
330
70
100
AcDbEntity
  8
Visible
100
AcDbLine
 10
348.440717
 20
406.454709
 30
0.0
 11
348.366717
 21
406.395709
 31
0.0
  0
LINE
  5
14D8
330
70
100
AcDbEntity
  8
Visible
100
AcDbLine
 10
348.517717
 20
406.508709
 30
0.0
 11
348.440717
 21
406.454709
 31
0.0
  0
LINE
  5
14D9
330
70
100
AcDbEntity
  8
Visible
100
AcDbLine
 10
348.597717
 20
406.556709
 30
0.0
 11
348.517717
 21
406.508709
 31
0.0
  0
LINE
  5
14DA
330
70
100
AcDbEntity
  8
Visible
100
AcDbLine
 10
348.679717
 20
406.598709
 30
0.0
 11
348.597717
 21
406.556709
 31
0.0
  0
LINE
  5
14DB
330
70
100
AcDbEntity
  8
Visible
100
AcDbLine
 10
348.764717
 20
406.634709
 30
0.0
 11
348.679717
 21
406.598709
 31
0.0
  0
LINE
  5
14DC
330
70
100
AcDbEntity
  8
Visible
100
AcDbLine
 10
348.852717
 20
406.666709
 30
0.0
 11
348.764717
 21
406.634709
 31
0.0
  0
LINE
  5
14DD
330
70
100
AcDbEntity
  8
Visible
100
AcDbLine
 10
348.943717
 20
406.691709
 30
0.0
 11
348.852717
 21
406.666709
 31
0.0
  0
LINE
  5
14DE
330
70
100
AcDbEntity
  8
Visible
100
AcDbLine
 10
349.037717
 20
406.711709
 30
0.0
 11
348.943717
 21
406.691709
 31
0.0
  0
LINE
  5
14DF
330
70
100
AcDbEntity
  8
Visible
100
AcDbLine
 10
349.133717
 20
406.725709
 30
0.0
 11
349.037717
 21
406.711709
 31
0.0
  0
LINE
  5
14E0
330
70
100
AcDbEntity
  8
Visible
100
AcDbLine
 10
349.232717
 20
406.733709
 30
0.0
 11
349.133717
 21
406.725709
 31
0.0
  0
LINE
  5
14E1
330
70
100
AcDbEntity
  8
Visible
100
AcDbLine
 10
349.334717
 20
406.736709
 30
0.0
 11
349.232717
 21
406.733709
 31
0.0
  0
LINE
  5
14E2
330
70
100
AcDbEntity
  8
Visible
100
AcDbLine
 10
349.467717
 20
406.732709
 30
0.0
 11
349.334717
 21
406.736709
 31
0.0
  0
LINE
  5
14E3
330
70
100
AcDbEntity
  8
Visible
100
AcDbLine
 10
349.594717
 20
406.719709
 30
0.0
 11
349.467717
 21
406.732709
 31
0.0
  0
LINE
  5
14E4
330
70
100
AcDbEntity
  8
Visible
100
AcDbLine
 10
349.715717
 20
406.697709
 30
0.0
 11
349.594717
 21
406.719709
 31
0.0
  0
LINE
  5
14E5
330
70
100
AcDbEntity
  8
Visible
100
AcDbLine
 10
349.831717
 20
406.667709
 30
0.0
 11
349.715717
 21
406.697709
 31
0.0
  0
LINE
  5
14E6
330
70
100
AcDbEntity
  8
Visible
100
AcDbLine
 10
349.941717
 20
406.629709
 30
0.0
 11
349.831717
 21
406.667709
 31
0.0
  0
LINE
  5
14E7
330
70
100
AcDbEntity
  8
Visible
100
AcDbLine
 10
350.045717
 20
406.582709
 30
0.0
 11
349.941717
 21
406.629709
 31
0.0
  0
LINE
  5
14E8
330
70
100
AcDbEntity
  8
Visible
100
AcDbLine
 10
350.144717
 20
406.526709
 30
0.0
 11
350.045717
 21
406.582709
 31
0.0
  0
LINE
  5
14E9
330
70
100
AcDbEntity
  8
Visible
100
AcDbLine
 10
350.236717
 20
406.461709
 30
0.0
 11
350.144717
 21
406.526709
 31
0.0
  0
LINE
  5
14EA
330
70
100
AcDbEntity
  8
Visible
100
AcDbLine
 10
350.324717
 20
406.389709
 30
0.0
 11
350.236717
 21
406.461709
 31
0.0
  0
LINE
  5
14EB
330
70
100
AcDbEntity
  8
Visible
100
AcDbLine
 10
350.405717
 20
406.307709
 30
0.0
 11
350.324717
 21
406.389709
 31
0.0
  0
LINE
  5
14EC
330
70
100
AcDbEntity
  8
Visible
100
AcDbLine
 10
350.480717
 20
406.217709
 30
0.0
 11
350.405717
 21
406.307709
 31
0.0
  0
LINE
  5
14ED
330
70
100
AcDbEntity
  8
Visible
100
AcDbLine
 10
350.546717
 20
406.120709
 30
0.0
 11
350.480717
 21
406.217709
 31
0.0
  0
LINE
  5
14EE
330
70
100
AcDbEntity
  8
Visible
100
AcDbLine
 10
350.605717
 20
406.014709
 30
0.0
 11
350.546717
 21
406.120709
 31
0.0
  0
LINE
  5
14EF
330
70
100
AcDbEntity
  8
Visible
100
AcDbLine
 10
350.657717
 20
405.901709
 30
0.0
 11
350.605717
 21
406.014709
 31
0.0
  0
LINE
  5
14F0
330
70
100
AcDbEntity
  8
Visible
100
AcDbLine
 10
350.700717
 20
405.780709
 30
0.0
 11
350.657717
 21
405.901709
 31
0.0
  0
LINE
  5
14F1
330
70
100
AcDbEntity
  8
Visible
100
AcDbLine
 10
350.735717
 20
405.651709
 30
0.0
 11
350.700717
 21
405.780709
 31
0.0
  0
LINE
  5
14F2
330
70
100
AcDbEntity
  8
Visible
100
AcDbLine
 10
350.763717
 20
405.514709
 30
0.0
 11
350.735717
 21
405.651709
 31
0.0
  0
LINE
  5
14F3
330
70
100
AcDbEntity
  8
Visible
100
AcDbLine
 10
350.782717
 20
405.369709
 30
0.0
 11
350.763717
 21
405.514709
 31
0.0
  0
LINE
  5
14F4
330
70
100
AcDbEntity
  8
Visible
100
AcDbLine
 10
350.794717
 20
405.216709
 30
0.0
 11
350.782717
 21
405.369709
 31
0.0
  0
LINE
  5
14F5
330
70
100
AcDbEntity
  8
Visible
100
AcDbLine
 10
350.798717
 20
405.056709
 30
0.0
 11
350.794717
 21
405.216709
 31
0.0
  0
LINE
  5
14F6
330
70
100
AcDbEntity
  8
Visible
100
AcDbLine
 10
350.798717
 20
401.684709
 30
0.0
 11
350.798717
 21
405.056709
 31
0.0
  0
LINE
  5
14F7
330
70
100
AcDbEntity
  8
Visible
100
AcDbLine
 10
351.722717
 20
401.684709
 30
0.0
 11
350.798717
 21
401.684709
 31
0.0
  0
LINE
  5
14F8
330
70
100
AcDbEntity
  8
Visible
100
AcDbLine
 10
351.722717
 20
405.056709
 30
0.0
 11
351.722717
 21
401.684709
 31
0.0
  0
LINE
  5
14F9
330
70
100
AcDbEntity
  8
Visible
100
AcDbLine
 10
351.719717
 20
405.209709
 30
0.0
 11
351.722717
 21
405.056709
 31
0.0
  0
LINE
  5
14FA
330
70
100
AcDbEntity
  8
Visible
100
AcDbLine
 10
351.712717
 20
405.357709
 30
0.0
 11
351.719717
 21
405.209709
 31
0.0
  0
LINE
  5
14FB
330
70
100
AcDbEntity
  8
Visible
100
AcDbLine
 10
351.699717
 20
405.502709
 30
0.0
 11
351.712717
 21
405.357709
 31
0.0
  0
LINE
  5
14FC
330
70
100
AcDbEntity
  8
Visible
100
AcDbLine
 10
351.681717
 20
405.642709
 30
0.0
 11
351.699717
 21
405.502709
 31
0.0
  0
LINE
  5
14FD
330
70
100
AcDbEntity
  8
Visible
100
AcDbLine
 10
351.658717
 20
405.777709
 30
0.0
 11
351.681717
 21
405.642709
 31
0.0
  0
LINE
  5
14FE
330
70
100
AcDbEntity
  8
Visible
100
AcDbLine
 10
351.629717
 20
405.909709
 30
0.0
 11
351.658717
 21
405.777709
 31
0.0
  0
LINE
  5
14FF
330
70
100
AcDbEntity
  8
Visible
100
AcDbLine
 10
351.596717
 20
406.037709
 30
0.0
 11
351.629717
 21
405.909709
 31
0.0
  0
LINE
  5
1500
330
70
100
AcDbEntity
  8
Visible
100
AcDbLine
 10
351.557717
 20
406.160709
 30
0.0
 11
351.596717
 21
406.037709
 31
0.0
  0
LINE
  5
1501
330
70
100
AcDbEntity
  8
Visible
100
AcDbLine
 10
351.513717
 20
406.279709
 30
0.0
 11
351.557717
 21
406.160709
 31
0.0
  0
LINE
  5
1502
330
70
100
AcDbEntity
  8
Visible
100
AcDbLine
 10
351.464717
 20
406.394709
 30
0.0
 11
351.513717
 21
406.279709
 31
0.0
  0
LINE
  5
1503
330
70
100
AcDbEntity
  8
Visible
100
AcDbLine
 10
351.410717
 20
406.504709
 30
0.0
 11
351.464717
 21
406.394709
 31
0.0
  0
LINE
  5
1504
330
70
100
AcDbEntity
  8
Visible
100
AcDbLine
 10
351.352717
 20
406.609709
 30
0.0
 11
351.410717
 21
406.504709
 31
0.0
  0
LINE
  5
1505
330
70
100
AcDbEntity
  8
Visible
100
AcDbLine
 10
351.289717
 20
406.709709
 30
0.0
 11
351.352717
 21
406.609709
 31
0.0
  0
LINE
  5
1506
330
70
100
AcDbEntity
  8
Visible
100
AcDbLine
 10
351.222717
 20
406.803709
 30
0.0
 11
351.289717
 21
406.709709
 31
0.0
  0
LINE
  5
1507
330
70
100
AcDbEntity
  8
Visible
100
AcDbLine
 10
351.150717
 20
406.893709
 30
0.0
 11
351.222717
 21
406.803709
 31
0.0
  0
LINE
  5
1508
330
70
100
AcDbEntity
  8
Visible
100
AcDbLine
 10
351.073717
 20
406.977709
 30
0.0
 11
351.150717
 21
406.893709
 31
0.0
  0
LINE
  5
1509
330
70
100
AcDbEntity
  8
Visible
100
AcDbLine
 10
350.993717
 20
407.056709
 30
0.0
 11
351.073717
 21
406.977709
 31
0.0
  0
LINE
  5
150A
330
70
100
AcDbEntity
  8
Visible
100
AcDbLine
 10
350.907717
 20
407.129709
 30
0.0
 11
350.993717
 21
407.056709
 31
0.0
  0
LINE
  5
150B
330
70
100
AcDbEntity
  8
Visible
100
AcDbLine
 10
350.817717
 20
407.198709
 30
0.0
 11
350.907717
 21
407.129709
 31
0.0
  0
LINE
  5
150C
330
70
100
AcDbEntity
  8
Visible
100
AcDbLine
 10
350.723717
 20
407.261709
 30
0.0
 11
350.817717
 21
407.198709
 31
0.0
  0
LINE
  5
150D
330
70
100
AcDbEntity
  8
Visible
100
AcDbLine
 10
350.624717
 20
407.319709
 30
0.0
 11
350.723717
 21
407.261709
 31
0.0
  0
LINE
  5
150E
330
70
100
AcDbEntity
  8
Visible
100
AcDbLine
 10
350.522717
 20
407.370709
 30
0.0
 11
350.624717
 21
407.319709
 31
0.0
  0
LINE
  5
150F
330
70
100
AcDbEntity
  8
Visible
100
AcDbLine
 10
350.416717
 20
407.416709
 30
0.0
 11
350.522717
 21
407.370709
 31
0.0
  0
LINE
  5
1510
330
70
100
AcDbEntity
  8
Visible
100
AcDbLine
 10
350.305717
 20
407.455709
 30
0.0
 11
350.416717
 21
407.416709
 31
0.0
  0
LINE
  5
1511
330
70
100
AcDbEntity
  8
Visible
100
AcDbLine
 10
350.191717
 20
407.488709
 30
0.0
 11
350.305717
 21
407.455709
 31
0.0
  0
LINE
  5
1512
330
70
100
AcDbEntity
  8
Visible
100
AcDbLine
 10
350.073717
 20
407.516709
 30
0.0
 11
350.191717
 21
407.488709
 31
0.0
  0
LINE
  5
1513
330
70
100
AcDbEntity
  8
Visible
100
AcDbLine
 10
349.951717
 20
407.537709
 30
0.0
 11
350.073717
 21
407.516709
 31
0.0
  0
LINE
  5
1514
330
70
100
AcDbEntity
  8
Visible
100
AcDbLine
 10
349.825717
 20
407.552709
 30
0.0
 11
349.951717
 21
407.537709
 31
0.0
  0
LINE
  5
1515
330
70
100
AcDbEntity
  8
Visible
100
AcDbLine
 10
349.696717
 20
407.561709
 30
0.0
 11
349.825717
 21
407.552709
 31
0.0
  0
LINE
  5
1516
330
70
100
AcDbEntity
  8
Visible
100
AcDbLine
 10
349.562717
 20
407.564709
 30
0.0
 11
349.696717
 21
407.561709
 31
0.0
  0
LINE
  5
1517
330
70
100
AcDbEntity
  8
Visible
100
AcDbLine
 10
349.419717
 20
407.560709
 30
0.0
 11
349.562717
 21
407.564709
 31
0.0
  0
LINE
  5
1518
330
70
100
AcDbEntity
  8
Visible
100
AcDbLine
 10
349.280717
 20
407.549709
 30
0.0
 11
349.419717
 21
407.560709
 31
0.0
  0
LINE
  5
1519
330
70
100
AcDbEntity
  8
Visible
100
AcDbLine
 10
349.146717
 20
407.530709
 30
0.0
 11
349.280717
 21
407.549709
 31
0.0
  0
LINE
  5
151A
330
70
100
AcDbEntity
  8
Visible
100
AcDbLine
 10
349.016717
 20
407.504709
 30
0.0
 11
349.146717
 21
407.530709
 31
0.0
  0
LINE
  5
151B
330
70
100
AcDbEntity
  8
Visible
100
AcDbLine
 10
348.891717
 20
407.470709
 30
0.0
 11
349.016717
 21
407.504709
 31
0.0
  0
LINE
  5
151C
330
70
100
AcDbEntity
  8
Visible
100
AcDbLine
 10
348.770717
 20
407.429709
 30
0.0
 11
348.891717
 21
407.470709
 31
0.0
  0
LINE
  5
151D
330
70
100
AcDbEntity
  8
Visible
100
AcDbLine
 10
348.653717
 20
407.380709
 30
0.0
 11
348.770717
 21
407.429709
 31
0.0
  0
LINE
  5
151E
330
70
100
AcDbEntity
  8
Visible
100
AcDbLine
 10
348.541717
 20
407.324709
 30
0.0
 11
348.653717
 21
407.380709
 31
0.0
  0
LINE
  5
151F
330
70
100
AcDbEntity
  8
Visible
100
AcDbLine
 10
348.433717
 20
407.260709
 30
0.0
 11
348.541717
 21
407.324709
 31
0.0
  0
LINE
  5
1520
330
70
100
AcDbEntity
  8
Visible
100
AcDbLine
 10
348.329717
 20
407.189709
 30
0.0
 11
348.433717
 21
407.260709
 31
0.0
  0
LINE
  5
1521
330
70
100
AcDbEntity
  8
Visible
100
AcDbLine
 10
348.230717
 20
407.111709
 30
0.0
 11
348.329717
 21
407.189709
 31
0.0
  0
LINE
  5
1522
330
70
100
AcDbEntity
  8
Visible
100
AcDbLine
 10
348.136717
 20
407.026709
 30
0.0
 11
348.230717
 21
407.111709
 31
0.0
  0
LINE
  5
1523
330
70
100
AcDbEntity
  8
Visible
100
AcDbLine
 10
348.047717
 20
406.934709
 30
0.0
 11
348.136717
 21
407.026709
 31
0.0
  0
LINE
  5
1524
330
70
100
AcDbEntity
  8
Visible
100
AcDbLine
 10
347.962717
 20
406.836709
 30
0.0
 11
348.047717
 21
406.934709
 31
0.0
  0
LINE
  5
1525
330
70
100
AcDbEntity
  8
Visible
100
AcDbLine
 10
347.883717
 20
406.731709
 30
0.0
 11
347.962717
 21
406.836709
 31
0.0
  0
LINE
  5
1526
330
70
100
AcDbEntity
  8
Visible
100
AcDbLine
 10
347.808717
 20
406.619709
 30
0.0
 11
347.883717
 21
406.731709
 31
0.0
  0
LINE
  5
1527
330
70
100
AcDbEntity
  8
Visible
100
AcDbLine
 10
347.738717
 20
406.501709
 30
0.0
 11
347.808717
 21
406.619709
 31
0.0
  0
LINE
  5
1528
330
70
100
AcDbEntity
  8
Visible
100
AcDbLine
 10
347.673717
 20
406.376709
 30
0.0
 11
347.738717
 21
406.501709
 31
0.0
  0
LINE
  5
1529
330
70
100
AcDbEntity
  8
Visible
100
AcDbLine
 10
347.635521
 20
406.292677
 30
0.0
 11
347.673717
 21
406.376709
 31
0.0
  0
LINE
  5
152A
330
70
100
AcDbEntity
  8
Visible
100
AcDbLine
 10
347.522717
 20
407.420709
 30
0.0
 11
347.635521
 21
406.292677
 31
0.0
  0
LINE
  5
152B
330
70
100
AcDbEntity
  8
Visible
100
AcDbLine
 10
346.718717
 20
407.420709
 30
0.0
 11
347.522717
 21
407.420709
 31
0.0
  0
LINE
  5
152C
330
70
100
AcDbEntity
  8
Visible
100
AcDbLine
 10
346.718717
 20
401.684709
 30
0.0
 11
346.718717
 21
407.420709
 31
0.0
  0
LINE
  5
152D
330
70
100
AcDbEntity
  8
Visible
100
AcDbLine
 10
347.654717
 20
401.684709
 30
0.0
 11
346.718717
 21
401.684709
 31
0.0
  0
LINE
  5
152E
330
70
100
AcDbEntity
  8
Visible
100
AcDbLine
 10
347.654717
 20
404.396709
 30
0.0
 11
347.654717
 21
401.684709
 31
0.0
  0
LINE
  5
152F
330
70
100
AcDbEntity
  8
Visible
100
AcDbLine
 10
342.537717
 20
401.554709
 30
0.0
 11
342.388717
 21
401.543709
 31
0.0
  0
LINE
  5
1530
330
70
100
AcDbEntity
  8
Visible
100
AcDbLine
 10
342.682717
 20
401.571709
 30
0.0
 11
342.537717
 21
401.554709
 31
0.0
  0
LINE
  5
1531
330
70
100
AcDbEntity
  8
Visible
100
AcDbLine
 10
342.824717
 20
401.595709
 30
0.0
 11
342.682717
 21
401.571709
 31
0.0
  0
LINE
  5
1532
330
70
100
AcDbEntity
  8
Visible
100
AcDbLine
 10
342.963717
 20
401.625709
 30
0.0
 11
342.824717
 21
401.595709
 31
0.0
  0
LINE
  5
1533
330
70
100
AcDbEntity
  8
Visible
100
AcDbLine
 10
343.098717
 20
401.663709
 30
0.0
 11
342.963717
 21
401.625709
 31
0.0
  0
LINE
  5
1534
330
70
100
AcDbEntity
  8
Visible
100
AcDbLine
 10
343.230717
 20
401.708709
 30
0.0
 11
343.098717
 21
401.663709
 31
0.0
  0
LINE
  5
1535
330
70
100
AcDbEntity
  8
Visible
100
AcDbLine
 10
343.359717
 20
401.759709
 30
0.0
 11
343.230717
 21
401.708709
 31
0.0
  0
LINE
  5
1536
330
70
100
AcDbEntity
  8
Visible
100
AcDbLine
 10
343.485717
 20
401.817709
 30
0.0
 11
343.359717
 21
401.759709
 31
0.0
  0
LINE
  5
1537
330
70
100
AcDbEntity
  8
Visible
100
AcDbLine
 10
343.607717
 20
401.882709
 30
0.0
 11
343.485717
 21
401.817709
 31
0.0
  0
LINE
  5
1538
330
70
100
AcDbEntity
  8
Visible
100
AcDbLine
 10
343.725717
 20
401.954709
 30
0.0
 11
343.607717
 21
401.882709
 31
0.0
  0
LINE
  5
1539
330
70
100
AcDbEntity
  8
Visible
100
AcDbLine
 10
343.838717
 20
402.032709
 30
0.0
 11
343.725717
 21
401.954709
 31
0.0
  0
LINE
  5
153A
330
70
100
AcDbEntity
  8
Visible
100
AcDbLine
 10
343.946717
 20
402.117709
 30
0.0
 11
343.838717
 21
402.032709
 31
0.0
  0
LINE
  5
153B
330
70
100
AcDbEntity
  8
Visible
100
AcDbLine
 10
344.048717
 20
402.208709
 30
0.0
 11
343.946717
 21
402.117709
 31
0.0
  0
LINE
  5
153C
330
70
100
AcDbEntity
  8
Visible
100
AcDbLine
 10
344.146717
 20
402.306709
 30
0.0
 11
344.048717
 21
402.208709
 31
0.0
  0
LINE
  5
153D
330
70
100
AcDbEntity
  8
Visible
100
AcDbLine
 10
344.238717
 20
402.411709
 30
0.0
 11
344.146717
 21
402.306709
 31
0.0
  0
LINE
  5
153E
330
70
100
AcDbEntity
  8
Visible
100
AcDbLine
 10
344.325717
 20
402.522709
 30
0.0
 11
344.238717
 21
402.411709
 31
0.0
  0
LINE
  5
153F
330
70
100
AcDbEntity
  8
Visible
100
AcDbLine
 10
344.407717
 20
402.640709
 30
0.0
 11
344.325717
 21
402.522709
 31
0.0
  0
LINE
  5
1540
330
70
100
AcDbEntity
  8
Visible
100
AcDbLine
 10
344.483717
 20
402.765709
 30
0.0
 11
344.407717
 21
402.640709
 31
0.0
  0
LINE
  5
1541
330
70
100
AcDbEntity
  8
Visible
100
AcDbLine
 10
344.555717
 20
402.896709
 30
0.0
 11
344.483717
 21
402.765709
 31
0.0
  0
LINE
  5
1542
330
70
100
AcDbEntity
  8
Visible
100
AcDbLine
 10
344.621717
 20
403.034709
 30
0.0
 11
344.555717
 21
402.896709
 31
0.0
  0
LINE
  5
1543
330
70
100
AcDbEntity
  8
Visible
100
AcDbLine
 10
344.679717
 20
403.177709
 30
0.0
 11
344.621717
 21
403.034709
 31
0.0
  0
LINE
  5
1544
330
70
100
AcDbEntity
  8
Visible
100
AcDbLine
 10
344.731717
 20
403.327709
 30
0.0
 11
344.679717
 21
403.177709
 31
0.0
  0
LINE
  5
1545
330
70
100
AcDbEntity
  8
Visible
100
AcDbLine
 10
344.776717
 20
403.484709
 30
0.0
 11
344.731717
 21
403.327709
 31
0.0
  0
LINE
  5
1546
330
70
100
AcDbEntity
  8
Visible
100
AcDbLine
 10
344.814717
 20
403.646709
 30
0.0
 11
344.776717
 21
403.484709
 31
0.0
  0
LINE
  5
1547
330
70
100
AcDbEntity
  8
Visible
100
AcDbLine
 10
344.845717
 20
403.815709
 30
0.0
 11
344.814717
 21
403.646709
 31
0.0
  0
LINE
  5
1548
330
70
100
AcDbEntity
  8
Visible
100
AcDbLine
 10
344.869717
 20
403.990709
 30
0.0
 11
344.845717
 21
403.815709
 31
0.0
  0
LINE
  5
1549
330
70
100
AcDbEntity
  8
Visible
100
AcDbLine
 10
344.886717
 20
404.171709
 30
0.0
 11
344.869717
 21
403.990709
 31
0.0
  0
LINE
  5
154A
330
70
100
AcDbEntity
  8
Visible
100
AcDbLine
 10
344.897717
 20
404.358709
 30
0.0
 11
344.886717
 21
404.171709
 31
0.0
  0
LINE
  5
154B
330
70
100
AcDbEntity
  8
Visible
100
AcDbLine
 10
344.900717
 20
404.552709
 30
0.0
 11
344.897717
 21
404.358709
 31
0.0
  0
LINE
  5
154C
330
70
100
AcDbEntity
  8
Visible
100
AcDbLine
 10
344.897717
 20
404.747709
 30
0.0
 11
344.900717
 21
404.552709
 31
0.0
  0
LINE
  5
154D
330
70
100
AcDbEntity
  8
Visible
100
AcDbLine
 10
344.886717
 20
404.935709
 30
0.0
 11
344.897717
 21
404.747709
 31
0.0
  0
LINE
  5
154E
330
70
100
AcDbEntity
  8
Visible
100
AcDbLine
 10
344.869717
 20
405.117709
 30
0.0
 11
344.886717
 21
404.935709
 31
0.0
  0
LINE
  5
154F
330
70
100
AcDbEntity
  8
Visible
100
AcDbLine
 10
344.845717
 20
405.293709
 30
0.0
 11
344.869717
 21
405.117709
 31
0.0
  0
LINE
  5
1550
330
70
100
AcDbEntity
  8
Visible
100
AcDbLine
 10
344.814717
 20
405.462709
 30
0.0
 11
344.845717
 21
405.293709
 31
0.0
  0
LINE
  5
1551
330
70
100
AcDbEntity
  8
Visible
100
AcDbLine
 10
344.776717
 20
405.624709
 30
0.0
 11
344.814717
 21
405.462709
 31
0.0
  0
LINE
  5
1552
330
70
100
AcDbEntity
  8
Visible
100
AcDbLine
 10
344.731717
 20
405.781709
 30
0.0
 11
344.776717
 21
405.624709
 31
0.0
  0
LINE
  5
1553
330
70
100
AcDbEntity
  8
Visible
100
AcDbLine
 10
344.679717
 20
405.931709
 30
0.0
 11
344.731717
 21
405.781709
 31
0.0
  0
LINE
  5
1554
330
70
100
AcDbEntity
  8
Visible
100
AcDbLine
 10
344.621717
 20
406.074709
 30
0.0
 11
344.679717
 21
405.931709
 31
0.0
  0
LINE
  5
1555
330
70
100
AcDbEntity
  8
Visible
100
AcDbLine
 10
344.555717
 20
406.211709
 30
0.0
 11
344.621717
 21
406.074709
 31
0.0
  0
LINE
  5
1556
330
70
100
AcDbEntity
  8
Visible
100
AcDbLine
 10
344.483717
 20
406.342709
 30
0.0
 11
344.555717
 21
406.211709
 31
0.0
  0
LINE
  5
1557
330
70
100
AcDbEntity
  8
Visible
100
AcDbLine
 10
344.407717
 20
406.466709
 30
0.0
 11
344.483717
 21
406.342709
 31
0.0
  0
LINE
  5
1558
330
70
100
AcDbEntity
  8
Visible
100
AcDbLine
 10
344.325717
 20
406.583709
 30
0.0
 11
344.407717
 21
406.466709
 31
0.0
  0
LINE
  5
1559
330
70
100
AcDbEntity
  8
Visible
100
AcDbLine
 10
344.238717
 20
406.694709
 30
0.0
 11
344.325717
 21
406.583709
 31
0.0
  0
LINE
  5
155A
330
70
100
AcDbEntity
  8
Visible
100
AcDbLine
 10
344.146717
 20
406.798709
 30
0.0
 11
344.238717
 21
406.694709
 31
0.0
  0
LINE
  5
155B
330
70
100
AcDbEntity
  8
Visible
100
AcDbLine
 10
344.048717
 20
406.896709
 30
0.0
 11
344.146717
 21
406.798709
 31
0.0
  0
LINE
  5
155C
330
70
100
AcDbEntity
  8
Visible
100
AcDbLine
 10
343.946717
 20
406.987709
 30
0.0
 11
344.048717
 21
406.896709
 31
0.0
  0
LINE
  5
155D
330
70
100
AcDbEntity
  8
Visible
100
AcDbLine
 10
343.838717
 20
407.072709
 30
0.0
 11
343.946717
 21
406.987709
 31
0.0
  0
LINE
  5
155E
330
70
100
AcDbEntity
  8
Visible
100
AcDbLine
 10
343.725717
 20
407.150709
 30
0.0
 11
343.838717
 21
407.072709
 31
0.0
  0
LINE
  5
155F
330
70
100
AcDbEntity
  8
Visible
100
AcDbLine
 10
343.607717
 20
407.222709
 30
0.0
 11
343.725717
 21
407.150709
 31
0.0
  0
LINE
  5
1560
330
70
100
AcDbEntity
  8
Visible
100
AcDbLine
 10
343.485717
 20
407.287709
 30
0.0
 11
343.607717
 21
407.222709
 31
0.0
  0
LINE
  5
1561
330
70
100
AcDbEntity
  8
Visible
100
AcDbLine
 10
343.359717
 20
407.345709
 30
0.0
 11
343.485717
 21
407.287709
 31
0.0
  0
LINE
  5
1562
330
70
100
AcDbEntity
  8
Visible
100
AcDbLine
 10
343.230717
 20
407.396709
 30
0.0
 11
343.359717
 21
407.345709
 31
0.0
  0
LINE
  5
1563
330
70
100
AcDbEntity
  8
Visible
100
AcDbLine
 10
343.098717
 20
407.441709
 30
0.0
 11
343.230717
 21
407.396709
 31
0.0
  0
LINE
  5
1564
330
70
100
AcDbEntity
  8
Visible
100
AcDbLine
 10
342.963717
 20
407.478709
 30
0.0
 11
343.098717
 21
407.441709
 31
0.0
  0
LINE
  5
1565
330
70
100
AcDbEntity
  8
Visible
100
AcDbLine
 10
342.824717
 20
407.509709
 30
0.0
 11
342.963717
 21
407.478709
 31
0.0
  0
LINE
  5
1566
330
70
100
AcDbEntity
  8
Visible
100
AcDbLine
 10
342.682717
 20
407.533709
 30
0.0
 11
342.824717
 21
407.509709
 31
0.0
  0
LINE
  5
1567
330
70
100
AcDbEntity
  8
Visible
100
AcDbLine
 10
342.537717
 20
407.550709
 30
0.0
 11
342.682717
 21
407.533709
 31
0.0
  0
LINE
  5
1568
330
70
100
AcDbEntity
  8
Visible
100
AcDbLine
 10
342.388717
 20
407.561709
 30
0.0
 11
342.537717
 21
407.550709
 31
0.0
  0
LINE
  5
1569
330
70
100
AcDbEntity
  8
Visible
100
AcDbLine
 10
342.236717
 20
407.564709
 30
0.0
 11
342.388717
 21
407.561709
 31
0.0
  0
LINE
  5
156A
330
70
100
AcDbEntity
  8
Visible
100
AcDbLine
 10
342.083717
 20
407.561709
 30
0.0
 11
342.236717
 21
407.564709
 31
0.0
  0
LINE
  5
156B
330
70
100
AcDbEntity
  8
Visible
100
AcDbLine
 10
341.933717
 20
407.550709
 30
0.0
 11
342.083717
 21
407.561709
 31
0.0
  0
LINE
  5
156C
330
70
100
AcDbEntity
  8
Visible
100
AcDbLine
 10
341.787717
 20
407.533709
 30
0.0
 11
341.933717
 21
407.550709
 31
0.0
  0
LINE
  5
156D
330
70
100
AcDbEntity
  8
Visible
100
AcDbLine
 10
341.644717
 20
407.509709
 30
0.0
 11
341.787717
 21
407.533709
 31
0.0
  0
LINE
  5
156E
330
70
100
AcDbEntity
  8
Visible
100
AcDbLine
 10
341.505717
 20
407.478709
 30
0.0
 11
341.644717
 21
407.509709
 31
0.0
  0
LINE
  5
156F
330
70
100
AcDbEntity
  8
Visible
100
AcDbLine
 10
341.369717
 20
407.441709
 30
0.0
 11
341.505717
 21
407.478709
 31
0.0
  0
LINE
  5
1570
330
70
100
AcDbEntity
  8
Visible
100
AcDbLine
 10
341.236717
 20
407.396709
 30
0.0
 11
341.369717
 21
407.441709
 31
0.0
  0
LINE
  5
1571
330
70
100
AcDbEntity
  8
Visible
100
AcDbLine
 10
341.107717
 20
407.345709
 30
0.0
 11
341.236717
 21
407.396709
 31
0.0
  0
LINE
  5
1572
330
70
100
AcDbEntity
  8
Visible
100
AcDbLine
 10
340.981717
 20
407.287709
 30
0.0
 11
341.107717
 21
407.345709
 31
0.0
  0
LINE
  5
1573
330
70
100
AcDbEntity
  8
Visible
100
AcDbLine
 10
340.859717
 20
407.222709
 30
0.0
 11
340.981717
 21
407.287709
 31
0.0
  0
LINE
  5
1574
330
70
100
AcDbEntity
  8
Visible
100
AcDbLine
 10
340.741717
 20
407.150709
 30
0.0
 11
340.859717
 21
407.222709
 31
0.0
  0
LINE
  5
1575
330
70
100
AcDbEntity
  8
Visible
100
AcDbLine
 10
340.628717
 20
407.072709
 30
0.0
 11
340.741717
 21
407.150709
 31
0.0
  0
LINE
  5
1576
330
70
100
AcDbEntity
  8
Visible
100
AcDbLine
 10
340.520717
 20
406.987709
 30
0.0
 11
340.628717
 21
407.072709
 31
0.0
  0
LINE
  5
1577
330
70
100
AcDbEntity
  8
Visible
100
AcDbLine
 10
340.417717
 20
406.896709
 30
0.0
 11
340.520717
 21
406.987709
 31
0.0
  0
LINE
  5
1578
330
70
100
AcDbEntity
  8
Visible
100
AcDbLine
 10
340.320717
 20
406.798709
 30
0.0
 11
340.417717
 21
406.896709
 31
0.0
  0
LINE
  5
1579
330
70
100
AcDbEntity
  8
Visible
100
AcDbLine
 10
340.227717
 20
406.694709
 30
0.0
 11
340.320717
 21
406.798709
 31
0.0
  0
LINE
  5
157A
330
70
100
AcDbEntity
  8
Visible
100
AcDbLine
 10
340.140717
 20
406.583709
 30
0.0
 11
340.227717
 21
406.694709
 31
0.0
  0
LINE
  5
157B
330
70
100
AcDbEntity
  8
Visible
100
AcDbLine
 10
340.057717
 20
406.466709
 30
0.0
 11
340.140717
 21
406.583709
 31
0.0
  0
LINE
  5
157C
330
70
100
AcDbEntity
  8
Visible
100
AcDbLine
 10
339.980717
 20
406.342709
 30
0.0
 11
340.057717
 21
406.466709
 31
0.0
  0
LINE
  5
157D
330
70
100
AcDbEntity
  8
Visible
100
AcDbLine
 10
339.908717
 20
406.211709
 30
0.0
 11
339.980717
 21
406.342709
 31
0.0
  0
LINE
  5
157E
330
70
100
AcDbEntity
  8
Visible
100
AcDbLine
 10
339.842717
 20
406.074709
 30
0.0
 11
339.908717
 21
406.211709
 31
0.0
  0
LINE
  5
157F
330
70
100
AcDbEntity
  8
Visible
100
AcDbLine
 10
339.783717
 20
405.931709
 30
0.0
 11
339.842717
 21
406.074709
 31
0.0
  0
LINE
  5
1580
330
70
100
AcDbEntity
  8
Visible
100
AcDbLine
 10
339.731717
 20
405.781709
 30
0.0
 11
339.783717
 21
405.931709
 31
0.0
  0
LINE
  5
1581
330
70
100
AcDbEntity
  8
Visible
100
AcDbLine
 10
339.685717
 20
405.624709
 30
0.0
 11
339.731717
 21
405.781709
 31
0.0
  0
LINE
  5
1582
330
70
100
AcDbEntity
  8
Visible
100
AcDbLine
 10
339.647717
 20
405.462709
 30
0.0
 11
339.685717
 21
405.624709
 31
0.0
  0
LINE
  5
1583
330
70
100
AcDbEntity
  8
Visible
100
AcDbLine
 10
339.616717
 20
405.293709
 30
0.0
 11
339.647717
 21
405.462709
 31
0.0
  0
LINE
  5
1584
330
70
100
AcDbEntity
  8
Visible
100
AcDbLine
 10
339.591717
 20
405.117709
 30
0.0
 11
339.616717
 21
405.293709
 31
0.0
  0
LINE
  5
1585
330
70
100
AcDbEntity
  8
Visible
100
AcDbLine
 10
339.574717
 20
404.935709
 30
0.0
 11
339.591717
 21
405.117709
 31
0.0
  0
LINE
  5
1586
330
70
100
AcDbEntity
  8
Visible
100
AcDbLine
 10
339.563717
 20
404.747709
 30
0.0
 11
339.574717
 21
404.935709
 31
0.0
  0
LINE
  5
1587
330
70
100
AcDbEntity
  8
Visible
100
AcDbLine
 10
339.560717
 20
404.552709
 30
0.0
 11
339.563717
 21
404.747709
 31
0.0
  0
LINE
  5
1588
330
70
100
AcDbEntity
  8
Visible
100
AcDbLine
 10
339.563717
 20
404.358709
 30
0.0
 11
339.560717
 21
404.552709
 31
0.0
  0
LINE
  5
1589
330
70
100
AcDbEntity
  8
Visible
100
AcDbLine
 10
339.574717
 20
404.171709
 30
0.0
 11
339.563717
 21
404.358709
 31
0.0
  0
LINE
  5
158A
330
70
100
AcDbEntity
  8
Visible
100
AcDbLine
 10
339.591717
 20
403.990709
 30
0.0
 11
339.574717
 21
404.171709
 31
0.0
  0
LINE
  5
158B
330
70
100
AcDbEntity
  8
Visible
100
AcDbLine
 10
339.616717
 20
403.815709
 30
0.0
 11
339.591717
 21
403.990709
 31
0.0
  0
LINE
  5
158C
330
70
100
AcDbEntity
  8
Visible
100
AcDbLine
 10
339.647717
 20
403.646709
 30
0.0
 11
339.616717
 21
403.815709
 31
0.0
  0
LINE
  5
158D
330
70
100
AcDbEntity
  8
Visible
100
AcDbLine
 10
339.685717
 20
403.484709
 30
0.0
 11
339.647717
 21
403.646709
 31
0.0
  0
LINE
  5
158E
330
70
100
AcDbEntity
  8
Visible
100
AcDbLine
 10
339.731717
 20
403.327709
 30
0.0
 11
339.685717
 21
403.484709
 31
0.0
  0
LINE
  5
158F
330
70
100
AcDbEntity
  8
Visible
100
AcDbLine
 10
339.783717
 20
403.177709
 30
0.0
 11
339.731717
 21
403.327709
 31
0.0
  0
LINE
  5
1590
330
70
100
AcDbEntity
  8
Visible
100
AcDbLine
 10
339.842717
 20
403.034709
 30
0.0
 11
339.783717
 21
403.177709
 31
0.0
  0
LINE
  5
1591
330
70
100
AcDbEntity
  8
Visible
100
AcDbLine
 10
339.908717
 20
402.896709
 30
0.0
 11
339.842717
 21
403.034709
 31
0.0
  0
LINE
  5
1592
330
70
100
AcDbEntity
  8
Visible
100
AcDbLine
 10
339.980717
 20
402.765709
 30
0.0
 11
339.908717
 21
402.896709
 31
0.0
  0
LINE
  5
1593
330
70
100
AcDbEntity
  8
Visible
100
AcDbLine
 10
340.057717
 20
402.640709
 30
0.0
 11
339.980717
 21
402.765709
 31
0.0
  0
LINE
  5
1594
330
70
100
AcDbEntity
  8
Visible
100
AcDbLine
 10
340.140717
 20
402.522709
 30
0.0
 11
340.057717
 21
402.640709
 31
0.0
  0
LINE
  5
1595
330
70
100
AcDbEntity
  8
Visible
100
AcDbLine
 10
340.227717
 20
402.411709
 30
0.0
 11
340.140717
 21
402.522709
 31
0.0
  0
LINE
  5
1596
330
70
100
AcDbEntity
  8
Visible
100
AcDbLine
 10
340.320717
 20
402.306709
 30
0.0
 11
340.227717
 21
402.411709
 31
0.0
  0
LINE
  5
1597
330
70
100
AcDbEntity
  8
Visible
100
AcDbLine
 10
340.417717
 20
402.208709
 30
0.0
 11
340.320717
 21
402.306709
 31
0.0
  0
LINE
  5
1598
330
70
100
AcDbEntity
  8
Visible
100
AcDbLine
 10
340.520717
 20
402.117709
 30
0.0
 11
340.417717
 21
402.208709
 31
0.0
  0
LINE
  5
1599
330
70
100
AcDbEntity
  8
Visible
100
AcDbLine
 10
340.628717
 20
402.032709
 30
0.0
 11
340.520717
 21
402.117709
 31
0.0
  0
LINE
  5
159A
330
70
100
AcDbEntity
  8
Visible
100
AcDbLine
 10
340.741717
 20
401.954709
 30
0.0
 11
340.628717
 21
402.032709
 31
0.0
  0
LINE
  5
159B
330
70
100
AcDbEntity
  8
Visible
100
AcDbLine
 10
340.859717
 20
401.882709
 30
0.0
 11
340.741717
 21
401.954709
 31
0.0
  0
LINE
  5
159C
330
70
100
AcDbEntity
  8
Visible
100
AcDbLine
 10
340.981717
 20
401.817709
 30
0.0
 11
340.859717
 21
401.882709
 31
0.0
  0
LINE
  5
159D
330
70
100
AcDbEntity
  8
Visible
100
AcDbLine
 10
341.107717
 20
401.759709
 30
0.0
 11
340.981717
 21
401.817709
 31
0.0
  0
LINE
  5
159E
330
70
100
AcDbEntity
  8
Visible
100
AcDbLine
 10
341.236717
 20
401.708709
 30
0.0
 11
341.107717
 21
401.759709
 31
0.0
  0
LINE
  5
159F
330
70
100
AcDbEntity
  8
Visible
100
AcDbLine
 10
341.369717
 20
401.663709
 30
0.0
 11
341.236717
 21
401.708709
 31
0.0
  0
LINE
  5
15A0
330
70
100
AcDbEntity
  8
Visible
100
AcDbLine
 10
341.505717
 20
401.625709
 30
0.0
 11
341.369717
 21
401.663709
 31
0.0
  0
LINE
  5
15A1
330
70
100
AcDbEntity
  8
Visible
100
AcDbLine
 10
341.644717
 20
401.595709
 30
0.0
 11
341.505717
 21
401.625709
 31
0.0
  0
LINE
  5
15A2
330
70
100
AcDbEntity
  8
Visible
100
AcDbLine
 10
341.787717
 20
401.571709
 30
0.0
 11
341.644717
 21
401.595709
 31
0.0
  0
LINE
  5
15A3
330
70
100
AcDbEntity
  8
Visible
100
AcDbLine
 10
341.933717
 20
401.554709
 30
0.0
 11
341.787717
 21
401.571709
 31
0.0
  0
LINE
  5
15A4
330
70
100
AcDbEntity
  8
Visible
100
AcDbLine
 10
342.083717
 20
401.543709
 30
0.0
 11
341.933717
 21
401.554709
 31
0.0
  0
LINE
  5
15A5
330
70
100
AcDbEntity
  8
Visible
100
AcDbLine
 10
342.236717
 20
401.540709
 30
0.0
 11
342.083717
 21
401.543709
 31
0.0
  0
LINE
  5
15A6
330
70
100
AcDbEntity
  8
Visible
100
AcDbLine
 10
342.388717
 20
401.543709
 30
0.0
 11
342.236717
 21
401.540709
 31
0.0
  0
LINE
  5
15A7
330
70
100
AcDbEntity
  8
Visible
100
AcDbLine
 10
336.758717
 20
404.276709
 30
0.0
 11
336.758717
 21
401.684709
 31
0.0
  0
LINE
  5
15A8
330
70
100
AcDbEntity
  8
Visible
100
AcDbLine
 10
336.759717
 20
404.417709
 30
0.0
 11
336.758717
 21
404.276709
 31
0.0
  0
LINE
  5
15A9
330
70
100
AcDbEntity
  8
Visible
100
AcDbLine
 10
336.764717
 20
404.554709
 30
0.0
 11
336.759717
 21
404.417709
 31
0.0
  0
LINE
  5
15AA
330
70
100
AcDbEntity
  8
Visible
100
AcDbLine
 10
336.771717
 20
404.688709
 30
0.0
 11
336.764717
 21
404.554709
 31
0.0
  0
LINE
  5
15AB
330
70
100
AcDbEntity
  8
Visible
100
AcDbLine
 10
336.781717
 20
404.817709
 30
0.0
 11
336.771717
 21
404.688709
 31
0.0
  0
LINE
  5
15AC
330
70
100
AcDbEntity
  8
Visible
100
AcDbLine
 10
336.793717
 20
404.943709
 30
0.0
 11
336.781717
 21
404.817709
 31
0.0
  0
LINE
  5
15AD
330
70
100
AcDbEntity
  8
Visible
100
AcDbLine
 10
336.809717
 20
405.066709
 30
0.0
 11
336.793717
 21
404.943709
 31
0.0
  0
LINE
  5
15AE
330
70
100
AcDbEntity
  8
Visible
100
AcDbLine
 10
336.827717
 20
405.184709
 30
0.0
 11
336.809717
 21
405.066709
 31
0.0
  0
LINE
  5
15AF
330
70
100
AcDbEntity
  8
Visible
100
AcDbLine
 10
336.848717
 20
405.299709
 30
0.0
 11
336.827717
 21
405.184709
 31
0.0
  0
LINE
  5
15B0
330
70
100
AcDbEntity
  8
Visible
100
AcDbLine
 10
336.872717
 20
405.411709
 30
0.0
 11
336.848717
 21
405.299709
 31
0.0
  0
LINE
  5
15B1
330
70
100
AcDbEntity
  8
Visible
100
AcDbLine
 10
336.899717
 20
405.518709
 30
0.0
 11
336.872717
 21
405.411709
 31
0.0
  0
LINE
  5
15B2
330
70
100
AcDbEntity
  8
Visible
100
AcDbLine
 10
336.929717
 20
405.621709
 30
0.0
 11
336.899717
 21
405.518709
 31
0.0
  0
LINE
  5
15B3
330
70
100
AcDbEntity
  8
Visible
100
AcDbLine
 10
336.962717
 20
405.720709
 30
0.0
 11
336.929717
 21
405.621709
 31
0.0
  0
LINE
  5
15B4
330
70
100
AcDbEntity
  8
Visible
100
AcDbLine
 10
336.999717
 20
405.813709
 30
0.0
 11
336.962717
 21
405.720709
 31
0.0
  0
LINE
  5
15B5
330
70
100
AcDbEntity
  8
Visible
100
AcDbLine
 10
337.039717
 20
405.902709
 30
0.0
 11
336.999717
 21
405.813709
 31
0.0
  0
LINE
  5
15B6
330
70
100
AcDbEntity
  8
Visible
100
AcDbLine
 10
337.083717
 20
405.987709
 30
0.0
 11
337.039717
 21
405.902709
 31
0.0
  0
LINE
  5
15B7
330
70
100
AcDbEntity
  8
Visible
100
AcDbLine
 10
337.130717
 20
406.066709
 30
0.0
 11
337.083717
 21
405.987709
 31
0.0
  0
LINE
  5
15B8
330
70
100
AcDbEntity
  8
Visible
100
AcDbLine
 10
337.180717
 20
406.141709
 30
0.0
 11
337.130717
 21
406.066709
 31
0.0
  0
LINE
  5
15B9
330
70
100
AcDbEntity
  8
Visible
100
AcDbLine
 10
337.234717
 20
406.211709
 30
0.0
 11
337.180717
 21
406.141709
 31
0.0
  0
LINE
  5
15BA
330
70
100
AcDbEntity
  8
Visible
100
AcDbLine
 10
337.291717
 20
406.276709
 30
0.0
 11
337.234717
 21
406.211709
 31
0.0
  0
LINE
  5
15BB
330
70
100
AcDbEntity
  8
Visible
100
AcDbLine
 10
337.352717
 20
406.337709
 30
0.0
 11
337.291717
 21
406.276709
 31
0.0
  0
LINE
  5
15BC
330
70
100
AcDbEntity
  8
Visible
100
AcDbLine
 10
337.416717
 20
406.392709
 30
0.0
 11
337.352717
 21
406.337709
 31
0.0
  0
LINE
  5
15BD
330
70
100
AcDbEntity
  8
Visible
100
AcDbLine
 10
337.485717
 20
406.442709
 30
0.0
 11
337.416717
 21
406.392709
 31
0.0
  0
LINE
  5
15BE
330
70
100
AcDbEntity
  8
Visible
100
AcDbLine
 10
337.557717
 20
406.485709
 30
0.0
 11
337.485717
 21
406.442709
 31
0.0
  0
LINE
  5
15BF
330
70
100
AcDbEntity
  8
Visible
100
AcDbLine
 10
337.633717
 20
406.523709
 30
0.0
 11
337.557717
 21
406.485709
 31
0.0
  0
LINE
  5
15C0
330
70
100
AcDbEntity
  8
Visible
100
AcDbLine
 10
337.714717
 20
406.555709
 30
0.0
 11
337.633717
 21
406.523709
 31
0.0
  0
LINE
  5
15C1
330
70
100
AcDbEntity
  8
Visible
100
AcDbLine
 10
337.798717
 20
406.581709
 30
0.0
 11
337.714717
 21
406.555709
 31
0.0
  0
LINE
  5
15C2
330
70
100
AcDbEntity
  8
Visible
100
AcDbLine
 10
337.886717
 20
406.602709
 30
0.0
 11
337.798717
 21
406.581709
 31
0.0
  0
LINE
  5
15C3
330
70
100
AcDbEntity
  8
Visible
100
AcDbLine
 10
337.978717
 20
406.616709
 30
0.0
 11
337.886717
 21
406.602709
 31
0.0
  0
LINE
  5
15C4
330
70
100
AcDbEntity
  8
Visible
100
AcDbLine
 10
338.074717
 20
406.625709
 30
0.0
 11
337.978717
 21
406.616709
 31
0.0
  0
LINE
  5
15C5
330
70
100
AcDbEntity
  8
Visible
100
AcDbLine
 10
338.174717
 20
406.628709
 30
0.0
 11
338.074717
 21
406.625709
 31
0.0
  0
LINE
  5
15C6
330
70
100
AcDbEntity
  8
Visible
100
AcDbLine
 10
338.206717
 20
406.628709
 30
0.0
 11
338.174717
 21
406.628709
 31
0.0
  0
LINE
  5
15C7
330
70
100
AcDbEntity
  8
Visible
100
AcDbLine
 10
338.238717
 20
406.626709
 30
0.0
 11
338.206717
 21
406.628709
 31
0.0
  0
LINE
  5
15C8
330
70
100
AcDbEntity
  8
Visible
100
AcDbLine
 10
338.271717
 20
406.624709
 30
0.0
 11
338.238717
 21
406.626709
 31
0.0
  0
LINE
  5
15C9
330
70
100
AcDbEntity
  8
Visible
100
AcDbLine
 10
338.306717
 20
406.622709
 30
0.0
 11
338.271717
 21
406.624709
 31
0.0
  0
LINE
  5
15CA
330
70
100
AcDbEntity
  8
Visible
100
AcDbLine
 10
338.340717
 20
406.618709
 30
0.0
 11
338.306717
 21
406.622709
 31
0.0
  0
LINE
  5
15CB
330
70
100
AcDbEntity
  8
Visible
100
AcDbLine
 10
338.376717
 20
406.614709
 30
0.0
 11
338.340717
 21
406.618709
 31
0.0
  0
LINE
  5
15CC
330
70
100
AcDbEntity
  8
Visible
100
AcDbLine
 10
338.413717
 20
406.609709
 30
0.0
 11
338.376717
 21
406.614709
 31
0.0
  0
LINE
  5
15CD
330
70
100
AcDbEntity
  8
Visible
100
AcDbLine
 10
338.450717
 20
406.603709
 30
0.0
 11
338.413717
 21
406.609709
 31
0.0
  0
LINE
  5
15CE
330
70
100
AcDbEntity
  8
Visible
100
AcDbLine
 10
338.528717
 20
406.589709
 30
0.0
 11
338.450717
 21
406.603709
 31
0.0
  0
LINE
  5
15CF
330
70
100
AcDbEntity
  8
Visible
100
AcDbLine
 10
338.606717
 20
406.573709
 30
0.0
 11
338.528717
 21
406.589709
 31
0.0
  0
LINE
  5
15D0
330
70
100
AcDbEntity
  8
Visible
100
AcDbLine
 10
338.682717
 20
406.555709
 30
0.0
 11
338.606717
 21
406.573709
 31
0.0
  0
LINE
  5
15D1
330
70
100
AcDbEntity
  8
Visible
100
AcDbLine
 10
338.719717
 20
406.546709
 30
0.0
 11
338.682717
 21
406.555709
 31
0.0
  0
LINE
  5
15D2
330
70
100
AcDbEntity
  8
Visible
100
AcDbLine
 10
338.755717
 20
406.537709
 30
0.0
 11
338.719717
 21
406.546709
 31
0.0
  0
LINE
  5
15D3
330
70
100
AcDbEntity
  8
Visible
100
AcDbLine
 10
338.791717
 20
406.527709
 30
0.0
 11
338.755717
 21
406.537709
 31
0.0
  0
LINE
  5
15D4
330
70
100
AcDbEntity
  8
Visible
100
AcDbLine
 10
338.826717
 20
406.517709
 30
0.0
 11
338.791717
 21
406.527709
 31
0.0
  0
LINE
  5
15D5
330
70
100
AcDbEntity
  8
Visible
100
AcDbLine
 10
338.860717
 20
406.507709
 30
0.0
 11
338.826717
 21
406.517709
 31
0.0
  0
LINE
  5
15D6
330
70
100
AcDbEntity
  8
Visible
100
AcDbLine
 10
338.894717
 20
406.496709
 30
0.0
 11
338.860717
 21
406.507709
 31
0.0
  0
LINE
  5
15D7
330
70
100
AcDbEntity
  8
Visible
100
AcDbLine
 10
338.954717
 20
407.420709
 30
0.0
 11
338.894717
 21
406.496709
 31
0.0
  0
LINE
  5
15D8
330
70
100
AcDbEntity
  8
Visible
100
AcDbLine
 10
338.922717
 20
407.431709
 30
0.0
 11
338.954717
 21
407.420709
 31
0.0
  0
LINE
  5
15D9
330
70
100
AcDbEntity
  8
Visible
100
AcDbLine
 10
338.889717
 20
407.441709
 30
0.0
 11
338.922717
 21
407.431709
 31
0.0
  0
LINE
  5
15DA
330
70
100
AcDbEntity
  8
Visible
100
AcDbLine
 10
338.825717
 20
407.459709
 30
0.0
 11
338.889717
 21
407.441709
 31
0.0
  0
LINE
  5
15DB
330
70
100
AcDbEntity
  8
Visible
100
AcDbLine
 10
338.761717
 20
407.475709
 30
0.0
 11
338.825717
 21
407.459709
 31
0.0
  0
LINE
  5
15DC
330
70
100
AcDbEntity
  8
Visible
100
AcDbLine
 10
338.697717
 20
407.489709
 30
0.0
 11
338.761717
 21
407.475709
 31
0.0
  0
LINE
  5
15DD
330
70
100
AcDbEntity
  8
Visible
100
AcDbLine
 10
338.633717
 20
407.501709
 30
0.0
 11
338.697717
 21
407.489709
 31
0.0
  0
LINE
  5
15DE
330
70
100
AcDbEntity
  8
Visible
100
AcDbLine
 10
338.601717
 20
407.506709
 30
0.0
 11
338.633717
 21
407.501709
 31
0.0
  0
LINE
  5
15DF
330
70
100
AcDbEntity
  8
Visible
100
AcDbLine
 10
338.568717
 20
407.511709
 30
0.0
 11
338.601717
 21
407.506709
 31
0.0
  0
LINE
  5
15E0
330
70
100
AcDbEntity
  8
Visible
100
AcDbLine
 10
338.535717
 20
407.515709
 30
0.0
 11
338.568717
 21
407.511709
 31
0.0
  0
LINE
  5
15E1
330
70
100
AcDbEntity
  8
Visible
100
AcDbLine
 10
338.501717
 20
407.518709
 30
0.0
 11
338.535717
 21
407.515709
 31
0.0
  0
LINE
  5
15E2
330
70
100
AcDbEntity
  8
Visible
100
AcDbLine
 10
338.466717
 20
407.521709
 30
0.0
 11
338.501717
 21
407.518709
 31
0.0
  0
LINE
  5
15E3
330
70
100
AcDbEntity
  8
Visible
100
AcDbLine
 10
338.430717
 20
407.524709
 30
0.0
 11
338.466717
 21
407.521709
 31
0.0
  0
LINE
  5
15E4
330
70
100
AcDbEntity
  8
Visible
100
AcDbLine
 10
338.394717
 20
407.526709
 30
0.0
 11
338.430717
 21
407.524709
 31
0.0
  0
LINE
  5
15E5
330
70
100
AcDbEntity
  8
Visible
100
AcDbLine
 10
338.320717
 20
407.528709
 30
0.0
 11
338.394717
 21
407.526709
 31
0.0
  0
LINE
  5
15E6
330
70
100
AcDbEntity
  8
Visible
100
AcDbLine
 10
338.282717
 20
407.528709
 30
0.0
 11
338.320717
 21
407.528709
 31
0.0
  0
LINE
  5
15E7
330
70
100
AcDbEntity
  8
Visible
100
AcDbLine
 10
338.167717
 20
407.524709
 30
0.0
 11
338.282717
 21
407.528709
 31
0.0
  0
LINE
  5
15E8
330
70
100
AcDbEntity
  8
Visible
100
AcDbLine
 10
338.056717
 20
407.514709
 30
0.0
 11
338.167717
 21
407.524709
 31
0.0
  0
LINE
  5
15E9
330
70
100
AcDbEntity
  8
Visible
100
AcDbLine
 10
337.949717
 20
407.496709
 30
0.0
 11
338.056717
 21
407.514709
 31
0.0
  0
LINE
  5
15EA
330
70
100
AcDbEntity
  8
Visible
100
AcDbLine
 10
337.845717
 20
407.471709
 30
0.0
 11
337.949717
 21
407.496709
 31
0.0
  0
LINE
  5
15EB
330
70
100
AcDbEntity
  8
Visible
100
AcDbLine
 10
337.744717
 20
407.439709
 30
0.0
 11
337.845717
 21
407.471709
 31
0.0
  0
LINE
  5
15EC
330
70
100
AcDbEntity
  8
Visible
100
AcDbLine
 10
337.647717
 20
407.399709
 30
0.0
 11
337.744717
 21
407.439709
 31
0.0
  0
LINE
  5
15ED
330
70
100
AcDbEntity
  8
Visible
100
AcDbLine
 10
337.554717
 20
407.353709
 30
0.0
 11
337.647717
 21
407.399709
 31
0.0
  0
LINE
  5
15EE
330
70
100
AcDbEntity
  8
Visible
100
AcDbLine
 10
337.464717
 20
407.300709
 30
0.0
 11
337.554717
 21
407.353709
 31
0.0
  0
LINE
  5
15EF
330
70
100
AcDbEntity
  8
Visible
100
AcDbLine
 10
337.378717
 20
407.239709
 30
0.0
 11
337.464717
 21
407.300709
 31
0.0
  0
LINE
  5
15F0
330
70
100
AcDbEntity
  8
Visible
100
AcDbLine
 10
337.295717
 20
407.171709
 30
0.0
 11
337.378717
 21
407.239709
 31
0.0
  0
LINE
  5
15F1
330
70
100
AcDbEntity
  8
Visible
100
AcDbLine
 10
337.216717
 20
407.096709
 30
0.0
 11
337.295717
 21
407.171709
 31
0.0
  0
LINE
  5
15F2
330
70
100
AcDbEntity
  8
Visible
100
AcDbLine
 10
337.141717
 20
407.014709
 30
0.0
 11
337.216717
 21
407.096709
 31
0.0
  0
LINE
  5
15F3
330
70
100
AcDbEntity
  8
Visible
100
AcDbLine
 10
337.070717
 20
406.924709
 30
0.0
 11
337.141717
 21
407.014709
 31
0.0
  0
LINE
  5
15F4
330
70
100
AcDbEntity
  8
Visible
100
AcDbLine
 10
337.002717
 20
406.827709
 30
0.0
 11
337.070717
 21
406.924709
 31
0.0
  0
LINE
  5
15F5
330
70
100
AcDbEntity
  8
Visible
100
AcDbLine
 10
336.939717
 20
406.723709
 30
0.0
 11
337.002717
 21
406.827709
 31
0.0
  0
LINE
  5
15F6
330
70
100
AcDbEntity
  8
Visible
100
AcDbLine
 10
336.879717
 20
406.611709
 30
0.0
 11
336.939717
 21
406.723709
 31
0.0
  0
LINE
  5
15F7
330
70
100
AcDbEntity
  8
Visible
100
AcDbLine
 10
336.824717
 20
406.492709
 30
0.0
 11
336.879717
 21
406.611709
 31
0.0
  0
LINE
  5
15F8
330
70
100
AcDbEntity
  8
Visible
100
AcDbLine
 10
336.772717
 20
406.366709
 30
0.0
 11
336.824717
 21
406.492709
 31
0.0
  0
LINE
  5
15F9
330
70
100
AcDbEntity
  8
Visible
100
AcDbLine
 10
336.758717
 20
406.327626
 30
0.0
 11
336.772717
 21
406.366709
 31
0.0
  0
LINE
  5
15FA
330
70
100
AcDbEntity
  8
Visible
100
AcDbLine
 10
336.758717
 20
407.432709
 30
0.0
 11
336.758717
 21
406.327626
 31
0.0
  0
LINE
  5
15FB
330
70
100
AcDbEntity
  8
Visible
100
AcDbLine
 10
335.822717
 20
407.432709
 30
0.0
 11
336.758717
 21
407.432709
 31
0.0
  0
LINE
  5
15FC
330
70
100
AcDbEntity
  8
Visible
100
AcDbLine
 10
335.822717
 20
401.684709
 30
0.0
 11
335.822717
 21
407.432709
 31
0.0
  0
LINE
  5
15FD
330
70
100
AcDbEntity
  8
Visible
100
AcDbLine
 10
336.758717
 20
401.684709
 30
0.0
 11
335.822717
 21
401.684709
 31
0.0
  0
LINE
  5
15FE
330
70
100
AcDbEntity
  8
Visible
100
AcDbLine
 10
333.866717
 20
405.104709
 30
0.0
 11
330.470717
 21
405.104709
 31
0.0
  0
LINE
  5
15FF
330
70
100
AcDbEntity
  8
Visible
100
AcDbLine
 10
333.866717
 20
405.908709
 30
0.0
 11
333.866717
 21
405.104709
 31
0.0
  0
LINE
  5
1600
330
70
100
AcDbEntity
  8
Visible
100
AcDbLine
 10
330.470717
 20
405.908709
 30
0.0
 11
333.866717
 21
405.908709
 31
0.0
  0
LINE
  5
1601
330
70
100
AcDbEntity
  8
Visible
100
AcDbLine
 10
330.470717
 20
408.416709
 30
0.0
 11
330.470717
 21
405.908709
 31
0.0
  0
LINE
  5
1602
330
70
100
AcDbEntity
  8
Visible
100
AcDbLine
 10
334.118717
 20
408.416709
 30
0.0
 11
330.470717
 21
408.416709
 31
0.0
  0
LINE
  5
1603
330
70
100
AcDbEntity
  8
Visible
100
AcDbLine
 10
334.118717
 20
409.220709
 30
0.0
 11
334.118717
 21
408.416709
 31
0.0
  0
LINE
  5
1604
330
70
100
AcDbEntity
  8
Visible
100
AcDbLine
 10
329.534717
 20
409.220709
 30
0.0
 11
334.118717
 21
409.220709
 31
0.0
  0
LINE
  5
1605
330
70
100
AcDbEntity
  8
Visible
100
AcDbLine
 10
329.534717
 20
401.684709
 30
0.0
 11
329.534717
 21
409.220709
 31
0.0
  0
LINE
  5
1606
330
70
100
AcDbEntity
  8
Visible
100
AcDbLine
 10
330.470717
 20
401.684709
 30
0.0
 11
329.534717
 21
401.684709
 31
0.0
  0
LINE
  5
1607
330
70
100
AcDbEntity
  8
Visible
100
AcDbLine
 10
330.470717
 20
405.104709
 30
0.0
 11
330.470717
 21
401.684709
 31
0.0
  0
LINE
  5
1608
330
70
100
AcDbEntity
  8
Visible
100
AcDbLine
 10
542.791717
 20
680.952709
 30
0.0
 11
536.791717
 21
680.952709
 31
0.0
  0
LINE
  5
1609
330
70
100
AcDbEntity
  8
Visible
100
AcDbLine
 10
542.791717
 20
651.952709
 30
0.0
 11
542.791717
 21
680.952709
 31
0.0
  0
LINE
  5
160A
330
70
100
AcDbEntity
  8
Visible
100
AcDbLine
 10
536.791717
 20
651.952709
 30
0.0
 11
542.791717
 21
651.952709
 31
0.0
  0
LINE
  5
160B
330
70
100
AcDbEntity
  8
Visible
100
AcDbLine
 10
536.791717
 20
622.952709
 30
0.0
 11
536.791717
 21
651.952709
 31
0.0
  0
LINE
  5
160C
330
70
100
AcDbEntity
  8
Visible
100
AcDbLine
 10
542.791717
 20
622.952709
 30
0.0
 11
536.791717
 21
622.952709
 31
0.0
  0
LINE
  5
160D
330
70
100
AcDbEntity
  8
Visible
100
AcDbLine
 10
542.791717
 20
593.952709
 30
0.0
 11
542.791717
 21
622.952709
 31
0.0
  0
LINE
  5
160E
330
70
100
AcDbEntity
  8
Visible
100
AcDbLine
 10
536.791717
 20
593.952709
 30
0.0
 11
542.791717
 21
593.952709
 31
0.0
  0
LINE
  5
160F
330
70
100
AcDbEntity
  8
Visible
100
AcDbLine
 10
536.791717
 20
564.952709
 30
0.0
 11
536.791717
 21
593.952709
 31
0.0
  0
LINE
  5
1610
330
70
100
AcDbEntity
  8
Visible
100
AcDbLine
 10
542.791717
 20
564.952709
 30
0.0
 11
536.791717
 21
564.952709
 31
0.0
  0
LINE
  5
1611
330
70
100
AcDbEntity
  8
Visible
100
AcDbLine
 10
542.791717
 20
535.952709
 30
0.0
 11
542.791717
 21
564.952709
 31
0.0
  0
LINE
  5
1612
330
70
100
AcDbEntity
  8
Visible
100
AcDbLine
 10
536.791717
 20
535.952709
 30
0.0
 11
542.791717
 21
535.952709
 31
0.0
  0
LINE
  5
1613
330
70
100
AcDbEntity
  8
Visible
100
AcDbLine
 10
536.791717
 20
506.952709
 30
0.0
 11
536.791717
 21
535.952709
 31
0.0
  0
LINE
  5
1614
330
70
100
AcDbEntity
  8
Visible
100
AcDbLine
 10
542.791717
 20
506.952709
 30
0.0
 11
536.791717
 21
506.952709
 31
0.0
  0
LINE
  5
1615
330
70
100
AcDbEntity
  8
Visible
100
AcDbLine
 10
542.791717
 20
477.952709
 30
0.0
 11
542.791717
 21
506.952709
 31
0.0
  0
LINE
  5
1616
330
70
100
AcDbEntity
  8
Visible
100
AcDbLine
 10
536.791717
 20
477.952709
 30
0.0
 11
542.791717
 21
477.952709
 31
0.0
  0
LINE
  5
1617
330
70
100
AcDbEntity
  8
Visible
100
AcDbLine
 10
536.791717
 20
448.952709
 30
0.0
 11
536.791717
 21
477.952709
 31
0.0
  0
LINE
  5
1618
330
70
100
AcDbEntity
  8
Visible
100
AcDbLine
 10
542.791717
 20
448.952709
 30
0.0
 11
536.791717
 21
448.952709
 31
0.0
  0
LINE
  5
1619
330
70
100
AcDbEntity
  8
Visible
100
AcDbLine
 10
542.791717
 20
419.952709
 30
0.0
 11
542.791717
 21
448.952709
 31
0.0
  0
LINE
  5
161A
330
70
100
AcDbEntity
  8
Visible
100
AcDbLine
 10
536.791717
 20
419.952709
 30
0.0
 11
542.791717
 21
419.952709
 31
0.0
  0
LINE
  5
161B
330
70
100
AcDbEntity
  8
Visible
100
AcDbLine
 10
536.791717
 20
390.952709
 30
0.0
 11
536.791717
 21
419.952709
 31
0.0
  0
LINE
  5
161C
330
70
100
AcDbEntity
  8
Visible
100
AcDbLine
 10
542.791717
 20
390.952709
 30
0.0
 11
536.791717
 21
390.952709
 31
0.0
  0
LINE
  5
161D
330
70
100
AcDbEntity
  8
Visible
100
AcDbLine
 10
542.791717
 20
361.952709
 30
0.0
 11
542.791717
 21
390.952709
 31
0.0
  0
LINE
  5
161E
330
70
100
AcDbEntity
  8
Visible
100
AcDbLine
 10
536.791717
 20
361.952709
 30
0.0
 11
542.791717
 21
361.952709
 31
0.0
  0
LINE
  5
161F
330
70
100
AcDbEntity
  8
Visible
100
AcDbLine
 10
536.791717
 20
332.952709
 30
0.0
 11
536.791717
 21
361.952709
 31
0.0
  0
LINE
  5
1620
330
70
100
AcDbEntity
  8
Visible
100
AcDbLine
 10
542.791717
 20
332.952709
 30
0.0
 11
536.791717
 21
332.952709
 31
0.0
  0
LINE
  5
1621
330
70
100
AcDbEntity
  8
Visible
100
AcDbLine
 10
542.791717
 20
303.952709
 30
0.0
 11
542.791717
 21
332.952709
 31
0.0
  0
LINE
  5
1622
330
70
100
AcDbEntity
  8
Visible
100
AcDbLine
 10
536.791717
 20
303.952709
 30
0.0
 11
542.791717
 21
303.952709
 31
0.0
  0
LINE
  5
1623
330
70
100
AcDbEntity
  8
Visible
100
AcDbLine
 10
536.791717
 20
274.952709
 30
0.0
 11
536.791717
 21
303.952709
 31
0.0
  0
LINE
  5
1624
330
70
100
AcDbEntity
  8
Visible
100
AcDbLine
 10
542.791717
 20
274.952709
 30
0.0
 11
536.791717
 21
274.952709
 31
0.0
  0
LINE
  5
1625
330
70
100
AcDbEntity
  8
Visible
100
AcDbLine
 10
542.791717
 20
245.952709
 30
0.0
 11
542.791717
 21
274.952709
 31
0.0
  0
LINE
  5
1626
330
70
100
AcDbEntity
  8
Visible
100
AcDbLine
 10
536.791717
 20
245.952709
 30
0.0
 11
542.791717
 21
245.952709
 31
0.0
  0
LINE
  5
1627
330
70
100
AcDbEntity
  8
Visible
100
AcDbLine
 10
536.791717
 20
216.952709
 30
0.0
 11
536.791717
 21
245.952709
 31
0.0
  0
LINE
  5
1628
330
70
100
AcDbEntity
  8
Visible
100
AcDbLine
 10
542.791717
 20
216.952709
 30
0.0
 11
536.791717
 21
216.952709
 31
0.0
  0
LINE
  5
1629
330
70
100
AcDbEntity
  8
Visible
100
AcDbLine
 10
542.791717
 20
187.952709
 30
0.0
 11
542.791717
 21
216.952709
 31
0.0
  0
LINE
  5
162A
330
70
100
AcDbEntity
  8
Visible
100
AcDbLine
 10
536.791717
 20
187.952709
 30
0.0
 11
542.791717
 21
187.952709
 31
0.0
  0
LINE
  5
162B
330
70
100
AcDbEntity
  8
Visible
100
AcDbLine
 10
536.791717
 20
158.952709
 30
0.0
 11
536.791717
 21
187.952709
 31
0.0
  0
LINE
  5
162C
330
70
100
AcDbEntity
  8
Visible
100
AcDbLine
 10
542.791717
 20
158.952709
 30
0.0
 11
536.791717
 21
158.952709
 31
0.0
  0
LINE
  5
162D
330
70
100
AcDbEntity
  8
Visible
100
AcDbLine
 10
542.791717
 20
129.952709
 30
0.0
 11
542.791717
 21
158.952709
 31
0.0
  0
LINE
  5
162E
330
70
100
AcDbEntity
  8
Visible
100
AcDbLine
 10
536.791717
 20
129.952709
 30
0.0
 11
542.791717
 21
129.952709
 31
0.0
  0
LINE
  5
162F
330
70
100
AcDbEntity
  8
Visible
100
AcDbLine
 10
536.791717
 20
105.452709
 30
0.0
 11
536.791717
 21
129.952709
 31
0.0
  0
LINE
  5
1630
330
70
100
AcDbEntity
  8
Visible
100
AcDbLine
 10
502.291717
 20
105.452709
 30
0.0
 11
536.791717
 21
105.452709
 31
0.0
  0
LINE
  5
1631
330
70
100
AcDbEntity
  8
Visible
100
AcDbLine
 10
502.291717
 20
111.452709
 30
0.0
 11
502.291717
 21
105.452709
 31
0.0
  0
LINE
  5
1632
330
70
100
AcDbEntity
  8
Visible
100
AcDbLine
 10
473.291717
 20
111.452709
 30
0.0
 11
502.291717
 21
111.452709
 31
0.0
  0
LINE
  5
1633
330
70
100
AcDbEntity
  8
Visible
100
AcDbLine
 10
473.291717
 20
105.452709
 30
0.0
 11
473.291717
 21
111.452709
 31
0.0
  0
LINE
  5
1634
330
70
100
AcDbEntity
  8
Visible
100
AcDbLine
 10
444.291717
 20
105.452709
 30
0.0
 11
473.291717
 21
105.452709
 31
0.0
  0
LINE
  5
1635
330
70
100
AcDbEntity
  8
Visible
100
AcDbLine
 10
444.291717
 20
111.452709
 30
0.0
 11
444.291717
 21
105.452709
 31
0.0
  0
LINE
  5
1636
330
70
100
AcDbEntity
  8
Visible
100
AcDbLine
 10
415.291717
 20
111.452709
 30
0.0
 11
444.291717
 21
111.452709
 31
0.0
  0
LINE
  5
1637
330
70
100
AcDbEntity
  8
Visible
100
AcDbLine
 10
415.291717
 20
105.452709
 30
0.0
 11
415.291717
 21
111.452709
 31
0.0
  0
LINE
  5
1638
330
70
100
AcDbEntity
  8
Visible
100
AcDbLine
 10
386.291717
 20
105.452709
 30
0.0
 11
415.291717
 21
105.452709
 31
0.0
  0
LINE
  5
1639
330
70
100
AcDbEntity
  8
Visible
100
AcDbLine
 10
386.291717
 20
111.452709
 30
0.0
 11
386.291717
 21
105.452709
 31
0.0
  0
LINE
  5
163A
330
70
100
AcDbEntity
  8
Visible
100
AcDbLine
 10
357.291717
 20
111.452709
 30
0.0
 11
386.291717
 21
111.452709
 31
0.0
  0
LINE
  5
163B
330
70
100
AcDbEntity
  8
Visible
100
AcDbLine
 10
357.291717
 20
105.452709
 30
0.0
 11
357.291717
 21
111.452709
 31
0.0
  0
LINE
  5
163C
330
70
100
AcDbEntity
  8
Visible
100
AcDbLine
 10
328.291717
 20
105.452709
 30
0.0
 11
357.291717
 21
105.452709
 31
0.0
  0
LINE
  5
163D
330
70
100
AcDbEntity
  8
Visible
100
AcDbLine
 10
328.291717
 20
111.452709
 30
0.0
 11
328.291717
 21
105.452709
 31
0.0
  0
LINE
  5
163E
330
70
100
AcDbEntity
  8
Visible
100
AcDbLine
 10
299.291717
 20
111.452709
 30
0.0
 11
328.291717
 21
111.452709
 31
0.0
  0
LINE
  5
163F
330
70
100
AcDbEntity
  8
Visible
100
AcDbLine
 10
299.291717
 20
105.452709
 30
0.0
 11
299.291717
 21
111.452709
 31
0.0
  0
LINE
  5
1640
330
70
100
AcDbEntity
  8
Visible
100
AcDbLine
 10
270.291717
 20
105.452709
 30
0.0
 11
299.291717
 21
105.452709
 31
0.0
  0
LINE
  5
1641
330
70
100
AcDbEntity
  8
Visible
100
AcDbLine
 10
270.291717
 20
111.452709
 30
0.0
 11
270.291717
 21
105.452709
 31
0.0
  0
LINE
  5
1642
330
70
100
AcDbEntity
  8
Visible
100
AcDbLine
 10
241.291717
 20
111.452709
 30
0.0
 11
270.291717
 21
111.452709
 31
0.0
  0
LINE
  5
1643
330
70
100
AcDbEntity
  8
Visible
100
AcDbLine
 10
241.291717
 20
105.452709
 30
0.0
 11
241.291717
 21
111.452709
 31
0.0
  0
LINE
  5
1644
330
70
100
AcDbEntity
  8
Visible
100
AcDbLine
 10
212.291717
 20
105.452709
 30
0.0
 11
241.291717
 21
105.452709
 31
0.0
  0
LINE
  5
1645
330
70
100
AcDbEntity
  8
Visible
100
AcDbLine
 10
212.291717
 20
111.452709
 30
0.0
 11
212.291717
 21
105.452709
 31
0.0
  0
LINE
  5
1646
330
70
100
AcDbEntity
  8
Visible
100
AcDbLine
 10
183.291717
 20
111.452709
 30
0.0
 11
212.291717
 21
111.452709
 31
0.0
  0
LINE
  5
1647
330
70
100
AcDbEntity
  8
Visible
100
AcDbLine
 10
183.291717
 20
105.452709
 30
0.0
 11
183.291717
 21
111.452709
 31
0.0
  0
LINE
  5
1648
330
70
100
AcDbEntity
  8
Visible
100
AcDbLine
 10
148.791717
 20
105.452709
 30
0.0
 11
183.291717
 21
105.452709
 31
0.0
  0
LINE
  5
1649
330
70
100
AcDbEntity
  8
Visible
100
AcDbLine
 10
148.791717
 20
129.952709
 30
0.0
 11
148.791717
 21
105.452709
 31
0.0
  0
LINE
  5
164A
330
70
100
AcDbEntity
  8
Visible
100
AcDbLine
 10
142.791717
 20
129.952709
 30
0.0
 11
148.791717
 21
129.952709
 31
0.0
  0
LINE
  5
164B
330
70
100
AcDbEntity
  8
Visible
100
AcDbLine
 10
142.791717
 20
158.952709
 30
0.0
 11
142.791717
 21
129.952709
 31
0.0
  0
LINE
  5
164C
330
70
100
AcDbEntity
  8
Visible
100
AcDbLine
 10
148.791717
 20
158.952709
 30
0.0
 11
142.791717
 21
158.952709
 31
0.0
  0
LINE
  5
164D
330
70
100
AcDbEntity
  8
Visible
100
AcDbLine
 10
148.791717
 20
187.952709
 30
0.0
 11
148.791717
 21
158.952709
 31
0.0
  0
LINE
  5
164E
330
70
100
AcDbEntity
  8
Visible
100
AcDbLine
 10
142.791717
 20
187.952709
 30
0.0
 11
148.791717
 21
187.952709
 31
0.0
  0
LINE
  5
164F
330
70
100
AcDbEntity
  8
Visible
100
AcDbLine
 10
142.791717
 20
216.952709
 30
0.0
 11
142.791717
 21
187.952709
 31
0.0
  0
LINE
  5
1650
330
70
100
AcDbEntity
  8
Visible
100
AcDbLine
 10
148.791717
 20
216.952709
 30
0.0
 11
142.791717
 21
216.952709
 31
0.0
  0
LINE
  5
1651
330
70
100
AcDbEntity
  8
Visible
100
AcDbLine
 10
148.791717
 20
245.952709
 30
0.0
 11
148.791717
 21
216.952709
 31
0.0
  0
LINE
  5
1652
330
70
100
AcDbEntity
  8
Visible
100
AcDbLine
 10
142.791717
 20
245.952709
 30
0.0
 11
148.791717
 21
245.952709
 31
0.0
  0
LINE
  5
1653
330
70
100
AcDbEntity
  8
Visible
100
AcDbLine
 10
142.791717
 20
274.952709
 30
0.0
 11
142.791717
 21
245.952709
 31
0.0
  0
LINE
  5
1654
330
70
100
AcDbEntity
  8
Visible
100
AcDbLine
 10
148.791717
 20
274.952709
 30
0.0
 11
142.791717
 21
274.952709
 31
0.0
  0
LINE
  5
1655
330
70
100
AcDbEntity
  8
Visible
100
AcDbLine
 10
148.791717
 20
303.952709
 30
0.0
 11
148.791717
 21
274.952709
 31
0.0
  0
LINE
  5
1656
330
70
100
AcDbEntity
  8
Visible
100
AcDbLine
 10
142.791717
 20
303.952709
 30
0.0
 11
148.791717
 21
303.952709
 31
0.0
  0
LINE
  5
1657
330
70
100
AcDbEntity
  8
Visible
100
AcDbLine
 10
142.791717
 20
332.952709
 30
0.0
 11
142.791717
 21
303.952709
 31
0.0
  0
LINE
  5
1658
330
70
100
AcDbEntity
  8
Visible
100
AcDbLine
 10
148.791717
 20
332.952709
 30
0.0
 11
142.791717
 21
332.952709
 31
0.0
  0
LINE
  5
1659
330
70
100
AcDbEntity
  8
Visible
100
AcDbLine
 10
148.791717
 20
361.952709
 30
0.0
 11
148.791717
 21
332.952709
 31
0.0
  0
LINE
  5
165A
330
70
100
AcDbEntity
  8
Visible
100
AcDbLine
 10
142.791717
 20
361.952709
 30
0.0
 11
148.791717
 21
361.952709
 31
0.0
  0
LINE
  5
165B
330
70
100
AcDbEntity
  8
Visible
100
AcDbLine
 10
142.791717
 20
390.952709
 30
0.0
 11
142.791717
 21
361.952709
 31
0.0
  0
LINE
  5
165C
330
70
100
AcDbEntity
  8
Visible
100
AcDbLine
 10
148.791717
 20
390.952709
 30
0.0
 11
142.791717
 21
390.952709
 31
0.0
  0
LINE
  5
165D
330
70
100
AcDbEntity
  8
Visible
100
AcDbLine
 10
148.791717
 20
419.952709
 30
0.0
 11
148.791717
 21
390.952709
 31
0.0
  0
LINE
  5
165E
330
70
100
AcDbEntity
  8
Visible
100
AcDbLine
 10
142.791717
 20
419.952709
 30
0.0
 11
148.791717
 21
419.952709
 31
0.0
  0
LINE
  5
165F
330
70
100
AcDbEntity
  8
Visible
100
AcDbLine
 10
142.791717
 20
448.952709
 30
0.0
 11
142.791717
 21
419.952709
 31
0.0
  0
LINE
  5
1660
330
70
100
AcDbEntity
  8
Visible
100
AcDbLine
 10
148.791717
 20
448.952709
 30
0.0
 11
142.791717
 21
448.952709
 31
0.0
  0
LINE
  5
1661
330
70
100
AcDbEntity
  8
Visible
100
AcDbLine
 10
148.791717
 20
477.952709
 30
0.0
 11
148.791717
 21
448.952709
 31
0.0
  0
LINE
  5
1662
330
70
100
AcDbEntity
  8
Visible
100
AcDbLine
 10
142.791717
 20
477.952709
 30
0.0
 11
148.791717
 21
477.952709
 31
0.0
  0
LINE
  5
1663
330
70
100
AcDbEntity
  8
Visible
100
AcDbLine
 10
142.791717
 20
506.952709
 30
0.0
 11
142.791717
 21
477.952709
 31
0.0
  0
LINE
  5
1664
330
70
100
AcDbEntity
  8
Visible
100
AcDbLine
 10
148.791717
 20
506.952709
 30
0.0
 11
142.791717
 21
506.952709
 31
0.0
  0
LINE
  5
1665
330
70
100
AcDbEntity
  8
Visible
100
AcDbLine
 10
148.791717
 20
535.952709
 30
0.0
 11
148.791717
 21
506.952709
 31
0.0
  0
LINE
  5
1666
330
70
100
AcDbEntity
  8
Visible
100
AcDbLine
 10
142.791717
 20
535.952709
 30
0.0
 11
148.791717
 21
535.952709
 31
0.0
  0
LINE
  5
1667
330
70
100
AcDbEntity
  8
Visible
100
AcDbLine
 10
142.791717
 20
564.952709
 30
0.0
 11
142.791717
 21
535.952709
 31
0.0
  0
LINE
  5
1668
330
70
100
AcDbEntity
  8
Visible
100
AcDbLine
 10
148.791717
 20
564.952709
 30
0.0
 11
142.791717
 21
564.952709
 31
0.0
  0
LINE
  5
1669
330
70
100
AcDbEntity
  8
Visible
100
AcDbLine
 10
148.791717
 20
593.952709
 30
0.0
 11
148.791717
 21
564.952709
 31
0.0
  0
LINE
  5
166A
330
70
100
AcDbEntity
  8
Visible
100
AcDbLine
 10
142.791717
 20
593.952709
 30
0.0
 11
148.791717
 21
593.952709
 31
0.0
  0
LINE
  5
166B
330
70
100
AcDbEntity
  8
Visible
100
AcDbLine
 10
142.791717
 20
622.952709
 30
0.0
 11
142.791717
 21
593.952709
 31
0.0
  0
LINE
  5
166C
330
70
100
AcDbEntity
  8
Visible
100
AcDbLine
 10
148.791717
 20
622.952709
 30
0.0
 11
142.791717
 21
622.952709
 31
0.0
  0
LINE
  5
166D
330
70
100
AcDbEntity
  8
Visible
100
AcDbLine
 10
148.791717
 20
651.952709
 30
0.0
 11
148.791717
 21
622.952709
 31
0.0
  0
LINE
  5
166E
330
70
100
AcDbEntity
  8
Visible
100
AcDbLine
 10
142.791717
 20
651.952709
 30
0.0
 11
148.791717
 21
651.952709
 31
0.0
  0
LINE
  5
166F
330
70
100
AcDbEntity
  8
Visible
100
AcDbLine
 10
142.791717
 20
680.952709
 30
0.0
 11
142.791717
 21
651.952709
 31
0.0
  0
LINE
  5
1670
330
70
100
AcDbEntity
  8
Visible
100
AcDbLine
 10
148.791717
 20
680.952709
 30
0.0
 11
142.791717
 21
680.952709
 31
0.0
  0
LINE
  5
1671
330
70
100
AcDbEntity
  8
Visible
100
AcDbLine
 10
148.791717
 20
705.452709
 30
0.0
 11
148.791717
 21
680.952709
 31
0.0
  0
LINE
  5
1672
330
70
100
AcDbEntity
  8
Visible
100
AcDbLine
 10
183.291717
 20
705.452709
 30
0.0
 11
148.791717
 21
705.452709
 31
0.0
  0
LINE
  5
1673
330
70
100
AcDbEntity
  8
Visible
100
AcDbLine
 10
183.291717
 20
699.452709
 30
0.0
 11
183.291717
 21
705.452709
 31
0.0
  0
LINE
  5
1674
330
70
100
AcDbEntity
  8
Visible
100
AcDbLine
 10
212.291717
 20
699.452709
 30
0.0
 11
183.291717
 21
699.452709
 31
0.0
  0
LINE
  5
1675
330
70
100
AcDbEntity
  8
Visible
100
AcDbLine
 10
212.291717
 20
705.452709
 30
0.0
 11
212.291717
 21
699.452709
 31
0.0
  0
LINE
  5
1676
330
70
100
AcDbEntity
  8
Visible
100
AcDbLine
 10
241.291717
 20
705.452709
 30
0.0
 11
212.291717
 21
705.452709
 31
0.0
  0
LINE
  5
1677
330
70
100
AcDbEntity
  8
Visible
100
AcDbLine
 10
241.291717
 20
699.452709
 30
0.0
 11
241.291717
 21
705.452709
 31
0.0
  0
LINE
  5
1678
330
70
100
AcDbEntity
  8
Visible
100
AcDbLine
 10
270.291717
 20
699.452709
 30
0.0
 11
241.291717
 21
699.452709
 31
0.0
  0
LINE
  5
1679
330
70
100
AcDbEntity
  8
Visible
100
AcDbLine
 10
270.291717
 20
705.452709
 30
0.0
 11
270.291717
 21
699.452709
 31
0.0
  0
LINE
  5
167A
330
70
100
AcDbEntity
  8
Visible
100
AcDbLine
 10
299.291717
 20
705.452709
 30
0.0
 11
270.291717
 21
705.452709
 31
0.0
  0
LINE
  5
167B
330
70
100
AcDbEntity
  8
Visible
100
AcDbLine
 10
299.291717
 20
699.452709
 30
0.0
 11
299.291717
 21
705.452709
 31
0.0
  0
LINE
  5
167C
330
70
100
AcDbEntity
  8
Visible
100
AcDbLine
 10
328.291717
 20
699.452709
 30
0.0
 11
299.291717
 21
699.452709
 31
0.0
  0
LINE
  5
167D
330
70
100
AcDbEntity
  8
Visible
100
AcDbLine
 10
328.291717
 20
705.452709
 30
0.0
 11
328.291717
 21
699.452709
 31
0.0
  0
LINE
  5
167E
330
70
100
AcDbEntity
  8
Visible
100
AcDbLine
 10
357.291717
 20
705.452709
 30
0.0
 11
328.291717
 21
705.452709
 31
0.0
  0
LINE
  5
167F
330
70
100
AcDbEntity
  8
Visible
100
AcDbLine
 10
357.291717
 20
699.452709
 30
0.0
 11
357.291717
 21
705.452709
 31
0.0
  0
LINE
  5
1680
330
70
100
AcDbEntity
  8
Visible
100
AcDbLine
 10
386.291717
 20
699.452709
 30
0.0
 11
357.291717
 21
699.452709
 31
0.0
  0
LINE
  5
1681
330
70
100
AcDbEntity
  8
Visible
100
AcDbLine
 10
386.291717
 20
705.452709
 30
0.0
 11
386.291717
 21
699.452709
 31
0.0
  0
LINE
  5
1682
330
70
100
AcDbEntity
  8
Visible
100
AcDbLine
 10
415.291717
 20
705.452709
 30
0.0
 11
386.291717
 21
705.452709
 31
0.0
  0
LINE
  5
1683
330
70
100
AcDbEntity
  8
Visible
100
AcDbLine
 10
415.291717
 20
699.452709
 30
0.0
 11
415.291717
 21
705.452709
 31
0.0
  0
LINE
  5
1684
330
70
100
AcDbEntity
  8
Visible
100
AcDbLine
 10
444.291717
 20
699.452709
 30
0.0
 11
415.291717
 21
699.452709
 31
0.0
  0
LINE
  5
1685
330
70
100
AcDbEntity
  8
Visible
100
AcDbLine
 10
444.291717
 20
705.452709
 30
0.0
 11
444.291717
 21
699.452709
 31
0.0
  0
LINE
  5
1686
330
70
100
AcDbEntity
  8
Visible
100
AcDbLine
 10
473.291717
 20
705.452709
 30
0.0
 11
444.291717
 21
705.452709
 31
0.0
  0
LINE
  5
1687
330
70
100
AcDbEntity
  8
Visible
100
AcDbLine
 10
473.291717
 20
699.452709
 30
0.0
 11
473.291717
 21
705.452709
 31
0.0
  0
LINE
  5
1688
330
70
100
AcDbEntity
  8
Visible
100
AcDbLine
 10
502.291717
 20
699.452709
 30
0.0
 11
473.291717
 21
699.452709
 31
0.0
  0
LINE
  5
1689
330
70
100
AcDbEntity
  8
Visible
100
AcDbLine
 10
502.291717
 20
705.452709
 30
0.0
 11
502.291717
 21
699.452709
 31
0.0
  0
LINE
  5
168A
330
70
100
AcDbEntity
  8
Visible
100
AcDbLine
 10
536.791717
 20
705.452709
 30
0.0
 11
502.291717
 21
705.452709
 31
0.0
  0
LINE
  5
168B
330
70
100
AcDbEntity
  8
Visible
100
AcDbLine
 10
536.791717
 20
680.952709
 30
0.0
 11
536.791717
 21
705.452709
 31
0.0
  0
CIRCLE
  5
168C
330
70
100
AcDbEntity
  8
Visible
100
AcDbCircle
 10
-1182.291717
 20
1120.452709
 30
0.0
 40
2.499999999999857
210
0.0
220
0.0
230
-1.0
  0
CIRCLE
  5
168D
330
70
100
AcDbEntity
  8
Visible
100
AcDbCircle
 10
-1096.291717
 20
870.452709
 30
0.0
 40
2.5
210
0.0
220
0.0
230
-1.0
  0
CIRCLE
  5
168E
330
70
100
AcDbEntity
  8
Visible
100
AcDbCircle
 10
-1194.291717
 20
870.452709
 30
0.0
 40
2.5
210
0.0
220
0.0
230
-1.0
  0
CIRCLE
  5
168F
330
70
100
AcDbEntity
  8
Visible
100
AcDbCircle
 10
-1198.791717
 20
805.452709
 30
0.0
 40
2.000000000000028
210
0.0
220
0.0
230
-1.0
  0
CIRCLE
  5
1690
330
70
100
AcDbEntity
  8
Visible
100
AcDbCircle
 10
-1123.791717
 20
805.452709
 30
0.0
 40
2.000000000000028
210
0.0
220
0.0
230
-1.0
  0
CIRCLE
  5
1691
330
70
100
AcDbEntity
  8
Visible
100
AcDbCircle
 10
-1182.291717
 20
870.452709
 30
0.0
 40
2.499999999999857
210
0.0
220
0.0
230
-1.0
  0
CIRCLE
  5
1692
330
70
100
AcDbEntity
  8
Visible
100
AcDbCircle
 10
-1096.291717
 20
1120.452709
 30
0.0
 40
2.5
210
0.0
220
0.0
230
-1.0
  0
CIRCLE
  5
1693
330
70
100
AcDbEntity
  8
Visible
100
AcDbCircle
 10
-1194.291717
 20
1120.452709
 30
0.0
 40
2.5
210
0.0
220
0.0
230
-1.0
  0
CIRCLE
  5
1694
330
70
100
AcDbEntity
  8
Visible
100
AcDbCircle
 10
-1140.291717
 20
1120.452709
 30
0.0
 40
2.5
210
0.0
220
0.0
230
-1.0
  0
CIRCLE
  5
1695
330
70
100
AcDbEntity
  8
Visible
100
AcDbCircle
 10
-1128.291717
 20
870.452709
 30
0.0
 40
2.5
210
0.0
220
0.0
230
-1.0
  0
CIRCLE
  5
1696
330
70
100
AcDbEntity
  8
Visible
100
AcDbCircle
 10
-1226.291717
 20
870.452709
 30
0.0
 40
2.5
210
0.0
220
0.0
230
-1.0
  0
LINE
  5
1697
330
70
100
AcDbEntity
  8
Visible
100
AcDbLine
 10
1182.791717
 20
825.952709
 30
0.0
 11
1182.791717
 21
784.952709
 31
0.0
  0
LINE
  5
1698
330
70
100
AcDbEntity
  8
Visible
100
AcDbLine
 10
1139.791717
 20
825.952709
 30
0.0
 11
1182.791717
 21
825.952709
 31
0.0
  0
LINE
  5
1699
330
70
100
AcDbEntity
  8
Visible
100
AcDbLine
 10
1139.791717
 20
784.952709
 30
0.0
 11
1139.791717
 21
825.952709
 31
0.0
  0
LINE
  5
169A
330
70
100
AcDbEntity
  8
Visible
100
AcDbLine
 10
1182.791717
 20
784.952709
 30
0.0
 11
1139.791717
 21
784.952709
 31
0.0
  0
CIRCLE
  5
169B
330
70
100
AcDbEntity
  8
Visible
100
AcDbCircle
 10
-1312.791717
 20
765.452709
 30
0.0
 40
14.99999999999985
210
0.0
220
0.0
230
-1.0
  0
CIRCLE
  5
169C
330
70
100
AcDbEntity
  8
Visible
100
AcDbCircle
 10
-1140.291717
 20
870.452709
 30
0.0
 40
2.5
210
0.0
220
0.0
230
-1.0
  0
CIRCLE
  5
169D
330
70
100
AcDbEntity
  8
Visible
100
AcDbCircle
 10
-1128.291717
 20
1120.452709
 30
0.0
 40
2.5
210
0.0
220
0.0
230
-1.0
  0
CIRCLE
  5
169E
330
70
100
AcDbEntity
  8
Visible
100
AcDbCircle
 10
-1226.291717
 20
1120.452709
 30
0.0
 40
2.5
210
0.0
220
0.0
230
-1.0
  0
LINE
  5
169F
330
70
100
AcDbEntity
  8
Visible
100
AcDbLine
 10
1354.791717
 20
1317.452709
 30
0.0
 11
967.791717
 21
1317.452709
 31
0.0
  0
LINE
  5
16A0
330
70
100
AcDbEntity
  8
Visible
100
AcDbLine
 10
1354.791717
 20
730.452709
 30
0.0
 11
1354.791717
 21
1317.452709
 31
0.0
  0
LINE
  5
16A1
330
70
100
AcDbEntity
  8
Visible
100
AcDbLine
 10
967.791717
 20
730.452709
 30
0.0
 11
1354.791717
 21
730.452709
 31
0.0
  0
LINE
  5
16A2
330
70
100
AcDbEntity
  8
Visible
100
AcDbLine
 10
967.791717
 20
1317.452709
 30
0.0
 11
967.791717
 21
730.452709
 31
0.0
  0
CIRCLE
  5
16A3
330
70
100
AcDbEntity
  8
Visible
100
AcDbCircle
 10
-588.291708
 20
749.952687
 30
0.0
 40
2.999999999999971
210
0.0
220
0.0
230
-1.0
  0
CIRCLE
  5
16A4
330
70
100
AcDbEntity
  8
Visible
100
AcDbCircle
 10
-588.291708
 20
1066.952687
 30
0.0
 40
2.999999999999971
210
0.0
220
0.0
230
-1.0
  0
CIRCLE
  5
16A5
330
70
100
AcDbEntity
  8
Visible
100
AcDbCircle
 10
-903.291708
 20
749.952687
 30
0.0
 40
2.999999999999971
210
0.0
220
0.0
230
-1.0
  0
CIRCLE
  5
16A6
330
70
100
AcDbEntity
  8
Visible
100
AcDbCircle
 10
-903.291708
 20
1066.952687
 30
0.0
 40
2.999999999999971
210
0.0
220
0.0
230
-1.0
  0
LINE
  5
16A7
330
70
100
AcDbEntity
  8
Visible
100
AcDbLine
 10
760.984717
 20
909.279709
 30
0.0
 11
761.024697
 21
909.171584
 31
0.0
  0
LINE
  5
16A8
330
70
100
AcDbEntity
  8
Visible
100
AcDbLine
 10
760.935717
 20
909.394709
 30
0.0
 11
760.984717
 21
909.279709
 31
0.0
  0
LINE
  5
16A9
330
70
100
AcDbEntity
  8
Visible
100
AcDbLine
 10
760.881717
 20
909.504709
 30
0.0
 11
760.935717
 21
909.394709
 31
0.0
  0
LINE
  5
16AA
330
70
100
AcDbEntity
  8
Visible
100
AcDbLine
 10
760.823717
 20
909.609709
 30
0.0
 11
760.881717
 21
909.504709
 31
0.0
  0
LINE
  5
16AB
330
70
100
AcDbEntity
  8
Visible
100
AcDbLine
 10
760.760717
 20
909.709709
 30
0.0
 11
760.823717
 21
909.609709
 31
0.0
  0
LINE
  5
16AC
330
70
100
AcDbEntity
  8
Visible
100
AcDbLine
 10
760.693717
 20
909.803709
 30
0.0
 11
760.760717
 21
909.709709
 31
0.0
  0
LINE
  5
16AD
330
70
100
AcDbEntity
  8
Visible
100
AcDbLine
 10
760.621717
 20
909.893709
 30
0.0
 11
760.693717
 21
909.803709
 31
0.0
  0
LINE
  5
16AE
330
70
100
AcDbEntity
  8
Visible
100
AcDbLine
 10
760.544717
 20
909.977709
 30
0.0
 11
760.621717
 21
909.893709
 31
0.0
  0
LINE
  5
16AF
330
70
100
AcDbEntity
  8
Visible
100
AcDbLine
 10
760.464717
 20
910.056709
 30
0.0
 11
760.544717
 21
909.977709
 31
0.0
  0
LINE
  5
16B0
330
70
100
AcDbEntity
  8
Visible
100
AcDbLine
 10
760.378717
 20
910.129709
 30
0.0
 11
760.464717
 21
910.056709
 31
0.0
  0
LINE
  5
16B1
330
70
100
AcDbEntity
  8
Visible
100
AcDbLine
 10
760.288717
 20
910.198709
 30
0.0
 11
760.378717
 21
910.129709
 31
0.0
  0
LINE
  5
16B2
330
70
100
AcDbEntity
  8
Visible
100
AcDbLine
 10
760.194717
 20
910.261709
 30
0.0
 11
760.288717
 21
910.198709
 31
0.0
  0
LINE
  5
16B3
330
70
100
AcDbEntity
  8
Visible
100
AcDbLine
 10
760.095717
 20
910.319709
 30
0.0
 11
760.194717
 21
910.261709
 31
0.0
  0
LINE
  5
16B4
330
70
100
AcDbEntity
  8
Visible
100
AcDbLine
 10
759.993717
 20
910.370709
 30
0.0
 11
760.095717
 21
910.319709
 31
0.0
  0
LINE
  5
16B5
330
70
100
AcDbEntity
  8
Visible
100
AcDbLine
 10
759.887717
 20
910.416709
 30
0.0
 11
759.993717
 21
910.370709
 31
0.0
  0
LINE
  5
16B6
330
70
100
AcDbEntity
  8
Visible
100
AcDbLine
 10
759.776717
 20
910.455709
 30
0.0
 11
759.887717
 21
910.416709
 31
0.0
  0
LINE
  5
16B7
330
70
100
AcDbEntity
  8
Visible
100
AcDbLine
 10
759.662717
 20
910.488709
 30
0.0
 11
759.776717
 21
910.455709
 31
0.0
  0
LINE
  5
16B8
330
70
100
AcDbEntity
  8
Visible
100
AcDbLine
 10
759.544717
 20
910.516709
 30
0.0
 11
759.662717
 21
910.488709
 31
0.0
  0
LINE
  5
16B9
330
70
100
AcDbEntity
  8
Visible
100
AcDbLine
 10
759.422717
 20
910.537709
 30
0.0
 11
759.544717
 21
910.516709
 31
0.0
  0
LINE
  5
16BA
330
70
100
AcDbEntity
  8
Visible
100
AcDbLine
 10
759.296717
 20
910.552709
 30
0.0
 11
759.422717
 21
910.537709
 31
0.0
  0
LINE
  5
16BB
330
70
100
AcDbEntity
  8
Visible
100
AcDbLine
 10
759.167717
 20
910.561709
 30
0.0
 11
759.296717
 21
910.552709
 31
0.0
  0
LINE
  5
16BC
330
70
100
AcDbEntity
  8
Visible
100
AcDbLine
 10
759.033717
 20
910.564709
 30
0.0
 11
759.167717
 21
910.561709
 31
0.0
  0
LINE
  5
16BD
330
70
100
AcDbEntity
  8
Visible
100
AcDbLine
 10
758.898717
 20
910.561709
 30
0.0
 11
759.033717
 21
910.564709
 31
0.0
  0
LINE
  5
16BE
330
70
100
AcDbEntity
  8
Visible
100
AcDbLine
 10
758.767717
 20
910.551709
 30
0.0
 11
758.898717
 21
910.561709
 31
0.0
  0
LINE
  5
16BF
330
70
100
AcDbEntity
  8
Visible
100
AcDbLine
 10
758.640717
 20
910.534709
 30
0.0
 11
758.767717
 21
910.551709
 31
0.0
  0
LINE
  5
16C0
330
70
100
AcDbEntity
  8
Visible
100
AcDbLine
 10
758.517717
 20
910.510709
 30
0.0
 11
758.640717
 21
910.534709
 31
0.0
  0
LINE
  5
16C1
330
70
100
AcDbEntity
  8
Visible
100
AcDbLine
 10
758.398717
 20
910.480709
 30
0.0
 11
758.517717
 21
910.510709
 31
0.0
  0
LINE
  5
16C2
330
70
100
AcDbEntity
  8
Visible
100
AcDbLine
 10
758.282717
 20
910.443709
 30
0.0
 11
758.398717
 21
910.480709
 31
0.0
  0
LINE
  5
16C3
330
70
100
AcDbEntity
  8
Visible
100
AcDbLine
 10
758.171717
 20
910.399709
 30
0.0
 11
758.282717
 21
910.443709
 31
0.0
  0
LINE
  5
16C4
330
70
100
AcDbEntity
  8
Visible
100
AcDbLine
 10
758.063717
 20
910.349709
 30
0.0
 11
758.171717
 21
910.399709
 31
0.0
  0
LINE
  5
16C5
330
70
100
AcDbEntity
  8
Visible
100
AcDbLine
 10
757.960717
 20
910.292709
 30
0.0
 11
758.063717
 21
910.349709
 31
0.0
  0
LINE
  5
16C6
330
70
100
AcDbEntity
  8
Visible
100
AcDbLine
 10
757.860717
 20
910.228709
 30
0.0
 11
757.960717
 21
910.292709
 31
0.0
  0
LINE
  5
16C7
330
70
100
AcDbEntity
  8
Visible
100
AcDbLine
 10
757.764717
 20
910.158709
 30
0.0
 11
757.860717
 21
910.228709
 31
0.0
  0
LINE
  5
16C8
330
70
100
AcDbEntity
  8
Visible
100
AcDbLine
 10
757.673717
 20
910.082709
 30
0.0
 11
757.764717
 21
910.158709
 31
0.0
  0
LINE
  5
16C9
330
70
100
AcDbEntity
  8
Visible
100
AcDbLine
 10
757.586717
 20
910.000709
 30
0.0
 11
757.673717
 21
910.082709
 31
0.0
  0
LINE
  5
16CA
330
70
100
AcDbEntity
  8
Visible
100
AcDbLine
 10
757.504717
 20
909.913709
 30
0.0
 11
757.586717
 21
910.000709
 31
0.0
  0
LINE
  5
16CB
330
70
100
AcDbEntity
  8
Visible
100
AcDbLine
 10
757.426717
 20
909.820709
 30
0.0
 11
757.504717
 21
909.913709
 31
0.0
  0
LINE
  5
16CC
330
70
100
AcDbEntity
  8
Visible
100
AcDbLine
 10
757.352717
 20
909.721709
 30
0.0
 11
757.426717
 21
909.820709
 31
0.0
  0
LINE
  5
16CD
330
70
100
AcDbEntity
  8
Visible
100
AcDbLine
 10
757.283717
 20
909.616709
 30
0.0
 11
757.352717
 21
909.721709
 31
0.0
  0
LINE
  5
16CE
330
70
100
AcDbEntity
  8
Visible
100
AcDbLine
 10
757.218717
 20
909.506709
 30
0.0
 11
757.283717
 21
909.616709
 31
0.0
  0
LINE
  5
16CF
330
70
100
AcDbEntity
  8
Visible
100
AcDbLine
 10
757.157717
 20
909.390709
 30
0.0
 11
757.218717
 21
909.506709
 31
0.0
  0
LINE
  5
16D0
330
70
100
AcDbEntity
  8
Visible
100
AcDbLine
 10
757.101717
 20
909.268709
 30
0.0
 11
757.157717
 21
909.390709
 31
0.0
  0
LINE
  5
16D1
330
70
100
AcDbEntity
  8
Visible
100
AcDbLine
 10
756.993717
 20
910.420709
 30
0.0
 11
757.101717
 21
909.268709
 31
0.0
  0
LINE
  5
16D2
330
70
100
AcDbEntity
  8
Visible
100
AcDbLine
 10
756.189717
 20
910.420709
 30
0.0
 11
756.993717
 21
910.420709
 31
0.0
  0
LINE
  5
16D3
330
70
100
AcDbEntity
  8
Visible
100
AcDbLine
 10
756.189717
 20
904.684709
 30
0.0
 11
756.189717
 21
910.420709
 31
0.0
  0
LINE
  5
16D4
330
70
100
AcDbEntity
  8
Visible
100
AcDbLine
 10
757.125717
 20
904.684709
 30
0.0
 11
756.189717
 21
904.684709
 31
0.0
  0
LINE
  5
16D5
330
70
100
AcDbEntity
  8
Visible
100
AcDbLine
 10
757.125717
 20
907.396709
 30
0.0
 11
757.125717
 21
904.684709
 31
0.0
  0
LINE
  5
16D6
330
70
100
AcDbEntity
  8
Visible
100
AcDbLine
 10
757.127717
 20
907.539709
 30
0.0
 11
757.125717
 21
907.396709
 31
0.0
  0
LINE
  5
16D7
330
70
100
AcDbEntity
  8
Visible
100
AcDbLine
 10
757.133717
 20
907.678709
 30
0.0
 11
757.127717
 21
907.539709
 31
0.0
  0
LINE
  5
16D8
330
70
100
AcDbEntity
  8
Visible
100
AcDbLine
 10
757.143717
 20
907.814709
 30
0.0
 11
757.133717
 21
907.678709
 31
0.0
  0
LINE
  5
16D9
330
70
100
AcDbEntity
  8
Visible
100
AcDbLine
 10
757.158717
 20
907.945709
 30
0.0
 11
757.143717
 21
907.814709
 31
0.0
  0
LINE
  5
16DA
330
70
100
AcDbEntity
  8
Visible
100
AcDbLine
 10
757.176717
 20
908.072709
 30
0.0
 11
757.158717
 21
907.945709
 31
0.0
  0
LINE
  5
16DB
330
70
100
AcDbEntity
  8
Visible
100
AcDbLine
 10
757.198717
 20
908.195709
 30
0.0
 11
757.176717
 21
908.072709
 31
0.0
  0
LINE
  5
16DC
330
70
100
AcDbEntity
  8
Visible
100
AcDbLine
 10
757.225717
 20
908.314709
 30
0.0
 11
757.198717
 21
908.195709
 31
0.0
  0
LINE
  5
16DD
330
70
100
AcDbEntity
  8
Visible
100
AcDbLine
 10
757.256717
 20
908.429709
 30
0.0
 11
757.225717
 21
908.314709
 31
0.0
  0
LINE
  5
16DE
330
70
100
AcDbEntity
  8
Visible
100
AcDbLine
 10
757.290717
 20
908.540709
 30
0.0
 11
757.256717
 21
908.429709
 31
0.0
  0
LINE
  5
16DF
330
70
100
AcDbEntity
  8
Visible
100
AcDbLine
 10
757.329717
 20
908.647709
 30
0.0
 11
757.290717
 21
908.540709
 31
0.0
  0
LINE
  5
16E0
330
70
100
AcDbEntity
  8
Visible
100
AcDbLine
 10
757.372717
 20
908.750709
 30
0.0
 11
757.329717
 21
908.647709
 31
0.0
  0
LINE
  5
16E1
330
70
100
AcDbEntity
  8
Visible
100
AcDbLine
 10
757.418717
 20
908.847709
 30
0.0
 11
757.372717
 21
908.750709
 31
0.0
  0
LINE
  5
16E2
330
70
100
AcDbEntity
  8
Visible
100
AcDbLine
 10
757.467717
 20
908.940709
 30
0.0
 11
757.418717
 21
908.847709
 31
0.0
  0
LINE
  5
16E3
330
70
100
AcDbEntity
  8
Visible
100
AcDbLine
 10
757.520717
 20
909.028709
 30
0.0
 11
757.467717
 21
908.940709
 31
0.0
  0
LINE
  5
16E4
330
70
100
AcDbEntity
  8
Visible
100
AcDbLine
 10
757.576717
 20
909.111709
 30
0.0
 11
757.520717
 21
909.028709
 31
0.0
  0
LINE
  5
16E5
330
70
100
AcDbEntity
  8
Visible
100
AcDbLine
 10
757.636717
 20
909.190709
 30
0.0
 11
757.576717
 21
909.111709
 31
0.0
  0
LINE
  5
16E6
330
70
100
AcDbEntity
  8
Visible
100
AcDbLine
 10
757.700717
 20
909.263709
 30
0.0
 11
757.636717
 21
909.190709
 31
0.0
  0
LINE
  5
16E7
330
70
100
AcDbEntity
  8
Visible
100
AcDbLine
 10
757.767717
 20
909.331709
 30
0.0
 11
757.700717
 21
909.263709
 31
0.0
  0
LINE
  5
16E8
330
70
100
AcDbEntity
  8
Visible
100
AcDbLine
 10
757.837717
 20
909.395709
 30
0.0
 11
757.767717
 21
909.331709
 31
0.0
  0
LINE
  5
16E9
330
70
100
AcDbEntity
  8
Visible
100
AcDbLine
 10
757.911717
 20
909.454709
 30
0.0
 11
757.837717
 21
909.395709
 31
0.0
  0
LINE
  5
16EA
330
70
100
AcDbEntity
  8
Visible
100
AcDbLine
 10
757.988717
 20
909.508709
 30
0.0
 11
757.911717
 21
909.454709
 31
0.0
  0
LINE
  5
16EB
330
70
100
AcDbEntity
  8
Visible
100
AcDbLine
 10
758.068717
 20
909.556709
 30
0.0
 11
757.988717
 21
909.508709
 31
0.0
  0
LINE
  5
16EC
330
70
100
AcDbEntity
  8
Visible
100
AcDbLine
 10
758.150717
 20
909.598709
 30
0.0
 11
758.068717
 21
909.556709
 31
0.0
  0
LINE
  5
16ED
330
70
100
AcDbEntity
  8
Visible
100
AcDbLine
 10
758.235717
 20
909.634709
 30
0.0
 11
758.150717
 21
909.598709
 31
0.0
  0
LINE
  5
16EE
330
70
100
AcDbEntity
  8
Visible
100
AcDbLine
 10
758.324717
 20
909.665709
 30
0.0
 11
758.235717
 21
909.634709
 31
0.0
  0
LINE
  5
16EF
330
70
100
AcDbEntity
  8
Visible
100
AcDbLine
 10
758.414717
 20
909.691709
 30
0.0
 11
758.324717
 21
909.665709
 31
0.0
  0
LINE
  5
16F0
330
70
100
AcDbEntity
  8
Visible
100
AcDbLine
 10
758.508717
 20
909.711709
 30
0.0
 11
758.414717
 21
909.691709
 31
0.0
  0
LINE
  5
16F1
330
70
100
AcDbEntity
  8
Visible
100
AcDbLine
 10
758.604717
 20
909.725709
 30
0.0
 11
758.508717
 21
909.711709
 31
0.0
  0
LINE
  5
16F2
330
70
100
AcDbEntity
  8
Visible
100
AcDbLine
 10
758.703717
 20
909.733709
 30
0.0
 11
758.604717
 21
909.725709
 31
0.0
  0
LINE
  5
16F3
330
70
100
AcDbEntity
  8
Visible
100
AcDbLine
 10
758.805717
 20
909.736709
 30
0.0
 11
758.703717
 21
909.733709
 31
0.0
  0
LINE
  5
16F4
330
70
100
AcDbEntity
  8
Visible
100
AcDbLine
 10
758.938717
 20
909.732709
 30
0.0
 11
758.805717
 21
909.736709
 31
0.0
  0
LINE
  5
16F5
330
70
100
AcDbEntity
  8
Visible
100
AcDbLine
 10
759.065717
 20
909.719709
 30
0.0
 11
758.938717
 21
909.732709
 31
0.0
  0
LINE
  5
16F6
330
70
100
AcDbEntity
  8
Visible
100
AcDbLine
 10
759.186717
 20
909.697709
 30
0.0
 11
759.065717
 21
909.719709
 31
0.0
  0
LINE
  5
16F7
330
70
100
AcDbEntity
  8
Visible
100
AcDbLine
 10
759.302717
 20
909.667709
 30
0.0
 11
759.186717
 21
909.697709
 31
0.0
  0
LINE
  5
16F8
330
70
100
AcDbEntity
  8
Visible
100
AcDbLine
 10
759.412717
 20
909.629709
 30
0.0
 11
759.302717
 21
909.667709
 31
0.0
  0
LINE
  5
16F9
330
70
100
AcDbEntity
  8
Visible
100
AcDbLine
 10
759.516717
 20
909.582709
 30
0.0
 11
759.412717
 21
909.629709
 31
0.0
  0
LINE
  5
16FA
330
70
100
AcDbEntity
  8
Visible
100
AcDbLine
 10
759.615717
 20
909.526709
 30
0.0
 11
759.516717
 21
909.582709
 31
0.0
  0
LINE
  5
16FB
330
70
100
AcDbEntity
  8
Visible
100
AcDbLine
 10
759.707717
 20
909.461709
 30
0.0
 11
759.615717
 21
909.526709
 31
0.0
  0
LINE
  5
16FC
330
70
100
AcDbEntity
  8
Visible
100
AcDbLine
 10
759.795717
 20
909.389709
 30
0.0
 11
759.707717
 21
909.461709
 31
0.0
  0
LINE
  5
16FD
330
70
100
AcDbEntity
  8
Visible
100
AcDbLine
 10
759.876717
 20
909.307709
 30
0.0
 11
759.795717
 21
909.389709
 31
0.0
  0
LINE
  5
16FE
330
70
100
AcDbEntity
  8
Visible
100
AcDbLine
 10
759.951717
 20
909.217709
 30
0.0
 11
759.876717
 21
909.307709
 31
0.0
  0
LINE
  5
16FF
330
70
100
AcDbEntity
  8
Visible
100
AcDbLine
 10
760.017717
 20
909.120709
 30
0.0
 11
759.951717
 21
909.217709
 31
0.0
  0
LINE
  5
1700
330
70
100
AcDbEntity
  8
Visible
100
AcDbLine
 10
760.076717
 20
909.014709
 30
0.0
 11
760.017717
 21
909.120709
 31
0.0
  0
LINE
  5
1701
330
70
100
AcDbEntity
  8
Visible
100
AcDbLine
 10
760.128717
 20
908.901709
 30
0.0
 11
760.076717
 21
909.014709
 31
0.0
  0
LINE
  5
1702
330
70
100
AcDbEntity
  8
Visible
100
AcDbLine
 10
760.171717
 20
908.780709
 30
0.0
 11
760.128717
 21
908.901709
 31
0.0
  0
LINE
  5
1703
330
70
100
AcDbEntity
  8
Visible
100
AcDbLine
 10
760.206717
 20
908.651709
 30
0.0
 11
760.171717
 21
908.780709
 31
0.0
  0
LINE
  5
1704
330
70
100
AcDbEntity
  8
Visible
100
AcDbLine
 10
760.234717
 20
908.514709
 30
0.0
 11
760.206717
 21
908.651709
 31
0.0
  0
LINE
  5
1705
330
70
100
AcDbEntity
  8
Visible
100
AcDbLine
 10
760.253717
 20
908.369709
 30
0.0
 11
760.234717
 21
908.514709
 31
0.0
  0
LINE
  5
1706
330
70
100
AcDbEntity
  8
Visible
100
AcDbLine
 10
760.265717
 20
908.216709
 30
0.0
 11
760.253717
 21
908.369709
 31
0.0
  0
LINE
  5
1707
330
70
100
AcDbEntity
  8
Visible
100
AcDbLine
 10
760.269717
 20
908.056709
 30
0.0
 11
760.265717
 21
908.216709
 31
0.0
  0
LINE
  5
1708
330
70
100
AcDbEntity
  8
Visible
100
AcDbLine
 10
760.269717
 20
904.684709
 30
0.0
 11
760.269717
 21
908.056709
 31
0.0
  0
LINE
  5
1709
330
70
100
AcDbEntity
  8
Visible
100
AcDbLine
 10
761.193717
 20
904.684709
 30
0.0
 11
760.269717
 21
904.684709
 31
0.0
  0
LINE
  5
170A
330
70
100
AcDbEntity
  8
Visible
100
AcDbLine
 10
761.193717
 20
907.468709
 30
0.0
 11
761.193717
 21
904.684709
 31
0.0
  0
LINE
  5
170B
330
70
100
AcDbEntity
  8
Visible
100
AcDbLine
 10
761.197717
 20
907.676709
 30
0.0
 11
761.193717
 21
907.468709
 31
0.0
  0
LINE
  5
170C
330
70
100
AcDbEntity
  8
Visible
100
AcDbLine
 10
761.210717
 20
907.874709
 30
0.0
 11
761.197717
 21
907.676709
 31
0.0
  0
LINE
  5
170D
330
70
100
AcDbEntity
  8
Visible
100
AcDbLine
 10
761.230717
 20
908.064709
 30
0.0
 11
761.210717
 21
907.874709
 31
0.0
  0
LINE
  5
170E
330
70
100
AcDbEntity
  8
Visible
100
AcDbLine
 10
761.259717
 20
908.244709
 30
0.0
 11
761.230717
 21
908.064709
 31
0.0
  0
LINE
  5
170F
330
70
100
AcDbEntity
  8
Visible
100
AcDbLine
 10
761.296717
 20
908.415709
 30
0.0
 11
761.259717
 21
908.244709
 31
0.0
  0
LINE
  5
1710
330
70
100
AcDbEntity
  8
Visible
100
AcDbLine
 10
761.342717
 20
908.577709
 30
0.0
 11
761.296717
 21
908.415709
 31
0.0
  0
LINE
  5
1711
330
70
100
AcDbEntity
  8
Visible
100
AcDbLine
 10
761.396717
 20
908.730709
 30
0.0
 11
761.342717
 21
908.577709
 31
0.0
  0
LINE
  5
1712
330
70
100
AcDbEntity
  8
Visible
100
AcDbLine
 10
761.458717
 20
908.873709
 30
0.0
 11
761.396717
 21
908.730709
 31
0.0
  0
LINE
  5
1713
330
70
100
AcDbEntity
  8
Visible
100
AcDbLine
 10
761.528717
 20
909.008709
 30
0.0
 11
761.458717
 21
908.873709
 31
0.0
  0
LINE
  5
1714
330
70
100
AcDbEntity
  8
Visible
100
AcDbLine
 10
761.607717
 20
909.133709
 30
0.0
 11
761.528717
 21
909.008709
 31
0.0
  0
LINE
  5
1715
330
70
100
AcDbEntity
  8
Visible
100
AcDbLine
 10
761.693717
 20
909.248709
 30
0.0
 11
761.607717
 21
909.133709
 31
0.0
  0
LINE
  5
1716
330
70
100
AcDbEntity
  8
Visible
100
AcDbLine
 10
761.787717
 20
909.350709
 30
0.0
 11
761.693717
 21
909.248709
 31
0.0
  0
LINE
  5
1717
330
70
100
AcDbEntity
  8
Visible
100
AcDbLine
 10
761.888717
 20
909.441709
 30
0.0
 11
761.787717
 21
909.350709
 31
0.0
  0
LINE
  5
1718
330
70
100
AcDbEntity
  8
Visible
100
AcDbLine
 10
761.997717
 20
909.519709
 30
0.0
 11
761.888717
 21
909.441709
 31
0.0
  0
LINE
  5
1719
330
70
100
AcDbEntity
  8
Visible
100
AcDbLine
 10
762.113717
 20
909.585709
 30
0.0
 11
761.997717
 21
909.519709
 31
0.0
  0
LINE
  5
171A
330
70
100
AcDbEntity
  8
Visible
100
AcDbLine
 10
762.236717
 20
909.640709
 30
0.0
 11
762.113717
 21
909.585709
 31
0.0
  0
LINE
  5
171B
330
70
100
AcDbEntity
  8
Visible
100
AcDbLine
 10
762.366717
 20
909.682709
 30
0.0
 11
762.236717
 21
909.640709
 31
0.0
  0
LINE
  5
171C
330
70
100
AcDbEntity
  8
Visible
100
AcDbLine
 10
762.504717
 20
909.712709
 30
0.0
 11
762.366717
 21
909.682709
 31
0.0
  0
LINE
  5
171D
330
70
100
AcDbEntity
  8
Visible
100
AcDbLine
 10
762.649717
 20
909.730709
 30
0.0
 11
762.504717
 21
909.712709
 31
0.0
  0
LINE
  5
171E
330
70
100
AcDbEntity
  8
Visible
100
AcDbLine
 10
762.801717
 20
909.736709
 30
0.0
 11
762.649717
 21
909.730709
 31
0.0
  0
LINE
  5
171F
330
70
100
AcDbEntity
  8
Visible
100
AcDbLine
 10
762.931717
 20
909.732709
 30
0.0
 11
762.801717
 21
909.736709
 31
0.0
  0
LINE
  5
1720
330
70
100
AcDbEntity
  8
Visible
100
AcDbLine
 10
763.056717
 20
909.719709
 30
0.0
 11
762.931717
 21
909.732709
 31
0.0
  0
LINE
  5
1721
330
70
100
AcDbEntity
  8
Visible
100
AcDbLine
 10
763.176717
 20
909.697709
 30
0.0
 11
763.056717
 21
909.719709
 31
0.0
  0
LINE
  5
1722
330
70
100
AcDbEntity
  8
Visible
100
AcDbLine
 10
763.290717
 20
909.667709
 30
0.0
 11
763.176717
 21
909.697709
 31
0.0
  0
LINE
  5
1723
330
70
100
AcDbEntity
  8
Visible
100
AcDbLine
 10
763.399717
 20
909.629709
 30
0.0
 11
763.290717
 21
909.667709
 31
0.0
  0
LINE
  5
1724
330
70
100
AcDbEntity
  8
Visible
100
AcDbLine
 10
763.502717
 20
909.582709
 30
0.0
 11
763.399717
 21
909.629709
 31
0.0
  0
LINE
  5
1725
330
70
100
AcDbEntity
  8
Visible
100
AcDbLine
 10
763.600717
 20
909.526709
 30
0.0
 11
763.502717
 21
909.582709
 31
0.0
  0
LINE
  5
1726
330
70
100
AcDbEntity
  8
Visible
100
AcDbLine
 10
763.692717
 20
909.461709
 30
0.0
 11
763.600717
 21
909.526709
 31
0.0
  0
LINE
  5
1727
330
70
100
AcDbEntity
  8
Visible
100
AcDbLine
 10
763.779717
 20
909.389709
 30
0.0
 11
763.692717
 21
909.461709
 31
0.0
  0
LINE
  5
1728
330
70
100
AcDbEntity
  8
Visible
100
AcDbLine
 10
763.860717
 20
909.307709
 30
0.0
 11
763.779717
 21
909.389709
 31
0.0
  0
LINE
  5
1729
330
70
100
AcDbEntity
  8
Visible
100
AcDbLine
 10
763.935717
 20
909.217709
 30
0.0
 11
763.860717
 21
909.307709
 31
0.0
  0
LINE
  5
172A
330
70
100
AcDbEntity
  8
Visible
100
AcDbLine
 10
764.001717
 20
909.120709
 30
0.0
 11
763.935717
 21
909.217709
 31
0.0
  0
LINE
  5
172B
330
70
100
AcDbEntity
  8
Visible
100
AcDbLine
 10
764.060717
 20
909.014709
 30
0.0
 11
764.001717
 21
909.120709
 31
0.0
  0
LINE
  5
172C
330
70
100
AcDbEntity
  8
Visible
100
AcDbLine
 10
764.112717
 20
908.901709
 30
0.0
 11
764.060717
 21
909.014709
 31
0.0
  0
LINE
  5
172D
330
70
100
AcDbEntity
  8
Visible
100
AcDbLine
 10
764.155717
 20
908.780709
 30
0.0
 11
764.112717
 21
908.901709
 31
0.0
  0
LINE
  5
172E
330
70
100
AcDbEntity
  8
Visible
100
AcDbLine
 10
764.190717
 20
908.651709
 30
0.0
 11
764.155717
 21
908.780709
 31
0.0
  0
LINE
  5
172F
330
70
100
AcDbEntity
  8
Visible
100
AcDbLine
 10
764.218717
 20
908.514709
 30
0.0
 11
764.190717
 21
908.651709
 31
0.0
  0
LINE
  5
1730
330
70
100
AcDbEntity
  8
Visible
100
AcDbLine
 10
764.237717
 20
908.369709
 30
0.0
 11
764.218717
 21
908.514709
 31
0.0
  0
LINE
  5
1731
330
70
100
AcDbEntity
  8
Visible
100
AcDbLine
 10
764.249717
 20
908.216709
 30
0.0
 11
764.237717
 21
908.369709
 31
0.0
  0
LINE
  5
1732
330
70
100
AcDbEntity
  8
Visible
100
AcDbLine
 10
764.253717
 20
908.056709
 30
0.0
 11
764.249717
 21
908.216709
 31
0.0
  0
LINE
  5
1733
330
70
100
AcDbEntity
  8
Visible
100
AcDbLine
 10
764.253717
 20
904.684709
 30
0.0
 11
764.253717
 21
908.056709
 31
0.0
  0
LINE
  5
1734
330
70
100
AcDbEntity
  8
Visible
100
AcDbLine
 10
765.189717
 20
904.684709
 30
0.0
 11
764.253717
 21
904.684709
 31
0.0
  0
LINE
  5
1735
330
70
100
AcDbEntity
  8
Visible
100
AcDbLine
 10
765.189717
 20
908.056709
 30
0.0
 11
765.189717
 21
904.684709
 31
0.0
  0
LINE
  5
1736
330
70
100
AcDbEntity
  8
Visible
100
AcDbLine
 10
765.186717
 20
908.209709
 30
0.0
 11
765.189717
 21
908.056709
 31
0.0
  0
LINE
  5
1737
330
70
100
AcDbEntity
  8
Visible
100
AcDbLine
 10
765.179717
 20
908.357709
 30
0.0
 11
765.186717
 21
908.209709
 31
0.0
  0
LINE
  5
1738
330
70
100
AcDbEntity
  8
Visible
100
AcDbLine
 10
765.166717
 20
908.501709
 30
0.0
 11
765.179717
 21
908.357709
 31
0.0
  0
LINE
  5
1739
330
70
100
AcDbEntity
  8
Visible
100
AcDbLine
 10
765.148717
 20
908.642709
 30
0.0
 11
765.166717
 21
908.501709
 31
0.0
  0
LINE
  5
173A
330
70
100
AcDbEntity
  8
Visible
100
AcDbLine
 10
765.124717
 20
908.778709
 30
0.0
 11
765.148717
 21
908.642709
 31
0.0
  0
LINE
  5
173B
330
70
100
AcDbEntity
  8
Visible
100
AcDbLine
 10
765.096717
 20
908.909709
 30
0.0
 11
765.124717
 21
908.778709
 31
0.0
  0
LINE
  5
173C
330
70
100
AcDbEntity
  8
Visible
100
AcDbLine
 10
765.063717
 20
909.037709
 30
0.0
 11
765.096717
 21
908.909709
 31
0.0
  0
LINE
  5
173D
330
70
100
AcDbEntity
  8
Visible
100
AcDbLine
 10
765.024717
 20
909.160709
 30
0.0
 11
765.063717
 21
909.037709
 31
0.0
  0
LINE
  5
173E
330
70
100
AcDbEntity
  8
Visible
100
AcDbLine
 10
764.980717
 20
909.279709
 30
0.0
 11
765.024717
 21
909.160709
 31
0.0
  0
LINE
  5
173F
330
70
100
AcDbEntity
  8
Visible
100
AcDbLine
 10
764.931717
 20
909.394709
 30
0.0
 11
764.980717
 21
909.279709
 31
0.0
  0
LINE
  5
1740
330
70
100
AcDbEntity
  8
Visible
100
AcDbLine
 10
764.877717
 20
909.504709
 30
0.0
 11
764.931717
 21
909.394709
 31
0.0
  0
LINE
  5
1741
330
70
100
AcDbEntity
  8
Visible
100
AcDbLine
 10
764.819717
 20
909.609709
 30
0.0
 11
764.877717
 21
909.504709
 31
0.0
  0
LINE
  5
1742
330
70
100
AcDbEntity
  8
Visible
100
AcDbLine
 10
764.756717
 20
909.709709
 30
0.0
 11
764.819717
 21
909.609709
 31
0.0
  0
LINE
  5
1743
330
70
100
AcDbEntity
  8
Visible
100
AcDbLine
 10
764.689717
 20
909.803709
 30
0.0
 11
764.756717
 21
909.709709
 31
0.0
  0
LINE
  5
1744
330
70
100
AcDbEntity
  8
Visible
100
AcDbLine
 10
764.617717
 20
909.893709
 30
0.0
 11
764.689717
 21
909.803709
 31
0.0
  0
LINE
  5
1745
330
70
100
AcDbEntity
  8
Visible
100
AcDbLine
 10
764.540717
 20
909.977709
 30
0.0
 11
764.617717
 21
909.893709
 31
0.0
  0
LINE
  5
1746
330
70
100
AcDbEntity
  8
Visible
100
AcDbLine
 10
764.460717
 20
910.056709
 30
0.0
 11
764.540717
 21
909.977709
 31
0.0
  0
LINE
  5
1747
330
70
100
AcDbEntity
  8
Visible
100
AcDbLine
 10
764.374717
 20
910.129709
 30
0.0
 11
764.460717
 21
910.056709
 31
0.0
  0
LINE
  5
1748
330
70
100
AcDbEntity
  8
Visible
100
AcDbLine
 10
764.284717
 20
910.198709
 30
0.0
 11
764.374717
 21
910.129709
 31
0.0
  0
LINE
  5
1749
330
70
100
AcDbEntity
  8
Visible
100
AcDbLine
 10
764.190717
 20
910.261709
 30
0.0
 11
764.284717
 21
910.198709
 31
0.0
  0
LINE
  5
174A
330
70
100
AcDbEntity
  8
Visible
100
AcDbLine
 10
764.091717
 20
910.319709
 30
0.0
 11
764.190717
 21
910.261709
 31
0.0
  0
LINE
  5
174B
330
70
100
AcDbEntity
  8
Visible
100
AcDbLine
 10
763.989717
 20
910.370709
 30
0.0
 11
764.091717
 21
910.319709
 31
0.0
  0
LINE
  5
174C
330
70
100
AcDbEntity
  8
Visible
100
AcDbLine
 10
763.883717
 20
910.416709
 30
0.0
 11
763.989717
 21
910.370709
 31
0.0
  0
LINE
  5
174D
330
70
100
AcDbEntity
  8
Visible
100
AcDbLine
 10
763.772717
 20
910.455709
 30
0.0
 11
763.883717
 21
910.416709
 31
0.0
  0
LINE
  5
174E
330
70
100
AcDbEntity
  8
Visible
100
AcDbLine
 10
763.658717
 20
910.488709
 30
0.0
 11
763.772717
 21
910.455709
 31
0.0
  0
LINE
  5
174F
330
70
100
AcDbEntity
  8
Visible
100
AcDbLine
 10
763.540717
 20
910.516709
 30
0.0
 11
763.658717
 21
910.488709
 31
0.0
  0
LINE
  5
1750
330
70
100
AcDbEntity
  8
Visible
100
AcDbLine
 10
763.418717
 20
910.537709
 30
0.0
 11
763.540717
 21
910.516709
 31
0.0
  0
LINE
  5
1751
330
70
100
AcDbEntity
  8
Visible
100
AcDbLine
 10
763.292717
 20
910.552709
 30
0.0
 11
763.418717
 21
910.537709
 31
0.0
  0
LINE
  5
1752
330
70
100
AcDbEntity
  8
Visible
100
AcDbLine
 10
763.163717
 20
910.561709
 30
0.0
 11
763.292717
 21
910.552709
 31
0.0
  0
LINE
  5
1753
330
70
100
AcDbEntity
  8
Visible
100
AcDbLine
 10
763.029717
 20
910.564709
 30
0.0
 11
763.163717
 21
910.561709
 31
0.0
  0
LINE
  5
1754
330
70
100
AcDbEntity
  8
Visible
100
AcDbLine
 10
762.923717
 20
910.562709
 30
0.0
 11
763.029717
 21
910.564709
 31
0.0
  0
LINE
  5
1755
330
70
100
AcDbEntity
  8
Visible
100
AcDbLine
 10
762.820717
 20
910.556709
 30
0.0
 11
762.923717
 21
910.562709
 31
0.0
  0
LINE
  5
1756
330
70
100
AcDbEntity
  8
Visible
100
AcDbLine
 10
762.719717
 20
910.547709
 30
0.0
 11
762.820717
 21
910.556709
 31
0.0
  0
LINE
  5
1757
330
70
100
AcDbEntity
  8
Visible
100
AcDbLine
 10
762.620717
 20
910.533709
 30
0.0
 11
762.719717
 21
910.547709
 31
0.0
  0
LINE
  5
1758
330
70
100
AcDbEntity
  8
Visible
100
AcDbLine
 10
762.523717
 20
910.516709
 30
0.0
 11
762.620717
 21
910.533709
 31
0.0
  0
LINE
  5
1759
330
70
100
AcDbEntity
  8
Visible
100
AcDbLine
 10
762.429717
 20
910.495709
 30
0.0
 11
762.523717
 21
910.516709
 31
0.0
  0
LINE
  5
175A
330
70
100
AcDbEntity
  8
Visible
100
AcDbLine
 10
762.337717
 20
910.470709
 30
0.0
 11
762.429717
 21
910.495709
 31
0.0
  0
LINE
  5
175B
330
70
100
AcDbEntity
  8
Visible
100
AcDbLine
 10
762.248717
 20
910.441709
 30
0.0
 11
762.337717
 21
910.470709
 31
0.0
  0
LINE
  5
175C
330
70
100
AcDbEntity
  8
Visible
100
AcDbLine
 10
762.160717
 20
910.408709
 30
0.0
 11
762.248717
 21
910.441709
 31
0.0
  0
LINE
  5
175D
330
70
100
AcDbEntity
  8
Visible
100
AcDbLine
 10
762.075717
 20
910.372709
 30
0.0
 11
762.160717
 21
910.408709
 31
0.0
  0
LINE
  5
175E
330
70
100
AcDbEntity
  8
Visible
100
AcDbLine
 10
761.992717
 20
910.332709
 30
0.0
 11
762.075717
 21
910.372709
 31
0.0
  0
LINE
  5
175F
330
70
100
AcDbEntity
  8
Visible
100
AcDbLine
 10
761.912717
 20
910.287709
 30
0.0
 11
761.992717
 21
910.332709
 31
0.0
  0
LINE
  5
1760
330
70
100
AcDbEntity
  8
Visible
100
AcDbLine
 10
761.834717
 20
910.239709
 30
0.0
 11
761.912717
 21
910.287709
 31
0.0
  0
LINE
  5
1761
330
70
100
AcDbEntity
  8
Visible
100
AcDbLine
 10
761.759717
 20
910.187709
 30
0.0
 11
761.834717
 21
910.239709
 31
0.0
  0
LINE
  5
1762
330
70
100
AcDbEntity
  8
Visible
100
AcDbLine
 10
761.686717
 20
910.131709
 30
0.0
 11
761.759717
 21
910.187709
 31
0.0
  0
LINE
  5
1763
330
70
100
AcDbEntity
  8
Visible
100
AcDbLine
 10
761.616717
 20
910.071709
 30
0.0
 11
761.686717
 21
910.131709
 31
0.0
  0
LINE
  5
1764
330
70
100
AcDbEntity
  8
Visible
100
AcDbLine
 10
761.549717
 20
910.008709
 30
0.0
 11
761.616717
 21
910.071709
 31
0.0
  0
LINE
  5
1765
330
70
100
AcDbEntity
  8
Visible
100
AcDbLine
 10
761.484717
 20
909.940709
 30
0.0
 11
761.549717
 21
910.008709
 31
0.0
  0
LINE
  5
1766
330
70
100
AcDbEntity
  8
Visible
100
AcDbLine
 10
761.421717
 20
909.868709
 30
0.0
 11
761.484717
 21
909.940709
 31
0.0
  0
LINE
  5
1767
330
70
100
AcDbEntity
  8
Visible
100
AcDbLine
 10
761.361717
 20
909.793709
 30
0.0
 11
761.421717
 21
909.868709
 31
0.0
  0
LINE
  5
1768
330
70
100
AcDbEntity
  8
Visible
100
AcDbLine
 10
761.304717
 20
909.714709
 30
0.0
 11
761.361717
 21
909.793709
 31
0.0
  0
LINE
  5
1769
330
70
100
AcDbEntity
  8
Visible
100
AcDbLine
 10
761.249717
 20
909.630709
 30
0.0
 11
761.304717
 21
909.714709
 31
0.0
  0
LINE
  5
176A
330
70
100
AcDbEntity
  8
Visible
100
AcDbLine
 10
761.197717
 20
909.543709
 30
0.0
 11
761.249717
 21
909.630709
 31
0.0
  0
LINE
  5
176B
330
70
100
AcDbEntity
  8
Visible
100
AcDbLine
 10
761.148717
 20
909.452709
 30
0.0
 11
761.197717
 21
909.543709
 31
0.0
  0
LINE
  5
176C
330
70
100
AcDbEntity
  8
Visible
100
AcDbLine
 10
761.102717
 20
909.357709
 30
0.0
 11
761.148717
 21
909.452709
 31
0.0
  0
LINE
  5
176D
330
70
100
AcDbEntity
  8
Visible
100
AcDbLine
 10
761.059717
 20
909.258709
 30
0.0
 11
761.102717
 21
909.357709
 31
0.0
  0
LINE
  5
176E
330
70
100
AcDbEntity
  8
Visible
100
AcDbLine
 10
761.024697
 20
909.171584
 30
0.0
 11
761.059717
 21
909.258709
 31
0.0
  0
LINE
  5
176F
330
70
100
AcDbEntity
  8
Visible
100
AcDbLine
 10
752.008717
 20
904.554709
 30
0.0
 11
751.859717
 21
904.543709
 31
0.0
  0
LINE
  5
1770
330
70
100
AcDbEntity
  8
Visible
100
AcDbLine
 10
752.153717
 20
904.571709
 30
0.0
 11
752.008717
 21
904.554709
 31
0.0
  0
LINE
  5
1771
330
70
100
AcDbEntity
  8
Visible
100
AcDbLine
 10
752.295717
 20
904.595709
 30
0.0
 11
752.153717
 21
904.571709
 31
0.0
  0
LINE
  5
1772
330
70
100
AcDbEntity
  8
Visible
100
AcDbLine
 10
752.434717
 20
904.625709
 30
0.0
 11
752.295717
 21
904.595709
 31
0.0
  0
LINE
  5
1773
330
70
100
AcDbEntity
  8
Visible
100
AcDbLine
 10
752.569717
 20
904.663709
 30
0.0
 11
752.434717
 21
904.625709
 31
0.0
  0
LINE
  5
1774
330
70
100
AcDbEntity
  8
Visible
100
AcDbLine
 10
752.701717
 20
904.708709
 30
0.0
 11
752.569717
 21
904.663709
 31
0.0
  0
LINE
  5
1775
330
70
100
AcDbEntity
  8
Visible
100
AcDbLine
 10
752.830717
 20
904.759709
 30
0.0
 11
752.701717
 21
904.708709
 31
0.0
  0
LINE
  5
1776
330
70
100
AcDbEntity
  8
Visible
100
AcDbLine
 10
752.956717
 20
904.817709
 30
0.0
 11
752.830717
 21
904.759709
 31
0.0
  0
LINE
  5
1777
330
70
100
AcDbEntity
  8
Visible
100
AcDbLine
 10
753.078717
 20
904.882709
 30
0.0
 11
752.956717
 21
904.817709
 31
0.0
  0
LINE
  5
1778
330
70
100
AcDbEntity
  8
Visible
100
AcDbLine
 10
753.196717
 20
904.954709
 30
0.0
 11
753.078717
 21
904.882709
 31
0.0
  0
LINE
  5
1779
330
70
100
AcDbEntity
  8
Visible
100
AcDbLine
 10
753.309717
 20
905.032709
 30
0.0
 11
753.196717
 21
904.954709
 31
0.0
  0
LINE
  5
177A
330
70
100
AcDbEntity
  8
Visible
100
AcDbLine
 10
753.417717
 20
905.117709
 30
0.0
 11
753.309717
 21
905.032709
 31
0.0
  0
LINE
  5
177B
330
70
100
AcDbEntity
  8
Visible
100
AcDbLine
 10
753.519717
 20
905.208709
 30
0.0
 11
753.417717
 21
905.117709
 31
0.0
  0
LINE
  5
177C
330
70
100
AcDbEntity
  8
Visible
100
AcDbLine
 10
753.617717
 20
905.307709
 30
0.0
 11
753.519717
 21
905.208709
 31
0.0
  0
LINE
  5
177D
330
70
100
AcDbEntity
  8
Visible
100
AcDbLine
 10
753.709717
 20
905.411709
 30
0.0
 11
753.617717
 21
905.307709
 31
0.0
  0
LINE
  5
177E
330
70
100
AcDbEntity
  8
Visible
100
AcDbLine
 10
753.796717
 20
905.523709
 30
0.0
 11
753.709717
 21
905.411709
 31
0.0
  0
LINE
  5
177F
330
70
100
AcDbEntity
  8
Visible
100
AcDbLine
 10
753.878717
 20
905.640709
 30
0.0
 11
753.796717
 21
905.523709
 31
0.0
  0
LINE
  5
1780
330
70
100
AcDbEntity
  8
Visible
100
AcDbLine
 10
753.954717
 20
905.765709
 30
0.0
 11
753.878717
 21
905.640709
 31
0.0
  0
LINE
  5
1781
330
70
100
AcDbEntity
  8
Visible
100
AcDbLine
 10
754.026717
 20
905.896709
 30
0.0
 11
753.954717
 21
905.765709
 31
0.0
  0
LINE
  5
1782
330
70
100
AcDbEntity
  8
Visible
100
AcDbLine
 10
754.092717
 20
906.034709
 30
0.0
 11
754.026717
 21
905.896709
 31
0.0
  0
LINE
  5
1783
330
70
100
AcDbEntity
  8
Visible
100
AcDbLine
 10
754.150717
 20
906.177709
 30
0.0
 11
754.092717
 21
906.034709
 31
0.0
  0
LINE
  5
1784
330
70
100
AcDbEntity
  8
Visible
100
AcDbLine
 10
754.202717
 20
906.327709
 30
0.0
 11
754.150717
 21
906.177709
 31
0.0
  0
LINE
  5
1785
330
70
100
AcDbEntity
  8
Visible
100
AcDbLine
 10
754.247717
 20
906.484709
 30
0.0
 11
754.202717
 21
906.327709
 31
0.0
  0
LINE
  5
1786
330
70
100
AcDbEntity
  8
Visible
100
AcDbLine
 10
754.285717
 20
906.646709
 30
0.0
 11
754.247717
 21
906.484709
 31
0.0
  0
LINE
  5
1787
330
70
100
AcDbEntity
  8
Visible
100
AcDbLine
 10
754.316717
 20
906.815709
 30
0.0
 11
754.285717
 21
906.646709
 31
0.0
  0
LINE
  5
1788
330
70
100
AcDbEntity
  8
Visible
100
AcDbLine
 10
754.340717
 20
906.990709
 30
0.0
 11
754.316717
 21
906.815709
 31
0.0
  0
LINE
  5
1789
330
70
100
AcDbEntity
  8
Visible
100
AcDbLine
 10
754.357717
 20
907.171709
 30
0.0
 11
754.340717
 21
906.990709
 31
0.0
  0
LINE
  5
178A
330
70
100
AcDbEntity
  8
Visible
100
AcDbLine
 10
754.368717
 20
907.358709
 30
0.0
 11
754.357717
 21
907.171709
 31
0.0
  0
LINE
  5
178B
330
70
100
AcDbEntity
  8
Visible
100
AcDbLine
 10
754.371717
 20
907.552709
 30
0.0
 11
754.368717
 21
907.358709
 31
0.0
  0
LINE
  5
178C
330
70
100
AcDbEntity
  8
Visible
100
AcDbLine
 10
754.368717
 20
907.747709
 30
0.0
 11
754.371717
 21
907.552709
 31
0.0
  0
LINE
  5
178D
330
70
100
AcDbEntity
  8
Visible
100
AcDbLine
 10
754.357717
 20
907.935709
 30
0.0
 11
754.368717
 21
907.747709
 31
0.0
  0
LINE
  5
178E
330
70
100
AcDbEntity
  8
Visible
100
AcDbLine
 10
754.340717
 20
908.117709
 30
0.0
 11
754.357717
 21
907.935709
 31
0.0
  0
LINE
  5
178F
330
70
100
AcDbEntity
  8
Visible
100
AcDbLine
 10
754.316717
 20
908.293709
 30
0.0
 11
754.340717
 21
908.117709
 31
0.0
  0
LINE
  5
1790
330
70
100
AcDbEntity
  8
Visible
100
AcDbLine
 10
754.285717
 20
908.462709
 30
0.0
 11
754.316717
 21
908.293709
 31
0.0
  0
LINE
  5
1791
330
70
100
AcDbEntity
  8
Visible
100
AcDbLine
 10
754.247717
 20
908.624709
 30
0.0
 11
754.285717
 21
908.462709
 31
0.0
  0
LINE
  5
1792
330
70
100
AcDbEntity
  8
Visible
100
AcDbLine
 10
754.202717
 20
908.781709
 30
0.0
 11
754.247717
 21
908.624709
 31
0.0
  0
LINE
  5
1793
330
70
100
AcDbEntity
  8
Visible
100
AcDbLine
 10
754.150717
 20
908.931709
 30
0.0
 11
754.202717
 21
908.781709
 31
0.0
  0
LINE
  5
1794
330
70
100
AcDbEntity
  8
Visible
100
AcDbLine
 10
754.092717
 20
909.074709
 30
0.0
 11
754.150717
 21
908.931709
 31
0.0
  0
LINE
  5
1795
330
70
100
AcDbEntity
  8
Visible
100
AcDbLine
 10
754.026717
 20
909.211709
 30
0.0
 11
754.092717
 21
909.074709
 31
0.0
  0
LINE
  5
1796
330
70
100
AcDbEntity
  8
Visible
100
AcDbLine
 10
753.954717
 20
909.342709
 30
0.0
 11
754.026717
 21
909.211709
 31
0.0
  0
LINE
  5
1797
330
70
100
AcDbEntity
  8
Visible
100
AcDbLine
 10
753.878717
 20
909.466709
 30
0.0
 11
753.954717
 21
909.342709
 31
0.0
  0
LINE
  5
1798
330
70
100
AcDbEntity
  8
Visible
100
AcDbLine
 10
753.796717
 20
909.583709
 30
0.0
 11
753.878717
 21
909.466709
 31
0.0
  0
LINE
  5
1799
330
70
100
AcDbEntity
  8
Visible
100
AcDbLine
 10
753.709717
 20
909.694709
 30
0.0
 11
753.796717
 21
909.583709
 31
0.0
  0
LINE
  5
179A
330
70
100
AcDbEntity
  8
Visible
100
AcDbLine
 10
753.617717
 20
909.798709
 30
0.0
 11
753.709717
 21
909.694709
 31
0.0
  0
LINE
  5
179B
330
70
100
AcDbEntity
  8
Visible
100
AcDbLine
 10
753.519717
 20
909.896709
 30
0.0
 11
753.617717
 21
909.798709
 31
0.0
  0
LINE
  5
179C
330
70
100
AcDbEntity
  8
Visible
100
AcDbLine
 10
753.417717
 20
909.987709
 30
0.0
 11
753.519717
 21
909.896709
 31
0.0
  0
LINE
  5
179D
330
70
100
AcDbEntity
  8
Visible
100
AcDbLine
 10
753.309717
 20
910.072709
 30
0.0
 11
753.417717
 21
909.987709
 31
0.0
  0
LINE
  5
179E
330
70
100
AcDbEntity
  8
Visible
100
AcDbLine
 10
753.196717
 20
910.150709
 30
0.0
 11
753.309717
 21
910.072709
 31
0.0
  0
LINE
  5
179F
330
70
100
AcDbEntity
  8
Visible
100
AcDbLine
 10
753.078717
 20
910.222709
 30
0.0
 11
753.196717
 21
910.150709
 31
0.0
  0
LINE
  5
17A0
330
70
100
AcDbEntity
  8
Visible
100
AcDbLine
 10
752.956717
 20
910.287709
 30
0.0
 11
753.078717
 21
910.222709
 31
0.0
  0
LINE
  5
17A1
330
70
100
AcDbEntity
  8
Visible
100
AcDbLine
 10
752.830717
 20
910.345709
 30
0.0
 11
752.956717
 21
910.287709
 31
0.0
  0
LINE
  5
17A2
330
70
100
AcDbEntity
  8
Visible
100
AcDbLine
 10
752.701717
 20
910.396709
 30
0.0
 11
752.830717
 21
910.345709
 31
0.0
  0
LINE
  5
17A3
330
70
100
AcDbEntity
  8
Visible
100
AcDbLine
 10
752.569717
 20
910.441709
 30
0.0
 11
752.701717
 21
910.396709
 31
0.0
  0
LINE
  5
17A4
330
70
100
AcDbEntity
  8
Visible
100
AcDbLine
 10
752.434717
 20
910.479709
 30
0.0
 11
752.569717
 21
910.441709
 31
0.0
  0
LINE
  5
17A5
330
70
100
AcDbEntity
  8
Visible
100
AcDbLine
 10
752.295717
 20
910.509709
 30
0.0
 11
752.434717
 21
910.479709
 31
0.0
  0
LINE
  5
17A6
330
70
100
AcDbEntity
  8
Visible
100
AcDbLine
 10
752.153717
 20
910.533709
 30
0.0
 11
752.295717
 21
910.509709
 31
0.0
  0
LINE
  5
17A7
330
70
100
AcDbEntity
  8
Visible
100
AcDbLine
 10
752.008717
 20
910.550709
 30
0.0
 11
752.153717
 21
910.533709
 31
0.0
  0
LINE
  5
17A8
330
70
100
AcDbEntity
  8
Visible
100
AcDbLine
 10
751.859717
 20
910.561709
 30
0.0
 11
752.008717
 21
910.550709
 31
0.0
  0
LINE
  5
17A9
330
70
100
AcDbEntity
  8
Visible
100
AcDbLine
 10
751.707717
 20
910.564709
 30
0.0
 11
751.859717
 21
910.561709
 31
0.0
  0
LINE
  5
17AA
330
70
100
AcDbEntity
  8
Visible
100
AcDbLine
 10
751.554717
 20
910.561709
 30
0.0
 11
751.707717
 21
910.564709
 31
0.0
  0
LINE
  5
17AB
330
70
100
AcDbEntity
  8
Visible
100
AcDbLine
 10
751.404717
 20
910.550709
 30
0.0
 11
751.554717
 21
910.561709
 31
0.0
  0
LINE
  5
17AC
330
70
100
AcDbEntity
  8
Visible
100
AcDbLine
 10
751.258717
 20
910.533709
 30
0.0
 11
751.404717
 21
910.550709
 31
0.0
  0
LINE
  5
17AD
330
70
100
AcDbEntity
  8
Visible
100
AcDbLine
 10
751.115717
 20
910.509709
 30
0.0
 11
751.258717
 21
910.533709
 31
0.0
  0
LINE
  5
17AE
330
70
100
AcDbEntity
  8
Visible
100
AcDbLine
 10
750.976717
 20
910.479709
 30
0.0
 11
751.115717
 21
910.509709
 31
0.0
  0
LINE
  5
17AF
330
70
100
AcDbEntity
  8
Visible
100
AcDbLine
 10
750.840717
 20
910.441709
 30
0.0
 11
750.976717
 21
910.479709
 31
0.0
  0
LINE
  5
17B0
330
70
100
AcDbEntity
  8
Visible
100
AcDbLine
 10
750.707717
 20
910.396709
 30
0.0
 11
750.840717
 21
910.441709
 31
0.0
  0
LINE
  5
17B1
330
70
100
AcDbEntity
  8
Visible
100
AcDbLine
 10
750.578717
 20
910.345709
 30
0.0
 11
750.707717
 21
910.396709
 31
0.0
  0
LINE
  5
17B2
330
70
100
AcDbEntity
  8
Visible
100
AcDbLine
 10
750.452717
 20
910.287709
 30
0.0
 11
750.578717
 21
910.345709
 31
0.0
  0
LINE
  5
17B3
330
70
100
AcDbEntity
  8
Visible
100
AcDbLine
 10
750.330717
 20
910.222709
 30
0.0
 11
750.452717
 21
910.287709
 31
0.0
  0
LINE
  5
17B4
330
70
100
AcDbEntity
  8
Visible
100
AcDbLine
 10
750.212717
 20
910.150709
 30
0.0
 11
750.330717
 21
910.222709
 31
0.0
  0
LINE
  5
17B5
330
70
100
AcDbEntity
  8
Visible
100
AcDbLine
 10
750.099717
 20
910.072709
 30
0.0
 11
750.212717
 21
910.150709
 31
0.0
  0
LINE
  5
17B6
330
70
100
AcDbEntity
  8
Visible
100
AcDbLine
 10
749.991717
 20
909.987709
 30
0.0
 11
750.099717
 21
910.072709
 31
0.0
  0
LINE
  5
17B7
330
70
100
AcDbEntity
  8
Visible
100
AcDbLine
 10
749.888717
 20
909.896709
 30
0.0
 11
749.991717
 21
909.987709
 31
0.0
  0
LINE
  5
17B8
330
70
100
AcDbEntity
  8
Visible
100
AcDbLine
 10
749.791717
 20
909.798709
 30
0.0
 11
749.888717
 21
909.896709
 31
0.0
  0
LINE
  5
17B9
330
70
100
AcDbEntity
  8
Visible
100
AcDbLine
 10
749.698717
 20
909.694709
 30
0.0
 11
749.791717
 21
909.798709
 31
0.0
  0
LINE
  5
17BA
330
70
100
AcDbEntity
  8
Visible
100
AcDbLine
 10
749.611717
 20
909.583709
 30
0.0
 11
749.698717
 21
909.694709
 31
0.0
  0
LINE
  5
17BB
330
70
100
AcDbEntity
  8
Visible
100
AcDbLine
 10
749.528717
 20
909.466709
 30
0.0
 11
749.611717
 21
909.583709
 31
0.0
  0
LINE
  5
17BC
330
70
100
AcDbEntity
  8
Visible
100
AcDbLine
 10
749.451717
 20
909.342709
 30
0.0
 11
749.528717
 21
909.466709
 31
0.0
  0
LINE
  5
17BD
330
70
100
AcDbEntity
  8
Visible
100
AcDbLine
 10
749.379717
 20
909.211709
 30
0.0
 11
749.451717
 21
909.342709
 31
0.0
  0
LINE
  5
17BE
330
70
100
AcDbEntity
  8
Visible
100
AcDbLine
 10
749.313717
 20
909.074709
 30
0.0
 11
749.379717
 21
909.211709
 31
0.0
  0
LINE
  5
17BF
330
70
100
AcDbEntity
  8
Visible
100
AcDbLine
 10
749.254717
 20
908.931709
 30
0.0
 11
749.313717
 21
909.074709
 31
0.0
  0
LINE
  5
17C0
330
70
100
AcDbEntity
  8
Visible
100
AcDbLine
 10
749.202717
 20
908.781709
 30
0.0
 11
749.254717
 21
908.931709
 31
0.0
  0
LINE
  5
17C1
330
70
100
AcDbEntity
  8
Visible
100
AcDbLine
 10
749.156717
 20
908.624709
 30
0.0
 11
749.202717
 21
908.781709
 31
0.0
  0
LINE
  5
17C2
330
70
100
AcDbEntity
  8
Visible
100
AcDbLine
 10
749.118717
 20
908.462709
 30
0.0
 11
749.156717
 21
908.624709
 31
0.0
  0
LINE
  5
17C3
330
70
100
AcDbEntity
  8
Visible
100
AcDbLine
 10
749.087717
 20
908.293709
 30
0.0
 11
749.118717
 21
908.462709
 31
0.0
  0
LINE
  5
17C4
330
70
100
AcDbEntity
  8
Visible
100
AcDbLine
 10
749.062717
 20
908.117709
 30
0.0
 11
749.087717
 21
908.293709
 31
0.0
  0
LINE
  5
17C5
330
70
100
AcDbEntity
  8
Visible
100
AcDbLine
 10
749.045717
 20
907.935709
 30
0.0
 11
749.062717
 21
908.117709
 31
0.0
  0
LINE
  5
17C6
330
70
100
AcDbEntity
  8
Visible
100
AcDbLine
 10
749.034717
 20
907.747709
 30
0.0
 11
749.045717
 21
907.935709
 31
0.0
  0
LINE
  5
17C7
330
70
100
AcDbEntity
  8
Visible
100
AcDbLine
 10
749.031717
 20
907.552709
 30
0.0
 11
749.034717
 21
907.747709
 31
0.0
  0
LINE
  5
17C8
330
70
100
AcDbEntity
  8
Visible
100
AcDbLine
 10
749.034717
 20
907.358709
 30
0.0
 11
749.031717
 21
907.552709
 31
0.0
  0
LINE
  5
17C9
330
70
100
AcDbEntity
  8
Visible
100
AcDbLine
 10
749.045717
 20
907.171709
 30
0.0
 11
749.034717
 21
907.358709
 31
0.0
  0
LINE
  5
17CA
330
70
100
AcDbEntity
  8
Visible
100
AcDbLine
 10
749.062717
 20
906.990709
 30
0.0
 11
749.045717
 21
907.171709
 31
0.0
  0
LINE
  5
17CB
330
70
100
AcDbEntity
  8
Visible
100
AcDbLine
 10
749.087717
 20
906.815709
 30
0.0
 11
749.062717
 21
906.990709
 31
0.0
  0
LINE
  5
17CC
330
70
100
AcDbEntity
  8
Visible
100
AcDbLine
 10
749.118717
 20
906.646709
 30
0.0
 11
749.087717
 21
906.815709
 31
0.0
  0
LINE
  5
17CD
330
70
100
AcDbEntity
  8
Visible
100
AcDbLine
 10
749.156717
 20
906.484709
 30
0.0
 11
749.118717
 21
906.646709
 31
0.0
  0
LINE
  5
17CE
330
70
100
AcDbEntity
  8
Visible
100
AcDbLine
 10
749.202717
 20
906.327709
 30
0.0
 11
749.156717
 21
906.484709
 31
0.0
  0
LINE
  5
17CF
330
70
100
AcDbEntity
  8
Visible
100
AcDbLine
 10
749.254717
 20
906.177709
 30
0.0
 11
749.202717
 21
906.327709
 31
0.0
  0
LINE
  5
17D0
330
70
100
AcDbEntity
  8
Visible
100
AcDbLine
 10
749.313717
 20
906.034709
 30
0.0
 11
749.254717
 21
906.177709
 31
0.0
  0
LINE
  5
17D1
330
70
100
AcDbEntity
  8
Visible
100
AcDbLine
 10
749.379717
 20
905.896709
 30
0.0
 11
749.313717
 21
906.034709
 31
0.0
  0
LINE
  5
17D2
330
70
100
AcDbEntity
  8
Visible
100
AcDbLine
 10
749.451717
 20
905.765709
 30
0.0
 11
749.379717
 21
905.896709
 31
0.0
  0
LINE
  5
17D3
330
70
100
AcDbEntity
  8
Visible
100
AcDbLine
 10
749.528717
 20
905.640709
 30
0.0
 11
749.451717
 21
905.765709
 31
0.0
  0
LINE
  5
17D4
330
70
100
AcDbEntity
  8
Visible
100
AcDbLine
 10
749.611717
 20
905.523709
 30
0.0
 11
749.528717
 21
905.640709
 31
0.0
  0
LINE
  5
17D5
330
70
100
AcDbEntity
  8
Visible
100
AcDbLine
 10
749.698717
 20
905.411709
 30
0.0
 11
749.611717
 21
905.523709
 31
0.0
  0
LINE
  5
17D6
330
70
100
AcDbEntity
  8
Visible
100
AcDbLine
 10
749.791717
 20
905.307709
 30
0.0
 11
749.698717
 21
905.411709
 31
0.0
  0
LINE
  5
17D7
330
70
100
AcDbEntity
  8
Visible
100
AcDbLine
 10
749.888717
 20
905.208709
 30
0.0
 11
749.791717
 21
905.307709
 31
0.0
  0
LINE
  5
17D8
330
70
100
AcDbEntity
  8
Visible
100
AcDbLine
 10
749.991717
 20
905.117709
 30
0.0
 11
749.888717
 21
905.208709
 31
0.0
  0
LINE
  5
17D9
330
70
100
AcDbEntity
  8
Visible
100
AcDbLine
 10
750.099717
 20
905.032709
 30
0.0
 11
749.991717
 21
905.117709
 31
0.0
  0
LINE
  5
17DA
330
70
100
AcDbEntity
  8
Visible
100
AcDbLine
 10
750.212717
 20
904.954709
 30
0.0
 11
750.099717
 21
905.032709
 31
0.0
  0
LINE
  5
17DB
330
70
100
AcDbEntity
  8
Visible
100
AcDbLine
 10
750.330717
 20
904.882709
 30
0.0
 11
750.212717
 21
904.954709
 31
0.0
  0
LINE
  5
17DC
330
70
100
AcDbEntity
  8
Visible
100
AcDbLine
 10
750.452717
 20
904.817709
 30
0.0
 11
750.330717
 21
904.882709
 31
0.0
  0
LINE
  5
17DD
330
70
100
AcDbEntity
  8
Visible
100
AcDbLine
 10
750.578717
 20
904.759709
 30
0.0
 11
750.452717
 21
904.817709
 31
0.0
  0
LINE
  5
17DE
330
70
100
AcDbEntity
  8
Visible
100
AcDbLine
 10
750.707717
 20
904.708709
 30
0.0
 11
750.578717
 21
904.759709
 31
0.0
  0
LINE
  5
17DF
330
70
100
AcDbEntity
  8
Visible
100
AcDbLine
 10
750.840717
 20
904.663709
 30
0.0
 11
750.707717
 21
904.708709
 31
0.0
  0
LINE
  5
17E0
330
70
100
AcDbEntity
  8
Visible
100
AcDbLine
 10
750.976717
 20
904.625709
 30
0.0
 11
750.840717
 21
904.663709
 31
0.0
  0
LINE
  5
17E1
330
70
100
AcDbEntity
  8
Visible
100
AcDbLine
 10
751.115717
 20
904.595709
 30
0.0
 11
750.976717
 21
904.625709
 31
0.0
  0
LINE
  5
17E2
330
70
100
AcDbEntity
  8
Visible
100
AcDbLine
 10
751.258717
 20
904.571709
 30
0.0
 11
751.115717
 21
904.595709
 31
0.0
  0
LINE
  5
17E3
330
70
100
AcDbEntity
  8
Visible
100
AcDbLine
 10
751.404717
 20
904.554709
 30
0.0
 11
751.258717
 21
904.571709
 31
0.0
  0
LINE
  5
17E4
330
70
100
AcDbEntity
  8
Visible
100
AcDbLine
 10
751.554717
 20
904.543709
 30
0.0
 11
751.404717
 21
904.554709
 31
0.0
  0
LINE
  5
17E5
330
70
100
AcDbEntity
  8
Visible
100
AcDbLine
 10
751.707717
 20
904.540709
 30
0.0
 11
751.554717
 21
904.543709
 31
0.0
  0
LINE
  5
17E6
330
70
100
AcDbEntity
  8
Visible
100
AcDbLine
 10
751.859717
 20
904.543709
 30
0.0
 11
751.707717
 21
904.540709
 31
0.0
  0
LINE
  5
17E7
330
70
100
AcDbEntity
  8
Visible
100
AcDbLine
 10
745.239717
 20
910.420709
 30
0.0
 11
745.239717
 21
912.016709
 31
0.0
  0
LINE
  5
17E8
330
70
100
AcDbEntity
  8
Visible
100
AcDbLine
 10
744.315717
 20
910.420709
 30
0.0
 11
745.239717
 21
910.420709
 31
0.0
  0
LINE
  5
17E9
330
70
100
AcDbEntity
  8
Visible
100
AcDbLine
 10
744.315717
 20
909.772709
 30
0.0
 11
744.315717
 21
910.420709
 31
0.0
  0
LINE
  5
17EA
330
70
100
AcDbEntity
  8
Visible
100
AcDbLine
 10
745.239717
 20
909.772709
 30
0.0
 11
744.315717
 21
909.772709
 31
0.0
  0
LINE
  5
17EB
330
70
100
AcDbEntity
  8
Visible
100
AcDbLine
 10
745.239717
 20
906.160709
 30
0.0
 11
745.239717
 21
909.772709
 31
0.0
  0
LINE
  5
17EC
330
70
100
AcDbEntity
  8
Visible
100
AcDbLine
 10
745.241717
 20
906.054709
 30
0.0
 11
745.239717
 21
906.160709
 31
0.0
  0
LINE
  5
17ED
330
70
100
AcDbEntity
  8
Visible
100
AcDbLine
 10
745.248717
 20
905.951709
 30
0.0
 11
745.241717
 21
906.054709
 31
0.0
  0
LINE
  5
17EE
330
70
100
AcDbEntity
  8
Visible
100
AcDbLine
 10
745.258717
 20
905.852709
 30
0.0
 11
745.248717
 21
905.951709
 31
0.0
  0
LINE
  5
17EF
330
70
100
AcDbEntity
  8
Visible
100
AcDbLine
 10
745.274717
 20
905.757709
 30
0.0
 11
745.258717
 21
905.852709
 31
0.0
  0
LINE
  5
17F0
330
70
100
AcDbEntity
  8
Visible
100
AcDbLine
 10
745.293717
 20
905.665709
 30
0.0
 11
745.274717
 21
905.757709
 31
0.0
  0
LINE
  5
17F1
330
70
100
AcDbEntity
  8
Visible
100
AcDbLine
 10
745.317717
 20
905.577709
 30
0.0
 11
745.293717
 21
905.665709
 31
0.0
  0
LINE
  5
17F2
330
70
100
AcDbEntity
  8
Visible
100
AcDbLine
 10
745.345717
 20
905.492709
 30
0.0
 11
745.317717
 21
905.577709
 31
0.0
  0
LINE
  5
17F3
330
70
100
AcDbEntity
  8
Visible
100
AcDbLine
 10
745.377717
 20
905.411709
 30
0.0
 11
745.345717
 21
905.492709
 31
0.0
  0
LINE
  5
17F4
330
70
100
AcDbEntity
  8
Visible
100
AcDbLine
 10
745.414717
 20
905.334709
 30
0.0
 11
745.377717
 21
905.411709
 31
0.0
  0
LINE
  5
17F5
330
70
100
AcDbEntity
  8
Visible
100
AcDbLine
 10
745.455717
 20
905.260709
 30
0.0
 11
745.414717
 21
905.334709
 31
0.0
  0
LINE
  5
17F6
330
70
100
AcDbEntity
  8
Visible
100
AcDbLine
 10
745.500717
 20
905.190709
 30
0.0
 11
745.455717
 21
905.260709
 31
0.0
  0
LINE
  5
17F7
330
70
100
AcDbEntity
  8
Visible
100
AcDbLine
 10
745.548717
 20
905.123709
 30
0.0
 11
745.500717
 21
905.190709
 31
0.0
  0
LINE
  5
17F8
330
70
100
AcDbEntity
  8
Visible
100
AcDbLine
 10
745.599717
 20
905.060709
 30
0.0
 11
745.548717
 21
905.123709
 31
0.0
  0
LINE
  5
17F9
330
70
100
AcDbEntity
  8
Visible
100
AcDbLine
 10
745.653717
 20
905.001709
 30
0.0
 11
745.599717
 21
905.060709
 31
0.0
  0
LINE
  5
17FA
330
70
100
AcDbEntity
  8
Visible
100
AcDbLine
 10
745.710717
 20
904.945709
 30
0.0
 11
745.653717
 21
905.001709
 31
0.0
  0
LINE
  5
17FB
330
70
100
AcDbEntity
  8
Visible
100
AcDbLine
 10
745.770717
 20
904.893709
 30
0.0
 11
745.710717
 21
904.945709
 31
0.0
  0
LINE
  5
17FC
330
70
100
AcDbEntity
  8
Visible
100
AcDbLine
 10
745.834717
 20
904.844709
 30
0.0
 11
745.770717
 21
904.893709
 31
0.0
  0
LINE
  5
17FD
330
70
100
AcDbEntity
  8
Visible
100
AcDbLine
 10
745.900717
 20
904.799709
 30
0.0
 11
745.834717
 21
904.844709
 31
0.0
  0
LINE
  5
17FE
330
70
100
AcDbEntity
  8
Visible
100
AcDbLine
 10
745.970717
 20
904.758709
 30
0.0
 11
745.900717
 21
904.799709
 31
0.0
  0
LINE
  5
17FF
330
70
100
AcDbEntity
  8
Visible
100
AcDbLine
 10
746.043717
 20
904.720709
 30
0.0
 11
745.970717
 21
904.758709
 31
0.0
  0
LINE
  5
1800
330
70
100
AcDbEntity
  8
Visible
100
AcDbLine
 10
746.118717
 20
904.686709
 30
0.0
 11
746.043717
 21
904.720709
 31
0.0
  0
LINE
  5
1801
330
70
100
AcDbEntity
  8
Visible
100
AcDbLine
 10
746.196717
 20
904.655709
 30
0.0
 11
746.118717
 21
904.686709
 31
0.0
  0
LINE
  5
1802
330
70
100
AcDbEntity
  8
Visible
100
AcDbLine
 10
746.275717
 20
904.628709
 30
0.0
 11
746.196717
 21
904.655709
 31
0.0
  0
LINE
  5
1803
330
70
100
AcDbEntity
  8
Visible
100
AcDbLine
 10
746.356717
 20
904.605709
 30
0.0
 11
746.275717
 21
904.628709
 31
0.0
  0
LINE
  5
1804
330
70
100
AcDbEntity
  8
Visible
100
AcDbLine
 10
746.439717
 20
904.585709
 30
0.0
 11
746.356717
 21
904.605709
 31
0.0
  0
LINE
  5
1805
330
70
100
AcDbEntity
  8
Visible
100
AcDbLine
 10
746.524717
 20
904.569709
 30
0.0
 11
746.439717
 21
904.585709
 31
0.0
  0
LINE
  5
1806
330
70
100
AcDbEntity
  8
Visible
100
AcDbLine
 10
746.611717
 20
904.556709
 30
0.0
 11
746.524717
 21
904.569709
 31
0.0
  0
LINE
  5
1807
330
70
100
AcDbEntity
  8
Visible
100
AcDbLine
 10
746.700717
 20
904.547709
 30
0.0
 11
746.611717
 21
904.556709
 31
0.0
  0
LINE
  5
1808
330
70
100
AcDbEntity
  8
Visible
100
AcDbLine
 10
746.790717
 20
904.542709
 30
0.0
 11
746.700717
 21
904.547709
 31
0.0
  0
LINE
  5
1809
330
70
100
AcDbEntity
  8
Visible
100
AcDbLine
 10
746.883717
 20
904.540709
 30
0.0
 11
746.790717
 21
904.542709
 31
0.0
  0
LINE
  5
180A
330
70
100
AcDbEntity
  8
Visible
100
AcDbLine
 10
746.948717
 20
904.541709
 30
0.0
 11
746.883717
 21
904.540709
 31
0.0
  0
LINE
  5
180B
330
70
100
AcDbEntity
  8
Visible
100
AcDbLine
 10
747.012717
 20
904.543709
 30
0.0
 11
746.948717
 21
904.541709
 31
0.0
  0
LINE
  5
180C
330
70
100
AcDbEntity
  8
Visible
100
AcDbLine
 10
747.076717
 20
904.548709
 30
0.0
 11
747.012717
 21
904.543709
 31
0.0
  0
LINE
  5
180D
330
70
100
AcDbEntity
  8
Visible
100
AcDbLine
 10
747.139717
 20
904.553709
 30
0.0
 11
747.076717
 21
904.548709
 31
0.0
  0
LINE
  5
180E
330
70
100
AcDbEntity
  8
Visible
100
AcDbLine
 10
747.202717
 20
904.561709
 30
0.0
 11
747.139717
 21
904.553709
 31
0.0
  0
LINE
  5
180F
330
70
100
AcDbEntity
  8
Visible
100
AcDbLine
 10
747.264717
 20
904.570709
 30
0.0
 11
747.202717
 21
904.561709
 31
0.0
  0
LINE
  5
1810
330
70
100
AcDbEntity
  8
Visible
100
AcDbLine
 10
747.326717
 20
904.581709
 30
0.0
 11
747.264717
 21
904.570709
 31
0.0
  0
LINE
  5
1811
330
70
100
AcDbEntity
  8
Visible
100
AcDbLine
 10
747.388717
 20
904.594709
 30
0.0
 11
747.326717
 21
904.581709
 31
0.0
  0
LINE
  5
1812
330
70
100
AcDbEntity
  8
Visible
100
AcDbLine
 10
747.449717
 20
904.608709
 30
0.0
 11
747.388717
 21
904.594709
 31
0.0
  0
LINE
  5
1813
330
70
100
AcDbEntity
  8
Visible
100
AcDbLine
 10
747.510717
 20
904.624709
 30
0.0
 11
747.449717
 21
904.608709
 31
0.0
  0
LINE
  5
1814
330
70
100
AcDbEntity
  8
Visible
100
AcDbLine
 10
747.571717
 20
904.641709
 30
0.0
 11
747.510717
 21
904.624709
 31
0.0
  0
LINE
  5
1815
330
70
100
AcDbEntity
  8
Visible
100
AcDbLine
 10
747.631717
 20
904.660709
 30
0.0
 11
747.571717
 21
904.641709
 31
0.0
  0
LINE
  5
1816
330
70
100
AcDbEntity
  8
Visible
100
AcDbLine
 10
747.692717
 20
904.679709
 30
0.0
 11
747.631717
 21
904.660709
 31
0.0
  0
LINE
  5
1817
330
70
100
AcDbEntity
  8
Visible
100
AcDbLine
 10
747.753717
 20
904.699709
 30
0.0
 11
747.692717
 21
904.679709
 31
0.0
  0
LINE
  5
1818
330
70
100
AcDbEntity
  8
Visible
100
AcDbLine
 10
747.814717
 20
904.720709
 30
0.0
 11
747.753717
 21
904.699709
 31
0.0
  0
LINE
  5
1819
330
70
100
AcDbEntity
  8
Visible
100
AcDbLine
 10
747.875717
 20
904.742709
 30
0.0
 11
747.814717
 21
904.720709
 31
0.0
  0
LINE
  5
181A
330
70
100
AcDbEntity
  8
Visible
100
AcDbLine
 10
747.936717
 20
904.765709
 30
0.0
 11
747.875717
 21
904.742709
 31
0.0
  0
LINE
  5
181B
330
70
100
AcDbEntity
  8
Visible
100
AcDbLine
 10
747.997717
 20
904.789709
 30
0.0
 11
747.936717
 21
904.765709
 31
0.0
  0
LINE
  5
181C
330
70
100
AcDbEntity
  8
Visible
100
AcDbLine
 10
748.058717
 20
904.814709
 30
0.0
 11
747.997717
 21
904.789709
 31
0.0
  0
LINE
  5
181D
330
70
100
AcDbEntity
  8
Visible
100
AcDbLine
 10
748.119717
 20
904.840709
 30
0.0
 11
748.058717
 21
904.814709
 31
0.0
  0
LINE
  5
181E
330
70
100
AcDbEntity
  8
Visible
100
AcDbLine
 10
747.987717
 20
905.512709
 30
0.0
 11
748.119717
 21
904.840709
 31
0.0
  0
LINE
  5
181F
330
70
100
AcDbEntity
  8
Visible
100
AcDbLine
 10
747.930717
 20
905.491709
 30
0.0
 11
747.987717
 21
905.512709
 31
0.0
  0
LINE
  5
1820
330
70
100
AcDbEntity
  8
Visible
100
AcDbLine
 10
747.874717
 20
905.471709
 30
0.0
 11
747.930717
 21
905.491709
 31
0.0
  0
LINE
  5
1821
330
70
100
AcDbEntity
  8
Visible
100
AcDbLine
 10
747.819717
 20
905.452709
 30
0.0
 11
747.874717
 21
905.471709
 31
0.0
  0
LINE
  5
1822
330
70
100
AcDbEntity
  8
Visible
100
AcDbLine
 10
747.766717
 20
905.434709
 30
0.0
 11
747.819717
 21
905.452709
 31
0.0
  0
LINE
  5
1823
330
70
100
AcDbEntity
  8
Visible
100
AcDbLine
 10
747.713717
 20
905.418709
 30
0.0
 11
747.766717
 21
905.434709
 31
0.0
  0
LINE
  5
1824
330
70
100
AcDbEntity
  8
Visible
100
AcDbLine
 10
747.662717
 20
905.402709
 30
0.0
 11
747.713717
 21
905.418709
 31
0.0
  0
LINE
  5
1825
330
70
100
AcDbEntity
  8
Visible
100
AcDbLine
 10
747.612717
 20
905.387709
 30
0.0
 11
747.662717
 21
905.402709
 31
0.0
  0
LINE
  5
1826
330
70
100
AcDbEntity
  8
Visible
100
AcDbLine
 10
747.563717
 20
905.374709
 30
0.0
 11
747.612717
 21
905.387709
 31
0.0
  0
LINE
  5
1827
330
70
100
AcDbEntity
  8
Visible
100
AcDbLine
 10
747.515717
 20
905.361709
 30
0.0
 11
747.563717
 21
905.374709
 31
0.0
  0
LINE
  5
1828
330
70
100
AcDbEntity
  8
Visible
100
AcDbLine
 10
747.468717
 20
905.350709
 30
0.0
 11
747.515717
 21
905.361709
 31
0.0
  0
LINE
  5
1829
330
70
100
AcDbEntity
  8
Visible
100
AcDbLine
 10
747.422717
 20
905.340709
 30
0.0
 11
747.468717
 21
905.350709
 31
0.0
  0
LINE
  5
182A
330
70
100
AcDbEntity
  8
Visible
100
AcDbLine
 10
747.328717
 20
905.322709
 30
0.0
 11
747.422717
 21
905.340709
 31
0.0
  0
LINE
  5
182B
330
70
100
AcDbEntity
  8
Visible
100
AcDbLine
 10
747.281717
 20
905.315709
 30
0.0
 11
747.328717
 21
905.322709
 31
0.0
  0
LINE
  5
182C
330
70
100
AcDbEntity
  8
Visible
100
AcDbLine
 10
747.233717
 20
905.309709
 30
0.0
 11
747.281717
 21
905.315709
 31
0.0
  0
LINE
  5
182D
330
70
100
AcDbEntity
  8
Visible
100
AcDbLine
 10
747.137717
 20
905.301709
 30
0.0
 11
747.233717
 21
905.309709
 31
0.0
  0
LINE
  5
182E
330
70
100
AcDbEntity
  8
Visible
100
AcDbLine
 10
747.089717
 20
905.298709
 30
0.0
 11
747.137717
 21
905.301709
 31
0.0
  0
LINE
  5
182F
330
70
100
AcDbEntity
  8
Visible
100
AcDbLine
 10
746.991717
 20
905.296709
 30
0.0
 11
747.089717
 21
905.298709
 31
0.0
  0
LINE
  5
1830
330
70
100
AcDbEntity
  8
Visible
100
AcDbLine
 10
746.834717
 20
905.305709
 30
0.0
 11
746.991717
 21
905.296709
 31
0.0
  0
LINE
  5
1831
330
70
100
AcDbEntity
  8
Visible
100
AcDbLine
 10
746.693717
 20
905.332709
 30
0.0
 11
746.834717
 21
905.305709
 31
0.0
  0
LINE
  5
1832
330
70
100
AcDbEntity
  8
Visible
100
AcDbLine
 10
746.569717
 20
905.376709
 30
0.0
 11
746.693717
 21
905.332709
 31
0.0
  0
LINE
  5
1833
330
70
100
AcDbEntity
  8
Visible
100
AcDbLine
 10
746.461717
 20
905.438709
 30
0.0
 11
746.569717
 21
905.376709
 31
0.0
  0
LINE
  5
1834
330
70
100
AcDbEntity
  8
Visible
100
AcDbLine
 10
746.370717
 20
905.518709
 30
0.0
 11
746.461717
 21
905.438709
 31
0.0
  0
LINE
  5
1835
330
70
100
AcDbEntity
  8
Visible
100
AcDbLine
 10
746.295717
 20
905.616709
 30
0.0
 11
746.370717
 21
905.518709
 31
0.0
  0
LINE
  5
1836
330
70
100
AcDbEntity
  8
Visible
100
AcDbLine
 10
746.238717
 20
905.731709
 30
0.0
 11
746.295717
 21
905.616709
 31
0.0
  0
LINE
  5
1837
330
70
100
AcDbEntity
  8
Visible
100
AcDbLine
 10
746.196717
 20
905.864709
 30
0.0
 11
746.238717
 21
905.731709
 31
0.0
  0
LINE
  5
1838
330
70
100
AcDbEntity
  8
Visible
100
AcDbLine
 10
746.171717
 20
906.015709
 30
0.0
 11
746.196717
 21
905.864709
 31
0.0
  0
LINE
  5
1839
330
70
100
AcDbEntity
  8
Visible
100
AcDbLine
 10
746.163717
 20
906.184709
 30
0.0
 11
746.171717
 21
906.015709
 31
0.0
  0
LINE
  5
183A
330
70
100
AcDbEntity
  8
Visible
100
AcDbLine
 10
746.163717
 20
909.772709
 30
0.0
 11
746.163717
 21
906.184709
 31
0.0
  0
LINE
  5
183B
330
70
100
AcDbEntity
  8
Visible
100
AcDbLine
 10
747.975717
 20
909.772709
 30
0.0
 11
746.163717
 21
909.772709
 31
0.0
  0
LINE
  5
183C
330
70
100
AcDbEntity
  8
Visible
100
AcDbLine
 10
747.975717
 20
910.420709
 30
0.0
 11
747.975717
 21
909.772709
 31
0.0
  0
LINE
  5
183D
330
70
100
AcDbEntity
  8
Visible
100
AcDbLine
 10
746.163717
 20
910.420709
 30
0.0
 11
747.975717
 21
910.420709
 31
0.0
  0
LINE
  5
183E
330
70
100
AcDbEntity
  8
Visible
100
AcDbLine
 10
746.163717
 20
912.016709
 30
0.0
 11
746.163717
 21
910.420709
 31
0.0
  0
LINE
  5
183F
330
70
100
AcDbEntity
  8
Visible
100
AcDbLine
 10
745.239717
 20
912.016709
 30
0.0
 11
746.163717
 21
912.016709
 31
0.0
  0
LINE
  5
1840
330
70
100
AcDbEntity
  8
Visible
100
AcDbLine
 10
740.727717
 20
910.420709
 30
0.0
 11
740.727717
 21
912.016709
 31
0.0
  0
LINE
  5
1841
330
70
100
AcDbEntity
  8
Visible
100
AcDbLine
 10
739.803717
 20
910.420709
 30
0.0
 11
740.727717
 21
910.420709
 31
0.0
  0
LINE
  5
1842
330
70
100
AcDbEntity
  8
Visible
100
AcDbLine
 10
739.803717
 20
909.772709
 30
0.0
 11
739.803717
 21
910.420709
 31
0.0
  0
LINE
  5
1843
330
70
100
AcDbEntity
  8
Visible
100
AcDbLine
 10
740.727717
 20
909.772709
 30
0.0
 11
739.803717
 21
909.772709
 31
0.0
  0
LINE
  5
1844
330
70
100
AcDbEntity
  8
Visible
100
AcDbLine
 10
740.727717
 20
906.160709
 30
0.0
 11
740.727717
 21
909.772709
 31
0.0
  0
LINE
  5
1845
330
70
100
AcDbEntity
  8
Visible
100
AcDbLine
 10
740.729717
 20
906.054709
 30
0.0
 11
740.727717
 21
906.160709
 31
0.0
  0
LINE
  5
1846
330
70
100
AcDbEntity
  8
Visible
100
AcDbLine
 10
740.736717
 20
905.951709
 30
0.0
 11
740.729717
 21
906.054709
 31
0.0
  0
LINE
  5
1847
330
70
100
AcDbEntity
  8
Visible
100
AcDbLine
 10
740.746717
 20
905.852709
 30
0.0
 11
740.736717
 21
905.951709
 31
0.0
  0
LINE
  5
1848
330
70
100
AcDbEntity
  8
Visible
100
AcDbLine
 10
740.762717
 20
905.757709
 30
0.0
 11
740.746717
 21
905.852709
 31
0.0
  0
LINE
  5
1849
330
70
100
AcDbEntity
  8
Visible
100
AcDbLine
 10
740.781717
 20
905.665709
 30
0.0
 11
740.762717
 21
905.757709
 31
0.0
  0
LINE
  5
184A
330
70
100
AcDbEntity
  8
Visible
100
AcDbLine
 10
740.805717
 20
905.577709
 30
0.0
 11
740.781717
 21
905.665709
 31
0.0
  0
LINE
  5
184B
330
70
100
AcDbEntity
  8
Visible
100
AcDbLine
 10
740.833717
 20
905.492709
 30
0.0
 11
740.805717
 21
905.577709
 31
0.0
  0
LINE
  5
184C
330
70
100
AcDbEntity
  8
Visible
100
AcDbLine
 10
740.865717
 20
905.411709
 30
0.0
 11
740.833717
 21
905.492709
 31
0.0
  0
LINE
  5
184D
330
70
100
AcDbEntity
  8
Visible
100
AcDbLine
 10
740.902717
 20
905.334709
 30
0.0
 11
740.865717
 21
905.411709
 31
0.0
  0
LINE
  5
184E
330
70
100
AcDbEntity
  8
Visible
100
AcDbLine
 10
740.943717
 20
905.260709
 30
0.0
 11
740.902717
 21
905.334709
 31
0.0
  0
LINE
  5
184F
330
70
100
AcDbEntity
  8
Visible
100
AcDbLine
 10
740.988717
 20
905.190709
 30
0.0
 11
740.943717
 21
905.260709
 31
0.0
  0
LINE
  5
1850
330
70
100
AcDbEntity
  8
Visible
100
AcDbLine
 10
741.036717
 20
905.123709
 30
0.0
 11
740.988717
 21
905.190709
 31
0.0
  0
LINE
  5
1851
330
70
100
AcDbEntity
  8
Visible
100
AcDbLine
 10
741.087717
 20
905.060709
 30
0.0
 11
741.036717
 21
905.123709
 31
0.0
  0
LINE
  5
1852
330
70
100
AcDbEntity
  8
Visible
100
AcDbLine
 10
741.141717
 20
905.001709
 30
0.0
 11
741.087717
 21
905.060709
 31
0.0
  0
LINE
  5
1853
330
70
100
AcDbEntity
  8
Visible
100
AcDbLine
 10
741.198717
 20
904.945709
 30
0.0
 11
741.141717
 21
905.001709
 31
0.0
  0
LINE
  5
1854
330
70
100
AcDbEntity
  8
Visible
100
AcDbLine
 10
741.258717
 20
904.893709
 30
0.0
 11
741.198717
 21
904.945709
 31
0.0
  0
LINE
  5
1855
330
70
100
AcDbEntity
  8
Visible
100
AcDbLine
 10
741.322717
 20
904.844709
 30
0.0
 11
741.258717
 21
904.893709
 31
0.0
  0
LINE
  5
1856
330
70
100
AcDbEntity
  8
Visible
100
AcDbLine
 10
741.388717
 20
904.799709
 30
0.0
 11
741.322717
 21
904.844709
 31
0.0
  0
LINE
  5
1857
330
70
100
AcDbEntity
  8
Visible
100
AcDbLine
 10
741.458717
 20
904.758709
 30
0.0
 11
741.388717
 21
904.799709
 31
0.0
  0
LINE
  5
1858
330
70
100
AcDbEntity
  8
Visible
100
AcDbLine
 10
741.531717
 20
904.720709
 30
0.0
 11
741.458717
 21
904.758709
 31
0.0
  0
LINE
  5
1859
330
70
100
AcDbEntity
  8
Visible
100
AcDbLine
 10
741.606717
 20
904.686709
 30
0.0
 11
741.531717
 21
904.720709
 31
0.0
  0
LINE
  5
185A
330
70
100
AcDbEntity
  8
Visible
100
AcDbLine
 10
741.684717
 20
904.655709
 30
0.0
 11
741.606717
 21
904.686709
 31
0.0
  0
LINE
  5
185B
330
70
100
AcDbEntity
  8
Visible
100
AcDbLine
 10
741.763717
 20
904.628709
 30
0.0
 11
741.684717
 21
904.655709
 31
0.0
  0
LINE
  5
185C
330
70
100
AcDbEntity
  8
Visible
100
AcDbLine
 10
741.844717
 20
904.605709
 30
0.0
 11
741.763717
 21
904.628709
 31
0.0
  0
LINE
  5
185D
330
70
100
AcDbEntity
  8
Visible
100
AcDbLine
 10
741.927717
 20
904.585709
 30
0.0
 11
741.844717
 21
904.605709
 31
0.0
  0
LINE
  5
185E
330
70
100
AcDbEntity
  8
Visible
100
AcDbLine
 10
742.012717
 20
904.569709
 30
0.0
 11
741.927717
 21
904.585709
 31
0.0
  0
LINE
  5
185F
330
70
100
AcDbEntity
  8
Visible
100
AcDbLine
 10
742.099717
 20
904.556709
 30
0.0
 11
742.012717
 21
904.569709
 31
0.0
  0
LINE
  5
1860
330
70
100
AcDbEntity
  8
Visible
100
AcDbLine
 10
742.188717
 20
904.547709
 30
0.0
 11
742.099717
 21
904.556709
 31
0.0
  0
LINE
  5
1861
330
70
100
AcDbEntity
  8
Visible
100
AcDbLine
 10
742.278717
 20
904.542709
 30
0.0
 11
742.188717
 21
904.547709
 31
0.0
  0
LINE
  5
1862
330
70
100
AcDbEntity
  8
Visible
100
AcDbLine
 10
742.371717
 20
904.540709
 30
0.0
 11
742.278717
 21
904.542709
 31
0.0
  0
LINE
  5
1863
330
70
100
AcDbEntity
  8
Visible
100
AcDbLine
 10
742.436717
 20
904.541709
 30
0.0
 11
742.371717
 21
904.540709
 31
0.0
  0
LINE
  5
1864
330
70
100
AcDbEntity
  8
Visible
100
AcDbLine
 10
742.500717
 20
904.543709
 30
0.0
 11
742.436717
 21
904.541709
 31
0.0
  0
LINE
  5
1865
330
70
100
AcDbEntity
  8
Visible
100
AcDbLine
 10
742.564717
 20
904.548709
 30
0.0
 11
742.500717
 21
904.543709
 31
0.0
  0
LINE
  5
1866
330
70
100
AcDbEntity
  8
Visible
100
AcDbLine
 10
742.627717
 20
904.553709
 30
0.0
 11
742.564717
 21
904.548709
 31
0.0
  0
LINE
  5
1867
330
70
100
AcDbEntity
  8
Visible
100
AcDbLine
 10
742.690717
 20
904.561709
 30
0.0
 11
742.627717
 21
904.553709
 31
0.0
  0
LINE
  5
1868
330
70
100
AcDbEntity
  8
Visible
100
AcDbLine
 10
742.752717
 20
904.570709
 30
0.0
 11
742.690717
 21
904.561709
 31
0.0
  0
LINE
  5
1869
330
70
100
AcDbEntity
  8
Visible
100
AcDbLine
 10
742.814717
 20
904.581709
 30
0.0
 11
742.752717
 21
904.570709
 31
0.0
  0
LINE
  5
186A
330
70
100
AcDbEntity
  8
Visible
100
AcDbLine
 10
742.876717
 20
904.594709
 30
0.0
 11
742.814717
 21
904.581709
 31
0.0
  0
LINE
  5
186B
330
70
100
AcDbEntity
  8
Visible
100
AcDbLine
 10
742.937717
 20
904.608709
 30
0.0
 11
742.876717
 21
904.594709
 31
0.0
  0
LINE
  5
186C
330
70
100
AcDbEntity
  8
Visible
100
AcDbLine
 10
742.998717
 20
904.624709
 30
0.0
 11
742.937717
 21
904.608709
 31
0.0
  0
LINE
  5
186D
330
70
100
AcDbEntity
  8
Visible
100
AcDbLine
 10
743.059717
 20
904.641709
 30
0.0
 11
742.998717
 21
904.624709
 31
0.0
  0
LINE
  5
186E
330
70
100
AcDbEntity
  8
Visible
100
AcDbLine
 10
743.119717
 20
904.660709
 30
0.0
 11
743.059717
 21
904.641709
 31
0.0
  0
LINE
  5
186F
330
70
100
AcDbEntity
  8
Visible
100
AcDbLine
 10
743.180717
 20
904.679709
 30
0.0
 11
743.119717
 21
904.660709
 31
0.0
  0
LINE
  5
1870
330
70
100
AcDbEntity
  8
Visible
100
AcDbLine
 10
743.241717
 20
904.699709
 30
0.0
 11
743.180717
 21
904.679709
 31
0.0
  0
LINE
  5
1871
330
70
100
AcDbEntity
  8
Visible
100
AcDbLine
 10
743.302717
 20
904.720709
 30
0.0
 11
743.241717
 21
904.699709
 31
0.0
  0
LINE
  5
1872
330
70
100
AcDbEntity
  8
Visible
100
AcDbLine
 10
743.363717
 20
904.742709
 30
0.0
 11
743.302717
 21
904.720709
 31
0.0
  0
LINE
  5
1873
330
70
100
AcDbEntity
  8
Visible
100
AcDbLine
 10
743.424717
 20
904.765709
 30
0.0
 11
743.363717
 21
904.742709
 31
0.0
  0
LINE
  5
1874
330
70
100
AcDbEntity
  8
Visible
100
AcDbLine
 10
743.485717
 20
904.789709
 30
0.0
 11
743.424717
 21
904.765709
 31
0.0
  0
LINE
  5
1875
330
70
100
AcDbEntity
  8
Visible
100
AcDbLine
 10
743.546717
 20
904.814709
 30
0.0
 11
743.485717
 21
904.789709
 31
0.0
  0
LINE
  5
1876
330
70
100
AcDbEntity
  8
Visible
100
AcDbLine
 10
743.607717
 20
904.840709
 30
0.0
 11
743.546717
 21
904.814709
 31
0.0
  0
LINE
  5
1877
330
70
100
AcDbEntity
  8
Visible
100
AcDbLine
 10
743.475717
 20
905.512709
 30
0.0
 11
743.607717
 21
904.840709
 31
0.0
  0
LINE
  5
1878
330
70
100
AcDbEntity
  8
Visible
100
AcDbLine
 10
743.418717
 20
905.491709
 30
0.0
 11
743.475717
 21
905.512709
 31
0.0
  0
LINE
  5
1879
330
70
100
AcDbEntity
  8
Visible
100
AcDbLine
 10
743.362717
 20
905.471709
 30
0.0
 11
743.418717
 21
905.491709
 31
0.0
  0
LINE
  5
187A
330
70
100
AcDbEntity
  8
Visible
100
AcDbLine
 10
743.307717
 20
905.452709
 30
0.0
 11
743.362717
 21
905.471709
 31
0.0
  0
LINE
  5
187B
330
70
100
AcDbEntity
  8
Visible
100
AcDbLine
 10
743.254717
 20
905.434709
 30
0.0
 11
743.307717
 21
905.452709
 31
0.0
  0
LINE
  5
187C
330
70
100
AcDbEntity
  8
Visible
100
AcDbLine
 10
743.201717
 20
905.418709
 30
0.0
 11
743.254717
 21
905.434709
 31
0.0
  0
LINE
  5
187D
330
70
100
AcDbEntity
  8
Visible
100
AcDbLine
 10
743.150717
 20
905.402709
 30
0.0
 11
743.201717
 21
905.418709
 31
0.0
  0
LINE
  5
187E
330
70
100
AcDbEntity
  8
Visible
100
AcDbLine
 10
743.100717
 20
905.387709
 30
0.0
 11
743.150717
 21
905.402709
 31
0.0
  0
LINE
  5
187F
330
70
100
AcDbEntity
  8
Visible
100
AcDbLine
 10
743.051717
 20
905.374709
 30
0.0
 11
743.100717
 21
905.387709
 31
0.0
  0
LINE
  5
1880
330
70
100
AcDbEntity
  8
Visible
100
AcDbLine
 10
743.003717
 20
905.361709
 30
0.0
 11
743.051717
 21
905.374709
 31
0.0
  0
LINE
  5
1881
330
70
100
AcDbEntity
  8
Visible
100
AcDbLine
 10
742.956717
 20
905.350709
 30
0.0
 11
743.003717
 21
905.361709
 31
0.0
  0
LINE
  5
1882
330
70
100
AcDbEntity
  8
Visible
100
AcDbLine
 10
742.910717
 20
905.340709
 30
0.0
 11
742.956717
 21
905.350709
 31
0.0
  0
LINE
  5
1883
330
70
100
AcDbEntity
  8
Visible
100
AcDbLine
 10
742.816717
 20
905.322709
 30
0.0
 11
742.910717
 21
905.340709
 31
0.0
  0
LINE
  5
1884
330
70
100
AcDbEntity
  8
Visible
100
AcDbLine
 10
742.769717
 20
905.315709
 30
0.0
 11
742.816717
 21
905.322709
 31
0.0
  0
LINE
  5
1885
330
70
100
AcDbEntity
  8
Visible
100
AcDbLine
 10
742.721717
 20
905.309709
 30
0.0
 11
742.769717
 21
905.315709
 31
0.0
  0
LINE
  5
1886
330
70
100
AcDbEntity
  8
Visible
100
AcDbLine
 10
742.625717
 20
905.301709
 30
0.0
 11
742.721717
 21
905.309709
 31
0.0
  0
LINE
  5
1887
330
70
100
AcDbEntity
  8
Visible
100
AcDbLine
 10
742.577717
 20
905.298709
 30
0.0
 11
742.625717
 21
905.301709
 31
0.0
  0
LINE
  5
1888
330
70
100
AcDbEntity
  8
Visible
100
AcDbLine
 10
742.479717
 20
905.296709
 30
0.0
 11
742.577717
 21
905.298709
 31
0.0
  0
LINE
  5
1889
330
70
100
AcDbEntity
  8
Visible
100
AcDbLine
 10
742.322717
 20
905.305709
 30
0.0
 11
742.479717
 21
905.296709
 31
0.0
  0
LINE
  5
188A
330
70
100
AcDbEntity
  8
Visible
100
AcDbLine
 10
742.181717
 20
905.332709
 30
0.0
 11
742.322717
 21
905.305709
 31
0.0
  0
LINE
  5
188B
330
70
100
AcDbEntity
  8
Visible
100
AcDbLine
 10
742.057717
 20
905.376709
 30
0.0
 11
742.181717
 21
905.332709
 31
0.0
  0
LINE
  5
188C
330
70
100
AcDbEntity
  8
Visible
100
AcDbLine
 10
741.949717
 20
905.438709
 30
0.0
 11
742.057717
 21
905.376709
 31
0.0
  0
LINE
  5
188D
330
70
100
AcDbEntity
  8
Visible
100
AcDbLine
 10
741.858717
 20
905.518709
 30
0.0
 11
741.949717
 21
905.438709
 31
0.0
  0
LINE
  5
188E
330
70
100
AcDbEntity
  8
Visible
100
AcDbLine
 10
741.783717
 20
905.616709
 30
0.0
 11
741.858717
 21
905.518709
 31
0.0
  0
LINE
  5
188F
330
70
100
AcDbEntity
  8
Visible
100
AcDbLine
 10
741.726717
 20
905.731709
 30
0.0
 11
741.783717
 21
905.616709
 31
0.0
  0
LINE
  5
1890
330
70
100
AcDbEntity
  8
Visible
100
AcDbLine
 10
741.684717
 20
905.864709
 30
0.0
 11
741.726717
 21
905.731709
 31
0.0
  0
LINE
  5
1891
330
70
100
AcDbEntity
  8
Visible
100
AcDbLine
 10
741.659717
 20
906.015709
 30
0.0
 11
741.684717
 21
905.864709
 31
0.0
  0
LINE
  5
1892
330
70
100
AcDbEntity
  8
Visible
100
AcDbLine
 10
741.651717
 20
906.184709
 30
0.0
 11
741.659717
 21
906.015709
 31
0.0
  0
LINE
  5
1893
330
70
100
AcDbEntity
  8
Visible
100
AcDbLine
 10
741.651717
 20
909.772709
 30
0.0
 11
741.651717
 21
906.184709
 31
0.0
  0
LINE
  5
1894
330
70
100
AcDbEntity
  8
Visible
100
AcDbLine
 10
743.463717
 20
909.772709
 30
0.0
 11
741.651717
 21
909.772709
 31
0.0
  0
LINE
  5
1895
330
70
100
AcDbEntity
  8
Visible
100
AcDbLine
 10
743.463717
 20
910.420709
 30
0.0
 11
743.463717
 21
909.772709
 31
0.0
  0
LINE
  5
1896
330
70
100
AcDbEntity
  8
Visible
100
AcDbLine
 10
741.651717
 20
910.420709
 30
0.0
 11
743.463717
 21
910.420709
 31
0.0
  0
LINE
  5
1897
330
70
100
AcDbEntity
  8
Visible
100
AcDbLine
 10
741.651717
 20
912.016709
 30
0.0
 11
741.651717
 21
910.420709
 31
0.0
  0
LINE
  5
1898
330
70
100
AcDbEntity
  8
Visible
100
AcDbLine
 10
740.727717
 20
912.016709
 30
0.0
 11
741.651717
 21
912.016709
 31
0.0
  0
LINE
  5
1899
330
70
100
AcDbEntity
  8
Visible
100
AcDbLine
 10
736.426717
 20
904.554709
 30
0.0
 11
736.277717
 21
904.543709
 31
0.0
  0
LINE
  5
189A
330
70
100
AcDbEntity
  8
Visible
100
AcDbLine
 10
736.571717
 20
904.571709
 30
0.0
 11
736.426717
 21
904.554709
 31
0.0
  0
LINE
  5
189B
330
70
100
AcDbEntity
  8
Visible
100
AcDbLine
 10
736.713717
 20
904.595709
 30
0.0
 11
736.571717
 21
904.571709
 31
0.0
  0
LINE
  5
189C
330
70
100
AcDbEntity
  8
Visible
100
AcDbLine
 10
736.852717
 20
904.625709
 30
0.0
 11
736.713717
 21
904.595709
 31
0.0
  0
LINE
  5
189D
330
70
100
AcDbEntity
  8
Visible
100
AcDbLine
 10
736.987717
 20
904.663709
 30
0.0
 11
736.852717
 21
904.625709
 31
0.0
  0
LINE
  5
189E
330
70
100
AcDbEntity
  8
Visible
100
AcDbLine
 10
737.119717
 20
904.708709
 30
0.0
 11
736.987717
 21
904.663709
 31
0.0
  0
LINE
  5
189F
330
70
100
AcDbEntity
  8
Visible
100
AcDbLine
 10
737.248717
 20
904.759709
 30
0.0
 11
737.119717
 21
904.708709
 31
0.0
  0
LINE
  5
18A0
330
70
100
AcDbEntity
  8
Visible
100
AcDbLine
 10
737.374717
 20
904.817709
 30
0.0
 11
737.248717
 21
904.759709
 31
0.0
  0
LINE
  5
18A1
330
70
100
AcDbEntity
  8
Visible
100
AcDbLine
 10
737.496717
 20
904.882709
 30
0.0
 11
737.374717
 21
904.817709
 31
0.0
  0
LINE
  5
18A2
330
70
100
AcDbEntity
  8
Visible
100
AcDbLine
 10
737.614717
 20
904.954709
 30
0.0
 11
737.496717
 21
904.882709
 31
0.0
  0
LINE
  5
18A3
330
70
100
AcDbEntity
  8
Visible
100
AcDbLine
 10
737.727717
 20
905.032709
 30
0.0
 11
737.614717
 21
904.954709
 31
0.0
  0
LINE
  5
18A4
330
70
100
AcDbEntity
  8
Visible
100
AcDbLine
 10
737.835717
 20
905.117709
 30
0.0
 11
737.727717
 21
905.032709
 31
0.0
  0
LINE
  5
18A5
330
70
100
AcDbEntity
  8
Visible
100
AcDbLine
 10
737.937717
 20
905.208709
 30
0.0
 11
737.835717
 21
905.117709
 31
0.0
  0
LINE
  5
18A6
330
70
100
AcDbEntity
  8
Visible
100
AcDbLine
 10
738.035717
 20
905.307709
 30
0.0
 11
737.937717
 21
905.208709
 31
0.0
  0
LINE
  5
18A7
330
70
100
AcDbEntity
  8
Visible
100
AcDbLine
 10
738.127717
 20
905.411709
 30
0.0
 11
738.035717
 21
905.307709
 31
0.0
  0
LINE
  5
18A8
330
70
100
AcDbEntity
  8
Visible
100
AcDbLine
 10
738.214717
 20
905.523709
 30
0.0
 11
738.127717
 21
905.411709
 31
0.0
  0
LINE
  5
18A9
330
70
100
AcDbEntity
  8
Visible
100
AcDbLine
 10
738.296717
 20
905.640709
 30
0.0
 11
738.214717
 21
905.523709
 31
0.0
  0
LINE
  5
18AA
330
70
100
AcDbEntity
  8
Visible
100
AcDbLine
 10
738.372717
 20
905.765709
 30
0.0
 11
738.296717
 21
905.640709
 31
0.0
  0
LINE
  5
18AB
330
70
100
AcDbEntity
  8
Visible
100
AcDbLine
 10
738.444717
 20
905.896709
 30
0.0
 11
738.372717
 21
905.765709
 31
0.0
  0
LINE
  5
18AC
330
70
100
AcDbEntity
  8
Visible
100
AcDbLine
 10
738.510717
 20
906.034709
 30
0.0
 11
738.444717
 21
905.896709
 31
0.0
  0
LINE
  5
18AD
330
70
100
AcDbEntity
  8
Visible
100
AcDbLine
 10
738.568717
 20
906.177709
 30
0.0
 11
738.510717
 21
906.034709
 31
0.0
  0
LINE
  5
18AE
330
70
100
AcDbEntity
  8
Visible
100
AcDbLine
 10
738.620717
 20
906.327709
 30
0.0
 11
738.568717
 21
906.177709
 31
0.0
  0
LINE
  5
18AF
330
70
100
AcDbEntity
  8
Visible
100
AcDbLine
 10
738.665717
 20
906.484709
 30
0.0
 11
738.620717
 21
906.327709
 31
0.0
  0
LINE
  5
18B0
330
70
100
AcDbEntity
  8
Visible
100
AcDbLine
 10
738.703717
 20
906.646709
 30
0.0
 11
738.665717
 21
906.484709
 31
0.0
  0
LINE
  5
18B1
330
70
100
AcDbEntity
  8
Visible
100
AcDbLine
 10
738.734717
 20
906.815709
 30
0.0
 11
738.703717
 21
906.646709
 31
0.0
  0
LINE
  5
18B2
330
70
100
AcDbEntity
  8
Visible
100
AcDbLine
 10
738.758717
 20
906.990709
 30
0.0
 11
738.734717
 21
906.815709
 31
0.0
  0
LINE
  5
18B3
330
70
100
AcDbEntity
  8
Visible
100
AcDbLine
 10
738.775717
 20
907.171709
 30
0.0
 11
738.758717
 21
906.990709
 31
0.0
  0
LINE
  5
18B4
330
70
100
AcDbEntity
  8
Visible
100
AcDbLine
 10
738.786717
 20
907.358709
 30
0.0
 11
738.775717
 21
907.171709
 31
0.0
  0
LINE
  5
18B5
330
70
100
AcDbEntity
  8
Visible
100
AcDbLine
 10
738.789717
 20
907.552709
 30
0.0
 11
738.786717
 21
907.358709
 31
0.0
  0
LINE
  5
18B6
330
70
100
AcDbEntity
  8
Visible
100
AcDbLine
 10
738.786717
 20
907.747709
 30
0.0
 11
738.789717
 21
907.552709
 31
0.0
  0
LINE
  5
18B7
330
70
100
AcDbEntity
  8
Visible
100
AcDbLine
 10
738.775717
 20
907.935709
 30
0.0
 11
738.786717
 21
907.747709
 31
0.0
  0
LINE
  5
18B8
330
70
100
AcDbEntity
  8
Visible
100
AcDbLine
 10
738.758717
 20
908.117709
 30
0.0
 11
738.775717
 21
907.935709
 31
0.0
  0
LINE
  5
18B9
330
70
100
AcDbEntity
  8
Visible
100
AcDbLine
 10
738.734717
 20
908.293709
 30
0.0
 11
738.758717
 21
908.117709
 31
0.0
  0
LINE
  5
18BA
330
70
100
AcDbEntity
  8
Visible
100
AcDbLine
 10
738.703717
 20
908.462709
 30
0.0
 11
738.734717
 21
908.293709
 31
0.0
  0
LINE
  5
18BB
330
70
100
AcDbEntity
  8
Visible
100
AcDbLine
 10
738.665717
 20
908.624709
 30
0.0
 11
738.703717
 21
908.462709
 31
0.0
  0
LINE
  5
18BC
330
70
100
AcDbEntity
  8
Visible
100
AcDbLine
 10
738.620717
 20
908.781709
 30
0.0
 11
738.665717
 21
908.624709
 31
0.0
  0
LINE
  5
18BD
330
70
100
AcDbEntity
  8
Visible
100
AcDbLine
 10
738.568717
 20
908.931709
 30
0.0
 11
738.620717
 21
908.781709
 31
0.0
  0
LINE
  5
18BE
330
70
100
AcDbEntity
  8
Visible
100
AcDbLine
 10
738.510717
 20
909.074709
 30
0.0
 11
738.568717
 21
908.931709
 31
0.0
  0
LINE
  5
18BF
330
70
100
AcDbEntity
  8
Visible
100
AcDbLine
 10
738.444717
 20
909.211709
 30
0.0
 11
738.510717
 21
909.074709
 31
0.0
  0
LINE
  5
18C0
330
70
100
AcDbEntity
  8
Visible
100
AcDbLine
 10
738.372717
 20
909.342709
 30
0.0
 11
738.444717
 21
909.211709
 31
0.0
  0
LINE
  5
18C1
330
70
100
AcDbEntity
  8
Visible
100
AcDbLine
 10
738.296717
 20
909.466709
 30
0.0
 11
738.372717
 21
909.342709
 31
0.0
  0
LINE
  5
18C2
330
70
100
AcDbEntity
  8
Visible
100
AcDbLine
 10
738.214717
 20
909.583709
 30
0.0
 11
738.296717
 21
909.466709
 31
0.0
  0
LINE
  5
18C3
330
70
100
AcDbEntity
  8
Visible
100
AcDbLine
 10
738.127717
 20
909.694709
 30
0.0
 11
738.214717
 21
909.583709
 31
0.0
  0
LINE
  5
18C4
330
70
100
AcDbEntity
  8
Visible
100
AcDbLine
 10
738.035717
 20
909.798709
 30
0.0
 11
738.127717
 21
909.694709
 31
0.0
  0
LINE
  5
18C5
330
70
100
AcDbEntity
  8
Visible
100
AcDbLine
 10
737.937717
 20
909.896709
 30
0.0
 11
738.035717
 21
909.798709
 31
0.0
  0
LINE
  5
18C6
330
70
100
AcDbEntity
  8
Visible
100
AcDbLine
 10
737.835717
 20
909.987709
 30
0.0
 11
737.937717
 21
909.896709
 31
0.0
  0
LINE
  5
18C7
330
70
100
AcDbEntity
  8
Visible
100
AcDbLine
 10
737.727717
 20
910.072709
 30
0.0
 11
737.835717
 21
909.987709
 31
0.0
  0
LINE
  5
18C8
330
70
100
AcDbEntity
  8
Visible
100
AcDbLine
 10
737.614717
 20
910.150709
 30
0.0
 11
737.727717
 21
910.072709
 31
0.0
  0
LINE
  5
18C9
330
70
100
AcDbEntity
  8
Visible
100
AcDbLine
 10
737.496717
 20
910.222709
 30
0.0
 11
737.614717
 21
910.150709
 31
0.0
  0
LINE
  5
18CA
330
70
100
AcDbEntity
  8
Visible
100
AcDbLine
 10
737.374717
 20
910.287709
 30
0.0
 11
737.496717
 21
910.222709
 31
0.0
  0
LINE
  5
18CB
330
70
100
AcDbEntity
  8
Visible
100
AcDbLine
 10
737.248717
 20
910.345709
 30
0.0
 11
737.374717
 21
910.287709
 31
0.0
  0
LINE
  5
18CC
330
70
100
AcDbEntity
  8
Visible
100
AcDbLine
 10
737.119717
 20
910.396709
 30
0.0
 11
737.248717
 21
910.345709
 31
0.0
  0
LINE
  5
18CD
330
70
100
AcDbEntity
  8
Visible
100
AcDbLine
 10
736.987717
 20
910.441709
 30
0.0
 11
737.119717
 21
910.396709
 31
0.0
  0
LINE
  5
18CE
330
70
100
AcDbEntity
  8
Visible
100
AcDbLine
 10
736.852717
 20
910.479709
 30
0.0
 11
736.987717
 21
910.441709
 31
0.0
  0
LINE
  5
18CF
330
70
100
AcDbEntity
  8
Visible
100
AcDbLine
 10
736.713717
 20
910.509709
 30
0.0
 11
736.852717
 21
910.479709
 31
0.0
  0
LINE
  5
18D0
330
70
100
AcDbEntity
  8
Visible
100
AcDbLine
 10
736.571717
 20
910.533709
 30
0.0
 11
736.713717
 21
910.509709
 31
0.0
  0
LINE
  5
18D1
330
70
100
AcDbEntity
  8
Visible
100
AcDbLine
 10
736.426717
 20
910.550709
 30
0.0
 11
736.571717
 21
910.533709
 31
0.0
  0
LINE
  5
18D2
330
70
100
AcDbEntity
  8
Visible
100
AcDbLine
 10
736.277717
 20
910.561709
 30
0.0
 11
736.426717
 21
910.550709
 31
0.0
  0
LINE
  5
18D3
330
70
100
AcDbEntity
  8
Visible
100
AcDbLine
 10
736.125717
 20
910.564709
 30
0.0
 11
736.277717
 21
910.561709
 31
0.0
  0
LINE
  5
18D4
330
70
100
AcDbEntity
  8
Visible
100
AcDbLine
 10
735.972717
 20
910.561709
 30
0.0
 11
736.125717
 21
910.564709
 31
0.0
  0
LINE
  5
18D5
330
70
100
AcDbEntity
  8
Visible
100
AcDbLine
 10
735.822717
 20
910.550709
 30
0.0
 11
735.972717
 21
910.561709
 31
0.0
  0
LINE
  5
18D6
330
70
100
AcDbEntity
  8
Visible
100
AcDbLine
 10
735.676717
 20
910.533709
 30
0.0
 11
735.822717
 21
910.550709
 31
0.0
  0
LINE
  5
18D7
330
70
100
AcDbEntity
  8
Visible
100
AcDbLine
 10
735.533717
 20
910.509709
 30
0.0
 11
735.676717
 21
910.533709
 31
0.0
  0
LINE
  5
18D8
330
70
100
AcDbEntity
  8
Visible
100
AcDbLine
 10
735.394717
 20
910.479709
 30
0.0
 11
735.533717
 21
910.509709
 31
0.0
  0
LINE
  5
18D9
330
70
100
AcDbEntity
  8
Visible
100
AcDbLine
 10
735.258717
 20
910.441709
 30
0.0
 11
735.394717
 21
910.479709
 31
0.0
  0
LINE
  5
18DA
330
70
100
AcDbEntity
  8
Visible
100
AcDbLine
 10
735.125717
 20
910.396709
 30
0.0
 11
735.258717
 21
910.441709
 31
0.0
  0
LINE
  5
18DB
330
70
100
AcDbEntity
  8
Visible
100
AcDbLine
 10
734.996717
 20
910.345709
 30
0.0
 11
735.125717
 21
910.396709
 31
0.0
  0
LINE
  5
18DC
330
70
100
AcDbEntity
  8
Visible
100
AcDbLine
 10
734.870717
 20
910.287709
 30
0.0
 11
734.996717
 21
910.345709
 31
0.0
  0
LINE
  5
18DD
330
70
100
AcDbEntity
  8
Visible
100
AcDbLine
 10
734.748717
 20
910.222709
 30
0.0
 11
734.870717
 21
910.287709
 31
0.0
  0
LINE
  5
18DE
330
70
100
AcDbEntity
  8
Visible
100
AcDbLine
 10
734.630717
 20
910.150709
 30
0.0
 11
734.748717
 21
910.222709
 31
0.0
  0
LINE
  5
18DF
330
70
100
AcDbEntity
  8
Visible
100
AcDbLine
 10
734.517717
 20
910.072709
 30
0.0
 11
734.630717
 21
910.150709
 31
0.0
  0
LINE
  5
18E0
330
70
100
AcDbEntity
  8
Visible
100
AcDbLine
 10
734.409717
 20
909.987709
 30
0.0
 11
734.517717
 21
910.072709
 31
0.0
  0
LINE
  5
18E1
330
70
100
AcDbEntity
  8
Visible
100
AcDbLine
 10
734.306717
 20
909.896709
 30
0.0
 11
734.409717
 21
909.987709
 31
0.0
  0
LINE
  5
18E2
330
70
100
AcDbEntity
  8
Visible
100
AcDbLine
 10
734.209717
 20
909.798709
 30
0.0
 11
734.306717
 21
909.896709
 31
0.0
  0
LINE
  5
18E3
330
70
100
AcDbEntity
  8
Visible
100
AcDbLine
 10
734.116717
 20
909.694709
 30
0.0
 11
734.209717
 21
909.798709
 31
0.0
  0
LINE
  5
18E4
330
70
100
AcDbEntity
  8
Visible
100
AcDbLine
 10
734.029717
 20
909.583709
 30
0.0
 11
734.116717
 21
909.694709
 31
0.0
  0
LINE
  5
18E5
330
70
100
AcDbEntity
  8
Visible
100
AcDbLine
 10
733.946717
 20
909.466709
 30
0.0
 11
734.029717
 21
909.583709
 31
0.0
  0
LINE
  5
18E6
330
70
100
AcDbEntity
  8
Visible
100
AcDbLine
 10
733.869717
 20
909.342709
 30
0.0
 11
733.946717
 21
909.466709
 31
0.0
  0
LINE
  5
18E7
330
70
100
AcDbEntity
  8
Visible
100
AcDbLine
 10
733.797717
 20
909.211709
 30
0.0
 11
733.869717
 21
909.342709
 31
0.0
  0
LINE
  5
18E8
330
70
100
AcDbEntity
  8
Visible
100
AcDbLine
 10
733.731717
 20
909.074709
 30
0.0
 11
733.797717
 21
909.211709
 31
0.0
  0
LINE
  5
18E9
330
70
100
AcDbEntity
  8
Visible
100
AcDbLine
 10
733.672717
 20
908.931709
 30
0.0
 11
733.731717
 21
909.074709
 31
0.0
  0
LINE
  5
18EA
330
70
100
AcDbEntity
  8
Visible
100
AcDbLine
 10
733.620717
 20
908.781709
 30
0.0
 11
733.672717
 21
908.931709
 31
0.0
  0
LINE
  5
18EB
330
70
100
AcDbEntity
  8
Visible
100
AcDbLine
 10
733.574717
 20
908.624709
 30
0.0
 11
733.620717
 21
908.781709
 31
0.0
  0
LINE
  5
18EC
330
70
100
AcDbEntity
  8
Visible
100
AcDbLine
 10
733.536717
 20
908.462709
 30
0.0
 11
733.574717
 21
908.624709
 31
0.0
  0
LINE
  5
18ED
330
70
100
AcDbEntity
  8
Visible
100
AcDbLine
 10
733.505717
 20
908.293709
 30
0.0
 11
733.536717
 21
908.462709
 31
0.0
  0
LINE
  5
18EE
330
70
100
AcDbEntity
  8
Visible
100
AcDbLine
 10
733.480717
 20
908.117709
 30
0.0
 11
733.505717
 21
908.293709
 31
0.0
  0
LINE
  5
18EF
330
70
100
AcDbEntity
  8
Visible
100
AcDbLine
 10
733.463717
 20
907.935709
 30
0.0
 11
733.480717
 21
908.117709
 31
0.0
  0
LINE
  5
18F0
330
70
100
AcDbEntity
  8
Visible
100
AcDbLine
 10
733.452717
 20
907.747709
 30
0.0
 11
733.463717
 21
907.935709
 31
0.0
  0
LINE
  5
18F1
330
70
100
AcDbEntity
  8
Visible
100
AcDbLine
 10
733.449717
 20
907.552709
 30
0.0
 11
733.452717
 21
907.747709
 31
0.0
  0
LINE
  5
18F2
330
70
100
AcDbEntity
  8
Visible
100
AcDbLine
 10
733.452717
 20
907.358709
 30
0.0
 11
733.449717
 21
907.552709
 31
0.0
  0
LINE
  5
18F3
330
70
100
AcDbEntity
  8
Visible
100
AcDbLine
 10
733.463717
 20
907.171709
 30
0.0
 11
733.452717
 21
907.358709
 31
0.0
  0
LINE
  5
18F4
330
70
100
AcDbEntity
  8
Visible
100
AcDbLine
 10
733.480717
 20
906.990709
 30
0.0
 11
733.463717
 21
907.171709
 31
0.0
  0
LINE
  5
18F5
330
70
100
AcDbEntity
  8
Visible
100
AcDbLine
 10
733.505717
 20
906.815709
 30
0.0
 11
733.480717
 21
906.990709
 31
0.0
  0
LINE
  5
18F6
330
70
100
AcDbEntity
  8
Visible
100
AcDbLine
 10
733.536717
 20
906.646709
 30
0.0
 11
733.505717
 21
906.815709
 31
0.0
  0
LINE
  5
18F7
330
70
100
AcDbEntity
  8
Visible
100
AcDbLine
 10
733.574717
 20
906.484709
 30
0.0
 11
733.536717
 21
906.646709
 31
0.0
  0
LINE
  5
18F8
330
70
100
AcDbEntity
  8
Visible
100
AcDbLine
 10
733.620717
 20
906.327709
 30
0.0
 11
733.574717
 21
906.484709
 31
0.0
  0
LINE
  5
18F9
330
70
100
AcDbEntity
  8
Visible
100
AcDbLine
 10
733.672717
 20
906.177709
 30
0.0
 11
733.620717
 21
906.327709
 31
0.0
  0
LINE
  5
18FA
330
70
100
AcDbEntity
  8
Visible
100
AcDbLine
 10
733.731717
 20
906.034709
 30
0.0
 11
733.672717
 21
906.177709
 31
0.0
  0
LINE
  5
18FB
330
70
100
AcDbEntity
  8
Visible
100
AcDbLine
 10
733.797717
 20
905.896709
 30
0.0
 11
733.731717
 21
906.034709
 31
0.0
  0
LINE
  5
18FC
330
70
100
AcDbEntity
  8
Visible
100
AcDbLine
 10
733.869717
 20
905.765709
 30
0.0
 11
733.797717
 21
905.896709
 31
0.0
  0
LINE
  5
18FD
330
70
100
AcDbEntity
  8
Visible
100
AcDbLine
 10
733.946717
 20
905.640709
 30
0.0
 11
733.869717
 21
905.765709
 31
0.0
  0
LINE
  5
18FE
330
70
100
AcDbEntity
  8
Visible
100
AcDbLine
 10
734.029717
 20
905.523709
 30
0.0
 11
733.946717
 21
905.640709
 31
0.0
  0
LINE
  5
18FF
330
70
100
AcDbEntity
  8
Visible
100
AcDbLine
 10
734.116717
 20
905.411709
 30
0.0
 11
734.029717
 21
905.523709
 31
0.0
  0
LINE
  5
1900
330
70
100
AcDbEntity
  8
Visible
100
AcDbLine
 10
734.209717
 20
905.307709
 30
0.0
 11
734.116717
 21
905.411709
 31
0.0
  0
LINE
  5
1901
330
70
100
AcDbEntity
  8
Visible
100
AcDbLine
 10
734.306717
 20
905.208709
 30
0.0
 11
734.209717
 21
905.307709
 31
0.0
  0
LINE
  5
1902
330
70
100
AcDbEntity
  8
Visible
100
AcDbLine
 10
734.409717
 20
905.117709
 30
0.0
 11
734.306717
 21
905.208709
 31
0.0
  0
LINE
  5
1903
330
70
100
AcDbEntity
  8
Visible
100
AcDbLine
 10
734.517717
 20
905.032709
 30
0.0
 11
734.409717
 21
905.117709
 31
0.0
  0
LINE
  5
1904
330
70
100
AcDbEntity
  8
Visible
100
AcDbLine
 10
734.630717
 20
904.954709
 30
0.0
 11
734.517717
 21
905.032709
 31
0.0
  0
LINE
  5
1905
330
70
100
AcDbEntity
  8
Visible
100
AcDbLine
 10
734.748717
 20
904.882709
 30
0.0
 11
734.630717
 21
904.954709
 31
0.0
  0
LINE
  5
1906
330
70
100
AcDbEntity
  8
Visible
100
AcDbLine
 10
734.870717
 20
904.817709
 30
0.0
 11
734.748717
 21
904.882709
 31
0.0
  0
LINE
  5
1907
330
70
100
AcDbEntity
  8
Visible
100
AcDbLine
 10
734.996717
 20
904.759709
 30
0.0
 11
734.870717
 21
904.817709
 31
0.0
  0
LINE
  5
1908
330
70
100
AcDbEntity
  8
Visible
100
AcDbLine
 10
735.125717
 20
904.708709
 30
0.0
 11
734.996717
 21
904.759709
 31
0.0
  0
LINE
  5
1909
330
70
100
AcDbEntity
  8
Visible
100
AcDbLine
 10
735.258717
 20
904.663709
 30
0.0
 11
735.125717
 21
904.708709
 31
0.0
  0
LINE
  5
190A
330
70
100
AcDbEntity
  8
Visible
100
AcDbLine
 10
735.394717
 20
904.625709
 30
0.0
 11
735.258717
 21
904.663709
 31
0.0
  0
LINE
  5
190B
330
70
100
AcDbEntity
  8
Visible
100
AcDbLine
 10
735.533717
 20
904.595709
 30
0.0
 11
735.394717
 21
904.625709
 31
0.0
  0
LINE
  5
190C
330
70
100
AcDbEntity
  8
Visible
100
AcDbLine
 10
735.676717
 20
904.571709
 30
0.0
 11
735.533717
 21
904.595709
 31
0.0
  0
LINE
  5
190D
330
70
100
AcDbEntity
  8
Visible
100
AcDbLine
 10
735.822717
 20
904.554709
 30
0.0
 11
735.676717
 21
904.571709
 31
0.0
  0
LINE
  5
190E
330
70
100
AcDbEntity
  8
Visible
100
AcDbLine
 10
735.972717
 20
904.543709
 30
0.0
 11
735.822717
 21
904.554709
 31
0.0
  0
LINE
  5
190F
330
70
100
AcDbEntity
  8
Visible
100
AcDbLine
 10
736.125717
 20
904.540709
 30
0.0
 11
735.972717
 21
904.543709
 31
0.0
  0
LINE
  5
1910
330
70
100
AcDbEntity
  8
Visible
100
AcDbLine
 10
736.277717
 20
904.543709
 30
0.0
 11
736.125717
 21
904.540709
 31
0.0
  0
LINE
  5
1911
330
70
100
AcDbEntity
  8
Visible
100
AcDbLine
 10
729.697717
 20
904.691709
 30
0.0
 11
729.556717
 21
904.686709
 31
0.0
  0
LINE
  5
1912
330
70
100
AcDbEntity
  8
Visible
100
AcDbLine
 10
729.832717
 20
904.700709
 30
0.0
 11
729.697717
 21
904.691709
 31
0.0
  0
LINE
  5
1913
330
70
100
AcDbEntity
  8
Visible
100
AcDbLine
 10
729.963717
 20
904.712709
 30
0.0
 11
729.832717
 21
904.700709
 31
0.0
  0
LINE
  5
1914
330
70
100
AcDbEntity
  8
Visible
100
AcDbLine
 10
730.089717
 20
904.727709
 30
0.0
 11
729.963717
 21
904.712709
 31
0.0
  0
LINE
  5
1915
330
70
100
AcDbEntity
  8
Visible
100
AcDbLine
 10
730.210717
 20
904.747709
 30
0.0
 11
730.089717
 21
904.727709
 31
0.0
  0
LINE
  5
1916
330
70
100
AcDbEntity
  8
Visible
100
AcDbLine
 10
730.327717
 20
904.769709
 30
0.0
 11
730.210717
 21
904.747709
 31
0.0
  0
LINE
  5
1917
330
70
100
AcDbEntity
  8
Visible
100
AcDbLine
 10
730.438717
 20
904.795709
 30
0.0
 11
730.327717
 21
904.769709
 31
0.0
  0
LINE
  5
1918
330
70
100
AcDbEntity
  8
Visible
100
AcDbLine
 10
730.545717
 20
904.825709
 30
0.0
 11
730.438717
 21
904.795709
 31
0.0
  0
LINE
  5
1919
330
70
100
AcDbEntity
  8
Visible
100
AcDbLine
 10
730.647717
 20
904.858709
 30
0.0
 11
730.545717
 21
904.825709
 31
0.0
  0
LINE
  5
191A
330
70
100
AcDbEntity
  8
Visible
100
AcDbLine
 10
730.745717
 20
904.894709
 30
0.0
 11
730.647717
 21
904.858709
 31
0.0
  0
LINE
  5
191B
330
70
100
AcDbEntity
  8
Visible
100
AcDbLine
 10
730.838717
 20
904.932709
 30
0.0
 11
730.745717
 21
904.894709
 31
0.0
  0
LINE
  5
191C
330
70
100
AcDbEntity
  8
Visible
100
AcDbLine
 10
730.928717
 20
904.973709
 30
0.0
 11
730.838717
 21
904.932709
 31
0.0
  0
LINE
  5
191D
330
70
100
AcDbEntity
  8
Visible
100
AcDbLine
 10
731.014717
 20
905.016709
 30
0.0
 11
730.928717
 21
904.973709
 31
0.0
  0
LINE
  5
191E
330
70
100
AcDbEntity
  8
Visible
100
AcDbLine
 10
731.095717
 20
905.062709
 30
0.0
 11
731.014717
 21
905.016709
 31
0.0
  0
LINE
  5
191F
330
70
100
AcDbEntity
  8
Visible
100
AcDbLine
 10
731.173717
 20
905.110709
 30
0.0
 11
731.095717
 21
905.062709
 31
0.0
  0
LINE
  5
1920
330
70
100
AcDbEntity
  8
Visible
100
AcDbLine
 10
731.247717
 20
905.160709
 30
0.0
 11
731.173717
 21
905.110709
 31
0.0
  0
LINE
  5
1921
330
70
100
AcDbEntity
  8
Visible
100
AcDbLine
 10
731.317717
 20
905.213709
 30
0.0
 11
731.247717
 21
905.160709
 31
0.0
  0
LINE
  5
1922
330
70
100
AcDbEntity
  8
Visible
100
AcDbLine
 10
731.383717
 20
905.268709
 30
0.0
 11
731.317717
 21
905.213709
 31
0.0
  0
LINE
  5
1923
330
70
100
AcDbEntity
  8
Visible
100
AcDbLine
 10
731.445717
 20
905.326709
 30
0.0
 11
731.383717
 21
905.268709
 31
0.0
  0
LINE
  5
1924
330
70
100
AcDbEntity
  8
Visible
100
AcDbLine
 10
731.503717
 20
905.386709
 30
0.0
 11
731.445717
 21
905.326709
 31
0.0
  0
LINE
  5
1925
330
70
100
AcDbEntity
  8
Visible
100
AcDbLine
 10
731.558717
 20
905.446709
 30
0.0
 11
731.503717
 21
905.386709
 31
0.0
  0
LINE
  5
1926
330
70
100
AcDbEntity
  8
Visible
100
AcDbLine
 10
731.610717
 20
905.509709
 30
0.0
 11
731.558717
 21
905.446709
 31
0.0
  0
LINE
  5
1927
330
70
100
AcDbEntity
  8
Visible
100
AcDbLine
 10
731.658717
 20
905.573709
 30
0.0
 11
731.610717
 21
905.509709
 31
0.0
  0
LINE
  5
1928
330
70
100
AcDbEntity
  8
Visible
100
AcDbLine
 10
731.702717
 20
905.638709
 30
0.0
 11
731.658717
 21
905.573709
 31
0.0
  0
LINE
  5
1929
330
70
100
AcDbEntity
  8
Visible
100
AcDbLine
 10
731.743717
 20
905.705709
 30
0.0
 11
731.702717
 21
905.638709
 31
0.0
  0
LINE
  5
192A
330
70
100
AcDbEntity
  8
Visible
100
AcDbLine
 10
731.781717
 20
905.773709
 30
0.0
 11
731.743717
 21
905.705709
 31
0.0
  0
LINE
  5
192B
330
70
100
AcDbEntity
  8
Visible
100
AcDbLine
 10
731.816717
 20
905.842709
 30
0.0
 11
731.781717
 21
905.773709
 31
0.0
  0
LINE
  5
192C
330
70
100
AcDbEntity
  8
Visible
100
AcDbLine
 10
731.846717
 20
905.914709
 30
0.0
 11
731.816717
 21
905.842709
 31
0.0
  0
LINE
  5
192D
330
70
100
AcDbEntity
  8
Visible
100
AcDbLine
 10
731.874717
 20
905.986709
 30
0.0
 11
731.846717
 21
905.914709
 31
0.0
  0
LINE
  5
192E
330
70
100
AcDbEntity
  8
Visible
100
AcDbLine
 10
731.899717
 20
906.059709
 30
0.0
 11
731.874717
 21
905.986709
 31
0.0
  0
LINE
  5
192F
330
70
100
AcDbEntity
  8
Visible
100
AcDbLine
 10
731.920717
 20
906.133709
 30
0.0
 11
731.899717
 21
906.059709
 31
0.0
  0
LINE
  5
1930
330
70
100
AcDbEntity
  8
Visible
100
AcDbLine
 10
731.940717
 20
906.207709
 30
0.0
 11
731.920717
 21
906.133709
 31
0.0
  0
LINE
  5
1931
330
70
100
AcDbEntity
  8
Visible
100
AcDbLine
 10
731.957717
 20
906.282709
 30
0.0
 11
731.940717
 21
906.207709
 31
0.0
  0
LINE
  5
1932
330
70
100
AcDbEntity
  8
Visible
100
AcDbLine
 10
731.971717
 20
906.356709
 30
0.0
 11
731.957717
 21
906.282709
 31
0.0
  0
LINE
  5
1933
330
70
100
AcDbEntity
  8
Visible
100
AcDbLine
 10
731.982717
 20
906.432709
 30
0.0
 11
731.971717
 21
906.356709
 31
0.0
  0
LINE
  5
1934
330
70
100
AcDbEntity
  8
Visible
100
AcDbLine
 10
731.991717
 20
906.507709
 30
0.0
 11
731.982717
 21
906.432709
 31
0.0
  0
LINE
  5
1935
330
70
100
AcDbEntity
  8
Visible
100
AcDbLine
 10
731.998717
 20
906.583709
 30
0.0
 11
731.991717
 21
906.507709
 31
0.0
  0
LINE
  5
1936
330
70
100
AcDbEntity
  8
Visible
100
AcDbLine
 10
732.002717
 20
906.659709
 30
0.0
 11
731.998717
 21
906.583709
 31
0.0
  0
LINE
  5
1937
330
70
100
AcDbEntity
  8
Visible
100
AcDbLine
 10
732.003717
 20
906.736709
 30
0.0
 11
732.002717
 21
906.659709
 31
0.0
  0
LINE
  5
1938
330
70
100
AcDbEntity
  8
Visible
100
AcDbLine
 10
732.001717
 20
906.819709
 30
0.0
 11
732.003717
 21
906.736709
 31
0.0
  0
LINE
  5
1939
330
70
100
AcDbEntity
  8
Visible
100
AcDbLine
 10
731.995717
 20
906.902709
 30
0.0
 11
732.001717
 21
906.819709
 31
0.0
  0
LINE
  5
193A
330
70
100
AcDbEntity
  8
Visible
100
AcDbLine
 10
731.985717
 20
906.983709
 30
0.0
 11
731.995717
 21
906.902709
 31
0.0
  0
LINE
  5
193B
330
70
100
AcDbEntity
  8
Visible
100
AcDbLine
 10
731.971717
 20
907.064709
 30
0.0
 11
731.985717
 21
906.983709
 31
0.0
  0
LINE
  5
193C
330
70
100
AcDbEntity
  8
Visible
100
AcDbLine
 10
731.954717
 20
907.143709
 30
0.0
 11
731.971717
 21
907.064709
 31
0.0
  0
LINE
  5
193D
330
70
100
AcDbEntity
  8
Visible
100
AcDbLine
 10
731.932717
 20
907.222709
 30
0.0
 11
731.954717
 21
907.143709
 31
0.0
  0
LINE
  5
193E
330
70
100
AcDbEntity
  8
Visible
100
AcDbLine
 10
731.906717
 20
907.299709
 30
0.0
 11
731.932717
 21
907.222709
 31
0.0
  0
LINE
  5
193F
330
70
100
AcDbEntity
  8
Visible
100
AcDbLine
 10
731.876717
 20
907.375709
 30
0.0
 11
731.906717
 21
907.299709
 31
0.0
  0
LINE
  5
1940
330
70
100
AcDbEntity
  8
Visible
100
AcDbLine
 10
731.843717
 20
907.451709
 30
0.0
 11
731.876717
 21
907.375709
 31
0.0
  0
LINE
  5
1941
330
70
100
AcDbEntity
  8
Visible
100
AcDbLine
 10
731.805717
 20
907.525709
 30
0.0
 11
731.843717
 21
907.451709
 31
0.0
  0
LINE
  5
1942
330
70
100
AcDbEntity
  8
Visible
100
AcDbLine
 10
731.764717
 20
907.598709
 30
0.0
 11
731.805717
 21
907.525709
 31
0.0
  0
LINE
  5
1943
330
70
100
AcDbEntity
  8
Visible
100
AcDbLine
 10
731.720717
 20
907.668709
 30
0.0
 11
731.764717
 21
907.598709
 31
0.0
  0
LINE
  5
1944
330
70
100
AcDbEntity
  8
Visible
100
AcDbLine
 10
731.672717
 20
907.736709
 30
0.0
 11
731.720717
 21
907.668709
 31
0.0
  0
LINE
  5
1945
330
70
100
AcDbEntity
  8
Visible
100
AcDbLine
 10
731.622717
 20
907.802709
 30
0.0
 11
731.672717
 21
907.736709
 31
0.0
  0
LINE
  5
1946
330
70
100
AcDbEntity
  8
Visible
100
AcDbLine
 10
731.569717
 20
907.865709
 30
0.0
 11
731.622717
 21
907.802709
 31
0.0
  0
LINE
  5
1947
330
70
100
AcDbEntity
  8
Visible
100
AcDbLine
 10
731.512717
 20
907.927709
 30
0.0
 11
731.569717
 21
907.865709
 31
0.0
  0
LINE
  5
1948
330
70
100
AcDbEntity
  8
Visible
100
AcDbLine
 10
731.453717
 20
907.986709
 30
0.0
 11
731.512717
 21
907.927709
 31
0.0
  0
LINE
  5
1949
330
70
100
AcDbEntity
  8
Visible
100
AcDbLine
 10
731.390717
 20
908.042709
 30
0.0
 11
731.453717
 21
907.986709
 31
0.0
  0
LINE
  5
194A
330
70
100
AcDbEntity
  8
Visible
100
AcDbLine
 10
731.325717
 20
908.097709
 30
0.0
 11
731.390717
 21
908.042709
 31
0.0
  0
LINE
  5
194B
330
70
100
AcDbEntity
  8
Visible
100
AcDbLine
 10
731.256717
 20
908.149709
 30
0.0
 11
731.325717
 21
908.097709
 31
0.0
  0
LINE
  5
194C
330
70
100
AcDbEntity
  8
Visible
100
AcDbLine
 10
731.185717
 20
908.198709
 30
0.0
 11
731.256717
 21
908.149709
 31
0.0
  0
LINE
  5
194D
330
70
100
AcDbEntity
  8
Visible
100
AcDbLine
 10
731.111717
 20
908.244709
 30
0.0
 11
731.185717
 21
908.198709
 31
0.0
  0
LINE
  5
194E
330
70
100
AcDbEntity
  8
Visible
100
AcDbLine
 10
731.035717
 20
908.286709
 30
0.0
 11
731.111717
 21
908.244709
 31
0.0
  0
LINE
  5
194F
330
70
100
AcDbEntity
  8
Visible
100
AcDbLine
 10
730.957717
 20
908.324709
 30
0.0
 11
731.035717
 21
908.286709
 31
0.0
  0
LINE
  5
1950
330
70
100
AcDbEntity
  8
Visible
100
AcDbLine
 10
730.877717
 20
908.358709
 30
0.0
 11
730.957717
 21
908.324709
 31
0.0
  0
LINE
  5
1951
330
70
100
AcDbEntity
  8
Visible
100
AcDbLine
 10
730.795717
 20
908.389709
 30
0.0
 11
730.877717
 21
908.358709
 31
0.0
  0
LINE
  5
1952
330
70
100
AcDbEntity
  8
Visible
100
AcDbLine
 10
730.710717
 20
908.416709
 30
0.0
 11
730.795717
 21
908.389709
 31
0.0
  0
LINE
  5
1953
330
70
100
AcDbEntity
  8
Visible
100
AcDbLine
 10
730.623717
 20
908.440709
 30
0.0
 11
730.710717
 21
908.416709
 31
0.0
  0
LINE
  5
1954
330
70
100
AcDbEntity
  8
Visible
100
AcDbLine
 10
730.534717
 20
908.460709
 30
0.0
 11
730.623717
 21
908.440709
 31
0.0
  0
LINE
  5
1955
330
70
100
AcDbEntity
  8
Visible
100
AcDbLine
 10
730.443717
 20
908.476709
 30
0.0
 11
730.534717
 21
908.460709
 31
0.0
  0
LINE
  5
1956
330
70
100
AcDbEntity
  8
Visible
100
AcDbLine
 10
730.582717
 20
908.514709
 30
0.0
 11
730.443717
 21
908.476709
 31
0.0
  0
LINE
  5
1957
330
70
100
AcDbEntity
  8
Visible
100
AcDbLine
 10
730.714717
 20
908.558709
 30
0.0
 11
730.582717
 21
908.514709
 31
0.0
  0
LINE
  5
1958
330
70
100
AcDbEntity
  8
Visible
100
AcDbLine
 10
730.839717
 20
908.608709
 30
0.0
 11
730.714717
 21
908.558709
 31
0.0
  0
LINE
  5
1959
330
70
100
AcDbEntity
  8
Visible
100
AcDbLine
 10
730.957717
 20
908.664709
 30
0.0
 11
730.839717
 21
908.608709
 31
0.0
  0
LINE
  5
195A
330
70
100
AcDbEntity
  8
Visible
100
AcDbLine
 10
731.068717
 20
908.726709
 30
0.0
 11
730.957717
 21
908.664709
 31
0.0
  0
LINE
  5
195B
330
70
100
AcDbEntity
  8
Visible
100
AcDbLine
 10
731.171717
 20
908.794709
 30
0.0
 11
731.068717
 21
908.726709
 31
0.0
  0
LINE
  5
195C
330
70
100
AcDbEntity
  8
Visible
100
AcDbLine
 10
731.268717
 20
908.868709
 30
0.0
 11
731.171717
 21
908.794709
 31
0.0
  0
LINE
  5
195D
330
70
100
AcDbEntity
  8
Visible
100
AcDbLine
 10
731.357717
 20
908.948709
 30
0.0
 11
731.268717
 21
908.868709
 31
0.0
  0
LINE
  5
195E
330
70
100
AcDbEntity
  8
Visible
100
AcDbLine
 10
731.439717
 20
909.035709
 30
0.0
 11
731.357717
 21
908.948709
 31
0.0
  0
LINE
  5
195F
330
70
100
AcDbEntity
  8
Visible
100
AcDbLine
 10
731.514717
 20
909.127709
 30
0.0
 11
731.439717
 21
909.035709
 31
0.0
  0
LINE
  5
1960
330
70
100
AcDbEntity
  8
Visible
100
AcDbLine
 10
731.582717
 20
909.224709
 30
0.0
 11
731.514717
 21
909.127709
 31
0.0
  0
LINE
  5
1961
330
70
100
AcDbEntity
  8
Visible
100
AcDbLine
 10
731.643717
 20
909.325709
 30
0.0
 11
731.582717
 21
909.224709
 31
0.0
  0
LINE
  5
1962
330
70
100
AcDbEntity
  8
Visible
100
AcDbLine
 10
731.696717
 20
909.429709
 30
0.0
 11
731.643717
 21
909.325709
 31
0.0
  0
LINE
  5
1963
330
70
100
AcDbEntity
  8
Visible
100
AcDbLine
 10
731.742717
 20
909.536709
 30
0.0
 11
731.696717
 21
909.429709
 31
0.0
  0
LINE
  5
1964
330
70
100
AcDbEntity
  8
Visible
100
AcDbLine
 10
731.782717
 20
909.647709
 30
0.0
 11
731.742717
 21
909.536709
 31
0.0
  0
LINE
  5
1965
330
70
100
AcDbEntity
  8
Visible
100
AcDbLine
 10
731.814717
 20
909.761709
 30
0.0
 11
731.782717
 21
909.647709
 31
0.0
  0
LINE
  5
1966
330
70
100
AcDbEntity
  8
Visible
100
AcDbLine
 10
731.839717
 20
909.879709
 30
0.0
 11
731.814717
 21
909.761709
 31
0.0
  0
LINE
  5
1967
330
70
100
AcDbEntity
  8
Visible
100
AcDbLine
 10
731.857717
 20
910.000709
 30
0.0
 11
731.839717
 21
909.879709
 31
0.0
  0
LINE
  5
1968
330
70
100
AcDbEntity
  8
Visible
100
AcDbLine
 10
731.867717
 20
910.124709
 30
0.0
 11
731.857717
 21
910.000709
 31
0.0
  0
LINE
  5
1969
330
70
100
AcDbEntity
  8
Visible
100
AcDbLine
 10
731.871717
 20
910.252709
 30
0.0
 11
731.867717
 21
910.124709
 31
0.0
  0
LINE
  5
196A
330
70
100
AcDbEntity
  8
Visible
100
AcDbLine
 10
731.868717
 20
910.357709
 30
0.0
 11
731.871717
 21
910.252709
 31
0.0
  0
LINE
  5
196B
330
70
100
AcDbEntity
  8
Visible
100
AcDbLine
 10
731.860717
 20
910.460709
 30
0.0
 11
731.868717
 21
910.357709
 31
0.0
  0
LINE
  5
196C
330
70
100
AcDbEntity
  8
Visible
100
AcDbLine
 10
731.847717
 20
910.562709
 30
0.0
 11
731.860717
 21
910.460709
 31
0.0
  0
LINE
  5
196D
330
70
100
AcDbEntity
  8
Visible
100
AcDbLine
 10
731.828717
 20
910.661709
 30
0.0
 11
731.847717
 21
910.562709
 31
0.0
  0
LINE
  5
196E
330
70
100
AcDbEntity
  8
Visible
100
AcDbLine
 10
731.804717
 20
910.760709
 30
0.0
 11
731.828717
 21
910.661709
 31
0.0
  0
LINE
  5
196F
330
70
100
AcDbEntity
  8
Visible
100
AcDbLine
 10
731.774717
 20
910.856709
 30
0.0
 11
731.804717
 21
910.760709
 31
0.0
  0
LINE
  5
1970
330
70
100
AcDbEntity
  8
Visible
100
AcDbLine
 10
731.739717
 20
910.952709
 30
0.0
 11
731.774717
 21
910.856709
 31
0.0
  0
LINE
  5
1971
330
70
100
AcDbEntity
  8
Visible
100
AcDbLine
 10
731.698717
 20
911.045709
 30
0.0
 11
731.739717
 21
910.952709
 31
0.0
  0
LINE
  5
1972
330
70
100
AcDbEntity
  8
Visible
100
AcDbLine
 10
731.652717
 20
911.137709
 30
0.0
 11
731.698717
 21
911.045709
 31
0.0
  0
LINE
  5
1973
330
70
100
AcDbEntity
  8
Visible
100
AcDbLine
 10
731.601717
 20
911.227709
 30
0.0
 11
731.652717
 21
911.137709
 31
0.0
  0
LINE
  5
1974
330
70
100
AcDbEntity
  8
Visible
100
AcDbLine
 10
731.544717
 20
911.315709
 30
0.0
 11
731.601717
 21
911.227709
 31
0.0
  0
LINE
  5
1975
330
70
100
AcDbEntity
  8
Visible
100
AcDbLine
 10
731.482717
 20
911.399709
 30
0.0
 11
731.544717
 21
911.315709
 31
0.0
  0
LINE
  5
1976
330
70
100
AcDbEntity
  8
Visible
100
AcDbLine
 10
731.414717
 20
911.480709
 30
0.0
 11
731.482717
 21
911.399709
 31
0.0
  0
LINE
  5
1977
330
70
100
AcDbEntity
  8
Visible
100
AcDbLine
 10
731.341717
 20
911.557709
 30
0.0
 11
731.414717
 21
911.480709
 31
0.0
  0
LINE
  5
1978
330
70
100
AcDbEntity
  8
Visible
100
AcDbLine
 10
731.262717
 20
911.630709
 30
0.0
 11
731.341717
 21
911.557709
 31
0.0
  0
LINE
  5
1979
330
70
100
AcDbEntity
  8
Visible
100
AcDbLine
 10
731.178717
 20
911.701709
 30
0.0
 11
731.262717
 21
911.630709
 31
0.0
  0
LINE
  5
197A
330
70
100
AcDbEntity
  8
Visible
100
AcDbLine
 10
731.088717
 20
911.768709
 30
0.0
 11
731.178717
 21
911.701709
 31
0.0
  0
LINE
  5
197B
330
70
100
AcDbEntity
  8
Visible
100
AcDbLine
 10
730.992717
 20
911.831709
 30
0.0
 11
731.088717
 21
911.768709
 31
0.0
  0
LINE
  5
197C
330
70
100
AcDbEntity
  8
Visible
100
AcDbLine
 10
730.891717
 20
911.891709
 30
0.0
 11
730.992717
 21
911.831709
 31
0.0
  0
LINE
  5
197D
330
70
100
AcDbEntity
  8
Visible
100
AcDbLine
 10
730.785717
 20
911.947709
 30
0.0
 11
730.891717
 21
911.891709
 31
0.0
  0
LINE
  5
197E
330
70
100
AcDbEntity
  8
Visible
100
AcDbLine
 10
730.673717
 20
911.999709
 30
0.0
 11
730.785717
 21
911.947709
 31
0.0
  0
LINE
  5
197F
330
70
100
AcDbEntity
  8
Visible
100
AcDbLine
 10
730.555717
 20
912.045709
 30
0.0
 11
730.673717
 21
911.999709
 31
0.0
  0
LINE
  5
1980
330
70
100
AcDbEntity
  8
Visible
100
AcDbLine
 10
730.432717
 20
912.086709
 30
0.0
 11
730.555717
 21
912.045709
 31
0.0
  0
LINE
  5
1981
330
70
100
AcDbEntity
  8
Visible
100
AcDbLine
 10
730.303717
 20
912.122709
 30
0.0
 11
730.432717
 21
912.086709
 31
0.0
  0
LINE
  5
1982
330
70
100
AcDbEntity
  8
Visible
100
AcDbLine
 10
730.169717
 20
912.152709
 30
0.0
 11
730.303717
 21
912.122709
 31
0.0
  0
LINE
  5
1983
330
70
100
AcDbEntity
  8
Visible
100
AcDbLine
 10
730.028717
 20
912.176709
 30
0.0
 11
730.169717
 21
912.152709
 31
0.0
  0
LINE
  5
1984
330
70
100
AcDbEntity
  8
Visible
100
AcDbLine
 10
729.882717
 20
912.195709
 30
0.0
 11
730.028717
 21
912.176709
 31
0.0
  0
LINE
  5
1985
330
70
100
AcDbEntity
  8
Visible
100
AcDbLine
 10
729.731717
 20
912.209709
 30
0.0
 11
729.882717
 21
912.195709
 31
0.0
  0
LINE
  5
1986
330
70
100
AcDbEntity
  8
Visible
100
AcDbLine
 10
729.574717
 20
912.217709
 30
0.0
 11
729.731717
 21
912.209709
 31
0.0
  0
LINE
  5
1987
330
70
100
AcDbEntity
  8
Visible
100
AcDbLine
 10
729.411717
 20
912.220709
 30
0.0
 11
729.574717
 21
912.217709
 31
0.0
  0
LINE
  5
1988
330
70
100
AcDbEntity
  8
Visible
100
AcDbLine
 10
726.591717
 20
912.220709
 30
0.0
 11
729.411717
 21
912.220709
 31
0.0
  0
LINE
  5
1989
330
70
100
AcDbEntity
  8
Visible
100
AcDbLine
 10
726.591717
 20
904.684709
 30
0.0
 11
726.591717
 21
912.220709
 31
0.0
  0
LINE
  5
198A
330
70
100
AcDbEntity
  8
Visible
100
AcDbLine
 10
729.411717
 20
904.684709
 30
0.0
 11
726.591717
 21
904.684709
 31
0.0
  0
LINE
  5
198B
330
70
100
AcDbEntity
  8
Visible
100
AcDbLine
 10
729.556717
 20
904.686709
 30
0.0
 11
729.411717
 21
904.684709
 31
0.0
  0
LINE
  5
198C
330
70
100
AcDbEntity
  8
Visible
100
AcDbLine
 10
939.791717
 20
1102.452709
 30
0.0
 11
905.291717
 21
1102.452709
 31
0.0
  0
LINE
  5
198D
330
70
100
AcDbEntity
  8
Visible
100
AcDbLine
 10
939.791717
 20
1067.952709
 30
0.0
 11
939.791717
 21
1102.452709
 31
0.0
  0
LINE
  5
198E
330
70
100
AcDbEntity
  8
Visible
100
AcDbLine
 10
945.791717
 20
1067.952709
 30
0.0
 11
939.791717
 21
1067.952709
 31
0.0
  0
LINE
  5
198F
330
70
100
AcDbEntity
  8
Visible
100
AcDbLine
 10
945.791717
 20
1038.952709
 30
0.0
 11
945.791717
 21
1067.952709
 31
0.0
  0
LINE
  5
1990
330
70
100
AcDbEntity
  8
Visible
100
AcDbLine
 10
939.791717
 20
1038.952709
 30
0.0
 11
945.791717
 21
1038.952709
 31
0.0
  0
LINE
  5
1991
330
70
100
AcDbEntity
  8
Visible
100
AcDbLine
 10
939.791717
 20
1009.952709
 30
0.0
 11
939.791717
 21
1038.952709
 31
0.0
  0
LINE
  5
1992
330
70
100
AcDbEntity
  8
Visible
100
AcDbLine
 10
945.791717
 20
1009.952709
 30
0.0
 11
939.791717
 21
1009.952709
 31
0.0
  0
LINE
  5
1993
330
70
100
AcDbEntity
  8
Visible
100
AcDbLine
 10
945.791717
 20
980.952709
 30
0.0
 11
945.791717
 21
1009.952709
 31
0.0
  0
LINE
  5
1994
330
70
100
AcDbEntity
  8
Visible
100
AcDbLine
 10
939.791717
 20
980.952709
 30
0.0
 11
945.791717
 21
980.952709
 31
0.0
  0
LINE
  5
1995
330
70
100
AcDbEntity
  8
Visible
100
AcDbLine
 10
939.791717
 20
951.952709
 30
0.0
 11
939.791717
 21
980.952709
 31
0.0
  0
LINE
  5
1996
330
70
100
AcDbEntity
  8
Visible
100
AcDbLine
 10
945.791717
 20
951.952709
 30
0.0
 11
939.791717
 21
951.952709
 31
0.0
  0
LINE
  5
1997
330
70
100
AcDbEntity
  8
Visible
100
AcDbLine
 10
945.791717
 20
922.952709
 30
0.0
 11
945.791717
 21
951.952709
 31
0.0
  0
LINE
  5
1998
330
70
100
AcDbEntity
  8
Visible
100
AcDbLine
 10
939.791717
 20
922.952709
 30
0.0
 11
945.791717
 21
922.952709
 31
0.0
  0
LINE
  5
1999
330
70
100
AcDbEntity
  8
Visible
100
AcDbLine
 10
939.791717
 20
893.952709
 30
0.0
 11
939.791717
 21
922.952709
 31
0.0
  0
LINE
  5
199A
330
70
100
AcDbEntity
  8
Visible
100
AcDbLine
 10
945.791717
 20
893.952709
 30
0.0
 11
939.791717
 21
893.952709
 31
0.0
  0
LINE
  5
199B
330
70
100
AcDbEntity
  8
Visible
100
AcDbLine
 10
945.791717
 20
864.952709
 30
0.0
 11
945.791717
 21
893.952709
 31
0.0
  0
LINE
  5
199C
330
70
100
AcDbEntity
  8
Visible
100
AcDbLine
 10
939.791717
 20
864.952709
 30
0.0
 11
945.791717
 21
864.952709
 31
0.0
  0
LINE
  5
199D
330
70
100
AcDbEntity
  8
Visible
100
AcDbLine
 10
939.791717
 20
835.952709
 30
0.0
 11
939.791717
 21
864.952709
 31
0.0
  0
LINE
  5
199E
330
70
100
AcDbEntity
  8
Visible
100
AcDbLine
 10
945.791717
 20
835.952709
 30
0.0
 11
939.791717
 21
835.952709
 31
0.0
  0
LINE
  5
199F
330
70
100
AcDbEntity
  8
Visible
100
AcDbLine
 10
945.791717
 20
806.952709
 30
0.0
 11
945.791717
 21
835.952709
 31
0.0
  0
LINE
  5
19A0
330
70
100
AcDbEntity
  8
Visible
100
AcDbLine
 10
939.791717
 20
806.952709
 30
0.0
 11
945.791717
 21
806.952709
 31
0.0
  0
LINE
  5
19A1
330
70
100
AcDbEntity
  8
Visible
100
AcDbLine
 10
939.791717
 20
777.952709
 30
0.0
 11
939.791717
 21
806.952709
 31
0.0
  0
LINE
  5
19A2
330
70
100
AcDbEntity
  8
Visible
100
AcDbLine
 10
945.791717
 20
777.952709
 30
0.0
 11
939.791717
 21
777.952709
 31
0.0
  0
LINE
  5
19A3
330
70
100
AcDbEntity
  8
Visible
100
AcDbLine
 10
945.791717
 20
748.952709
 30
0.0
 11
945.791717
 21
777.952709
 31
0.0
  0
LINE
  5
19A4
330
70
100
AcDbEntity
  8
Visible
100
AcDbLine
 10
939.791717
 20
748.952709
 30
0.0
 11
945.791717
 21
748.952709
 31
0.0
  0
LINE
  5
19A5
330
70
100
AcDbEntity
  8
Visible
100
AcDbLine
 10
939.791717
 20
714.452709
 30
0.0
 11
939.791717
 21
748.952709
 31
0.0
  0
LINE
  5
19A6
330
70
100
AcDbEntity
  8
Visible
100
AcDbLine
 10
905.291717
 20
714.452709
 30
0.0
 11
939.791717
 21
714.452709
 31
0.0
  0
LINE
  5
19A7
330
70
100
AcDbEntity
  8
Visible
100
AcDbLine
 10
905.291717
 20
708.452709
 30
0.0
 11
905.291717
 21
714.452709
 31
0.0
  0
LINE
  5
19A8
330
70
100
AcDbEntity
  8
Visible
100
AcDbLine
 10
876.291717
 20
708.452709
 30
0.0
 11
905.291717
 21
708.452709
 31
0.0
  0
LINE
  5
19A9
330
70
100
AcDbEntity
  8
Visible
100
AcDbLine
 10
876.291717
 20
714.452709
 30
0.0
 11
876.291717
 21
708.452709
 31
0.0
  0
LINE
  5
19AA
330
70
100
AcDbEntity
  8
Visible
100
AcDbLine
 10
847.291717
 20
714.452709
 30
0.0
 11
876.291717
 21
714.452709
 31
0.0
  0
LINE
  5
19AB
330
70
100
AcDbEntity
  8
Visible
100
AcDbLine
 10
847.291717
 20
708.452709
 30
0.0
 11
847.291717
 21
714.452709
 31
0.0
  0
LINE
  5
19AC
330
70
100
AcDbEntity
  8
Visible
100
AcDbLine
 10
818.291717
 20
708.452709
 30
0.0
 11
847.291717
 21
708.452709
 31
0.0
  0
LINE
  5
19AD
330
70
100
AcDbEntity
  8
Visible
100
AcDbLine
 10
818.291717
 20
714.452709
 30
0.0
 11
818.291717
 21
708.452709
 31
0.0
  0
LINE
  5
19AE
330
70
100
AcDbEntity
  8
Visible
100
AcDbLine
 10
789.291717
 20
714.452709
 30
0.0
 11
818.291717
 21
714.452709
 31
0.0
  0
LINE
  5
19AF
330
70
100
AcDbEntity
  8
Visible
100
AcDbLine
 10
789.291717
 20
708.452709
 30
0.0
 11
789.291717
 21
714.452709
 31
0.0
  0
LINE
  5
19B0
330
70
100
AcDbEntity
  8
Visible
100
AcDbLine
 10
760.291717
 20
708.452709
 30
0.0
 11
789.291717
 21
708.452709
 31
0.0
  0
LINE
  5
19B1
330
70
100
AcDbEntity
  8
Visible
100
AcDbLine
 10
760.291717
 20
714.452709
 30
0.0
 11
760.291717
 21
708.452709
 31
0.0
  0
LINE
  5
19B2
330
70
100
AcDbEntity
  8
Visible
100
AcDbLine
 10
731.291717
 20
714.452709
 30
0.0
 11
760.291717
 21
714.452709
 31
0.0
  0
LINE
  5
19B3
330
70
100
AcDbEntity
  8
Visible
100
AcDbLine
 10
731.291717
 20
708.452709
 30
0.0
 11
731.291717
 21
714.452709
 31
0.0
  0
LINE
  5
19B4
330
70
100
AcDbEntity
  8
Visible
100
AcDbLine
 10
702.291717
 20
708.452709
 30
0.0
 11
731.291717
 21
708.452709
 31
0.0
  0
LINE
  5
19B5
330
70
100
AcDbEntity
  8
Visible
100
AcDbLine
 10
702.291717
 20
714.452709
 30
0.0
 11
702.291717
 21
708.452709
 31
0.0
  0
LINE
  5
19B6
330
70
100
AcDbEntity
  8
Visible
100
AcDbLine
 10
673.291717
 20
714.452709
 30
0.0
 11
702.291717
 21
714.452709
 31
0.0
  0
LINE
  5
19B7
330
70
100
AcDbEntity
  8
Visible
100
AcDbLine
 10
673.291717
 20
708.452709
 30
0.0
 11
673.291717
 21
714.452709
 31
0.0
  0
LINE
  5
19B8
330
70
100
AcDbEntity
  8
Visible
100
AcDbLine
 10
644.291717
 20
708.452709
 30
0.0
 11
673.291717
 21
708.452709
 31
0.0
  0
LINE
  5
19B9
330
70
100
AcDbEntity
  8
Visible
100
AcDbLine
 10
644.291717
 20
714.452709
 30
0.0
 11
644.291717
 21
708.452709
 31
0.0
  0
LINE
  5
19BA
330
70
100
AcDbEntity
  8
Visible
100
AcDbLine
 10
615.291717
 20
714.452709
 30
0.0
 11
644.291717
 21
714.452709
 31
0.0
  0
LINE
  5
19BB
330
70
100
AcDbEntity
  8
Visible
100
AcDbLine
 10
615.291717
 20
708.452709
 30
0.0
 11
615.291717
 21
714.452709
 31
0.0
  0
LINE
  5
19BC
330
70
100
AcDbEntity
  8
Visible
100
AcDbLine
 10
586.291717
 20
708.452709
 30
0.0
 11
615.291717
 21
708.452709
 31
0.0
  0
LINE
  5
19BD
330
70
100
AcDbEntity
  8
Visible
100
AcDbLine
 10
586.291717
 20
714.452709
 30
0.0
 11
586.291717
 21
708.452709
 31
0.0
  0
LINE
  5
19BE
330
70
100
AcDbEntity
  8
Visible
100
AcDbLine
 10
551.791717
 20
714.452709
 30
0.0
 11
586.291717
 21
714.452709
 31
0.0
  0
LINE
  5
19BF
330
70
100
AcDbEntity
  8
Visible
100
AcDbLine
 10
551.791717
 20
748.952709
 30
0.0
 11
551.791717
 21
714.452709
 31
0.0
  0
LINE
  5
19C0
330
70
100
AcDbEntity
  8
Visible
100
AcDbLine
 10
545.791717
 20
748.952709
 30
0.0
 11
551.791717
 21
748.952709
 31
0.0
  0
LINE
  5
19C1
330
70
100
AcDbEntity
  8
Visible
100
AcDbLine
 10
545.791717
 20
777.952709
 30
0.0
 11
545.791717
 21
748.952709
 31
0.0
  0
LINE
  5
19C2
330
70
100
AcDbEntity
  8
Visible
100
AcDbLine
 10
551.791717
 20
777.952709
 30
0.0
 11
545.791717
 21
777.952709
 31
0.0
  0
LINE
  5
19C3
330
70
100
AcDbEntity
  8
Visible
100
AcDbLine
 10
551.791717
 20
806.952709
 30
0.0
 11
551.791717
 21
777.952709
 31
0.0
  0
LINE
  5
19C4
330
70
100
AcDbEntity
  8
Visible
100
AcDbLine
 10
545.791717
 20
806.952709
 30
0.0
 11
551.791717
 21
806.952709
 31
0.0
  0
LINE
  5
19C5
330
70
100
AcDbEntity
  8
Visible
100
AcDbLine
 10
545.791717
 20
835.952709
 30
0.0
 11
545.791717
 21
806.952709
 31
0.0
  0
LINE
  5
19C6
330
70
100
AcDbEntity
  8
Visible
100
AcDbLine
 10
551.791717
 20
835.952709
 30
0.0
 11
545.791717
 21
835.952709
 31
0.0
  0
LINE
  5
19C7
330
70
100
AcDbEntity
  8
Visible
100
AcDbLine
 10
551.791717
 20
864.952709
 30
0.0
 11
551.791717
 21
835.952709
 31
0.0
  0
LINE
  5
19C8
330
70
100
AcDbEntity
  8
Visible
100
AcDbLine
 10
545.791717
 20
864.952709
 30
0.0
 11
551.791717
 21
864.952709
 31
0.0
  0
LINE
  5
19C9
330
70
100
AcDbEntity
  8
Visible
100
AcDbLine
 10
545.791717
 20
893.952709
 30
0.0
 11
545.791717
 21
864.952709
 31
0.0
  0
LINE
  5
19CA
330
70
100
AcDbEntity
  8
Visible
100
AcDbLine
 10
551.791717
 20
893.952709
 30
0.0
 11
545.791717
 21
893.952709
 31
0.0
  0
LINE
  5
19CB
330
70
100
AcDbEntity
  8
Visible
100
AcDbLine
 10
551.791717
 20
922.952709
 30
0.0
 11
551.791717
 21
893.952709
 31
0.0
  0
LINE
  5
19CC
330
70
100
AcDbEntity
  8
Visible
100
AcDbLine
 10
545.791717
 20
922.952709
 30
0.0
 11
551.791717
 21
922.952709
 31
0.0
  0
LINE
  5
19CD
330
70
100
AcDbEntity
  8
Visible
100
AcDbLine
 10
545.791717
 20
951.952709
 30
0.0
 11
545.791717
 21
922.952709
 31
0.0
  0
LINE
  5
19CE
330
70
100
AcDbEntity
  8
Visible
100
AcDbLine
 10
551.791717
 20
951.952709
 30
0.0
 11
545.791717
 21
951.952709
 31
0.0
  0
LINE
  5
19CF
330
70
100
AcDbEntity
  8
Visible
100
AcDbLine
 10
551.791717
 20
980.952709
 30
0.0
 11
551.791717
 21
951.952709
 31
0.0
  0
LINE
  5
19D0
330
70
100
AcDbEntity
  8
Visible
100
AcDbLine
 10
545.791717
 20
980.952709
 30
0.0
 11
551.791717
 21
980.952709
 31
0.0
  0
LINE
  5
19D1
330
70
100
AcDbEntity
  8
Visible
100
AcDbLine
 10
545.791717
 20
1009.952709
 30
0.0
 11
545.791717
 21
980.952709
 31
0.0
  0
LINE
  5
19D2
330
70
100
AcDbEntity
  8
Visible
100
AcDbLine
 10
551.791717
 20
1009.952709
 30
0.0
 11
545.791717
 21
1009.952709
 31
0.0
  0
LINE
  5
19D3
330
70
100
AcDbEntity
  8
Visible
100
AcDbLine
 10
551.791717
 20
1038.952709
 30
0.0
 11
551.791717
 21
1009.952709
 31
0.0
  0
LINE
  5
19D4
330
70
100
AcDbEntity
  8
Visible
100
AcDbLine
 10
545.791717
 20
1038.952709
 30
0.0
 11
551.791717
 21
1038.952709
 31
0.0
  0
LINE
  5
19D5
330
70
100
AcDbEntity
  8
Visible
100
AcDbLine
 10
545.791717
 20
1067.952709
 30
0.0
 11
545.791717
 21
1038.952709
 31
0.0
  0
LINE
  5
19D6
330
70
100
AcDbEntity
  8
Visible
100
AcDbLine
 10
551.791717
 20
1067.952709
 30
0.0
 11
545.791717
 21
1067.952709
 31
0.0
  0
LINE
  5
19D7
330
70
100
AcDbEntity
  8
Visible
100
AcDbLine
 10
551.791717
 20
1102.452709
 30
0.0
 11
551.791717
 21
1067.952709
 31
0.0
  0
LINE
  5
19D8
330
70
100
AcDbEntity
  8
Visible
100
AcDbLine
 10
586.291717
 20
1102.452709
 30
0.0
 11
551.791717
 21
1102.452709
 31
0.0
  0
LINE
  5
19D9
330
70
100
AcDbEntity
  8
Visible
100
AcDbLine
 10
586.291717
 20
1108.452709
 30
0.0
 11
586.291717
 21
1102.452709
 31
0.0
  0
LINE
  5
19DA
330
70
100
AcDbEntity
  8
Visible
100
AcDbLine
 10
615.291717
 20
1108.452709
 30
0.0
 11
586.291717
 21
1108.452709
 31
0.0
  0
LINE
  5
19DB
330
70
100
AcDbEntity
  8
Visible
100
AcDbLine
 10
615.291717
 20
1102.452709
 30
0.0
 11
615.291717
 21
1108.452709
 31
0.0
  0
LINE
  5
19DC
330
70
100
AcDbEntity
  8
Visible
100
AcDbLine
 10
644.291717
 20
1102.452709
 30
0.0
 11
615.291717
 21
1102.452709
 31
0.0
  0
LINE
  5
19DD
330
70
100
AcDbEntity
  8
Visible
100
AcDbLine
 10
644.291717
 20
1108.452709
 30
0.0
 11
644.291717
 21
1102.452709
 31
0.0
  0
LINE
  5
19DE
330
70
100
AcDbEntity
  8
Visible
100
AcDbLine
 10
673.291717
 20
1108.452709
 30
0.0
 11
644.291717
 21
1108.452709
 31
0.0
  0
LINE
  5
19DF
330
70
100
AcDbEntity
  8
Visible
100
AcDbLine
 10
673.291717
 20
1102.452709
 30
0.0
 11
673.291717
 21
1108.452709
 31
0.0
  0
LINE
  5
19E0
330
70
100
AcDbEntity
  8
Visible
100
AcDbLine
 10
702.291717
 20
1102.452709
 30
0.0
 11
673.291717
 21
1102.452709
 31
0.0
  0
LINE
  5
19E1
330
70
100
AcDbEntity
  8
Visible
100
AcDbLine
 10
702.291717
 20
1108.452709
 30
0.0
 11
702.291717
 21
1102.452709
 31
0.0
  0
LINE
  5
19E2
330
70
100
AcDbEntity
  8
Visible
100
AcDbLine
 10
731.291717
 20
1108.452709
 30
0.0
 11
702.291717
 21
1108.452709
 31
0.0
  0
LINE
  5
19E3
330
70
100
AcDbEntity
  8
Visible
100
AcDbLine
 10
731.291717
 20
1102.452709
 30
0.0
 11
731.291717
 21
1108.452709
 31
0.0
  0
LINE
  5
19E4
330
70
100
AcDbEntity
  8
Visible
100
AcDbLine
 10
760.291717
 20
1102.452709
 30
0.0
 11
731.291717
 21
1102.452709
 31
0.0
  0
LINE
  5
19E5
330
70
100
AcDbEntity
  8
Visible
100
AcDbLine
 10
760.291717
 20
1108.452709
 30
0.0
 11
760.291717
 21
1102.452709
 31
0.0
  0
LINE
  5
19E6
330
70
100
AcDbEntity
  8
Visible
100
AcDbLine
 10
789.291717
 20
1108.452709
 30
0.0
 11
760.291717
 21
1108.452709
 31
0.0
  0
LINE
  5
19E7
330
70
100
AcDbEntity
  8
Visible
100
AcDbLine
 10
789.291717
 20
1102.452709
 30
0.0
 11
789.291717
 21
1108.452709
 31
0.0
  0
LINE
  5
19E8
330
70
100
AcDbEntity
  8
Visible
100
AcDbLine
 10
818.291717
 20
1102.452709
 30
0.0
 11
789.291717
 21
1102.452709
 31
0.0
  0
LINE
  5
19E9
330
70
100
AcDbEntity
  8
Visible
100
AcDbLine
 10
818.291717
 20
1108.452709
 30
0.0
 11
818.291717
 21
1102.452709
 31
0.0
  0
LINE
  5
19EA
330
70
100
AcDbEntity
  8
Visible
100
AcDbLine
 10
847.291717
 20
1108.452709
 30
0.0
 11
818.291717
 21
1108.452709
 31
0.0
  0
LINE
  5
19EB
330
70
100
AcDbEntity
  8
Visible
100
AcDbLine
 10
847.291717
 20
1102.452709
 30
0.0
 11
847.291717
 21
1108.452709
 31
0.0
  0
LINE
  5
19EC
330
70
100
AcDbEntity
  8
Visible
100
AcDbLine
 10
876.291717
 20
1102.452709
 30
0.0
 11
847.291717
 21
1102.452709
 31
0.0
  0
LINE
  5
19ED
330
70
100
AcDbEntity
  8
Visible
100
AcDbLine
 10
876.291717
 20
1108.452709
 30
0.0
 11
876.291717
 21
1102.452709
 31
0.0
  0
LINE
  5
19EE
330
70
100
AcDbEntity
  8
Visible
100
AcDbLine
 10
905.291717
 20
1108.452709
 30
0.0
 11
876.291717
 21
1108.452709
 31
0.0
  0
LINE
  5
19EF
330
70
100
AcDbEntity
  8
Visible
100
AcDbLine
 10
905.291717
 20
1102.452709
 30
0.0
 11
905.291717
 21
1108.452709
 31
0.0
  0
LINE
  5
19F0
330
70
100
AcDbEntity
  8
Visible
100
AcDbLine
 10
354.338717
 20
1011.650709
 30
0.0
 11
355.262717
 21
1011.650709
 31
0.0
  0
LINE
  5
19F1
330
70
100
AcDbEntity
  8
Visible
100
AcDbLine
 10
354.338717
 20
1010.054709
 30
0.0
 11
354.338717
 21
1011.650709
 31
0.0
  0
LINE
  5
19F2
330
70
100
AcDbEntity
  8
Visible
100
AcDbLine
 10
353.414717
 20
1010.054709
 30
0.0
 11
354.338717
 21
1010.054709
 31
0.0
  0
LINE
  5
19F3
330
70
100
AcDbEntity
  8
Visible
100
AcDbLine
 10
353.414717
 20
1009.406709
 30
0.0
 11
353.414717
 21
1010.054709
 31
0.0
  0
LINE
  5
19F4
330
70
100
AcDbEntity
  8
Visible
100
AcDbLine
 10
354.338717
 20
1009.406709
 30
0.0
 11
353.414717
 21
1009.406709
 31
0.0
  0
LINE
  5
19F5
330
70
100
AcDbEntity
  8
Visible
100
AcDbLine
 10
354.338717
 20
1005.794709
 30
0.0
 11
354.338717
 21
1009.406709
 31
0.0
  0
LINE
  5
19F6
330
70
100
AcDbEntity
  8
Visible
100
AcDbLine
 10
354.340717
 20
1005.688709
 30
0.0
 11
354.338717
 21
1005.794709
 31
0.0
  0
LINE
  5
19F7
330
70
100
AcDbEntity
  8
Visible
100
AcDbLine
 10
354.347717
 20
1005.585709
 30
0.0
 11
354.340717
 21
1005.688709
 31
0.0
  0
LINE
  5
19F8
330
70
100
AcDbEntity
  8
Visible
100
AcDbLine
 10
354.357717
 20
1005.486709
 30
0.0
 11
354.347717
 21
1005.585709
 31
0.0
  0
LINE
  5
19F9
330
70
100
AcDbEntity
  8
Visible
100
AcDbLine
 10
354.373717
 20
1005.391709
 30
0.0
 11
354.357717
 21
1005.486709
 31
0.0
  0
LINE
  5
19FA
330
70
100
AcDbEntity
  8
Visible
100
AcDbLine
 10
354.392717
 20
1005.299709
 30
0.0
 11
354.373717
 21
1005.391709
 31
0.0
  0
LINE
  5
19FB
330
70
100
AcDbEntity
  8
Visible
100
AcDbLine
 10
354.416717
 20
1005.211709
 30
0.0
 11
354.392717
 21
1005.299709
 31
0.0
  0
LINE
  5
19FC
330
70
100
AcDbEntity
  8
Visible
100
AcDbLine
 10
354.444717
 20
1005.126709
 30
0.0
 11
354.416717
 21
1005.211709
 31
0.0
  0
LINE
  5
19FD
330
70
100
AcDbEntity
  8
Visible
100
AcDbLine
 10
354.476717
 20
1005.045709
 30
0.0
 11
354.444717
 21
1005.126709
 31
0.0
  0
LINE
  5
19FE
330
70
100
AcDbEntity
  8
Visible
100
AcDbLine
 10
354.513717
 20
1004.968709
 30
0.0
 11
354.476717
 21
1005.045709
 31
0.0
  0
LINE
  5
19FF
330
70
100
AcDbEntity
  8
Visible
100
AcDbLine
 10
354.554717
 20
1004.894709
 30
0.0
 11
354.513717
 21
1004.968709
 31
0.0
  0
LINE
  5
1A00
330
70
100
AcDbEntity
  8
Visible
100
AcDbLine
 10
354.599717
 20
1004.824709
 30
0.0
 11
354.554717
 21
1004.894709
 31
0.0
  0
LINE
  5
1A01
330
70
100
AcDbEntity
  8
Visible
100
AcDbLine
 10
354.647717
 20
1004.757709
 30
0.0
 11
354.599717
 21
1004.824709
 31
0.0
  0
LINE
  5
1A02
330
70
100
AcDbEntity
  8
Visible
100
AcDbLine
 10
354.698717
 20
1004.694709
 30
0.0
 11
354.647717
 21
1004.757709
 31
0.0
  0
LINE
  5
1A03
330
70
100
AcDbEntity
  8
Visible
100
AcDbLine
 10
354.752717
 20
1004.635709
 30
0.0
 11
354.698717
 21
1004.694709
 31
0.0
  0
LINE
  5
1A04
330
70
100
AcDbEntity
  8
Visible
100
AcDbLine
 10
354.809717
 20
1004.579709
 30
0.0
 11
354.752717
 21
1004.635709
 31
0.0
  0
LINE
  5
1A05
330
70
100
AcDbEntity
  8
Visible
100
AcDbLine
 10
354.869717
 20
1004.527709
 30
0.0
 11
354.809717
 21
1004.579709
 31
0.0
  0
LINE
  5
1A06
330
70
100
AcDbEntity
  8
Visible
100
AcDbLine
 10
354.933717
 20
1004.478709
 30
0.0
 11
354.869717
 21
1004.527709
 31
0.0
  0
LINE
  5
1A07
330
70
100
AcDbEntity
  8
Visible
100
AcDbLine
 10
354.999717
 20
1004.433709
 30
0.0
 11
354.933717
 21
1004.478709
 31
0.0
  0
LINE
  5
1A08
330
70
100
AcDbEntity
  8
Visible
100
AcDbLine
 10
355.069717
 20
1004.392709
 30
0.0
 11
354.999717
 21
1004.433709
 31
0.0
  0
LINE
  5
1A09
330
70
100
AcDbEntity
  8
Visible
100
AcDbLine
 10
355.142717
 20
1004.354709
 30
0.0
 11
355.069717
 21
1004.392709
 31
0.0
  0
LINE
  5
1A0A
330
70
100
AcDbEntity
  8
Visible
100
AcDbLine
 10
355.217717
 20
1004.320709
 30
0.0
 11
355.142717
 21
1004.354709
 31
0.0
  0
LINE
  5
1A0B
330
70
100
AcDbEntity
  8
Visible
100
AcDbLine
 10
355.295717
 20
1004.289709
 30
0.0
 11
355.217717
 21
1004.320709
 31
0.0
  0
LINE
  5
1A0C
330
70
100
AcDbEntity
  8
Visible
100
AcDbLine
 10
355.374717
 20
1004.262709
 30
0.0
 11
355.295717
 21
1004.289709
 31
0.0
  0
LINE
  5
1A0D
330
70
100
AcDbEntity
  8
Visible
100
AcDbLine
 10
355.455717
 20
1004.239709
 30
0.0
 11
355.374717
 21
1004.262709
 31
0.0
  0
LINE
  5
1A0E
330
70
100
AcDbEntity
  8
Visible
100
AcDbLine
 10
355.538717
 20
1004.219709
 30
0.0
 11
355.455717
 21
1004.239709
 31
0.0
  0
LINE
  5
1A0F
330
70
100
AcDbEntity
  8
Visible
100
AcDbLine
 10
355.623717
 20
1004.203709
 30
0.0
 11
355.538717
 21
1004.219709
 31
0.0
  0
LINE
  5
1A10
330
70
100
AcDbEntity
  8
Visible
100
AcDbLine
 10
355.710717
 20
1004.190709
 30
0.0
 11
355.623717
 21
1004.203709
 31
0.0
  0
LINE
  5
1A11
330
70
100
AcDbEntity
  8
Visible
100
AcDbLine
 10
355.799717
 20
1004.181709
 30
0.0
 11
355.710717
 21
1004.190709
 31
0.0
  0
LINE
  5
1A12
330
70
100
AcDbEntity
  8
Visible
100
AcDbLine
 10
355.889717
 20
1004.176709
 30
0.0
 11
355.799717
 21
1004.181709
 31
0.0
  0
LINE
  5
1A13
330
70
100
AcDbEntity
  8
Visible
100
AcDbLine
 10
355.982717
 20
1004.174709
 30
0.0
 11
355.889717
 21
1004.176709
 31
0.0
  0
LINE
  5
1A14
330
70
100
AcDbEntity
  8
Visible
100
AcDbLine
 10
356.047717
 20
1004.175709
 30
0.0
 11
355.982717
 21
1004.174709
 31
0.0
  0
LINE
  5
1A15
330
70
100
AcDbEntity
  8
Visible
100
AcDbLine
 10
356.111717
 20
1004.177709
 30
0.0
 11
356.047717
 21
1004.175709
 31
0.0
  0
LINE
  5
1A16
330
70
100
AcDbEntity
  8
Visible
100
AcDbLine
 10
356.175717
 20
1004.182709
 30
0.0
 11
356.111717
 21
1004.177709
 31
0.0
  0
LINE
  5
1A17
330
70
100
AcDbEntity
  8
Visible
100
AcDbLine
 10
356.238717
 20
1004.187709
 30
0.0
 11
356.175717
 21
1004.182709
 31
0.0
  0
LINE
  5
1A18
330
70
100
AcDbEntity
  8
Visible
100
AcDbLine
 10
356.301717
 20
1004.195709
 30
0.0
 11
356.238717
 21
1004.187709
 31
0.0
  0
LINE
  5
1A19
330
70
100
AcDbEntity
  8
Visible
100
AcDbLine
 10
356.363717
 20
1004.204709
 30
0.0
 11
356.301717
 21
1004.195709
 31
0.0
  0
LINE
  5
1A1A
330
70
100
AcDbEntity
  8
Visible
100
AcDbLine
 10
356.425717
 20
1004.215709
 30
0.0
 11
356.363717
 21
1004.204709
 31
0.0
  0
LINE
  5
1A1B
330
70
100
AcDbEntity
  8
Visible
100
AcDbLine
 10
356.487717
 20
1004.228709
 30
0.0
 11
356.425717
 21
1004.215709
 31
0.0
  0
LINE
  5
1A1C
330
70
100
AcDbEntity
  8
Visible
100
AcDbLine
 10
356.548717
 20
1004.242709
 30
0.0
 11
356.487717
 21
1004.228709
 31
0.0
  0
LINE
  5
1A1D
330
70
100
AcDbEntity
  8
Visible
100
AcDbLine
 10
356.609717
 20
1004.258709
 30
0.0
 11
356.548717
 21
1004.242709
 31
0.0
  0
LINE
  5
1A1E
330
70
100
AcDbEntity
  8
Visible
100
AcDbLine
 10
356.670717
 20
1004.275709
 30
0.0
 11
356.609717
 21
1004.258709
 31
0.0
  0
LINE
  5
1A1F
330
70
100
AcDbEntity
  8
Visible
100
AcDbLine
 10
356.730717
 20
1004.294709
 30
0.0
 11
356.670717
 21
1004.275709
 31
0.0
  0
LINE
  5
1A20
330
70
100
AcDbEntity
  8
Visible
100
AcDbLine
 10
356.791717
 20
1004.313709
 30
0.0
 11
356.730717
 21
1004.294709
 31
0.0
  0
LINE
  5
1A21
330
70
100
AcDbEntity
  8
Visible
100
AcDbLine
 10
356.852717
 20
1004.333709
 30
0.0
 11
356.791717
 21
1004.313709
 31
0.0
  0
LINE
  5
1A22
330
70
100
AcDbEntity
  8
Visible
100
AcDbLine
 10
356.913717
 20
1004.354709
 30
0.0
 11
356.852717
 21
1004.333709
 31
0.0
  0
LINE
  5
1A23
330
70
100
AcDbEntity
  8
Visible
100
AcDbLine
 10
356.974717
 20
1004.376709
 30
0.0
 11
356.913717
 21
1004.354709
 31
0.0
  0
LINE
  5
1A24
330
70
100
AcDbEntity
  8
Visible
100
AcDbLine
 10
357.035717
 20
1004.399709
 30
0.0
 11
356.974717
 21
1004.376709
 31
0.0
  0
LINE
  5
1A25
330
70
100
AcDbEntity
  8
Visible
100
AcDbLine
 10
357.096717
 20
1004.423709
 30
0.0
 11
357.035717
 21
1004.399709
 31
0.0
  0
LINE
  5
1A26
330
70
100
AcDbEntity
  8
Visible
100
AcDbLine
 10
357.157717
 20
1004.448709
 30
0.0
 11
357.096717
 21
1004.423709
 31
0.0
  0
LINE
  5
1A27
330
70
100
AcDbEntity
  8
Visible
100
AcDbLine
 10
357.218717
 20
1004.474709
 30
0.0
 11
357.157717
 21
1004.448709
 31
0.0
  0
LINE
  5
1A28
330
70
100
AcDbEntity
  8
Visible
100
AcDbLine
 10
357.086717
 20
1005.146709
 30
0.0
 11
357.218717
 21
1004.474709
 31
0.0
  0
LINE
  5
1A29
330
70
100
AcDbEntity
  8
Visible
100
AcDbLine
 10
357.029717
 20
1005.125709
 30
0.0
 11
357.086717
 21
1005.146709
 31
0.0
  0
LINE
  5
1A2A
330
70
100
AcDbEntity
  8
Visible
100
AcDbLine
 10
356.973717
 20
1005.105709
 30
0.0
 11
357.029717
 21
1005.125709
 31
0.0
  0
LINE
  5
1A2B
330
70
100
AcDbEntity
  8
Visible
100
AcDbLine
 10
356.918717
 20
1005.086709
 30
0.0
 11
356.973717
 21
1005.105709
 31
0.0
  0
LINE
  5
1A2C
330
70
100
AcDbEntity
  8
Visible
100
AcDbLine
 10
356.865717
 20
1005.068709
 30
0.0
 11
356.918717
 21
1005.086709
 31
0.0
  0
LINE
  5
1A2D
330
70
100
AcDbEntity
  8
Visible
100
AcDbLine
 10
356.812717
 20
1005.052709
 30
0.0
 11
356.865717
 21
1005.068709
 31
0.0
  0
LINE
  5
1A2E
330
70
100
AcDbEntity
  8
Visible
100
AcDbLine
 10
356.761717
 20
1005.036709
 30
0.0
 11
356.812717
 21
1005.052709
 31
0.0
  0
LINE
  5
1A2F
330
70
100
AcDbEntity
  8
Visible
100
AcDbLine
 10
356.711717
 20
1005.021709
 30
0.0
 11
356.761717
 21
1005.036709
 31
0.0
  0
LINE
  5
1A30
330
70
100
AcDbEntity
  8
Visible
100
AcDbLine
 10
356.662717
 20
1005.008709
 30
0.0
 11
356.711717
 21
1005.021709
 31
0.0
  0
LINE
  5
1A31
330
70
100
AcDbEntity
  8
Visible
100
AcDbLine
 10
356.614717
 20
1004.995709
 30
0.0
 11
356.662717
 21
1005.008709
 31
0.0
  0
LINE
  5
1A32
330
70
100
AcDbEntity
  8
Visible
100
AcDbLine
 10
356.567717
 20
1004.984709
 30
0.0
 11
356.614717
 21
1004.995709
 31
0.0
  0
LINE
  5
1A33
330
70
100
AcDbEntity
  8
Visible
100
AcDbLine
 10
356.521717
 20
1004.974709
 30
0.0
 11
356.567717
 21
1004.984709
 31
0.0
  0
LINE
  5
1A34
330
70
100
AcDbEntity
  8
Visible
100
AcDbLine
 10
356.427717
 20
1004.956709
 30
0.0
 11
356.521717
 21
1004.974709
 31
0.0
  0
LINE
  5
1A35
330
70
100
AcDbEntity
  8
Visible
100
AcDbLine
 10
356.380717
 20
1004.949709
 30
0.0
 11
356.427717
 21
1004.956709
 31
0.0
  0
LINE
  5
1A36
330
70
100
AcDbEntity
  8
Visible
100
AcDbLine
 10
356.332717
 20
1004.943709
 30
0.0
 11
356.380717
 21
1004.949709
 31
0.0
  0
LINE
  5
1A37
330
70
100
AcDbEntity
  8
Visible
100
AcDbLine
 10
356.236717
 20
1004.935709
 30
0.0
 11
356.332717
 21
1004.943709
 31
0.0
  0
LINE
  5
1A38
330
70
100
AcDbEntity
  8
Visible
100
AcDbLine
 10
356.188717
 20
1004.932709
 30
0.0
 11
356.236717
 21
1004.935709
 31
0.0
  0
LINE
  5
1A39
330
70
100
AcDbEntity
  8
Visible
100
AcDbLine
 10
356.090717
 20
1004.930709
 30
0.0
 11
356.188717
 21
1004.932709
 31
0.0
  0
LINE
  5
1A3A
330
70
100
AcDbEntity
  8
Visible
100
AcDbLine
 10
355.933717
 20
1004.939709
 30
0.0
 11
356.090717
 21
1004.930709
 31
0.0
  0
LINE
  5
1A3B
330
70
100
AcDbEntity
  8
Visible
100
AcDbLine
 10
355.792717
 20
1004.966709
 30
0.0
 11
355.933717
 21
1004.939709
 31
0.0
  0
LINE
  5
1A3C
330
70
100
AcDbEntity
  8
Visible
100
AcDbLine
 10
355.668717
 20
1005.010709
 30
0.0
 11
355.792717
 21
1004.966709
 31
0.0
  0
LINE
  5
1A3D
330
70
100
AcDbEntity
  8
Visible
100
AcDbLine
 10
355.560717
 20
1005.072709
 30
0.0
 11
355.668717
 21
1005.010709
 31
0.0
  0
LINE
  5
1A3E
330
70
100
AcDbEntity
  8
Visible
100
AcDbLine
 10
355.469717
 20
1005.152709
 30
0.0
 11
355.560717
 21
1005.072709
 31
0.0
  0
LINE
  5
1A3F
330
70
100
AcDbEntity
  8
Visible
100
AcDbLine
 10
355.394717
 20
1005.250709
 30
0.0
 11
355.469717
 21
1005.152709
 31
0.0
  0
LINE
  5
1A40
330
70
100
AcDbEntity
  8
Visible
100
AcDbLine
 10
355.337717
 20
1005.365709
 30
0.0
 11
355.394717
 21
1005.250709
 31
0.0
  0
LINE
  5
1A41
330
70
100
AcDbEntity
  8
Visible
100
AcDbLine
 10
355.295717
 20
1005.498709
 30
0.0
 11
355.337717
 21
1005.365709
 31
0.0
  0
LINE
  5
1A42
330
70
100
AcDbEntity
  8
Visible
100
AcDbLine
 10
355.270717
 20
1005.649709
 30
0.0
 11
355.295717
 21
1005.498709
 31
0.0
  0
LINE
  5
1A43
330
70
100
AcDbEntity
  8
Visible
100
AcDbLine
 10
355.262717
 20
1005.818709
 30
0.0
 11
355.270717
 21
1005.649709
 31
0.0
  0
LINE
  5
1A44
330
70
100
AcDbEntity
  8
Visible
100
AcDbLine
 10
355.262717
 20
1009.406709
 30
0.0
 11
355.262717
 21
1005.818709
 31
0.0
  0
LINE
  5
1A45
330
70
100
AcDbEntity
  8
Visible
100
AcDbLine
 10
357.074717
 20
1009.406709
 30
0.0
 11
355.262717
 21
1009.406709
 31
0.0
  0
LINE
  5
1A46
330
70
100
AcDbEntity
  8
Visible
100
AcDbLine
 10
357.074717
 20
1010.054709
 30
0.0
 11
357.074717
 21
1009.406709
 31
0.0
  0
LINE
  5
1A47
330
70
100
AcDbEntity
  8
Visible
100
AcDbLine
 10
355.262717
 20
1010.054709
 30
0.0
 11
357.074717
 21
1010.054709
 31
0.0
  0
LINE
  5
1A48
330
70
100
AcDbEntity
  8
Visible
100
AcDbLine
 10
355.262717
 20
1011.650709
 30
0.0
 11
355.262717
 21
1010.054709
 31
0.0
  0
LINE
  5
1A49
330
70
100
AcDbEntity
  8
Visible
100
AcDbLine
 10
347.914717
 20
1007.173709
 30
0.0
 11
347.912717
 21
1007.030709
 31
0.0
  0
LINE
  5
1A4A
330
70
100
AcDbEntity
  8
Visible
100
AcDbLine
 10
347.920717
 20
1007.312709
 30
0.0
 11
347.914717
 21
1007.173709
 31
0.0
  0
LINE
  5
1A4B
330
70
100
AcDbEntity
  8
Visible
100
AcDbLine
 10
347.930717
 20
1007.448709
 30
0.0
 11
347.920717
 21
1007.312709
 31
0.0
  0
LINE
  5
1A4C
330
70
100
AcDbEntity
  8
Visible
100
AcDbLine
 10
347.945717
 20
1007.579709
 30
0.0
 11
347.930717
 21
1007.448709
 31
0.0
  0
LINE
  5
1A4D
330
70
100
AcDbEntity
  8
Visible
100
AcDbLine
 10
347.963717
 20
1007.706709
 30
0.0
 11
347.945717
 21
1007.579709
 31
0.0
  0
LINE
  5
1A4E
330
70
100
AcDbEntity
  8
Visible
100
AcDbLine
 10
347.985717
 20
1007.829709
 30
0.0
 11
347.963717
 21
1007.706709
 31
0.0
  0
LINE
  5
1A4F
330
70
100
AcDbEntity
  8
Visible
100
AcDbLine
 10
348.012717
 20
1007.948709
 30
0.0
 11
347.985717
 21
1007.829709
 31
0.0
  0
LINE
  5
1A50
330
70
100
AcDbEntity
  8
Visible
100
AcDbLine
 10
348.043717
 20
1008.063709
 30
0.0
 11
348.012717
 21
1007.948709
 31
0.0
  0
LINE
  5
1A51
330
70
100
AcDbEntity
  8
Visible
100
AcDbLine
 10
348.077717
 20
1008.174709
 30
0.0
 11
348.043717
 21
1008.063709
 31
0.0
  0
LINE
  5
1A52
330
70
100
AcDbEntity
  8
Visible
100
AcDbLine
 10
348.116717
 20
1008.281709
 30
0.0
 11
348.077717
 21
1008.174709
 31
0.0
  0
LINE
  5
1A53
330
70
100
AcDbEntity
  8
Visible
100
AcDbLine
 10
348.159717
 20
1008.384709
 30
0.0
 11
348.116717
 21
1008.281709
 31
0.0
  0
LINE
  5
1A54
330
70
100
AcDbEntity
  8
Visible
100
AcDbLine
 10
348.205717
 20
1008.481709
 30
0.0
 11
348.159717
 21
1008.384709
 31
0.0
  0
LINE
  5
1A55
330
70
100
AcDbEntity
  8
Visible
100
AcDbLine
 10
348.254717
 20
1008.574709
 30
0.0
 11
348.205717
 21
1008.481709
 31
0.0
  0
LINE
  5
1A56
330
70
100
AcDbEntity
  8
Visible
100
AcDbLine
 10
348.307717
 20
1008.662709
 30
0.0
 11
348.254717
 21
1008.574709
 31
0.0
  0
LINE
  5
1A57
330
70
100
AcDbEntity
  8
Visible
100
AcDbLine
 10
348.363717
 20
1008.745709
 30
0.0
 11
348.307717
 21
1008.662709
 31
0.0
  0
LINE
  5
1A58
330
70
100
AcDbEntity
  8
Visible
100
AcDbLine
 10
348.423717
 20
1008.824709
 30
0.0
 11
348.363717
 21
1008.745709
 31
0.0
  0
LINE
  5
1A59
330
70
100
AcDbEntity
  8
Visible
100
AcDbLine
 10
348.487717
 20
1008.897709
 30
0.0
 11
348.423717
 21
1008.824709
 31
0.0
  0
LINE
  5
1A5A
330
70
100
AcDbEntity
  8
Visible
100
AcDbLine
 10
348.554717
 20
1008.965709
 30
0.0
 11
348.487717
 21
1008.897709
 31
0.0
  0
LINE
  5
1A5B
330
70
100
AcDbEntity
  8
Visible
100
AcDbLine
 10
348.624717
 20
1009.029709
 30
0.0
 11
348.554717
 21
1008.965709
 31
0.0
  0
LINE
  5
1A5C
330
70
100
AcDbEntity
  8
Visible
100
AcDbLine
 10
348.698717
 20
1009.088709
 30
0.0
 11
348.624717
 21
1009.029709
 31
0.0
  0
LINE
  5
1A5D
330
70
100
AcDbEntity
  8
Visible
100
AcDbLine
 10
348.775717
 20
1009.142709
 30
0.0
 11
348.698717
 21
1009.088709
 31
0.0
  0
LINE
  5
1A5E
330
70
100
AcDbEntity
  8
Visible
100
AcDbLine
 10
348.855717
 20
1009.190709
 30
0.0
 11
348.775717
 21
1009.142709
 31
0.0
  0
LINE
  5
1A5F
330
70
100
AcDbEntity
  8
Visible
100
AcDbLine
 10
348.937717
 20
1009.232709
 30
0.0
 11
348.855717
 21
1009.190709
 31
0.0
  0
LINE
  5
1A60
330
70
100
AcDbEntity
  8
Visible
100
AcDbLine
 10
349.022717
 20
1009.268709
 30
0.0
 11
348.937717
 21
1009.232709
 31
0.0
  0
LINE
  5
1A61
330
70
100
AcDbEntity
  8
Visible
100
AcDbLine
 10
349.111717
 20
1009.299709
 30
0.0
 11
349.022717
 21
1009.268709
 31
0.0
  0
LINE
  5
1A62
330
70
100
AcDbEntity
  8
Visible
100
AcDbLine
 10
349.201717
 20
1009.325709
 30
0.0
 11
349.111717
 21
1009.299709
 31
0.0
  0
LINE
  5
1A63
330
70
100
AcDbEntity
  8
Visible
100
AcDbLine
 10
349.295717
 20
1009.345709
 30
0.0
 11
349.201717
 21
1009.325709
 31
0.0
  0
LINE
  5
1A64
330
70
100
AcDbEntity
  8
Visible
100
AcDbLine
 10
349.391717
 20
1009.359709
 30
0.0
 11
349.295717
 21
1009.345709
 31
0.0
  0
LINE
  5
1A65
330
70
100
AcDbEntity
  8
Visible
100
AcDbLine
 10
349.490717
 20
1009.367709
 30
0.0
 11
349.391717
 21
1009.359709
 31
0.0
  0
LINE
  5
1A66
330
70
100
AcDbEntity
  8
Visible
100
AcDbLine
 10
349.592717
 20
1009.370709
 30
0.0
 11
349.490717
 21
1009.367709
 31
0.0
  0
LINE
  5
1A67
330
70
100
AcDbEntity
  8
Visible
100
AcDbLine
 10
349.725717
 20
1009.366709
 30
0.0
 11
349.592717
 21
1009.370709
 31
0.0
  0
LINE
  5
1A68
330
70
100
AcDbEntity
  8
Visible
100
AcDbLine
 10
349.852717
 20
1009.353709
 30
0.0
 11
349.725717
 21
1009.366709
 31
0.0
  0
LINE
  5
1A69
330
70
100
AcDbEntity
  8
Visible
100
AcDbLine
 10
349.973717
 20
1009.331709
 30
0.0
 11
349.852717
 21
1009.353709
 31
0.0
  0
LINE
  5
1A6A
330
70
100
AcDbEntity
  8
Visible
100
AcDbLine
 10
350.089717
 20
1009.301709
 30
0.0
 11
349.973717
 21
1009.331709
 31
0.0
  0
LINE
  5
1A6B
330
70
100
AcDbEntity
  8
Visible
100
AcDbLine
 10
350.199717
 20
1009.263709
 30
0.0
 11
350.089717
 21
1009.301709
 31
0.0
  0
LINE
  5
1A6C
330
70
100
AcDbEntity
  8
Visible
100
AcDbLine
 10
350.303717
 20
1009.216709
 30
0.0
 11
350.199717
 21
1009.263709
 31
0.0
  0
LINE
  5
1A6D
330
70
100
AcDbEntity
  8
Visible
100
AcDbLine
 10
350.402717
 20
1009.160709
 30
0.0
 11
350.303717
 21
1009.216709
 31
0.0
  0
LINE
  5
1A6E
330
70
100
AcDbEntity
  8
Visible
100
AcDbLine
 10
350.494717
 20
1009.095709
 30
0.0
 11
350.402717
 21
1009.160709
 31
0.0
  0
LINE
  5
1A6F
330
70
100
AcDbEntity
  8
Visible
100
AcDbLine
 10
350.582717
 20
1009.023709
 30
0.0
 11
350.494717
 21
1009.095709
 31
0.0
  0
LINE
  5
1A70
330
70
100
AcDbEntity
  8
Visible
100
AcDbLine
 10
350.663717
 20
1008.941709
 30
0.0
 11
350.582717
 21
1009.023709
 31
0.0
  0
LINE
  5
1A71
330
70
100
AcDbEntity
  8
Visible
100
AcDbLine
 10
350.738717
 20
1008.851709
 30
0.0
 11
350.663717
 21
1008.941709
 31
0.0
  0
LINE
  5
1A72
330
70
100
AcDbEntity
  8
Visible
100
AcDbLine
 10
350.804717
 20
1008.754709
 30
0.0
 11
350.738717
 21
1008.851709
 31
0.0
  0
LINE
  5
1A73
330
70
100
AcDbEntity
  8
Visible
100
AcDbLine
 10
350.863717
 20
1008.648709
 30
0.0
 11
350.804717
 21
1008.754709
 31
0.0
  0
LINE
  5
1A74
330
70
100
AcDbEntity
  8
Visible
100
AcDbLine
 10
350.915717
 20
1008.535709
 30
0.0
 11
350.863717
 21
1008.648709
 31
0.0
  0
LINE
  5
1A75
330
70
100
AcDbEntity
  8
Visible
100
AcDbLine
 10
350.958717
 20
1008.414709
 30
0.0
 11
350.915717
 21
1008.535709
 31
0.0
  0
LINE
  5
1A76
330
70
100
AcDbEntity
  8
Visible
100
AcDbLine
 10
350.993717
 20
1008.285709
 30
0.0
 11
350.958717
 21
1008.414709
 31
0.0
  0
LINE
  5
1A77
330
70
100
AcDbEntity
  8
Visible
100
AcDbLine
 10
351.021717
 20
1008.148709
 30
0.0
 11
350.993717
 21
1008.285709
 31
0.0
  0
LINE
  5
1A78
330
70
100
AcDbEntity
  8
Visible
100
AcDbLine
 10
351.040717
 20
1008.003709
 30
0.0
 11
351.021717
 21
1008.148709
 31
0.0
  0
LINE
  5
1A79
330
70
100
AcDbEntity
  8
Visible
100
AcDbLine
 10
351.052717
 20
1007.850709
 30
0.0
 11
351.040717
 21
1008.003709
 31
0.0
  0
LINE
  5
1A7A
330
70
100
AcDbEntity
  8
Visible
100
AcDbLine
 10
351.056717
 20
1007.690709
 30
0.0
 11
351.052717
 21
1007.850709
 31
0.0
  0
LINE
  5
1A7B
330
70
100
AcDbEntity
  8
Visible
100
AcDbLine
 10
351.056717
 20
1004.318709
 30
0.0
 11
351.056717
 21
1007.690709
 31
0.0
  0
LINE
  5
1A7C
330
70
100
AcDbEntity
  8
Visible
100
AcDbLine
 10
351.980717
 20
1004.318709
 30
0.0
 11
351.056717
 21
1004.318709
 31
0.0
  0
LINE
  5
1A7D
330
70
100
AcDbEntity
  8
Visible
100
AcDbLine
 10
351.980717
 20
1007.690709
 30
0.0
 11
351.980717
 21
1004.318709
 31
0.0
  0
LINE
  5
1A7E
330
70
100
AcDbEntity
  8
Visible
100
AcDbLine
 10
351.977717
 20
1007.843709
 30
0.0
 11
351.980717
 21
1007.690709
 31
0.0
  0
LINE
  5
1A7F
330
70
100
AcDbEntity
  8
Visible
100
AcDbLine
 10
351.970717
 20
1007.991709
 30
0.0
 11
351.977717
 21
1007.843709
 31
0.0
  0
LINE
  5
1A80
330
70
100
AcDbEntity
  8
Visible
100
AcDbLine
 10
351.957717
 20
1008.135709
 30
0.0
 11
351.970717
 21
1007.991709
 31
0.0
  0
LINE
  5
1A81
330
70
100
AcDbEntity
  8
Visible
100
AcDbLine
 10
351.939717
 20
1008.276709
 30
0.0
 11
351.957717
 21
1008.135709
 31
0.0
  0
LINE
  5
1A82
330
70
100
AcDbEntity
  8
Visible
100
AcDbLine
 10
351.916717
 20
1008.412709
 30
0.0
 11
351.939717
 21
1008.276709
 31
0.0
  0
LINE
  5
1A83
330
70
100
AcDbEntity
  8
Visible
100
AcDbLine
 10
351.887717
 20
1008.543709
 30
0.0
 11
351.916717
 21
1008.412709
 31
0.0
  0
LINE
  5
1A84
330
70
100
AcDbEntity
  8
Visible
100
AcDbLine
 10
351.854717
 20
1008.671709
 30
0.0
 11
351.887717
 21
1008.543709
 31
0.0
  0
LINE
  5
1A85
330
70
100
AcDbEntity
  8
Visible
100
AcDbLine
 10
351.815717
 20
1008.794709
 30
0.0
 11
351.854717
 21
1008.671709
 31
0.0
  0
LINE
  5
1A86
330
70
100
AcDbEntity
  8
Visible
100
AcDbLine
 10
351.771717
 20
1008.913709
 30
0.0
 11
351.815717
 21
1008.794709
 31
0.0
  0
LINE
  5
1A87
330
70
100
AcDbEntity
  8
Visible
100
AcDbLine
 10
351.722717
 20
1009.028709
 30
0.0
 11
351.771717
 21
1008.913709
 31
0.0
  0
LINE
  5
1A88
330
70
100
AcDbEntity
  8
Visible
100
AcDbLine
 10
351.668717
 20
1009.138709
 30
0.0
 11
351.722717
 21
1009.028709
 31
0.0
  0
LINE
  5
1A89
330
70
100
AcDbEntity
  8
Visible
100
AcDbLine
 10
351.610717
 20
1009.243709
 30
0.0
 11
351.668717
 21
1009.138709
 31
0.0
  0
LINE
  5
1A8A
330
70
100
AcDbEntity
  8
Visible
100
AcDbLine
 10
351.547717
 20
1009.343709
 30
0.0
 11
351.610717
 21
1009.243709
 31
0.0
  0
LINE
  5
1A8B
330
70
100
AcDbEntity
  8
Visible
100
AcDbLine
 10
351.480717
 20
1009.437709
 30
0.0
 11
351.547717
 21
1009.343709
 31
0.0
  0
LINE
  5
1A8C
330
70
100
AcDbEntity
  8
Visible
100
AcDbLine
 10
351.408717
 20
1009.527709
 30
0.0
 11
351.480717
 21
1009.437709
 31
0.0
  0
LINE
  5
1A8D
330
70
100
AcDbEntity
  8
Visible
100
AcDbLine
 10
351.331717
 20
1009.611709
 30
0.0
 11
351.408717
 21
1009.527709
 31
0.0
  0
LINE
  5
1A8E
330
70
100
AcDbEntity
  8
Visible
100
AcDbLine
 10
351.251717
 20
1009.690709
 30
0.0
 11
351.331717
 21
1009.611709
 31
0.0
  0
LINE
  5
1A8F
330
70
100
AcDbEntity
  8
Visible
100
AcDbLine
 10
351.165717
 20
1009.763709
 30
0.0
 11
351.251717
 21
1009.690709
 31
0.0
  0
LINE
  5
1A90
330
70
100
AcDbEntity
  8
Visible
100
AcDbLine
 10
351.075717
 20
1009.832709
 30
0.0
 11
351.165717
 21
1009.763709
 31
0.0
  0
LINE
  5
1A91
330
70
100
AcDbEntity
  8
Visible
100
AcDbLine
 10
350.981717
 20
1009.895709
 30
0.0
 11
351.075717
 21
1009.832709
 31
0.0
  0
LINE
  5
1A92
330
70
100
AcDbEntity
  8
Visible
100
AcDbLine
 10
350.882717
 20
1009.953709
 30
0.0
 11
350.981717
 21
1009.895709
 31
0.0
  0
LINE
  5
1A93
330
70
100
AcDbEntity
  8
Visible
100
AcDbLine
 10
350.780717
 20
1010.004709
 30
0.0
 11
350.882717
 21
1009.953709
 31
0.0
  0
LINE
  5
1A94
330
70
100
AcDbEntity
  8
Visible
100
AcDbLine
 10
350.674717
 20
1010.050709
 30
0.0
 11
350.780717
 21
1010.004709
 31
0.0
  0
LINE
  5
1A95
330
70
100
AcDbEntity
  8
Visible
100
AcDbLine
 10
350.563717
 20
1010.089709
 30
0.0
 11
350.674717
 21
1010.050709
 31
0.0
  0
LINE
  5
1A96
330
70
100
AcDbEntity
  8
Visible
100
AcDbLine
 10
350.449717
 20
1010.122709
 30
0.0
 11
350.563717
 21
1010.089709
 31
0.0
  0
LINE
  5
1A97
330
70
100
AcDbEntity
  8
Visible
100
AcDbLine
 10
350.331717
 20
1010.150709
 30
0.0
 11
350.449717
 21
1010.122709
 31
0.0
  0
LINE
  5
1A98
330
70
100
AcDbEntity
  8
Visible
100
AcDbLine
 10
350.209717
 20
1010.171709
 30
0.0
 11
350.331717
 21
1010.150709
 31
0.0
  0
LINE
  5
1A99
330
70
100
AcDbEntity
  8
Visible
100
AcDbLine
 10
350.083717
 20
1010.186709
 30
0.0
 11
350.209717
 21
1010.171709
 31
0.0
  0
LINE
  5
1A9A
330
70
100
AcDbEntity
  8
Visible
100
AcDbLine
 10
349.954717
 20
1010.195709
 30
0.0
 11
350.083717
 21
1010.186709
 31
0.0
  0
LINE
  5
1A9B
330
70
100
AcDbEntity
  8
Visible
100
AcDbLine
 10
349.820717
 20
1010.198709
 30
0.0
 11
349.954717
 21
1010.195709
 31
0.0
  0
LINE
  5
1A9C
330
70
100
AcDbEntity
  8
Visible
100
AcDbLine
 10
349.677717
 20
1010.194709
 30
0.0
 11
349.820717
 21
1010.198709
 31
0.0
  0
LINE
  5
1A9D
330
70
100
AcDbEntity
  8
Visible
100
AcDbLine
 10
349.538717
 20
1010.183709
 30
0.0
 11
349.677717
 21
1010.194709
 31
0.0
  0
LINE
  5
1A9E
330
70
100
AcDbEntity
  8
Visible
100
AcDbLine
 10
349.404717
 20
1010.164709
 30
0.0
 11
349.538717
 21
1010.183709
 31
0.0
  0
LINE
  5
1A9F
330
70
100
AcDbEntity
  8
Visible
100
AcDbLine
 10
349.274717
 20
1010.138709
 30
0.0
 11
349.404717
 21
1010.164709
 31
0.0
  0
LINE
  5
1AA0
330
70
100
AcDbEntity
  8
Visible
100
AcDbLine
 10
349.149717
 20
1010.104709
 30
0.0
 11
349.274717
 21
1010.138709
 31
0.0
  0
LINE
  5
1AA1
330
70
100
AcDbEntity
  8
Visible
100
AcDbLine
 10
349.028717
 20
1010.063709
 30
0.0
 11
349.149717
 21
1010.104709
 31
0.0
  0
LINE
  5
1AA2
330
70
100
AcDbEntity
  8
Visible
100
AcDbLine
 10
348.911717
 20
1010.014709
 30
0.0
 11
349.028717
 21
1010.063709
 31
0.0
  0
LINE
  5
1AA3
330
70
100
AcDbEntity
  8
Visible
100
AcDbLine
 10
348.799717
 20
1009.958709
 30
0.0
 11
348.911717
 21
1010.014709
 31
0.0
  0
LINE
  5
1AA4
330
70
100
AcDbEntity
  8
Visible
100
AcDbLine
 10
348.691717
 20
1009.894709
 30
0.0
 11
348.799717
 21
1009.958709
 31
0.0
  0
LINE
  5
1AA5
330
70
100
AcDbEntity
  8
Visible
100
AcDbLine
 10
348.587717
 20
1009.823709
 30
0.0
 11
348.691717
 21
1009.894709
 31
0.0
  0
LINE
  5
1AA6
330
70
100
AcDbEntity
  8
Visible
100
AcDbLine
 10
348.488717
 20
1009.745709
 30
0.0
 11
348.587717
 21
1009.823709
 31
0.0
  0
LINE
  5
1AA7
330
70
100
AcDbEntity
  8
Visible
100
AcDbLine
 10
348.394717
 20
1009.660709
 30
0.0
 11
348.488717
 21
1009.745709
 31
0.0
  0
LINE
  5
1AA8
330
70
100
AcDbEntity
  8
Visible
100
AcDbLine
 10
348.305717
 20
1009.568709
 30
0.0
 11
348.394717
 21
1009.660709
 31
0.0
  0
LINE
  5
1AA9
330
70
100
AcDbEntity
  8
Visible
100
AcDbLine
 10
348.220717
 20
1009.470709
 30
0.0
 11
348.305717
 21
1009.568709
 31
0.0
  0
LINE
  5
1AAA
330
70
100
AcDbEntity
  8
Visible
100
AcDbLine
 10
348.141717
 20
1009.365709
 30
0.0
 11
348.220717
 21
1009.470709
 31
0.0
  0
LINE
  5
1AAB
330
70
100
AcDbEntity
  8
Visible
100
AcDbLine
 10
348.066717
 20
1009.253709
 30
0.0
 11
348.141717
 21
1009.365709
 31
0.0
  0
LINE
  5
1AAC
330
70
100
AcDbEntity
  8
Visible
100
AcDbLine
 10
347.996717
 20
1009.135709
 30
0.0
 11
348.066717
 21
1009.253709
 31
0.0
  0
LINE
  5
1AAD
330
70
100
AcDbEntity
  8
Visible
100
AcDbLine
 10
347.931717
 20
1009.010709
 30
0.0
 11
347.996717
 21
1009.135709
 31
0.0
  0
LINE
  5
1AAE
330
70
100
AcDbEntity
  8
Visible
100
AcDbLine
 10
347.912717
 20
1008.968909
 30
0.0
 11
347.931717
 21
1009.010709
 31
0.0
  0
LINE
  5
1AAF
330
70
100
AcDbEntity
  8
Visible
100
AcDbLine
 10
347.912717
 20
1012.502709
 30
0.0
 11
347.912717
 21
1008.968909
 31
0.0
  0
LINE
  5
1AB0
330
70
100
AcDbEntity
  8
Visible
100
AcDbLine
 10
346.976717
 20
1012.502709
 30
0.0
 11
347.912717
 21
1012.502709
 31
0.0
  0
LINE
  5
1AB1
330
70
100
AcDbEntity
  8
Visible
100
AcDbLine
 10
346.976717
 20
1004.318709
 30
0.0
 11
346.976717
 21
1012.502709
 31
0.0
  0
LINE
  5
1AB2
330
70
100
AcDbEntity
  8
Visible
100
AcDbLine
 10
347.912717
 20
1004.318709
 30
0.0
 11
346.976717
 21
1004.318709
 31
0.0
  0
LINE
  5
1AB3
330
70
100
AcDbEntity
  8
Visible
100
AcDbLine
 10
347.912717
 20
1007.030709
 30
0.0
 11
347.912717
 21
1004.318709
 31
0.0
  0
LINE
  5
1AB4
330
70
100
AcDbEntity
  8
Visible
100
AcDbLine
 10
340.387717
 20
1004.482709
 30
0.0
 11
340.444597
 21
1004.496819
 31
0.0
  0
LINE
  5
1AB5
330
70
100
AcDbEntity
  8
Visible
100
AcDbLine
 10
340.264717
 20
1004.444709
 30
0.0
 11
340.387717
 21
1004.482709
 31
0.0
  0
LINE
  5
1AB6
330
70
100
AcDbEntity
  8
Visible
100
AcDbLine
 10
340.146717
 20
1004.398709
 30
0.0
 11
340.264717
 21
1004.444709
 31
0.0
  0
LINE
  5
1AB7
330
70
100
AcDbEntity
  8
Visible
100
AcDbLine
 10
340.034717
 20
1004.345709
 30
0.0
 11
340.146717
 21
1004.398709
 31
0.0
  0
LINE
  5
1AB8
330
70
100
AcDbEntity
  8
Visible
100
AcDbLine
 10
339.928717
 20
1004.286709
 30
0.0
 11
340.034717
 21
1004.345709
 31
0.0
  0
LINE
  5
1AB9
330
70
100
AcDbEntity
  8
Visible
100
AcDbLine
 10
339.827717
 20
1004.219709
 30
0.0
 11
339.928717
 21
1004.286709
 31
0.0
  0
LINE
  5
1ABA
330
70
100
AcDbEntity
  8
Visible
100
AcDbLine
 10
339.734717
 20
1004.146709
 30
0.0
 11
339.827717
 21
1004.219709
 31
0.0
  0
LINE
  5
1ABB
330
70
100
AcDbEntity
  8
Visible
100
AcDbLine
 10
339.651717
 20
1004.066709
 30
0.0
 11
339.734717
 21
1004.146709
 31
0.0
  0
LINE
  5
1ABC
330
70
100
AcDbEntity
  8
Visible
100
AcDbLine
 10
339.578717
 20
1003.980709
 30
0.0
 11
339.651717
 21
1004.066709
 31
0.0
  0
LINE
  5
1ABD
330
70
100
AcDbEntity
  8
Visible
100
AcDbLine
 10
339.514717
 20
1003.888709
 30
0.0
 11
339.578717
 21
1003.980709
 31
0.0
  0
LINE
  5
1ABE
330
70
100
AcDbEntity
  8
Visible
100
AcDbLine
 10
339.460717
 20
1003.789709
 30
0.0
 11
339.514717
 21
1003.888709
 31
0.0
  0
LINE
  5
1ABF
330
70
100
AcDbEntity
  8
Visible
100
AcDbLine
 10
339.416717
 20
1003.684709
 30
0.0
 11
339.460717
 21
1003.789709
 31
0.0
  0
LINE
  5
1AC0
330
70
100
AcDbEntity
  8
Visible
100
AcDbLine
 10
339.382717
 20
1003.573709
 30
0.0
 11
339.416717
 21
1003.684709
 31
0.0
  0
LINE
  5
1AC1
330
70
100
AcDbEntity
  8
Visible
100
AcDbLine
 10
339.358717
 20
1003.456709
 30
0.0
 11
339.382717
 21
1003.573709
 31
0.0
  0
LINE
  5
1AC2
330
70
100
AcDbEntity
  8
Visible
100
AcDbLine
 10
339.343717
 20
1003.332709
 30
0.0
 11
339.358717
 21
1003.456709
 31
0.0
  0
LINE
  5
1AC3
330
70
100
AcDbEntity
  8
Visible
100
AcDbLine
 10
339.338717
 20
1003.202709
 30
0.0
 11
339.343717
 21
1003.332709
 31
0.0
  0
LINE
  5
1AC4
330
70
100
AcDbEntity
  8
Visible
100
AcDbLine
 10
339.342717
 20
1003.102709
 30
0.0
 11
339.338717
 21
1003.202709
 31
0.0
  0
LINE
  5
1AC5
330
70
100
AcDbEntity
  8
Visible
100
AcDbLine
 10
339.352717
 20
1003.004709
 30
0.0
 11
339.342717
 21
1003.102709
 31
0.0
  0
LINE
  5
1AC6
330
70
100
AcDbEntity
  8
Visible
100
AcDbLine
 10
339.370717
 20
1002.907709
 30
0.0
 11
339.352717
 21
1003.004709
 31
0.0
  0
LINE
  5
1AC7
330
70
100
AcDbEntity
  8
Visible
100
AcDbLine
 10
339.395717
 20
1002.813709
 30
0.0
 11
339.370717
 21
1002.907709
 31
0.0
  0
LINE
  5
1AC8
330
70
100
AcDbEntity
  8
Visible
100
AcDbLine
 10
339.427717
 20
1002.720709
 30
0.0
 11
339.395717
 21
1002.813709
 31
0.0
  0
LINE
  5
1AC9
330
70
100
AcDbEntity
  8
Visible
100
AcDbLine
 10
339.467717
 20
1002.629709
 30
0.0
 11
339.427717
 21
1002.720709
 31
0.0
  0
LINE
  5
1ACA
330
70
100
AcDbEntity
  8
Visible
100
AcDbLine
 10
339.513717
 20
1002.539709
 30
0.0
 11
339.467717
 21
1002.629709
 31
0.0
  0
LINE
  5
1ACB
330
70
100
AcDbEntity
  8
Visible
100
AcDbLine
 10
339.566717
 20
1002.451709
 30
0.0
 11
339.513717
 21
1002.539709
 31
0.0
  0
LINE
  5
1ACC
330
70
100
AcDbEntity
  8
Visible
100
AcDbLine
 10
339.627717
 20
1002.365709
 30
0.0
 11
339.566717
 21
1002.451709
 31
0.0
  0
LINE
  5
1ACD
330
70
100
AcDbEntity
  8
Visible
100
AcDbLine
 10
339.695717
 20
1002.281709
 30
0.0
 11
339.627717
 21
1002.365709
 31
0.0
  0
LINE
  5
1ACE
330
70
100
AcDbEntity
  8
Visible
100
AcDbLine
 10
339.769717
 20
1002.199709
 30
0.0
 11
339.695717
 21
1002.281709
 31
0.0
  0
LINE
  5
1ACF
330
70
100
AcDbEntity
  8
Visible
100
AcDbLine
 10
339.849717
 20
1002.121709
 30
0.0
 11
339.769717
 21
1002.199709
 31
0.0
  0
LINE
  5
1AD0
330
70
100
AcDbEntity
  8
Visible
100
AcDbLine
 10
339.935717
 20
1002.046709
 30
0.0
 11
339.849717
 21
1002.121709
 31
0.0
  0
LINE
  5
1AD1
330
70
100
AcDbEntity
  8
Visible
100
AcDbLine
 10
340.027717
 20
1001.974709
 30
0.0
 11
339.935717
 21
1002.046709
 31
0.0
  0
LINE
  5
1AD2
330
70
100
AcDbEntity
  8
Visible
100
AcDbLine
 10
340.125717
 20
1001.906709
 30
0.0
 11
340.027717
 21
1001.974709
 31
0.0
  0
LINE
  5
1AD3
330
70
100
AcDbEntity
  8
Visible
100
AcDbLine
 10
340.228717
 20
1001.841709
 30
0.0
 11
340.125717
 21
1001.906709
 31
0.0
  0
LINE
  5
1AD4
330
70
100
AcDbEntity
  8
Visible
100
AcDbLine
 10
340.337717
 20
1001.780709
 30
0.0
 11
340.228717
 21
1001.841709
 31
0.0
  0
LINE
  5
1AD5
330
70
100
AcDbEntity
  8
Visible
100
AcDbLine
 10
340.452717
 20
1001.721709
 30
0.0
 11
340.337717
 21
1001.780709
 31
0.0
  0
LINE
  5
1AD6
330
70
100
AcDbEntity
  8
Visible
100
AcDbLine
 10
340.573717
 20
1001.666709
 30
0.0
 11
340.452717
 21
1001.721709
 31
0.0
  0
LINE
  5
1AD7
330
70
100
AcDbEntity
  8
Visible
100
AcDbLine
 10
340.700717
 20
1001.615709
 30
0.0
 11
340.573717
 21
1001.666709
 31
0.0
  0
LINE
  5
1AD8
330
70
100
AcDbEntity
  8
Visible
100
AcDbLine
 10
340.832717
 20
1001.568709
 30
0.0
 11
340.700717
 21
1001.615709
 31
0.0
  0
LINE
  5
1AD9
330
70
100
AcDbEntity
  8
Visible
100
AcDbLine
 10
340.969717
 20
1001.525709
 30
0.0
 11
340.832717
 21
1001.568709
 31
0.0
  0
LINE
  5
1ADA
330
70
100
AcDbEntity
  8
Visible
100
AcDbLine
 10
341.110717
 20
1001.488709
 30
0.0
 11
340.969717
 21
1001.525709
 31
0.0
  0
LINE
  5
1ADB
330
70
100
AcDbEntity
  8
Visible
100
AcDbLine
 10
341.256717
 20
1001.456709
 30
0.0
 11
341.110717
 21
1001.488709
 31
0.0
  0
LINE
  5
1ADC
330
70
100
AcDbEntity
  8
Visible
100
AcDbLine
 10
341.406717
 20
1001.428709
 30
0.0
 11
341.256717
 21
1001.456709
 31
0.0
  0
LINE
  5
1ADD
330
70
100
AcDbEntity
  8
Visible
100
AcDbLine
 10
341.562717
 20
1001.406709
 30
0.0
 11
341.406717
 21
1001.428709
 31
0.0
  0
LINE
  5
1ADE
330
70
100
AcDbEntity
  8
Visible
100
AcDbLine
 10
341.722717
 20
1001.388709
 30
0.0
 11
341.562717
 21
1001.406709
 31
0.0
  0
LINE
  5
1ADF
330
70
100
AcDbEntity
  8
Visible
100
AcDbLine
 10
341.887717
 20
1001.376709
 30
0.0
 11
341.722717
 21
1001.388709
 31
0.0
  0
LINE
  5
1AE0
330
70
100
AcDbEntity
  8
Visible
100
AcDbLine
 10
342.056717
 20
1001.368709
 30
0.0
 11
341.887717
 21
1001.376709
 31
0.0
  0
LINE
  5
1AE1
330
70
100
AcDbEntity
  8
Visible
100
AcDbLine
 10
342.230717
 20
1001.366709
 30
0.0
 11
342.056717
 21
1001.368709
 31
0.0
  0
LINE
  5
1AE2
330
70
100
AcDbEntity
  8
Visible
100
AcDbLine
 10
342.436717
 20
1001.369709
 30
0.0
 11
342.230717
 21
1001.366709
 31
0.0
  0
LINE
  5
1AE3
330
70
100
AcDbEntity
  8
Visible
100
AcDbLine
 10
342.636717
 20
1001.379709
 30
0.0
 11
342.436717
 21
1001.369709
 31
0.0
  0
LINE
  5
1AE4
330
70
100
AcDbEntity
  8
Visible
100
AcDbLine
 10
342.830717
 20
1001.396709
 30
0.0
 11
342.636717
 21
1001.379709
 31
0.0
  0
LINE
  5
1AE5
330
70
100
AcDbEntity
  8
Visible
100
AcDbLine
 10
343.018717
 20
1001.419709
 30
0.0
 11
342.830717
 21
1001.396709
 31
0.0
  0
LINE
  5
1AE6
330
70
100
AcDbEntity
  8
Visible
100
AcDbLine
 10
343.201717
 20
1001.449709
 30
0.0
 11
343.018717
 21
1001.419709
 31
0.0
  0
LINE
  5
1AE7
330
70
100
AcDbEntity
  8
Visible
100
AcDbLine
 10
343.377717
 20
1001.486709
 30
0.0
 11
343.201717
 21
1001.449709
 31
0.0
  0
LINE
  5
1AE8
330
70
100
AcDbEntity
  8
Visible
100
AcDbLine
 10
343.548717
 20
1001.529709
 30
0.0
 11
343.377717
 21
1001.486709
 31
0.0
  0
LINE
  5
1AE9
330
70
100
AcDbEntity
  8
Visible
100
AcDbLine
 10
343.712717
 20
1001.579709
 30
0.0
 11
343.548717
 21
1001.529709
 31
0.0
  0
LINE
  5
1AEA
330
70
100
AcDbEntity
  8
Visible
100
AcDbLine
 10
343.871717
 20
1001.636709
 30
0.0
 11
343.712717
 21
1001.579709
 31
0.0
  0
LINE
  5
1AEB
330
70
100
AcDbEntity
  8
Visible
100
AcDbLine
 10
344.024717
 20
1001.699709
 30
0.0
 11
343.871717
 21
1001.636709
 31
0.0
  0
LINE
  5
1AEC
330
70
100
AcDbEntity
  8
Visible
100
AcDbLine
 10
344.171717
 20
1001.767709
 30
0.0
 11
344.024717
 21
1001.699709
 31
0.0
  0
LINE
  5
1AED
330
70
100
AcDbEntity
  8
Visible
100
AcDbLine
 10
344.310717
 20
1001.840709
 30
0.0
 11
344.171717
 21
1001.767709
 31
0.0
  0
LINE
  5
1AEE
330
70
100
AcDbEntity
  8
Visible
100
AcDbLine
 10
344.443717
 20
1001.916709
 30
0.0
 11
344.310717
 21
1001.840709
 31
0.0
  0
LINE
  5
1AEF
330
70
100
AcDbEntity
  8
Visible
100
AcDbLine
 10
344.568717
 20
1001.995709
 30
0.0
 11
344.443717
 21
1001.916709
 31
0.0
  0
LINE
  5
1AF0
330
70
100
AcDbEntity
  8
Visible
100
AcDbLine
 10
344.687717
 20
1002.078709
 30
0.0
 11
344.568717
 21
1001.995709
 31
0.0
  0
LINE
  5
1AF1
330
70
100
AcDbEntity
  8
Visible
100
AcDbLine
 10
344.799717
 20
1002.166709
 30
0.0
 11
344.687717
 21
1002.078709
 31
0.0
  0
LINE
  5
1AF2
330
70
100
AcDbEntity
  8
Visible
100
AcDbLine
 10
344.903717
 20
1002.256709
 30
0.0
 11
344.799717
 21
1002.166709
 31
0.0
  0
LINE
  5
1AF3
330
70
100
AcDbEntity
  8
Visible
100
AcDbLine
 10
345.001717
 20
1002.351709
 30
0.0
 11
344.903717
 21
1002.256709
 31
0.0
  0
LINE
  5
1AF4
330
70
100
AcDbEntity
  8
Visible
100
AcDbLine
 10
345.092717
 20
1002.449709
 30
0.0
 11
345.001717
 21
1002.351709
 31
0.0
  0
LINE
  5
1AF5
330
70
100
AcDbEntity
  8
Visible
100
AcDbLine
 10
345.176717
 20
1002.551709
 30
0.0
 11
345.092717
 21
1002.449709
 31
0.0
  0
LINE
  5
1AF6
330
70
100
AcDbEntity
  8
Visible
100
AcDbLine
 10
345.252717
 20
1002.655709
 30
0.0
 11
345.176717
 21
1002.551709
 31
0.0
  0
LINE
  5
1AF7
330
70
100
AcDbEntity
  8
Visible
100
AcDbLine
 10
345.321717
 20
1002.760709
 30
0.0
 11
345.252717
 21
1002.655709
 31
0.0
  0
LINE
  5
1AF8
330
70
100
AcDbEntity
  8
Visible
100
AcDbLine
 10
345.381717
 20
1002.866709
 30
0.0
 11
345.321717
 21
1002.760709
 31
0.0
  0
LINE
  5
1AF9
330
70
100
AcDbEntity
  8
Visible
100
AcDbLine
 10
345.433717
 20
1002.973709
 30
0.0
 11
345.381717
 21
1002.866709
 31
0.0
  0
LINE
  5
1AFA
330
70
100
AcDbEntity
  8
Visible
100
AcDbLine
 10
345.477717
 20
1003.081709
 30
0.0
 11
345.433717
 21
1002.973709
 31
0.0
  0
LINE
  5
1AFB
330
70
100
AcDbEntity
  8
Visible
100
AcDbLine
 10
345.514717
 20
1003.190709
 30
0.0
 11
345.477717
 21
1003.081709
 31
0.0
  0
LINE
  5
1AFC
330
70
100
AcDbEntity
  8
Visible
100
AcDbLine
 10
345.542717
 20
1003.300709
 30
0.0
 11
345.514717
 21
1003.190709
 31
0.0
  0
LINE
  5
1AFD
330
70
100
AcDbEntity
  8
Visible
100
AcDbLine
 10
345.562717
 20
1003.410709
 30
0.0
 11
345.542717
 21
1003.300709
 31
0.0
  0
LINE
  5
1AFE
330
70
100
AcDbEntity
  8
Visible
100
AcDbLine
 10
345.574717
 20
1003.522709
 30
0.0
 11
345.562717
 21
1003.410709
 31
0.0
  0
LINE
  5
1AFF
330
70
100
AcDbEntity
  8
Visible
100
AcDbLine
 10
345.578717
 20
1003.634709
 30
0.0
 11
345.574717
 21
1003.522709
 31
0.0
  0
LINE
  5
1B00
330
70
100
AcDbEntity
  8
Visible
100
AcDbLine
 10
345.573717
 20
1003.754709
 30
0.0
 11
345.578717
 21
1003.634709
 31
0.0
  0
LINE
  5
1B01
330
70
100
AcDbEntity
  8
Visible
100
AcDbLine
 10
345.559717
 20
1003.868709
 30
0.0
 11
345.573717
 21
1003.754709
 31
0.0
  0
LINE
  5
1B02
330
70
100
AcDbEntity
  8
Visible
100
AcDbLine
 10
345.536717
 20
1003.977709
 30
0.0
 11
345.559717
 21
1003.868709
 31
0.0
  0
LINE
  5
1B03
330
70
100
AcDbEntity
  8
Visible
100
AcDbLine
 10
345.504717
 20
1004.080709
 30
0.0
 11
345.536717
 21
1003.977709
 31
0.0
  0
LINE
  5
1B04
330
70
100
AcDbEntity
  8
Visible
100
AcDbLine
 10
345.462717
 20
1004.178709
 30
0.0
 11
345.504717
 21
1004.080709
 31
0.0
  0
LINE
  5
1B05
330
70
100
AcDbEntity
  8
Visible
100
AcDbLine
 10
345.411717
 20
1004.271709
 30
0.0
 11
345.462717
 21
1004.178709
 31
0.0
  0
LINE
  5
1B06
330
70
100
AcDbEntity
  8
Visible
100
AcDbLine
 10
345.350717
 20
1004.359709
 30
0.0
 11
345.411717
 21
1004.271709
 31
0.0
  0
LINE
  5
1B07
330
70
100
AcDbEntity
  8
Visible
100
AcDbLine
 10
345.280717
 20
1004.440709
 30
0.0
 11
345.350717
 21
1004.359709
 31
0.0
  0
LINE
  5
1B08
330
70
100
AcDbEntity
  8
Visible
100
AcDbLine
 10
345.201717
 20
1004.517709
 30
0.0
 11
345.280717
 21
1004.440709
 31
0.0
  0
LINE
  5
1B09
330
70
100
AcDbEntity
  8
Visible
100
AcDbLine
 10
345.113717
 20
1004.588709
 30
0.0
 11
345.201717
 21
1004.517709
 31
0.0
  0
LINE
  5
1B0A
330
70
100
AcDbEntity
  8
Visible
100
AcDbLine
 10
345.017717
 20
1004.653709
 30
0.0
 11
345.113717
 21
1004.588709
 31
0.0
  0
LINE
  5
1B0B
330
70
100
AcDbEntity
  8
Visible
100
AcDbLine
 10
344.913717
 20
1004.711709
 30
0.0
 11
345.017717
 21
1004.653709
 31
0.0
  0
LINE
  5
1B0C
330
70
100
AcDbEntity
  8
Visible
100
AcDbLine
 10
344.803717
 20
1004.762709
 30
0.0
 11
344.913717
 21
1004.711709
 31
0.0
  0
LINE
  5
1B0D
330
70
100
AcDbEntity
  8
Visible
100
AcDbLine
 10
344.686717
 20
1004.807709
 30
0.0
 11
344.803717
 21
1004.762709
 31
0.0
  0
LINE
  5
1B0E
330
70
100
AcDbEntity
  8
Visible
100
AcDbLine
 10
344.562717
 20
1004.845709
 30
0.0
 11
344.686717
 21
1004.807709
 31
0.0
  0
LINE
  5
1B0F
330
70
100
AcDbEntity
  8
Visible
100
AcDbLine
 10
344.431717
 20
1004.875709
 30
0.0
 11
344.562717
 21
1004.845709
 31
0.0
  0
LINE
  5
1B10
330
70
100
AcDbEntity
  8
Visible
100
AcDbLine
 10
344.293717
 20
1004.899709
 30
0.0
 11
344.431717
 21
1004.875709
 31
0.0
  0
LINE
  5
1B11
330
70
100
AcDbEntity
  8
Visible
100
AcDbLine
 10
344.148717
 20
1004.916709
 30
0.0
 11
344.293717
 21
1004.899709
 31
0.0
  0
LINE
  5
1B12
330
70
100
AcDbEntity
  8
Visible
100
AcDbLine
 10
343.997717
 20
1004.927709
 30
0.0
 11
344.148717
 21
1004.916709
 31
0.0
  0
LINE
  5
1B13
330
70
100
AcDbEntity
  8
Visible
100
AcDbLine
 10
343.838717
 20
1004.930709
 30
0.0
 11
343.997717
 21
1004.927709
 31
0.0
  0
LINE
  5
1B14
330
70
100
AcDbEntity
  8
Visible
100
AcDbLine
 10
341.606717
 20
1004.930709
 30
0.0
 11
343.838717
 21
1004.930709
 31
0.0
  0
LINE
  5
1B15
330
70
100
AcDbEntity
  8
Visible
100
AcDbLine
 10
341.490717
 20
1004.932709
 30
0.0
 11
341.606717
 21
1004.930709
 31
0.0
  0
LINE
  5
1B16
330
70
100
AcDbEntity
  8
Visible
100
AcDbLine
 10
341.381717
 20
1004.937709
 30
0.0
 11
341.490717
 21
1004.932709
 31
0.0
  0
LINE
  5
1B17
330
70
100
AcDbEntity
  8
Visible
100
AcDbLine
 10
341.279717
 20
1004.947709
 30
0.0
 11
341.381717
 21
1004.937709
 31
0.0
  0
LINE
  5
1B18
330
70
100
AcDbEntity
  8
Visible
100
AcDbLine
 10
341.186717
 20
1004.960709
 30
0.0
 11
341.279717
 21
1004.947709
 31
0.0
  0
LINE
  5
1B19
330
70
100
AcDbEntity
  8
Visible
100
AcDbLine
 10
341.099717
 20
1004.976709
 30
0.0
 11
341.186717
 21
1004.960709
 31
0.0
  0
LINE
  5
1B1A
330
70
100
AcDbEntity
  8
Visible
100
AcDbLine
 10
341.020717
 20
1004.997709
 30
0.0
 11
341.099717
 21
1004.976709
 31
0.0
  0
LINE
  5
1B1B
330
70
100
AcDbEntity
  8
Visible
100
AcDbLine
 10
340.948717
 20
1005.021709
 30
0.0
 11
341.020717
 21
1004.997709
 31
0.0
  0
LINE
  5
1B1C
330
70
100
AcDbEntity
  8
Visible
100
AcDbLine
 10
340.884717
 20
1005.049709
 30
0.0
 11
340.948717
 21
1005.021709
 31
0.0
  0
LINE
  5
1B1D
330
70
100
AcDbEntity
  8
Visible
100
AcDbLine
 10
340.827717
 20
1005.081709
 30
0.0
 11
340.884717
 21
1005.049709
 31
0.0
  0
LINE
  5
1B1E
330
70
100
AcDbEntity
  8
Visible
100
AcDbLine
 10
340.778717
 20
1005.116709
 30
0.0
 11
340.827717
 21
1005.081709
 31
0.0
  0
LINE
  5
1B1F
330
70
100
AcDbEntity
  8
Visible
100
AcDbLine
 10
340.735717
 20
1005.154709
 30
0.0
 11
340.778717
 21
1005.116709
 31
0.0
  0
LINE
  5
1B20
330
70
100
AcDbEntity
  8
Visible
100
AcDbLine
 10
340.696717
 20
1005.194709
 30
0.0
 11
340.735717
 21
1005.154709
 31
0.0
  0
LINE
  5
1B21
330
70
100
AcDbEntity
  8
Visible
100
AcDbLine
 10
340.662717
 20
1005.236709
 30
0.0
 11
340.696717
 21
1005.194709
 31
0.0
  0
LINE
  5
1B22
330
70
100
AcDbEntity
  8
Visible
100
AcDbLine
 10
340.632717
 20
1005.279709
 30
0.0
 11
340.662717
 21
1005.236709
 31
0.0
  0
LINE
  5
1B23
330
70
100
AcDbEntity
  8
Visible
100
AcDbLine
 10
340.607717
 20
1005.324709
 30
0.0
 11
340.632717
 21
1005.279709
 31
0.0
  0
LINE
  5
1B24
330
70
100
AcDbEntity
  8
Visible
100
AcDbLine
 10
340.586717
 20
1005.372709
 30
0.0
 11
340.607717
 21
1005.324709
 31
0.0
  0
LINE
  5
1B25
330
70
100
AcDbEntity
  8
Visible
100
AcDbLine
 10
340.571717
 20
1005.420709
 30
0.0
 11
340.586717
 21
1005.372709
 31
0.0
  0
LINE
  5
1B26
330
70
100
AcDbEntity
  8
Visible
100
AcDbLine
 10
340.559717
 20
1005.471709
 30
0.0
 11
340.571717
 21
1005.420709
 31
0.0
  0
LINE
  5
1B27
330
70
100
AcDbEntity
  8
Visible
100
AcDbLine
 10
340.552717
 20
1005.524709
 30
0.0
 11
340.559717
 21
1005.471709
 31
0.0
  0
LINE
  5
1B28
330
70
100
AcDbEntity
  8
Visible
100
AcDbLine
 10
340.550717
 20
1005.578709
 30
0.0
 11
340.552717
 21
1005.524709
 31
0.0
  0
LINE
  5
1B29
330
70
100
AcDbEntity
  8
Visible
100
AcDbLine
 10
340.551717
 20
1005.625709
 30
0.0
 11
340.550717
 21
1005.578709
 31
0.0
  0
LINE
  5
1B2A
330
70
100
AcDbEntity
  8
Visible
100
AcDbLine
 10
340.555717
 20
1005.671709
 30
0.0
 11
340.551717
 21
1005.625709
 31
0.0
  0
LINE
  5
1B2B
330
70
100
AcDbEntity
  8
Visible
100
AcDbLine
 10
340.561717
 20
1005.715709
 30
0.0
 11
340.555717
 21
1005.671709
 31
0.0
  0
LINE
  5
1B2C
330
70
100
AcDbEntity
  8
Visible
100
AcDbLine
 10
340.570717
 20
1005.757709
 30
0.0
 11
340.561717
 21
1005.715709
 31
0.0
  0
LINE
  5
1B2D
330
70
100
AcDbEntity
  8
Visible
100
AcDbLine
 10
340.581717
 20
1005.798709
 30
0.0
 11
340.570717
 21
1005.757709
 31
0.0
  0
LINE
  5
1B2E
330
70
100
AcDbEntity
  8
Visible
100
AcDbLine
 10
340.594717
 20
1005.837709
 30
0.0
 11
340.581717
 21
1005.798709
 31
0.0
  0
LINE
  5
1B2F
330
70
100
AcDbEntity
  8
Visible
100
AcDbLine
 10
340.610717
 20
1005.874709
 30
0.0
 11
340.594717
 21
1005.837709
 31
0.0
  0
LINE
  5
1B30
330
70
100
AcDbEntity
  8
Visible
100
AcDbLine
 10
340.629717
 20
1005.910709
 30
0.0
 11
340.610717
 21
1005.874709
 31
0.0
  0
LINE
  5
1B31
330
70
100
AcDbEntity
  8
Visible
100
AcDbLine
 10
340.650717
 20
1005.944709
 30
0.0
 11
340.629717
 21
1005.910709
 31
0.0
  0
LINE
  5
1B32
330
70
100
AcDbEntity
  8
Visible
100
AcDbLine
 10
340.673717
 20
1005.977709
 30
0.0
 11
340.650717
 21
1005.944709
 31
0.0
  0
LINE
  5
1B33
330
70
100
AcDbEntity
  8
Visible
100
AcDbLine
 10
340.698717
 20
1006.008709
 30
0.0
 11
340.673717
 21
1005.977709
 31
0.0
  0
LINE
  5
1B34
330
70
100
AcDbEntity
  8
Visible
100
AcDbLine
 10
340.725717
 20
1006.037709
 30
0.0
 11
340.698717
 21
1006.008709
 31
0.0
  0
LINE
  5
1B35
330
70
100
AcDbEntity
  8
Visible
100
AcDbLine
 10
340.752717
 20
1006.065709
 30
0.0
 11
340.725717
 21
1006.037709
 31
0.0
  0
LINE
  5
1B36
330
70
100
AcDbEntity
  8
Visible
100
AcDbLine
 10
340.781717
 20
1006.092709
 30
0.0
 11
340.752717
 21
1006.065709
 31
0.0
  0
LINE
  5
1B37
330
70
100
AcDbEntity
  8
Visible
100
AcDbLine
 10
340.811717
 20
1006.116709
 30
0.0
 11
340.781717
 21
1006.092709
 31
0.0
  0
LINE
  5
1B38
330
70
100
AcDbEntity
  8
Visible
100
AcDbLine
 10
340.842717
 20
1006.140709
 30
0.0
 11
340.811717
 21
1006.116709
 31
0.0
  0
LINE
  5
1B39
330
70
100
AcDbEntity
  8
Visible
100
AcDbLine
 10
340.875717
 20
1006.161709
 30
0.0
 11
340.842717
 21
1006.140709
 31
0.0
  0
LINE
  5
1B3A
330
70
100
AcDbEntity
  8
Visible
100
AcDbLine
 10
340.908717
 20
1006.181709
 30
0.0
 11
340.875717
 21
1006.161709
 31
0.0
  0
LINE
  5
1B3B
330
70
100
AcDbEntity
  8
Visible
100
AcDbLine
 10
340.943717
 20
1006.200709
 30
0.0
 11
340.908717
 21
1006.181709
 31
0.0
  0
LINE
  5
1B3C
330
70
100
AcDbEntity
  8
Visible
100
AcDbLine
 10
340.979717
 20
1006.217709
 30
0.0
 11
340.943717
 21
1006.200709
 31
0.0
  0
LINE
  5
1B3D
330
70
100
AcDbEntity
  8
Visible
100
AcDbLine
 10
341.016717
 20
1006.232709
 30
0.0
 11
340.979717
 21
1006.217709
 31
0.0
  0
LINE
  5
1B3E
330
70
100
AcDbEntity
  8
Visible
100
AcDbLine
 10
341.052717
 20
1006.246709
 30
0.0
 11
341.016717
 21
1006.232709
 31
0.0
  0
LINE
  5
1B3F
330
70
100
AcDbEntity
  8
Visible
100
AcDbLine
 10
341.089717
 20
1006.258709
 30
0.0
 11
341.052717
 21
1006.246709
 31
0.0
  0
LINE
  5
1B40
330
70
100
AcDbEntity
  8
Visible
100
AcDbLine
 10
341.125717
 20
1006.269709
 30
0.0
 11
341.089717
 21
1006.258709
 31
0.0
  0
LINE
  5
1B41
330
70
100
AcDbEntity
  8
Visible
100
AcDbLine
 10
341.161717
 20
1006.278709
 30
0.0
 11
341.125717
 21
1006.269709
 31
0.0
  0
LINE
  5
1B42
330
70
100
AcDbEntity
  8
Visible
100
AcDbLine
 10
341.173314
 20
1006.280903
 30
0.0
 11
341.161717
 21
1006.278709
 31
0.0
  0
LINE
  5
1B43
330
70
100
AcDbEntity
  8
Visible
100
AcDbLine
 10
341.207717
 20
1006.262709
 30
0.0
 11
341.173314
 21
1006.280903
 31
0.0
  0
LINE
  5
1B44
330
70
100
AcDbEntity
  8
Visible
100
AcDbLine
 10
341.314717
 20
1006.212709
 30
0.0
 11
341.207717
 21
1006.262709
 31
0.0
  0
LINE
  5
1B45
330
70
100
AcDbEntity
  8
Visible
100
AcDbLine
 10
341.425717
 20
1006.167709
 30
0.0
 11
341.314717
 21
1006.212709
 31
0.0
  0
LINE
  5
1B46
330
70
100
AcDbEntity
  8
Visible
100
AcDbLine
 10
341.537717
 20
1006.127709
 30
0.0
 11
341.425717
 21
1006.167709
 31
0.0
  0
LINE
  5
1B47
330
70
100
AcDbEntity
  8
Visible
100
AcDbLine
 10
341.652717
 20
1006.093709
 30
0.0
 11
341.537717
 21
1006.127709
 31
0.0
  0
LINE
  5
1B48
330
70
100
AcDbEntity
  8
Visible
100
AcDbLine
 10
341.770717
 20
1006.064709
 30
0.0
 11
341.652717
 21
1006.093709
 31
0.0
  0
LINE
  5
1B49
330
70
100
AcDbEntity
  8
Visible
100
AcDbLine
 10
341.891717
 20
1006.040709
 30
0.0
 11
341.770717
 21
1006.064709
 31
0.0
  0
LINE
  5
1B4A
330
70
100
AcDbEntity
  8
Visible
100
AcDbLine
 10
342.014717
 20
1006.022709
 30
0.0
 11
341.891717
 21
1006.040709
 31
0.0
  0
LINE
  5
1B4B
330
70
100
AcDbEntity
  8
Visible
100
AcDbLine
 10
342.139717
 20
1006.009709
 30
0.0
 11
342.014717
 21
1006.022709
 31
0.0
  0
LINE
  5
1B4C
330
70
100
AcDbEntity
  8
Visible
100
AcDbLine
 10
342.267717
 20
1006.001709
 30
0.0
 11
342.139717
 21
1006.009709
 31
0.0
  0
LINE
  5
1B4D
330
70
100
AcDbEntity
  8
Visible
100
AcDbLine
 10
342.398717
 20
1005.998709
 30
0.0
 11
342.267717
 21
1006.001709
 31
0.0
  0
LINE
  5
1B4E
330
70
100
AcDbEntity
  8
Visible
100
AcDbLine
 10
342.525717
 20
1006.001709
 30
0.0
 11
342.398717
 21
1005.998709
 31
0.0
  0
LINE
  5
1B4F
330
70
100
AcDbEntity
  8
Visible
100
AcDbLine
 10
342.650717
 20
1006.009709
 30
0.0
 11
342.525717
 21
1006.001709
 31
0.0
  0
LINE
  5
1B50
330
70
100
AcDbEntity
  8
Visible
100
AcDbLine
 10
342.773717
 20
1006.022709
 30
0.0
 11
342.650717
 21
1006.009709
 31
0.0
  0
LINE
  5
1B51
330
70
100
AcDbEntity
  8
Visible
100
AcDbLine
 10
342.893717
 20
1006.040709
 30
0.0
 11
342.773717
 21
1006.022709
 31
0.0
  0
LINE
  5
1B52
330
70
100
AcDbEntity
  8
Visible
100
AcDbLine
 10
343.011717
 20
1006.064709
 30
0.0
 11
342.893717
 21
1006.040709
 31
0.0
  0
LINE
  5
1B53
330
70
100
AcDbEntity
  8
Visible
100
AcDbLine
 10
343.126717
 20
1006.093709
 30
0.0
 11
343.011717
 21
1006.064709
 31
0.0
  0
LINE
  5
1B54
330
70
100
AcDbEntity
  8
Visible
100
AcDbLine
 10
343.239717
 20
1006.127709
 30
0.0
 11
343.126717
 21
1006.093709
 31
0.0
  0
LINE
  5
1B55
330
70
100
AcDbEntity
  8
Visible
100
AcDbLine
 10
343.350717
 20
1006.167709
 30
0.0
 11
343.239717
 21
1006.127709
 31
0.0
  0
LINE
  5
1B56
330
70
100
AcDbEntity
  8
Visible
100
AcDbLine
 10
343.459717
 20
1006.212709
 30
0.0
 11
343.350717
 21
1006.167709
 31
0.0
  0
LINE
  5
1B57
330
70
100
AcDbEntity
  8
Visible
100
AcDbLine
 10
343.565717
 20
1006.262709
 30
0.0
 11
343.459717
 21
1006.212709
 31
0.0
  0
LINE
  5
1B58
330
70
100
AcDbEntity
  8
Visible
100
AcDbLine
 10
343.668717
 20
1006.317709
 30
0.0
 11
343.565717
 21
1006.262709
 31
0.0
  0
LINE
  5
1B59
330
70
100
AcDbEntity
  8
Visible
100
AcDbLine
 10
343.766717
 20
1006.376709
 30
0.0
 11
343.668717
 21
1006.317709
 31
0.0
  0
LINE
  5
1B5A
330
70
100
AcDbEntity
  8
Visible
100
AcDbLine
 10
343.861717
 20
1006.439709
 30
0.0
 11
343.766717
 21
1006.376709
 31
0.0
  0
LINE
  5
1B5B
330
70
100
AcDbEntity
  8
Visible
100
AcDbLine
 10
343.951717
 20
1006.507709
 30
0.0
 11
343.861717
 21
1006.439709
 31
0.0
  0
LINE
  5
1B5C
330
70
100
AcDbEntity
  8
Visible
100
AcDbLine
 10
344.037717
 20
1006.578709
 30
0.0
 11
343.951717
 21
1006.507709
 31
0.0
  0
LINE
  5
1B5D
330
70
100
AcDbEntity
  8
Visible
100
AcDbLine
 10
344.118717
 20
1006.654709
 30
0.0
 11
344.037717
 21
1006.578709
 31
0.0
  0
LINE
  5
1B5E
330
70
100
AcDbEntity
  8
Visible
100
AcDbLine
 10
344.196717
 20
1006.735709
 30
0.0
 11
344.118717
 21
1006.654709
 31
0.0
  0
LINE
  5
1B5F
330
70
100
AcDbEntity
  8
Visible
100
AcDbLine
 10
344.269717
 20
1006.819709
 30
0.0
 11
344.196717
 21
1006.735709
 31
0.0
  0
LINE
  5
1B60
330
70
100
AcDbEntity
  8
Visible
100
AcDbLine
 10
344.337717
 20
1006.907709
 30
0.0
 11
344.269717
 21
1006.819709
 31
0.0
  0
LINE
  5
1B61
330
70
100
AcDbEntity
  8
Visible
100
AcDbLine
 10
344.402717
 20
1007.000709
 30
0.0
 11
344.337717
 21
1006.907709
 31
0.0
  0
LINE
  5
1B62
330
70
100
AcDbEntity
  8
Visible
100
AcDbLine
 10
344.461717
 20
1007.096709
 30
0.0
 11
344.402717
 21
1007.000709
 31
0.0
  0
LINE
  5
1B63
330
70
100
AcDbEntity
  8
Visible
100
AcDbLine
 10
344.514717
 20
1007.196709
 30
0.0
 11
344.461717
 21
1007.096709
 31
0.0
  0
LINE
  5
1B64
330
70
100
AcDbEntity
  8
Visible
100
AcDbLine
 10
344.561717
 20
1007.298709
 30
0.0
 11
344.514717
 21
1007.196709
 31
0.0
  0
LINE
  5
1B65
330
70
100
AcDbEntity
  8
Visible
100
AcDbLine
 10
344.602717
 20
1007.403709
 30
0.0
 11
344.561717
 21
1007.298709
 31
0.0
  0
LINE
  5
1B66
330
70
100
AcDbEntity
  8
Visible
100
AcDbLine
 10
344.636717
 20
1007.511709
 30
0.0
 11
344.602717
 21
1007.403709
 31
0.0
  0
LINE
  5
1B67
330
70
100
AcDbEntity
  8
Visible
100
AcDbLine
 10
344.664717
 20
1007.623709
 30
0.0
 11
344.636717
 21
1007.511709
 31
0.0
  0
LINE
  5
1B68
330
70
100
AcDbEntity
  8
Visible
100
AcDbLine
 10
344.686717
 20
1007.737709
 30
0.0
 11
344.664717
 21
1007.623709
 31
0.0
  0
LINE
  5
1B69
330
70
100
AcDbEntity
  8
Visible
100
AcDbLine
 10
344.702717
 20
1007.854709
 30
0.0
 11
344.686717
 21
1007.737709
 31
0.0
  0
LINE
  5
1B6A
330
70
100
AcDbEntity
  8
Visible
100
AcDbLine
 10
344.711717
 20
1007.975709
 30
0.0
 11
344.702717
 21
1007.854709
 31
0.0
  0
LINE
  5
1B6B
330
70
100
AcDbEntity
  8
Visible
100
AcDbLine
 10
344.714717
 20
1008.098709
 30
0.0
 11
344.711717
 21
1007.975709
 31
0.0
  0
LINE
  5
1B6C
330
70
100
AcDbEntity
  8
Visible
100
AcDbLine
 10
344.711717
 20
1008.222709
 30
0.0
 11
344.714717
 21
1008.098709
 31
0.0
  0
LINE
  5
1B6D
330
70
100
AcDbEntity
  8
Visible
100
AcDbLine
 10
344.702717
 20
1008.344709
 30
0.0
 11
344.711717
 21
1008.222709
 31
0.0
  0
LINE
  5
1B6E
330
70
100
AcDbEntity
  8
Visible
100
AcDbLine
 10
344.686717
 20
1008.462709
 30
0.0
 11
344.702717
 21
1008.344709
 31
0.0
  0
LINE
  5
1B6F
330
70
100
AcDbEntity
  8
Visible
100
AcDbLine
 10
344.664717
 20
1008.577709
 30
0.0
 11
344.686717
 21
1008.462709
 31
0.0
  0
LINE
  5
1B70
330
70
100
AcDbEntity
  8
Visible
100
AcDbLine
 10
344.636717
 20
1008.689709
 30
0.0
 11
344.664717
 21
1008.577709
 31
0.0
  0
LINE
  5
1B71
330
70
100
AcDbEntity
  8
Visible
100
AcDbLine
 10
344.602717
 20
1008.798709
 30
0.0
 11
344.636717
 21
1008.689709
 31
0.0
  0
LINE
  5
1B72
330
70
100
AcDbEntity
  8
Visible
100
AcDbLine
 10
344.561717
 20
1008.904709
 30
0.0
 11
344.602717
 21
1008.798709
 31
0.0
  0
LINE
  5
1B73
330
70
100
AcDbEntity
  8
Visible
100
AcDbLine
 10
344.514717
 20
1009.006709
 30
0.0
 11
344.561717
 21
1008.904709
 31
0.0
  0
LINE
  5
1B74
330
70
100
AcDbEntity
  8
Visible
100
AcDbLine
 10
344.461717
 20
1009.106709
 30
0.0
 11
344.514717
 21
1009.006709
 31
0.0
  0
LINE
  5
1B75
330
70
100
AcDbEntity
  8
Visible
100
AcDbLine
 10
344.402717
 20
1009.202709
 30
0.0
 11
344.461717
 21
1009.106709
 31
0.0
  0
LINE
  5
1B76
330
70
100
AcDbEntity
  8
Visible
100
AcDbLine
 10
344.337717
 20
1009.295709
 30
0.0
 11
344.402717
 21
1009.202709
 31
0.0
  0
LINE
  5
1B77
330
70
100
AcDbEntity
  8
Visible
100
AcDbLine
 10
344.28515
 20
1009.363738
 30
0.0
 11
344.337717
 21
1009.295709
 31
0.0
  0
LINE
  5
1B78
330
70
100
AcDbEntity
  8
Visible
100
AcDbLine
 10
344.285717
 20
1009.381709
 30
0.0
 11
344.28515
 21
1009.363738
 31
0.0
  0
LINE
  5
1B79
330
70
100
AcDbEntity
  8
Visible
100
AcDbLine
 10
344.294717
 20
1009.470709
 30
0.0
 11
344.285717
 21
1009.381709
 31
0.0
  0
LINE
  5
1B7A
330
70
100
AcDbEntity
  8
Visible
100
AcDbLine
 10
344.308717
 20
1009.555709
 30
0.0
 11
344.294717
 21
1009.470709
 31
0.0
  0
LINE
  5
1B7B
330
70
100
AcDbEntity
  8
Visible
100
AcDbLine
 10
344.328717
 20
1009.634709
 30
0.0
 11
344.308717
 21
1009.555709
 31
0.0
  0
LINE
  5
1B7C
330
70
100
AcDbEntity
  8
Visible
100
AcDbLine
 10
344.354717
 20
1009.708709
 30
0.0
 11
344.328717
 21
1009.634709
 31
0.0
  0
LINE
  5
1B7D
330
70
100
AcDbEntity
  8
Visible
100
AcDbLine
 10
344.386717
 20
1009.777709
 30
0.0
 11
344.354717
 21
1009.708709
 31
0.0
  0
LINE
  5
1B7E
330
70
100
AcDbEntity
  8
Visible
100
AcDbLine
 10
344.423717
 20
1009.841709
 30
0.0
 11
344.386717
 21
1009.777709
 31
0.0
  0
LINE
  5
1B7F
330
70
100
AcDbEntity
  8
Visible
100
AcDbLine
 10
344.466717
 20
1009.900709
 30
0.0
 11
344.423717
 21
1009.841709
 31
0.0
  0
LINE
  5
1B80
330
70
100
AcDbEntity
  8
Visible
100
AcDbLine
 10
344.515717
 20
1009.954709
 30
0.0
 11
344.466717
 21
1009.900709
 31
0.0
  0
LINE
  5
1B81
330
70
100
AcDbEntity
  8
Visible
100
AcDbLine
 10
344.570717
 20
1010.003709
 30
0.0
 11
344.515717
 21
1009.954709
 31
0.0
  0
LINE
  5
1B82
330
70
100
AcDbEntity
  8
Visible
100
AcDbLine
 10
344.630717
 20
1010.047709
 30
0.0
 11
344.570717
 21
1010.003709
 31
0.0
  0
LINE
  5
1B83
330
70
100
AcDbEntity
  8
Visible
100
AcDbLine
 10
344.695717
 20
1010.086709
 30
0.0
 11
344.630717
 21
1010.047709
 31
0.0
  0
LINE
  5
1B84
330
70
100
AcDbEntity
  8
Visible
100
AcDbLine
 10
344.765717
 20
1010.121709
 30
0.0
 11
344.695717
 21
1010.086709
 31
0.0
  0
LINE
  5
1B85
330
70
100
AcDbEntity
  8
Visible
100
AcDbLine
 10
344.841717
 20
1010.151709
 30
0.0
 11
344.765717
 21
1010.121709
 31
0.0
  0
LINE
  5
1B86
330
70
100
AcDbEntity
  8
Visible
100
AcDbLine
 10
344.921717
 20
1010.176709
 30
0.0
 11
344.841717
 21
1010.151709
 31
0.0
  0
LINE
  5
1B87
330
70
100
AcDbEntity
  8
Visible
100
AcDbLine
 10
345.006717
 20
1010.197709
 30
0.0
 11
344.921717
 21
1010.176709
 31
0.0
  0
LINE
  5
1B88
330
70
100
AcDbEntity
  8
Visible
100
AcDbLine
 10
345.097717
 20
1010.213709
 30
0.0
 11
345.006717
 21
1010.197709
 31
0.0
  0
LINE
  5
1B89
330
70
100
AcDbEntity
  8
Visible
100
AcDbLine
 10
345.192717
 20
1010.225709
 30
0.0
 11
345.097717
 21
1010.213709
 31
0.0
  0
LINE
  5
1B8A
330
70
100
AcDbEntity
  8
Visible
100
AcDbLine
 10
345.293717
 20
1010.232709
 30
0.0
 11
345.192717
 21
1010.225709
 31
0.0
  0
LINE
  5
1B8B
330
70
100
AcDbEntity
  8
Visible
100
AcDbLine
 10
345.398717
 20
1010.234709
 30
0.0
 11
345.293717
 21
1010.232709
 31
0.0
  0
LINE
  5
1B8C
330
70
100
AcDbEntity
  8
Visible
100
AcDbLine
 10
345.470717
 20
1011.158709
 30
0.0
 11
345.398717
 21
1010.234709
 31
0.0
  0
LINE
  5
1B8D
330
70
100
AcDbEntity
  8
Visible
100
AcDbLine
 10
345.371717
 20
1011.156709
 30
0.0
 11
345.470717
 21
1011.158709
 31
0.0
  0
LINE
  5
1B8E
330
70
100
AcDbEntity
  8
Visible
100
AcDbLine
 10
345.274717
 20
1011.149709
 30
0.0
 11
345.371717
 21
1011.156709
 31
0.0
  0
LINE
  5
1B8F
330
70
100
AcDbEntity
  8
Visible
100
AcDbLine
 10
345.180717
 20
1011.139709
 30
0.0
 11
345.274717
 21
1011.149709
 31
0.0
  0
LINE
  5
1B90
330
70
100
AcDbEntity
  8
Visible
100
AcDbLine
 10
345.089717
 20
1011.124709
 30
0.0
 11
345.180717
 21
1011.139709
 31
0.0
  0
LINE
  5
1B91
330
70
100
AcDbEntity
  8
Visible
100
AcDbLine
 10
345.000717
 20
1011.105709
 30
0.0
 11
345.089717
 21
1011.124709
 31
0.0
  0
LINE
  5
1B92
330
70
100
AcDbEntity
  8
Visible
100
AcDbLine
 10
344.915717
 20
1011.081709
 30
0.0
 11
345.000717
 21
1011.105709
 31
0.0
  0
LINE
  5
1B93
330
70
100
AcDbEntity
  8
Visible
100
AcDbLine
 10
344.832717
 20
1011.054709
 30
0.0
 11
344.915717
 21
1011.081709
 31
0.0
  0
LINE
  5
1B94
330
70
100
AcDbEntity
  8
Visible
100
AcDbLine
 10
344.752717
 20
1011.022709
 30
0.0
 11
344.832717
 21
1011.054709
 31
0.0
  0
LINE
  5
1B95
330
70
100
AcDbEntity
  8
Visible
100
AcDbLine
 10
344.675717
 20
1010.985709
 30
0.0
 11
344.752717
 21
1011.022709
 31
0.0
  0
LINE
  5
1B96
330
70
100
AcDbEntity
  8
Visible
100
AcDbLine
 10
344.600717
 20
1010.945709
 30
0.0
 11
344.675717
 21
1010.985709
 31
0.0
  0
LINE
  5
1B97
330
70
100
AcDbEntity
  8
Visible
100
AcDbLine
 10
344.528717
 20
1010.901709
 30
0.0
 11
344.600717
 21
1010.945709
 31
0.0
  0
LINE
  5
1B98
330
70
100
AcDbEntity
  8
Visible
100
AcDbLine
 10
344.460717
 20
1010.853709
 30
0.0
 11
344.528717
 21
1010.901709
 31
0.0
  0
LINE
  5
1B99
330
70
100
AcDbEntity
  8
Visible
100
AcDbLine
 10
344.396717
 20
1010.802709
 30
0.0
 11
344.460717
 21
1010.853709
 31
0.0
  0
LINE
  5
1B9A
330
70
100
AcDbEntity
  8
Visible
100
AcDbLine
 10
344.334717
 20
1010.748709
 30
0.0
 11
344.396717
 21
1010.802709
 31
0.0
  0
LINE
  5
1B9B
330
70
100
AcDbEntity
  8
Visible
100
AcDbLine
 10
344.276717
 20
1010.690709
 30
0.0
 11
344.334717
 21
1010.748709
 31
0.0
  0
LINE
  5
1B9C
330
70
100
AcDbEntity
  8
Visible
100
AcDbLine
 10
344.221717
 20
1010.629709
 30
0.0
 11
344.276717
 21
1010.690709
 31
0.0
  0
LINE
  5
1B9D
330
70
100
AcDbEntity
  8
Visible
100
AcDbLine
 10
344.170717
 20
1010.564709
 30
0.0
 11
344.221717
 21
1010.629709
 31
0.0
  0
LINE
  5
1B9E
330
70
100
AcDbEntity
  8
Visible
100
AcDbLine
 10
344.122717
 20
1010.497709
 30
0.0
 11
344.170717
 21
1010.564709
 31
0.0
  0
LINE
  5
1B9F
330
70
100
AcDbEntity
  8
Visible
100
AcDbLine
 10
344.077717
 20
1010.426709
 30
0.0
 11
344.122717
 21
1010.497709
 31
0.0
  0
LINE
  5
1BA0
330
70
100
AcDbEntity
  8
Visible
100
AcDbLine
 10
344.036717
 20
1010.351709
 30
0.0
 11
344.077717
 21
1010.426709
 31
0.0
  0
LINE
  5
1BA1
330
70
100
AcDbEntity
  8
Visible
100
AcDbLine
 10
343.998717
 20
1010.274709
 30
0.0
 11
344.036717
 21
1010.351709
 31
0.0
  0
LINE
  5
1BA2
330
70
100
AcDbEntity
  8
Visible
100
AcDbLine
 10
343.965717
 20
1010.194709
 30
0.0
 11
343.998717
 21
1010.274709
 31
0.0
  0
LINE
  5
1BA3
330
70
100
AcDbEntity
  8
Visible
100
AcDbLine
 10
343.935717
 20
1010.111709
 30
0.0
 11
343.965717
 21
1010.194709
 31
0.0
  0
LINE
  5
1BA4
330
70
100
AcDbEntity
  8
Visible
100
AcDbLine
 10
343.909717
 20
1010.027709
 30
0.0
 11
343.935717
 21
1010.111709
 31
0.0
  0
LINE
  5
1BA5
330
70
100
AcDbEntity
  8
Visible
100
AcDbLine
 10
343.887717
 20
1009.939709
 30
0.0
 11
343.909717
 21
1010.027709
 31
0.0
  0
LINE
  5
1BA6
330
70
100
AcDbEntity
  8
Visible
100
AcDbLine
 10
343.870717
 20
1009.850709
 30
0.0
 11
343.887717
 21
1009.939709
 31
0.0
  0
LINE
  5
1BA7
330
70
100
AcDbEntity
  8
Visible
100
AcDbLine
 10
343.857719
 20
1009.764361
 30
0.0
 11
343.870717
 21
1009.850709
 31
0.0
  0
LINE
  5
1BA8
330
70
100
AcDbEntity
  8
Visible
100
AcDbLine
 10
343.766717
 20
1009.824709
 30
0.0
 11
343.857719
 21
1009.764361
 31
0.0
  0
LINE
  5
1BA9
330
70
100
AcDbEntity
  8
Visible
100
AcDbLine
 10
343.668717
 20
1009.883709
 30
0.0
 11
343.766717
 21
1009.824709
 31
0.0
  0
LINE
  5
1BAA
330
70
100
AcDbEntity
  8
Visible
100
AcDbLine
 10
343.565717
 20
1009.937709
 30
0.0
 11
343.668717
 21
1009.883709
 31
0.0
  0
LINE
  5
1BAB
330
70
100
AcDbEntity
  8
Visible
100
AcDbLine
 10
343.459717
 20
1009.987709
 30
0.0
 11
343.565717
 21
1009.937709
 31
0.0
  0
LINE
  5
1BAC
330
70
100
AcDbEntity
  8
Visible
100
AcDbLine
 10
343.350717
 20
1010.031709
 30
0.0
 11
343.459717
 21
1009.987709
 31
0.0
  0
LINE
  5
1BAD
330
70
100
AcDbEntity
  8
Visible
100
AcDbLine
 10
343.239717
 20
1010.070709
 30
0.0
 11
343.350717
 21
1010.031709
 31
0.0
  0
LINE
  5
1BAE
330
70
100
AcDbEntity
  8
Visible
100
AcDbLine
 10
343.126717
 20
1010.104709
 30
0.0
 11
343.239717
 21
1010.070709
 31
0.0
  0
LINE
  5
1BAF
330
70
100
AcDbEntity
  8
Visible
100
AcDbLine
 10
343.011717
 20
1010.133709
 30
0.0
 11
343.126717
 21
1010.104709
 31
0.0
  0
LINE
  5
1BB0
330
70
100
AcDbEntity
  8
Visible
100
AcDbLine
 10
342.893717
 20
1010.156709
 30
0.0
 11
343.011717
 21
1010.133709
 31
0.0
  0
LINE
  5
1BB1
330
70
100
AcDbEntity
  8
Visible
100
AcDbLine
 10
342.773717
 20
1010.175709
 30
0.0
 11
342.893717
 21
1010.156709
 31
0.0
  0
LINE
  5
1BB2
330
70
100
AcDbEntity
  8
Visible
100
AcDbLine
 10
342.650717
 20
1010.188709
 30
0.0
 11
342.773717
 21
1010.175709
 31
0.0
  0
LINE
  5
1BB3
330
70
100
AcDbEntity
  8
Visible
100
AcDbLine
 10
342.525717
 20
1010.195709
 30
0.0
 11
342.650717
 21
1010.188709
 31
0.0
  0
LINE
  5
1BB4
330
70
100
AcDbEntity
  8
Visible
100
AcDbLine
 10
342.398717
 20
1010.198709
 30
0.0
 11
342.525717
 21
1010.195709
 31
0.0
  0
LINE
  5
1BB5
330
70
100
AcDbEntity
  8
Visible
100
AcDbLine
 10
342.267717
 20
1010.195709
 30
0.0
 11
342.398717
 21
1010.198709
 31
0.0
  0
LINE
  5
1BB6
330
70
100
AcDbEntity
  8
Visible
100
AcDbLine
 10
342.139717
 20
1010.188709
 30
0.0
 11
342.267717
 21
1010.195709
 31
0.0
  0
LINE
  5
1BB7
330
70
100
AcDbEntity
  8
Visible
100
AcDbLine
 10
342.014717
 20
1010.175709
 30
0.0
 11
342.139717
 21
1010.188709
 31
0.0
  0
LINE
  5
1BB8
330
70
100
AcDbEntity
  8
Visible
100
AcDbLine
 10
341.891717
 20
1010.156709
 30
0.0
 11
342.014717
 21
1010.175709
 31
0.0
  0
LINE
  5
1BB9
330
70
100
AcDbEntity
  8
Visible
100
AcDbLine
 10
341.770717
 20
1010.133709
 30
0.0
 11
341.891717
 21
1010.156709
 31
0.0
  0
LINE
  5
1BBA
330
70
100
AcDbEntity
  8
Visible
100
AcDbLine
 10
341.652717
 20
1010.104709
 30
0.0
 11
341.770717
 21
1010.133709
 31
0.0
  0
LINE
  5
1BBB
330
70
100
AcDbEntity
  8
Visible
100
AcDbLine
 10
341.537717
 20
1010.070709
 30
0.0
 11
341.652717
 21
1010.104709
 31
0.0
  0
LINE
  5
1BBC
330
70
100
AcDbEntity
  8
Visible
100
AcDbLine
 10
341.425717
 20
1010.031709
 30
0.0
 11
341.537717
 21
1010.070709
 31
0.0
  0
LINE
  5
1BBD
330
70
100
AcDbEntity
  8
Visible
100
AcDbLine
 10
341.314717
 20
1009.987709
 30
0.0
 11
341.425717
 21
1010.031709
 31
0.0
  0
LINE
  5
1BBE
330
70
100
AcDbEntity
  8
Visible
100
AcDbLine
 10
341.207717
 20
1009.937709
 30
0.0
 11
341.314717
 21
1009.987709
 31
0.0
  0
LINE
  5
1BBF
330
70
100
AcDbEntity
  8
Visible
100
AcDbLine
 10
341.103717
 20
1009.883709
 30
0.0
 11
341.207717
 21
1009.937709
 31
0.0
  0
LINE
  5
1BC0
330
70
100
AcDbEntity
  8
Visible
100
AcDbLine
 10
341.003717
 20
1009.824709
 30
0.0
 11
341.103717
 21
1009.883709
 31
0.0
  0
LINE
  5
1BC1
330
70
100
AcDbEntity
  8
Visible
100
AcDbLine
 10
340.908717
 20
1009.761709
 30
0.0
 11
341.003717
 21
1009.824709
 31
0.0
  0
LINE
  5
1BC2
330
70
100
AcDbEntity
  8
Visible
100
AcDbLine
 10
340.818717
 20
1009.694709
 30
0.0
 11
340.908717
 21
1009.761709
 31
0.0
  0
LINE
  5
1BC3
330
70
100
AcDbEntity
  8
Visible
100
AcDbLine
 10
340.731717
 20
1009.623709
 30
0.0
 11
340.818717
 21
1009.694709
 31
0.0
  0
LINE
  5
1BC4
330
70
100
AcDbEntity
  8
Visible
100
AcDbLine
 10
340.650717
 20
1009.547709
 30
0.0
 11
340.731717
 21
1009.623709
 31
0.0
  0
LINE
  5
1BC5
330
70
100
AcDbEntity
  8
Visible
100
AcDbLine
 10
340.572717
 20
1009.467709
 30
0.0
 11
340.650717
 21
1009.547709
 31
0.0
  0
LINE
  5
1BC6
330
70
100
AcDbEntity
  8
Visible
100
AcDbLine
 10
340.499717
 20
1009.383709
 30
0.0
 11
340.572717
 21
1009.467709
 31
0.0
  0
LINE
  5
1BC7
330
70
100
AcDbEntity
  8
Visible
100
AcDbLine
 10
340.431717
 20
1009.295709
 30
0.0
 11
340.499717
 21
1009.383709
 31
0.0
  0
LINE
  5
1BC8
330
70
100
AcDbEntity
  8
Visible
100
AcDbLine
 10
340.367717
 20
1009.202709
 30
0.0
 11
340.431717
 21
1009.295709
 31
0.0
  0
LINE
  5
1BC9
330
70
100
AcDbEntity
  8
Visible
100
AcDbLine
 10
340.308717
 20
1009.106709
 30
0.0
 11
340.367717
 21
1009.202709
 31
0.0
  0
LINE
  5
1BCA
330
70
100
AcDbEntity
  8
Visible
100
AcDbLine
 10
340.256717
 20
1009.006709
 30
0.0
 11
340.308717
 21
1009.106709
 31
0.0
  0
LINE
  5
1BCB
330
70
100
AcDbEntity
  8
Visible
100
AcDbLine
 10
340.209717
 20
1008.904709
 30
0.0
 11
340.256717
 21
1009.006709
 31
0.0
  0
LINE
  5
1BCC
330
70
100
AcDbEntity
  8
Visible
100
AcDbLine
 10
340.169717
 20
1008.798709
 30
0.0
 11
340.209717
 21
1008.904709
 31
0.0
  0
LINE
  5
1BCD
330
70
100
AcDbEntity
  8
Visible
100
AcDbLine
 10
340.135717
 20
1008.689709
 30
0.0
 11
340.169717
 21
1008.798709
 31
0.0
  0
LINE
  5
1BCE
330
70
100
AcDbEntity
  8
Visible
100
AcDbLine
 10
340.107717
 20
1008.577709
 30
0.0
 11
340.135717
 21
1008.689709
 31
0.0
  0
LINE
  5
1BCF
330
70
100
AcDbEntity
  8
Visible
100
AcDbLine
 10
340.086717
 20
1008.462709
 30
0.0
 11
340.107717
 21
1008.577709
 31
0.0
  0
LINE
  5
1BD0
330
70
100
AcDbEntity
  8
Visible
100
AcDbLine
 10
340.070717
 20
1008.344709
 30
0.0
 11
340.086717
 21
1008.462709
 31
0.0
  0
LINE
  5
1BD1
330
70
100
AcDbEntity
  8
Visible
100
AcDbLine
 10
340.061717
 20
1008.222709
 30
0.0
 11
340.070717
 21
1008.344709
 31
0.0
  0
LINE
  5
1BD2
330
70
100
AcDbEntity
  8
Visible
100
AcDbLine
 10
340.058717
 20
1008.098709
 30
0.0
 11
340.061717
 21
1008.222709
 31
0.0
  0
LINE
  5
1BD3
330
70
100
AcDbEntity
  8
Visible
100
AcDbLine
 10
340.061717
 20
1007.975709
 30
0.0
 11
340.058717
 21
1008.098709
 31
0.0
  0
LINE
  5
1BD4
330
70
100
AcDbEntity
  8
Visible
100
AcDbLine
 10
340.070717
 20
1007.854709
 30
0.0
 11
340.061717
 21
1007.975709
 31
0.0
  0
LINE
  5
1BD5
330
70
100
AcDbEntity
  8
Visible
100
AcDbLine
 10
340.086717
 20
1007.737709
 30
0.0
 11
340.070717
 21
1007.854709
 31
0.0
  0
LINE
  5
1BD6
330
70
100
AcDbEntity
  8
Visible
100
AcDbLine
 10
340.107717
 20
1007.623709
 30
0.0
 11
340.086717
 21
1007.737709
 31
0.0
  0
LINE
  5
1BD7
330
70
100
AcDbEntity
  8
Visible
100
AcDbLine
 10
340.135717
 20
1007.511709
 30
0.0
 11
340.107717
 21
1007.623709
 31
0.0
  0
LINE
  5
1BD8
330
70
100
AcDbEntity
  8
Visible
100
AcDbLine
 10
340.169717
 20
1007.403709
 30
0.0
 11
340.135717
 21
1007.511709
 31
0.0
  0
LINE
  5
1BD9
330
70
100
AcDbEntity
  8
Visible
100
AcDbLine
 10
340.209717
 20
1007.298709
 30
0.0
 11
340.169717
 21
1007.403709
 31
0.0
  0
LINE
  5
1BDA
330
70
100
AcDbEntity
  8
Visible
100
AcDbLine
 10
340.256717
 20
1007.196709
 30
0.0
 11
340.209717
 21
1007.298709
 31
0.0
  0
LINE
  5
1BDB
330
70
100
AcDbEntity
  8
Visible
100
AcDbLine
 10
340.308717
 20
1007.096709
 30
0.0
 11
340.256717
 21
1007.196709
 31
0.0
  0
LINE
  5
1BDC
330
70
100
AcDbEntity
  8
Visible
100
AcDbLine
 10
340.367717
 20
1007.000709
 30
0.0
 11
340.308717
 21
1007.096709
 31
0.0
  0
LINE
  5
1BDD
330
70
100
AcDbEntity
  8
Visible
100
AcDbLine
 10
340.431717
 20
1006.907709
 30
0.0
 11
340.367717
 21
1007.000709
 31
0.0
  0
LINE
  5
1BDE
330
70
100
AcDbEntity
  8
Visible
100
AcDbLine
 10
340.499717
 20
1006.819709
 30
0.0
 11
340.431717
 21
1006.907709
 31
0.0
  0
LINE
  5
1BDF
330
70
100
AcDbEntity
  8
Visible
100
AcDbLine
 10
340.572717
 20
1006.735709
 30
0.0
 11
340.499717
 21
1006.819709
 31
0.0
  0
LINE
  5
1BE0
330
70
100
AcDbEntity
  8
Visible
100
AcDbLine
 10
340.650717
 20
1006.654709
 30
0.0
 11
340.572717
 21
1006.735709
 31
0.0
  0
LINE
  5
1BE1
330
70
100
AcDbEntity
  8
Visible
100
AcDbLine
 10
340.714003
 20
1006.59533
 30
0.0
 11
340.650717
 21
1006.654709
 31
0.0
  0
LINE
  5
1BE2
330
70
100
AcDbEntity
  8
Visible
100
AcDbLine
 10
340.658717
 20
1006.581709
 30
0.0
 11
340.714003
 21
1006.59533
 31
0.0
  0
LINE
  5
1BE3
330
70
100
AcDbEntity
  8
Visible
100
AcDbLine
 10
340.590717
 20
1006.562709
 30
0.0
 11
340.658717
 21
1006.581709
 31
0.0
  0
LINE
  5
1BE4
330
70
100
AcDbEntity
  8
Visible
100
AcDbLine
 10
340.523717
 20
1006.539709
 30
0.0
 11
340.590717
 21
1006.562709
 31
0.0
  0
LINE
  5
1BE5
330
70
100
AcDbEntity
  8
Visible
100
AcDbLine
 10
340.457717
 20
1006.514709
 30
0.0
 11
340.523717
 21
1006.539709
 31
0.0
  0
LINE
  5
1BE6
330
70
100
AcDbEntity
  8
Visible
100
AcDbLine
 10
340.393717
 20
1006.486709
 30
0.0
 11
340.457717
 21
1006.514709
 31
0.0
  0
LINE
  5
1BE7
330
70
100
AcDbEntity
  8
Visible
100
AcDbLine
 10
340.331717
 20
1006.456709
 30
0.0
 11
340.393717
 21
1006.486709
 31
0.0
  0
LINE
  5
1BE8
330
70
100
AcDbEntity
  8
Visible
100
AcDbLine
 10
340.272717
 20
1006.424709
 30
0.0
 11
340.331717
 21
1006.456709
 31
0.0
  0
LINE
  5
1BE9
330
70
100
AcDbEntity
  8
Visible
100
AcDbLine
 10
340.215717
 20
1006.389709
 30
0.0
 11
340.272717
 21
1006.424709
 31
0.0
  0
LINE
  5
1BEA
330
70
100
AcDbEntity
  8
Visible
100
AcDbLine
 10
340.161717
 20
1006.352709
 30
0.0
 11
340.215717
 21
1006.389709
 31
0.0
  0
LINE
  5
1BEB
330
70
100
AcDbEntity
  8
Visible
100
AcDbLine
 10
340.109717
 20
1006.312709
 30
0.0
 11
340.161717
 21
1006.352709
 31
0.0
  0
LINE
  5
1BEC
330
70
100
AcDbEntity
  8
Visible
100
AcDbLine
 10
340.059717
 20
1006.270709
 30
0.0
 11
340.109717
 21
1006.312709
 31
0.0
  0
LINE
  5
1BED
330
70
100
AcDbEntity
  8
Visible
100
AcDbLine
 10
340.013717
 20
1006.226709
 30
0.0
 11
340.059717
 21
1006.270709
 31
0.0
  0
LINE
  5
1BEE
330
70
100
AcDbEntity
  8
Visible
100
AcDbLine
 10
339.968717
 20
1006.179709
 30
0.0
 11
340.013717
 21
1006.226709
 31
0.0
  0
LINE
  5
1BEF
330
70
100
AcDbEntity
  8
Visible
100
AcDbLine
 10
339.926717
 20
1006.130709
 30
0.0
 11
339.968717
 21
1006.179709
 31
0.0
  0
LINE
  5
1BF0
330
70
100
AcDbEntity
  8
Visible
100
AcDbLine
 10
339.887717
 20
1006.079709
 30
0.0
 11
339.926717
 21
1006.130709
 31
0.0
  0
LINE
  5
1BF1
330
70
100
AcDbEntity
  8
Visible
100
AcDbLine
 10
339.853717
 20
1006.025709
 30
0.0
 11
339.887717
 21
1006.079709
 31
0.0
  0
LINE
  5
1BF2
330
70
100
AcDbEntity
  8
Visible
100
AcDbLine
 10
339.822717
 20
1005.969709
 30
0.0
 11
339.853717
 21
1006.025709
 31
0.0
  0
LINE
  5
1BF3
330
70
100
AcDbEntity
  8
Visible
100
AcDbLine
 10
339.795717
 20
1005.911709
 30
0.0
 11
339.822717
 21
1005.969709
 31
0.0
  0
LINE
  5
1BF4
330
70
100
AcDbEntity
  8
Visible
100
AcDbLine
 10
339.773717
 20
1005.851709
 30
0.0
 11
339.795717
 21
1005.911709
 31
0.0
  0
LINE
  5
1BF5
330
70
100
AcDbEntity
  8
Visible
100
AcDbLine
 10
339.755717
 20
1005.789709
 30
0.0
 11
339.773717
 21
1005.851709
 31
0.0
  0
LINE
  5
1BF6
330
70
100
AcDbEntity
  8
Visible
100
AcDbLine
 10
339.740717
 20
1005.724709
 30
0.0
 11
339.755717
 21
1005.789709
 31
0.0
  0
LINE
  5
1BF7
330
70
100
AcDbEntity
  8
Visible
100
AcDbLine
 10
339.730717
 20
1005.658709
 30
0.0
 11
339.740717
 21
1005.724709
 31
0.0
  0
LINE
  5
1BF8
330
70
100
AcDbEntity
  8
Visible
100
AcDbLine
 10
339.724717
 20
1005.589709
 30
0.0
 11
339.730717
 21
1005.658709
 31
0.0
  0
LINE
  5
1BF9
330
70
100
AcDbEntity
  8
Visible
100
AcDbLine
 10
339.722717
 20
1005.518709
 30
0.0
 11
339.724717
 21
1005.589709
 31
0.0
  0
LINE
  5
1BFA
330
70
100
AcDbEntity
  8
Visible
100
AcDbLine
 10
339.724717
 20
1005.450709
 30
0.0
 11
339.722717
 21
1005.518709
 31
0.0
  0
LINE
  5
1BFB
330
70
100
AcDbEntity
  8
Visible
100
AcDbLine
 10
339.731717
 20
1005.383709
 30
0.0
 11
339.724717
 21
1005.450709
 31
0.0
  0
LINE
  5
1BFC
330
70
100
AcDbEntity
  8
Visible
100
AcDbLine
 10
339.743717
 20
1005.318709
 30
0.0
 11
339.731717
 21
1005.383709
 31
0.0
  0
LINE
  5
1BFD
330
70
100
AcDbEntity
  8
Visible
100
AcDbLine
 10
339.758717
 20
1005.253709
 30
0.0
 11
339.743717
 21
1005.318709
 31
0.0
  0
LINE
  5
1BFE
330
70
100
AcDbEntity
  8
Visible
100
AcDbLine
 10
339.779717
 20
1005.189709
 30
0.0
 11
339.758717
 21
1005.253709
 31
0.0
  0
LINE
  5
1BFF
330
70
100
AcDbEntity
  8
Visible
100
AcDbLine
 10
339.804717
 20
1005.127709
 30
0.0
 11
339.779717
 21
1005.189709
 31
0.0
  0
LINE
  5
1C00
330
70
100
AcDbEntity
  8
Visible
100
AcDbLine
 10
339.834717
 20
1005.066709
 30
0.0
 11
339.804717
 21
1005.127709
 31
0.0
  0
LINE
  5
1C01
330
70
100
AcDbEntity
  8
Visible
100
AcDbLine
 10
339.868717
 20
1005.005709
 30
0.0
 11
339.834717
 21
1005.066709
 31
0.0
  0
LINE
  5
1C02
330
70
100
AcDbEntity
  8
Visible
100
AcDbLine
 10
339.907717
 20
1004.946709
 30
0.0
 11
339.868717
 21
1005.005709
 31
0.0
  0
LINE
  5
1C03
330
70
100
AcDbEntity
  8
Visible
100
AcDbLine
 10
339.950717
 20
1004.888709
 30
0.0
 11
339.907717
 21
1004.946709
 31
0.0
  0
LINE
  5
1C04
330
70
100
AcDbEntity
  8
Visible
100
AcDbLine
 10
339.998717
 20
1004.832709
 30
0.0
 11
339.950717
 21
1004.888709
 31
0.0
  0
LINE
  5
1C05
330
70
100
AcDbEntity
  8
Visible
100
AcDbLine
 10
340.049717
 20
1004.777709
 30
0.0
 11
339.998717
 21
1004.832709
 31
0.0
  0
LINE
  5
1C06
330
70
100
AcDbEntity
  8
Visible
100
AcDbLine
 10
340.104717
 20
1004.725709
 30
0.0
 11
340.049717
 21
1004.777709
 31
0.0
  0
LINE
  5
1C07
330
70
100
AcDbEntity
  8
Visible
100
AcDbLine
 10
340.164717
 20
1004.675709
 30
0.0
 11
340.104717
 21
1004.725709
 31
0.0
  0
LINE
  5
1C08
330
70
100
AcDbEntity
  8
Visible
100
AcDbLine
 10
340.227717
 20
1004.628709
 30
0.0
 11
340.164717
 21
1004.675709
 31
0.0
  0
LINE
  5
1C09
330
70
100
AcDbEntity
  8
Visible
100
AcDbLine
 10
340.294717
 20
1004.582709
 30
0.0
 11
340.227717
 21
1004.628709
 31
0.0
  0
LINE
  5
1C0A
330
70
100
AcDbEntity
  8
Visible
100
AcDbLine
 10
340.365717
 20
1004.539709
 30
0.0
 11
340.294717
 21
1004.582709
 31
0.0
  0
LINE
  5
1C0B
330
70
100
AcDbEntity
  8
Visible
100
AcDbLine
 10
340.440717
 20
1004.498709
 30
0.0
 11
340.365717
 21
1004.539709
 31
0.0
  0
LINE
  5
1C0C
330
70
100
AcDbEntity
  8
Visible
100
AcDbLine
 10
340.444597
 20
1004.496819
 30
0.0
 11
340.440717
 21
1004.498709
 31
0.0
  0
LINE
  5
1C0D
330
70
100
AcDbEntity
  8
Visible
100
AcDbLine
 10
336.686717
 20
1010.066709
 30
0.0
 11
337.622717
 21
1010.066709
 31
0.0
  0
LINE
  5
1C0E
330
70
100
AcDbEntity
  8
Visible
100
AcDbLine
 10
336.686717
 20
1004.318709
 30
0.0
 11
336.686717
 21
1010.066709
 31
0.0
  0
LINE
  5
1C0F
330
70
100
AcDbEntity
  8
Visible
100
AcDbLine
 10
337.622717
 20
1004.318709
 30
0.0
 11
336.686717
 21
1004.318709
 31
0.0
  0
LINE
  5
1C10
330
70
100
AcDbEntity
  8
Visible
100
AcDbLine
 10
337.622717
 20
1010.066709
 30
0.0
 11
337.622717
 21
1004.318709
 31
0.0
  0
LINE
  5
1C11
330
70
100
AcDbEntity
  8
Visible
100
AcDbLine
 10
337.264717
 20
1011.417709
 30
0.0
 11
337.210717
 21
1011.412709
 31
0.0
  0
LINE
  5
1C12
330
70
100
AcDbEntity
  8
Visible
100
AcDbLine
 10
337.316717
 20
1011.425709
 30
0.0
 11
337.264717
 21
1011.417709
 31
0.0
  0
LINE
  5
1C13
330
70
100
AcDbEntity
  8
Visible
100
AcDbLine
 10
337.365717
 20
1011.436709
 30
0.0
 11
337.316717
 21
1011.425709
 31
0.0
  0
LINE
  5
1C14
330
70
100
AcDbEntity
  8
Visible
100
AcDbLine
 10
337.412717
 20
1011.451709
 30
0.0
 11
337.365717
 21
1011.436709
 31
0.0
  0
LINE
  5
1C15
330
70
100
AcDbEntity
  8
Visible
100
AcDbLine
 10
337.456717
 20
1011.469709
 30
0.0
 11
337.412717
 21
1011.451709
 31
0.0
  0
LINE
  5
1C16
330
70
100
AcDbEntity
  8
Visible
100
AcDbLine
 10
337.498717
 20
1011.491709
 30
0.0
 11
337.456717
 21
1011.469709
 31
0.0
  0
LINE
  5
1C17
330
70
100
AcDbEntity
  8
Visible
100
AcDbLine
 10
337.538717
 20
1011.516709
 30
0.0
 11
337.498717
 21
1011.491709
 31
0.0
  0
LINE
  5
1C18
330
70
100
AcDbEntity
  8
Visible
100
AcDbLine
 10
337.575717
 20
1011.544709
 30
0.0
 11
337.538717
 21
1011.516709
 31
0.0
  0
LINE
  5
1C19
330
70
100
AcDbEntity
  8
Visible
100
AcDbLine
 10
337.610717
 20
1011.575709
 30
0.0
 11
337.575717
 21
1011.544709
 31
0.0
  0
LINE
  5
1C1A
330
70
100
AcDbEntity
  8
Visible
100
AcDbLine
 10
337.642717
 20
1011.609709
 30
0.0
 11
337.610717
 21
1011.575709
 31
0.0
  0
LINE
  5
1C1B
330
70
100
AcDbEntity
  8
Visible
100
AcDbLine
 10
337.670717
 20
1011.645709
 30
0.0
 11
337.642717
 21
1011.609709
 31
0.0
  0
LINE
  5
1C1C
330
70
100
AcDbEntity
  8
Visible
100
AcDbLine
 10
337.696717
 20
1011.683709
 30
0.0
 11
337.670717
 21
1011.645709
 31
0.0
  0
LINE
  5
1C1D
330
70
100
AcDbEntity
  8
Visible
100
AcDbLine
 10
337.718717
 20
1011.724709
 30
0.0
 11
337.696717
 21
1011.683709
 31
0.0
  0
LINE
  5
1C1E
330
70
100
AcDbEntity
  8
Visible
100
AcDbLine
 10
337.736717
 20
1011.766709
 30
0.0
 11
337.718717
 21
1011.724709
 31
0.0
  0
LINE
  5
1C1F
330
70
100
AcDbEntity
  8
Visible
100
AcDbLine
 10
337.751717
 20
1011.811709
 30
0.0
 11
337.736717
 21
1011.766709
 31
0.0
  0
LINE
  5
1C20
330
70
100
AcDbEntity
  8
Visible
100
AcDbLine
 10
337.763717
 20
1011.857709
 30
0.0
 11
337.751717
 21
1011.811709
 31
0.0
  0
LINE
  5
1C21
330
70
100
AcDbEntity
  8
Visible
100
AcDbLine
 10
337.771717
 20
1011.906709
 30
0.0
 11
337.763717
 21
1011.857709
 31
0.0
  0
LINE
  5
1C22
330
70
100
AcDbEntity
  8
Visible
100
AcDbLine
 10
337.776717
 20
1011.957709
 30
0.0
 11
337.771717
 21
1011.906709
 31
0.0
  0
LINE
  5
1C23
330
70
100
AcDbEntity
  8
Visible
100
AcDbLine
 10
337.778717
 20
1012.010709
 30
0.0
 11
337.776717
 21
1011.957709
 31
0.0
  0
LINE
  5
1C24
330
70
100
AcDbEntity
  8
Visible
100
AcDbLine
 10
337.776717
 20
1012.062709
 30
0.0
 11
337.778717
 21
1012.010709
 31
0.0
  0
LINE
  5
1C25
330
70
100
AcDbEntity
  8
Visible
100
AcDbLine
 10
337.771717
 20
1012.111709
 30
0.0
 11
337.776717
 21
1012.062709
 31
0.0
  0
LINE
  5
1C26
330
70
100
AcDbEntity
  8
Visible
100
AcDbLine
 10
337.763717
 20
1012.159709
 30
0.0
 11
337.771717
 21
1012.111709
 31
0.0
  0
LINE
  5
1C27
330
70
100
AcDbEntity
  8
Visible
100
AcDbLine
 10
337.751717
 20
1012.204709
 30
0.0
 11
337.763717
 21
1012.159709
 31
0.0
  0
LINE
  5
1C28
330
70
100
AcDbEntity
  8
Visible
100
AcDbLine
 10
337.736717
 20
1012.247709
 30
0.0
 11
337.751717
 21
1012.204709
 31
0.0
  0
LINE
  5
1C29
330
70
100
AcDbEntity
  8
Visible
100
AcDbLine
 10
337.718717
 20
1012.288709
 30
0.0
 11
337.736717
 21
1012.247709
 31
0.0
  0
LINE
  5
1C2A
330
70
100
AcDbEntity
  8
Visible
100
AcDbLine
 10
337.696717
 20
1012.327709
 30
0.0
 11
337.718717
 21
1012.288709
 31
0.0
  0
LINE
  5
1C2B
330
70
100
AcDbEntity
  8
Visible
100
AcDbLine
 10
337.670717
 20
1012.363709
 30
0.0
 11
337.696717
 21
1012.327709
 31
0.0
  0
LINE
  5
1C2C
330
70
100
AcDbEntity
  8
Visible
100
AcDbLine
 10
337.642717
 20
1012.398709
 30
0.0
 11
337.670717
 21
1012.363709
 31
0.0
  0
LINE
  5
1C2D
330
70
100
AcDbEntity
  8
Visible
100
AcDbLine
 10
337.610717
 20
1012.430709
 30
0.0
 11
337.642717
 21
1012.398709
 31
0.0
  0
LINE
  5
1C2E
330
70
100
AcDbEntity
  8
Visible
100
AcDbLine
 10
337.575717
 20
1012.460709
 30
0.0
 11
337.610717
 21
1012.430709
 31
0.0
  0
LINE
  5
1C2F
330
70
100
AcDbEntity
  8
Visible
100
AcDbLine
 10
337.538717
 20
1012.486709
 30
0.0
 11
337.575717
 21
1012.460709
 31
0.0
  0
LINE
  5
1C30
330
70
100
AcDbEntity
  8
Visible
100
AcDbLine
 10
337.498717
 20
1012.510709
 30
0.0
 11
337.538717
 21
1012.486709
 31
0.0
  0
LINE
  5
1C31
330
70
100
AcDbEntity
  8
Visible
100
AcDbLine
 10
337.456717
 20
1012.530709
 30
0.0
 11
337.498717
 21
1012.510709
 31
0.0
  0
LINE
  5
1C32
330
70
100
AcDbEntity
  8
Visible
100
AcDbLine
 10
337.412717
 20
1012.547709
 30
0.0
 11
337.456717
 21
1012.530709
 31
0.0
  0
LINE
  5
1C33
330
70
100
AcDbEntity
  8
Visible
100
AcDbLine
 10
337.365717
 20
1012.561709
 30
0.0
 11
337.412717
 21
1012.547709
 31
0.0
  0
LINE
  5
1C34
330
70
100
AcDbEntity
  8
Visible
100
AcDbLine
 10
337.316717
 20
1012.572709
 30
0.0
 11
337.365717
 21
1012.561709
 31
0.0
  0
LINE
  5
1C35
330
70
100
AcDbEntity
  8
Visible
100
AcDbLine
 10
337.264717
 20
1012.580709
 30
0.0
 11
337.316717
 21
1012.572709
 31
0.0
  0
LINE
  5
1C36
330
70
100
AcDbEntity
  8
Visible
100
AcDbLine
 10
337.210717
 20
1012.584709
 30
0.0
 11
337.264717
 21
1012.580709
 31
0.0
  0
LINE
  5
1C37
330
70
100
AcDbEntity
  8
Visible
100
AcDbLine
 10
337.154717
 20
1012.586709
 30
0.0
 11
337.210717
 21
1012.584709
 31
0.0
  0
LINE
  5
1C38
330
70
100
AcDbEntity
  8
Visible
100
AcDbLine
 10
337.098717
 20
1012.584709
 30
0.0
 11
337.154717
 21
1012.586709
 31
0.0
  0
LINE
  5
1C39
330
70
100
AcDbEntity
  8
Visible
100
AcDbLine
 10
337.044717
 20
1012.580709
 30
0.0
 11
337.098717
 21
1012.584709
 31
0.0
  0
LINE
  5
1C3A
330
70
100
AcDbEntity
  8
Visible
100
AcDbLine
 10
336.992717
 20
1012.572709
 30
0.0
 11
337.044717
 21
1012.580709
 31
0.0
  0
LINE
  5
1C3B
330
70
100
AcDbEntity
  8
Visible
100
AcDbLine
 10
336.943717
 20
1012.561709
 30
0.0
 11
336.992717
 21
1012.572709
 31
0.0
  0
LINE
  5
1C3C
330
70
100
AcDbEntity
  8
Visible
100
AcDbLine
 10
336.896717
 20
1012.547709
 30
0.0
 11
336.943717
 21
1012.561709
 31
0.0
  0
LINE
  5
1C3D
330
70
100
AcDbEntity
  8
Visible
100
AcDbLine
 10
336.852717
 20
1012.530709
 30
0.0
 11
336.896717
 21
1012.547709
 31
0.0
  0
LINE
  5
1C3E
330
70
100
AcDbEntity
  8
Visible
100
AcDbLine
 10
336.810717
 20
1012.510709
 30
0.0
 11
336.852717
 21
1012.530709
 31
0.0
  0
LINE
  5
1C3F
330
70
100
AcDbEntity
  8
Visible
100
AcDbLine
 10
336.770717
 20
1012.486709
 30
0.0
 11
336.810717
 21
1012.510709
 31
0.0
  0
LINE
  5
1C40
330
70
100
AcDbEntity
  8
Visible
100
AcDbLine
 10
336.733717
 20
1012.460709
 30
0.0
 11
336.770717
 21
1012.486709
 31
0.0
  0
LINE
  5
1C41
330
70
100
AcDbEntity
  8
Visible
100
AcDbLine
 10
336.698717
 20
1012.430709
 30
0.0
 11
336.733717
 21
1012.460709
 31
0.0
  0
LINE
  5
1C42
330
70
100
AcDbEntity
  8
Visible
100
AcDbLine
 10
336.666717
 20
1012.398709
 30
0.0
 11
336.698717
 21
1012.430709
 31
0.0
  0
LINE
  5
1C43
330
70
100
AcDbEntity
  8
Visible
100
AcDbLine
 10
336.638717
 20
1012.363709
 30
0.0
 11
336.666717
 21
1012.398709
 31
0.0
  0
LINE
  5
1C44
330
70
100
AcDbEntity
  8
Visible
100
AcDbLine
 10
336.612717
 20
1012.327709
 30
0.0
 11
336.638717
 21
1012.363709
 31
0.0
  0
LINE
  5
1C45
330
70
100
AcDbEntity
  8
Visible
100
AcDbLine
 10
336.590717
 20
1012.288709
 30
0.0
 11
336.612717
 21
1012.327709
 31
0.0
  0
LINE
  5
1C46
330
70
100
AcDbEntity
  8
Visible
100
AcDbLine
 10
336.572717
 20
1012.247709
 30
0.0
 11
336.590717
 21
1012.288709
 31
0.0
  0
LINE
  5
1C47
330
70
100
AcDbEntity
  8
Visible
100
AcDbLine
 10
336.557717
 20
1012.204709
 30
0.0
 11
336.572717
 21
1012.247709
 31
0.0
  0
LINE
  5
1C48
330
70
100
AcDbEntity
  8
Visible
100
AcDbLine
 10
336.545717
 20
1012.159709
 30
0.0
 11
336.557717
 21
1012.204709
 31
0.0
  0
LINE
  5
1C49
330
70
100
AcDbEntity
  8
Visible
100
AcDbLine
 10
336.537717
 20
1012.111709
 30
0.0
 11
336.545717
 21
1012.159709
 31
0.0
  0
LINE
  5
1C4A
330
70
100
AcDbEntity
  8
Visible
100
AcDbLine
 10
336.532717
 20
1012.062709
 30
0.0
 11
336.537717
 21
1012.111709
 31
0.0
  0
LINE
  5
1C4B
330
70
100
AcDbEntity
  8
Visible
100
AcDbLine
 10
336.530717
 20
1012.010709
 30
0.0
 11
336.532717
 21
1012.062709
 31
0.0
  0
LINE
  5
1C4C
330
70
100
AcDbEntity
  8
Visible
100
AcDbLine
 10
336.532717
 20
1011.957709
 30
0.0
 11
336.530717
 21
1012.010709
 31
0.0
  0
LINE
  5
1C4D
330
70
100
AcDbEntity
  8
Visible
100
AcDbLine
 10
336.537717
 20
1011.906709
 30
0.0
 11
336.532717
 21
1011.957709
 31
0.0
  0
LINE
  5
1C4E
330
70
100
AcDbEntity
  8
Visible
100
AcDbLine
 10
336.545717
 20
1011.857709
 30
0.0
 11
336.537717
 21
1011.906709
 31
0.0
  0
LINE
  5
1C4F
330
70
100
AcDbEntity
  8
Visible
100
AcDbLine
 10
336.557717
 20
1011.811709
 30
0.0
 11
336.545717
 21
1011.857709
 31
0.0
  0
LINE
  5
1C50
330
70
100
AcDbEntity
  8
Visible
100
AcDbLine
 10
336.572717
 20
1011.766709
 30
0.0
 11
336.557717
 21
1011.811709
 31
0.0
  0
LINE
  5
1C51
330
70
100
AcDbEntity
  8
Visible
100
AcDbLine
 10
336.590717
 20
1011.724709
 30
0.0
 11
336.572717
 21
1011.766709
 31
0.0
  0
LINE
  5
1C52
330
70
100
AcDbEntity
  8
Visible
100
AcDbLine
 10
336.612717
 20
1011.683709
 30
0.0
 11
336.590717
 21
1011.724709
 31
0.0
  0
LINE
  5
1C53
330
70
100
AcDbEntity
  8
Visible
100
AcDbLine
 10
336.638717
 20
1011.645709
 30
0.0
 11
336.612717
 21
1011.683709
 31
0.0
  0
LINE
  5
1C54
330
70
100
AcDbEntity
  8
Visible
100
AcDbLine
 10
336.666717
 20
1011.609709
 30
0.0
 11
336.638717
 21
1011.645709
 31
0.0
  0
LINE
  5
1C55
330
70
100
AcDbEntity
  8
Visible
100
AcDbLine
 10
336.698717
 20
1011.575709
 30
0.0
 11
336.666717
 21
1011.609709
 31
0.0
  0
LINE
  5
1C56
330
70
100
AcDbEntity
  8
Visible
100
AcDbLine
 10
336.733717
 20
1011.544709
 30
0.0
 11
336.698717
 21
1011.575709
 31
0.0
  0
LINE
  5
1C57
330
70
100
AcDbEntity
  8
Visible
100
AcDbLine
 10
336.770717
 20
1011.516709
 30
0.0
 11
336.733717
 21
1011.544709
 31
0.0
  0
LINE
  5
1C58
330
70
100
AcDbEntity
  8
Visible
100
AcDbLine
 10
336.810717
 20
1011.491709
 30
0.0
 11
336.770717
 21
1011.516709
 31
0.0
  0
LINE
  5
1C59
330
70
100
AcDbEntity
  8
Visible
100
AcDbLine
 10
336.852717
 20
1011.469709
 30
0.0
 11
336.810717
 21
1011.491709
 31
0.0
  0
LINE
  5
1C5A
330
70
100
AcDbEntity
  8
Visible
100
AcDbLine
 10
336.896717
 20
1011.451709
 30
0.0
 11
336.852717
 21
1011.469709
 31
0.0
  0
LINE
  5
1C5B
330
70
100
AcDbEntity
  8
Visible
100
AcDbLine
 10
336.943717
 20
1011.436709
 30
0.0
 11
336.896717
 21
1011.451709
 31
0.0
  0
LINE
  5
1C5C
330
70
100
AcDbEntity
  8
Visible
100
AcDbLine
 10
336.992717
 20
1011.425709
 30
0.0
 11
336.943717
 21
1011.436709
 31
0.0
  0
LINE
  5
1C5D
330
70
100
AcDbEntity
  8
Visible
100
AcDbLine
 10
337.044717
 20
1011.417709
 30
0.0
 11
336.992717
 21
1011.425709
 31
0.0
  0
LINE
  5
1C5E
330
70
100
AcDbEntity
  8
Visible
100
AcDbLine
 10
337.098717
 20
1011.412709
 30
0.0
 11
337.044717
 21
1011.417709
 31
0.0
  0
LINE
  5
1C5F
330
70
100
AcDbEntity
  8
Visible
100
AcDbLine
 10
337.154717
 20
1011.410709
 30
0.0
 11
337.098717
 21
1011.412709
 31
0.0
  0
LINE
  5
1C60
330
70
100
AcDbEntity
  8
Visible
100
AcDbLine
 10
337.210717
 20
1011.412709
 30
0.0
 11
337.154717
 21
1011.410709
 31
0.0
  0
LINE
  5
1C61
330
70
100
AcDbEntity
  8
Visible
100
AcDbLine
 10
332.559695
 20
1007.44938
 30
0.0
 11
334.712717
 21
1004.318709
 31
0.0
  0
LINE
  5
1C62
330
70
100
AcDbEntity
  8
Visible
100
AcDbLine
 10
332.622717
 20
1007.457709
 30
0.0
 11
332.559695
 21
1007.44938
 31
0.0
  0
LINE
  5
1C63
330
70
100
AcDbEntity
  8
Visible
100
AcDbLine
 10
332.836717
 20
1007.500709
 30
0.0
 11
332.622717
 21
1007.457709
 31
0.0
  0
LINE
  5
1C64
330
70
100
AcDbEntity
  8
Visible
100
AcDbLine
 10
333.037717
 20
1007.556709
 30
0.0
 11
332.836717
 21
1007.500709
 31
0.0
  0
LINE
  5
1C65
330
70
100
AcDbEntity
  8
Visible
100
AcDbLine
 10
333.226717
 20
1007.623709
 30
0.0
 11
333.037717
 21
1007.556709
 31
0.0
  0
LINE
  5
1C66
330
70
100
AcDbEntity
  8
Visible
100
AcDbLine
 10
333.403717
 20
1007.703709
 30
0.0
 11
333.226717
 21
1007.623709
 31
0.0
  0
LINE
  5
1C67
330
70
100
AcDbEntity
  8
Visible
100
AcDbLine
 10
333.567717
 20
1007.796709
 30
0.0
 11
333.403717
 21
1007.703709
 31
0.0
  0
LINE
  5
1C68
330
70
100
AcDbEntity
  8
Visible
100
AcDbLine
 10
333.718717
 20
1007.900709
 30
0.0
 11
333.567717
 21
1007.796709
 31
0.0
  0
LINE
  5
1C69
330
70
100
AcDbEntity
  8
Visible
100
AcDbLine
 10
333.857717
 20
1008.017709
 30
0.0
 11
333.718717
 21
1007.900709
 31
0.0
  0
LINE
  5
1C6A
330
70
100
AcDbEntity
  8
Visible
100
AcDbLine
 10
333.983717
 20
1008.144709
 30
0.0
 11
333.857717
 21
1008.017709
 31
0.0
  0
LINE
  5
1C6B
330
70
100
AcDbEntity
  8
Visible
100
AcDbLine
 10
334.096717
 20
1008.278709
 30
0.0
 11
333.983717
 21
1008.144709
 31
0.0
  0
LINE
  5
1C6C
330
70
100
AcDbEntity
  8
Visible
100
AcDbLine
 10
334.195717
 20
1008.420709
 30
0.0
 11
334.096717
 21
1008.278709
 31
0.0
  0
LINE
  5
1C6D
330
70
100
AcDbEntity
  8
Visible
100
AcDbLine
 10
334.281717
 20
1008.569709
 30
0.0
 11
334.195717
 21
1008.420709
 31
0.0
  0
LINE
  5
1C6E
330
70
100
AcDbEntity
  8
Visible
100
AcDbLine
 10
334.354717
 20
1008.726709
 30
0.0
 11
334.281717
 21
1008.569709
 31
0.0
  0
LINE
  5
1C6F
330
70
100
AcDbEntity
  8
Visible
100
AcDbLine
 10
334.414717
 20
1008.890709
 30
0.0
 11
334.354717
 21
1008.726709
 31
0.0
  0
LINE
  5
1C70
330
70
100
AcDbEntity
  8
Visible
100
AcDbLine
 10
334.460717
 20
1009.062709
 30
0.0
 11
334.414717
 21
1008.890709
 31
0.0
  0
LINE
  5
1C71
330
70
100
AcDbEntity
  8
Visible
100
AcDbLine
 10
334.493717
 20
1009.241709
 30
0.0
 11
334.460717
 21
1009.062709
 31
0.0
  0
LINE
  5
1C72
330
70
100
AcDbEntity
  8
Visible
100
AcDbLine
 10
334.513717
 20
1009.428709
 30
0.0
 11
334.493717
 21
1009.241709
 31
0.0
  0
LINE
  5
1C73
330
70
100
AcDbEntity
  8
Visible
100
AcDbLine
 10
334.520717
 20
1009.622709
 30
0.0
 11
334.513717
 21
1009.428709
 31
0.0
  0
LINE
  5
1C74
330
70
100
AcDbEntity
  8
Visible
100
AcDbLine
 10
334.513717
 20
1009.819709
 30
0.0
 11
334.520717
 21
1009.622709
 31
0.0
  0
LINE
  5
1C75
330
70
100
AcDbEntity
  8
Visible
100
AcDbLine
 10
334.493717
 20
1010.007709
 30
0.0
 11
334.513717
 21
1009.819709
 31
0.0
  0
LINE
  5
1C76
330
70
100
AcDbEntity
  8
Visible
100
AcDbLine
 10
334.460717
 20
1010.188709
 30
0.0
 11
334.493717
 21
1010.007709
 31
0.0
  0
LINE
  5
1C77
330
70
100
AcDbEntity
  8
Visible
100
AcDbLine
 10
334.414717
 20
1010.362709
 30
0.0
 11
334.460717
 21
1010.188709
 31
0.0
  0
LINE
  5
1C78
330
70
100
AcDbEntity
  8
Visible
100
AcDbLine
 10
334.354717
 20
1010.527709
 30
0.0
 11
334.414717
 21
1010.362709
 31
0.0
  0
LINE
  5
1C79
330
70
100
AcDbEntity
  8
Visible
100
AcDbLine
 10
334.281717
 20
1010.685709
 30
0.0
 11
334.354717
 21
1010.527709
 31
0.0
  0
LINE
  5
1C7A
330
70
100
AcDbEntity
  8
Visible
100
AcDbLine
 10
334.195717
 20
1010.835709
 30
0.0
 11
334.281717
 21
1010.685709
 31
0.0
  0
LINE
  5
1C7B
330
70
100
AcDbEntity
  8
Visible
100
AcDbLine
 10
334.096717
 20
1010.978709
 30
0.0
 11
334.195717
 21
1010.835709
 31
0.0
  0
LINE
  5
1C7C
330
70
100
AcDbEntity
  8
Visible
100
AcDbLine
 10
333.983717
 20
1011.112709
 30
0.0
 11
334.096717
 21
1010.978709
 31
0.0
  0
LINE
  5
1C7D
330
70
100
AcDbEntity
  8
Visible
100
AcDbLine
 10
333.857717
 20
1011.239709
 30
0.0
 11
333.983717
 21
1011.112709
 31
0.0
  0
LINE
  5
1C7E
330
70
100
AcDbEntity
  8
Visible
100
AcDbLine
 10
333.718717
 20
1011.356709
 30
0.0
 11
333.857717
 21
1011.239709
 31
0.0
  0
LINE
  5
1C7F
330
70
100
AcDbEntity
  8
Visible
100
AcDbLine
 10
333.567717
 20
1011.460709
 30
0.0
 11
333.718717
 21
1011.356709
 31
0.0
  0
LINE
  5
1C80
330
70
100
AcDbEntity
  8
Visible
100
AcDbLine
 10
333.403717
 20
1011.553709
 30
0.0
 11
333.567717
 21
1011.460709
 31
0.0
  0
LINE
  5
1C81
330
70
100
AcDbEntity
  8
Visible
100
AcDbLine
 10
333.226717
 20
1011.633709
 30
0.0
 11
333.403717
 21
1011.553709
 31
0.0
  0
LINE
  5
1C82
330
70
100
AcDbEntity
  8
Visible
100
AcDbLine
 10
333.037717
 20
1011.700709
 30
0.0
 11
333.226717
 21
1011.633709
 31
0.0
  0
LINE
  5
1C83
330
70
100
AcDbEntity
  8
Visible
100
AcDbLine
 10
332.836717
 20
1011.756709
 30
0.0
 11
333.037717
 21
1011.700709
 31
0.0
  0
LINE
  5
1C84
330
70
100
AcDbEntity
  8
Visible
100
AcDbLine
 10
332.622717
 20
1011.799709
 30
0.0
 11
332.836717
 21
1011.756709
 31
0.0
  0
LINE
  5
1C85
330
70
100
AcDbEntity
  8
Visible
100
AcDbLine
 10
332.395717
 20
1011.829709
 30
0.0
 11
332.622717
 21
1011.799709
 31
0.0
  0
LINE
  5
1C86
330
70
100
AcDbEntity
  8
Visible
100
AcDbLine
 10
332.156717
 20
1011.848709
 30
0.0
 11
332.395717
 21
1011.829709
 31
0.0
  0
LINE
  5
1C87
330
70
100
AcDbEntity
  8
Visible
100
AcDbLine
 10
331.904717
 20
1011.854709
 30
0.0
 11
332.156717
 21
1011.848709
 31
0.0
  0
LINE
  5
1C88
330
70
100
AcDbEntity
  8
Visible
100
AcDbLine
 10
329.276717
 20
1011.854709
 30
0.0
 11
331.904717
 21
1011.854709
 31
0.0
  0
LINE
  5
1C89
330
70
100
AcDbEntity
  8
Visible
100
AcDbLine
 10
329.276717
 20
1004.318709
 30
0.0
 11
329.276717
 21
1011.854709
 31
0.0
  0
LINE
  5
1C8A
330
70
100
AcDbEntity
  8
Visible
100
AcDbLine
 10
330.212717
 20
1004.318709
 30
0.0
 11
329.276717
 21
1004.318709
 31
0.0
  0
LINE
  5
1C8B
330
70
100
AcDbEntity
  8
Visible
100
AcDbLine
 10
330.212717
 20
1007.402709
 30
0.0
 11
330.212717
 21
1004.318709
 31
0.0
  0
LINE
  5
1C8C
330
70
100
AcDbEntity
  8
Visible
100
AcDbLine
 10
331.552928
 20
1007.402709
 30
0.0
 11
330.212717
 21
1007.402709
 31
0.0
  0
LINE
  5
1C8D
330
70
100
AcDbEntity
  8
Visible
100
AcDbLine
 10
333.500717
 20
1004.318709
 30
0.0
 11
331.552928
 21
1007.402709
 31
0.0
  0
LINE
  5
1C8E
330
70
100
AcDbEntity
  8
Visible
100
AcDbLine
 10
334.712717
 20
1004.318709
 30
0.0
 11
333.500717
 21
1004.318709
 31
0.0
  0
LINE
  5
1C8F
330
70
100
AcDbEntity
  8
Visible
100
AcDbLine
 10
536.791717
 20
1283.952709
 30
0.0
 11
542.791717
 21
1283.952709
 31
0.0
  0
LINE
  5
1C90
330
70
100
AcDbEntity
  8
Visible
100
AcDbLine
 10
536.791717
 20
1254.952709
 30
0.0
 11
536.791717
 21
1283.952709
 31
0.0
  0
LINE
  5
1C91
330
70
100
AcDbEntity
  8
Visible
100
AcDbLine
 10
542.791717
 20
1254.952709
 30
0.0
 11
536.791717
 21
1254.952709
 31
0.0
  0
LINE
  5
1C92
330
70
100
AcDbEntity
  8
Visible
100
AcDbLine
 10
542.791717
 20
1225.952709
 30
0.0
 11
542.791717
 21
1254.952709
 31
0.0
  0
LINE
  5
1C93
330
70
100
AcDbEntity
  8
Visible
100
AcDbLine
 10
536.791717
 20
1225.952709
 30
0.0
 11
542.791717
 21
1225.952709
 31
0.0
  0
LINE
  5
1C94
330
70
100
AcDbEntity
  8
Visible
100
AcDbLine
 10
536.791717
 20
1196.952709
 30
0.0
 11
536.791717
 21
1225.952709
 31
0.0
  0
LINE
  5
1C95
330
70
100
AcDbEntity
  8
Visible
100
AcDbLine
 10
542.791717
 20
1196.952709
 30
0.0
 11
536.791717
 21
1196.952709
 31
0.0
  0
LINE
  5
1C96
330
70
100
AcDbEntity
  8
Visible
100
AcDbLine
 10
542.791717
 20
1167.952709
 30
0.0
 11
542.791717
 21
1196.952709
 31
0.0
  0
LINE
  5
1C97
330
70
100
AcDbEntity
  8
Visible
100
AcDbLine
 10
536.791717
 20
1167.952709
 30
0.0
 11
542.791717
 21
1167.952709
 31
0.0
  0
LINE
  5
1C98
330
70
100
AcDbEntity
  8
Visible
100
AcDbLine
 10
536.791717
 20
1138.952709
 30
0.0
 11
536.791717
 21
1167.952709
 31
0.0
  0
LINE
  5
1C99
330
70
100
AcDbEntity
  8
Visible
100
AcDbLine
 10
542.791717
 20
1138.952709
 30
0.0
 11
536.791717
 21
1138.952709
 31
0.0
  0
LINE
  5
1C9A
330
70
100
AcDbEntity
  8
Visible
100
AcDbLine
 10
542.791717
 20
1109.952709
 30
0.0
 11
542.791717
 21
1138.952709
 31
0.0
  0
LINE
  5
1C9B
330
70
100
AcDbEntity
  8
Visible
100
AcDbLine
 10
536.791717
 20
1109.952709
 30
0.0
 11
542.791717
 21
1109.952709
 31
0.0
  0
LINE
  5
1C9C
330
70
100
AcDbEntity
  8
Visible
100
AcDbLine
 10
536.791717
 20
1080.952709
 30
0.0
 11
536.791717
 21
1109.952709
 31
0.0
  0
LINE
  5
1C9D
330
70
100
AcDbEntity
  8
Visible
100
AcDbLine
 10
542.791717
 20
1080.952709
 30
0.0
 11
536.791717
 21
1080.952709
 31
0.0
  0
LINE
  5
1C9E
330
70
100
AcDbEntity
  8
Visible
100
AcDbLine
 10
542.791717
 20
1051.952709
 30
0.0
 11
542.791717
 21
1080.952709
 31
0.0
  0
LINE
  5
1C9F
330
70
100
AcDbEntity
  8
Visible
100
AcDbLine
 10
536.791717
 20
1051.952709
 30
0.0
 11
542.791717
 21
1051.952709
 31
0.0
  0
LINE
  5
1CA0
330
70
100
AcDbEntity
  8
Visible
100
AcDbLine
 10
536.791717
 20
1022.952709
 30
0.0
 11
536.791717
 21
1051.952709
 31
0.0
  0
LINE
  5
1CA1
330
70
100
AcDbEntity
  8
Visible
100
AcDbLine
 10
542.791717
 20
1022.952709
 30
0.0
 11
536.791717
 21
1022.952709
 31
0.0
  0
LINE
  5
1CA2
330
70
100
AcDbEntity
  8
Visible
100
AcDbLine
 10
542.791717
 20
993.952709
 30
0.0
 11
542.791717
 21
1022.952709
 31
0.0
  0
LINE
  5
1CA3
330
70
100
AcDbEntity
  8
Visible
100
AcDbLine
 10
536.791717
 20
993.952709
 30
0.0
 11
542.791717
 21
993.952709
 31
0.0
  0
LINE
  5
1CA4
330
70
100
AcDbEntity
  8
Visible
100
AcDbLine
 10
536.791717
 20
964.952709
 30
0.0
 11
536.791717
 21
993.952709
 31
0.0
  0
LINE
  5
1CA5
330
70
100
AcDbEntity
  8
Visible
100
AcDbLine
 10
542.791717
 20
964.952709
 30
0.0
 11
536.791717
 21
964.952709
 31
0.0
  0
LINE
  5
1CA6
330
70
100
AcDbEntity
  8
Visible
100
AcDbLine
 10
542.791717
 20
935.952709
 30
0.0
 11
542.791717
 21
964.952709
 31
0.0
  0
LINE
  5
1CA7
330
70
100
AcDbEntity
  8
Visible
100
AcDbLine
 10
536.791717
 20
935.952709
 30
0.0
 11
542.791717
 21
935.952709
 31
0.0
  0
LINE
  5
1CA8
330
70
100
AcDbEntity
  8
Visible
100
AcDbLine
 10
536.791717
 20
906.952709
 30
0.0
 11
536.791717
 21
935.952709
 31
0.0
  0
LINE
  5
1CA9
330
70
100
AcDbEntity
  8
Visible
100
AcDbLine
 10
542.791717
 20
906.952709
 30
0.0
 11
536.791717
 21
906.952709
 31
0.0
  0
LINE
  5
1CAA
330
70
100
AcDbEntity
  8
Visible
100
AcDbLine
 10
542.791717
 20
877.952709
 30
0.0
 11
542.791717
 21
906.952709
 31
0.0
  0
LINE
  5
1CAB
330
70
100
AcDbEntity
  8
Visible
100
AcDbLine
 10
536.791717
 20
877.952709
 30
0.0
 11
542.791717
 21
877.952709
 31
0.0
  0
LINE
  5
1CAC
330
70
100
AcDbEntity
  8
Visible
100
AcDbLine
 10
536.791717
 20
848.952709
 30
0.0
 11
536.791717
 21
877.952709
 31
0.0
  0
LINE
  5
1CAD
330
70
100
AcDbEntity
  8
Visible
100
AcDbLine
 10
542.791717
 20
848.952709
 30
0.0
 11
536.791717
 21
848.952709
 31
0.0
  0
LINE
  5
1CAE
330
70
100
AcDbEntity
  8
Visible
100
AcDbLine
 10
542.791717
 20
819.952709
 30
0.0
 11
542.791717
 21
848.952709
 31
0.0
  0
LINE
  5
1CAF
330
70
100
AcDbEntity
  8
Visible
100
AcDbLine
 10
536.791717
 20
819.952709
 30
0.0
 11
542.791717
 21
819.952709
 31
0.0
  0
LINE
  5
1CB0
330
70
100
AcDbEntity
  8
Visible
100
AcDbLine
 10
536.791717
 20
790.952709
 30
0.0
 11
536.791717
 21
819.952709
 31
0.0
  0
LINE
  5
1CB1
330
70
100
AcDbEntity
  8
Visible
100
AcDbLine
 10
542.791717
 20
790.952709
 30
0.0
 11
536.791717
 21
790.952709
 31
0.0
  0
LINE
  5
1CB2
330
70
100
AcDbEntity
  8
Visible
100
AcDbLine
 10
542.791717
 20
761.952709
 30
0.0
 11
542.791717
 21
790.952709
 31
0.0
  0
LINE
  5
1CB3
330
70
100
AcDbEntity
  8
Visible
100
AcDbLine
 10
536.791717
 20
761.952709
 30
0.0
 11
542.791717
 21
761.952709
 31
0.0
  0
LINE
  5
1CB4
330
70
100
AcDbEntity
  8
Visible
100
AcDbLine
 10
536.791717
 20
732.952709
 30
0.0
 11
536.791717
 21
761.952709
 31
0.0
  0
LINE
  5
1CB5
330
70
100
AcDbEntity
  8
Visible
100
AcDbLine
 10
542.791717
 20
732.952709
 30
0.0
 11
536.791717
 21
732.952709
 31
0.0
  0
LINE
  5
1CB6
330
70
100
AcDbEntity
  8
Visible
100
AcDbLine
 10
542.791717
 20
708.452709
 30
0.0
 11
542.791717
 21
732.952709
 31
0.0
  0
LINE
  5
1CB7
330
70
100
AcDbEntity
  8
Visible
100
AcDbLine
 10
502.291717
 20
708.452709
 30
0.0
 11
542.791717
 21
708.452709
 31
0.0
  0
LINE
  5
1CB8
330
70
100
AcDbEntity
  8
Visible
100
AcDbLine
 10
502.291717
 20
714.452709
 30
0.0
 11
502.291717
 21
708.452709
 31
0.0
  0
LINE
  5
1CB9
330
70
100
AcDbEntity
  8
Visible
100
AcDbLine
 10
473.291717
 20
714.452709
 30
0.0
 11
502.291717
 21
714.452709
 31
0.0
  0
LINE
  5
1CBA
330
70
100
AcDbEntity
  8
Visible
100
AcDbLine
 10
473.291717
 20
708.452709
 30
0.0
 11
473.291717
 21
714.452709
 31
0.0
  0
LINE
  5
1CBB
330
70
100
AcDbEntity
  8
Visible
100
AcDbLine
 10
444.291717
 20
708.452709
 30
0.0
 11
473.291717
 21
708.452709
 31
0.0
  0
LINE
  5
1CBC
330
70
100
AcDbEntity
  8
Visible
100
AcDbLine
 10
444.291717
 20
714.452709
 30
0.0
 11
444.291717
 21
708.452709
 31
0.0
  0
LINE
  5
1CBD
330
70
100
AcDbEntity
  8
Visible
100
AcDbLine
 10
415.291717
 20
714.452709
 30
0.0
 11
444.291717
 21
714.452709
 31
0.0
  0
LINE
  5
1CBE
330
70
100
AcDbEntity
  8
Visible
100
AcDbLine
 10
415.291717
 20
708.452709
 30
0.0
 11
415.291717
 21
714.452709
 31
0.0
  0
LINE
  5
1CBF
330
70
100
AcDbEntity
  8
Visible
100
AcDbLine
 10
386.291717
 20
708.452709
 30
0.0
 11
415.291717
 21
708.452709
 31
0.0
  0
LINE
  5
1CC0
330
70
100
AcDbEntity
  8
Visible
100
AcDbLine
 10
386.291717
 20
714.452709
 30
0.0
 11
386.291717
 21
708.452709
 31
0.0
  0
LINE
  5
1CC1
330
70
100
AcDbEntity
  8
Visible
100
AcDbLine
 10
357.291717
 20
714.452709
 30
0.0
 11
386.291717
 21
714.452709
 31
0.0
  0
LINE
  5
1CC2
330
70
100
AcDbEntity
  8
Visible
100
AcDbLine
 10
357.291717
 20
708.452709
 30
0.0
 11
357.291717
 21
714.452709
 31
0.0
  0
LINE
  5
1CC3
330
70
100
AcDbEntity
  8
Visible
100
AcDbLine
 10
328.291717
 20
708.452709
 30
0.0
 11
357.291717
 21
708.452709
 31
0.0
  0
LINE
  5
1CC4
330
70
100
AcDbEntity
  8
Visible
100
AcDbLine
 10
328.291717
 20
714.452709
 30
0.0
 11
328.291717
 21
708.452709
 31
0.0
  0
LINE
  5
1CC5
330
70
100
AcDbEntity
  8
Visible
100
AcDbLine
 10
299.291717
 20
714.452709
 30
0.0
 11
328.291717
 21
714.452709
 31
0.0
  0
LINE
  5
1CC6
330
70
100
AcDbEntity
  8
Visible
100
AcDbLine
 10
299.291717
 20
708.452709
 30
0.0
 11
299.291717
 21
714.452709
 31
0.0
  0
LINE
  5
1CC7
330
70
100
AcDbEntity
  8
Visible
100
AcDbLine
 10
270.291717
 20
708.452709
 30
0.0
 11
299.291717
 21
708.452709
 31
0.0
  0
LINE
  5
1CC8
330
70
100
AcDbEntity
  8
Visible
100
AcDbLine
 10
270.291717
 20
714.452709
 30
0.0
 11
270.291717
 21
708.452709
 31
0.0
  0
LINE
  5
1CC9
330
70
100
AcDbEntity
  8
Visible
100
AcDbLine
 10
241.291717
 20
714.452709
 30
0.0
 11
270.291717
 21
714.452709
 31
0.0
  0
LINE
  5
1CCA
330
70
100
AcDbEntity
  8
Visible
100
AcDbLine
 10
241.291717
 20
708.452709
 30
0.0
 11
241.291717
 21
714.452709
 31
0.0
  0
LINE
  5
1CCB
330
70
100
AcDbEntity
  8
Visible
100
AcDbLine
 10
212.291717
 20
708.452709
 30
0.0
 11
241.291717
 21
708.452709
 31
0.0
  0
LINE
  5
1CCC
330
70
100
AcDbEntity
  8
Visible
100
AcDbLine
 10
212.291717
 20
714.452709
 30
0.0
 11
212.291717
 21
708.452709
 31
0.0
  0
LINE
  5
1CCD
330
70
100
AcDbEntity
  8
Visible
100
AcDbLine
 10
183.291717
 20
714.452709
 30
0.0
 11
212.291717
 21
714.452709
 31
0.0
  0
LINE
  5
1CCE
330
70
100
AcDbEntity
  8
Visible
100
AcDbLine
 10
183.291717
 20
708.452709
 30
0.0
 11
183.291717
 21
714.452709
 31
0.0
  0
LINE
  5
1CCF
330
70
100
AcDbEntity
  8
Visible
100
AcDbLine
 10
142.791717
 20
708.452709
 30
0.0
 11
183.291717
 21
708.452709
 31
0.0
  0
LINE
  5
1CD0
330
70
100
AcDbEntity
  8
Visible
100
AcDbLine
 10
142.791717
 20
732.952709
 30
0.0
 11
142.791717
 21
708.452709
 31
0.0
  0
LINE
  5
1CD1
330
70
100
AcDbEntity
  8
Visible
100
AcDbLine
 10
148.791717
 20
732.952709
 30
0.0
 11
142.791717
 21
732.952709
 31
0.0
  0
LINE
  5
1CD2
330
70
100
AcDbEntity
  8
Visible
100
AcDbLine
 10
148.791717
 20
761.952709
 30
0.0
 11
148.791717
 21
732.952709
 31
0.0
  0
LINE
  5
1CD3
330
70
100
AcDbEntity
  8
Visible
100
AcDbLine
 10
142.791717
 20
761.952709
 30
0.0
 11
148.791717
 21
761.952709
 31
0.0
  0
LINE
  5
1CD4
330
70
100
AcDbEntity
  8
Visible
100
AcDbLine
 10
142.791717
 20
790.952709
 30
0.0
 11
142.791717
 21
761.952709
 31
0.0
  0
LINE
  5
1CD5
330
70
100
AcDbEntity
  8
Visible
100
AcDbLine
 10
148.791717
 20
790.952709
 30
0.0
 11
142.791717
 21
790.952709
 31
0.0
  0
LINE
  5
1CD6
330
70
100
AcDbEntity
  8
Visible
100
AcDbLine
 10
148.791717
 20
819.952709
 30
0.0
 11
148.791717
 21
790.952709
 31
0.0
  0
LINE
  5
1CD7
330
70
100
AcDbEntity
  8
Visible
100
AcDbLine
 10
142.791717
 20
819.952709
 30
0.0
 11
148.791717
 21
819.952709
 31
0.0
  0
LINE
  5
1CD8
330
70
100
AcDbEntity
  8
Visible
100
AcDbLine
 10
142.791717
 20
848.952709
 30
0.0
 11
142.791717
 21
819.952709
 31
0.0
  0
LINE
  5
1CD9
330
70
100
AcDbEntity
  8
Visible
100
AcDbLine
 10
148.791717
 20
848.952709
 30
0.0
 11
142.791717
 21
848.952709
 31
0.0
  0
LINE
  5
1CDA
330
70
100
AcDbEntity
  8
Visible
100
AcDbLine
 10
148.791717
 20
877.952709
 30
0.0
 11
148.791717
 21
848.952709
 31
0.0
  0
LINE
  5
1CDB
330
70
100
AcDbEntity
  8
Visible
100
AcDbLine
 10
142.791717
 20
877.952709
 30
0.0
 11
148.791717
 21
877.952709
 31
0.0
  0
LINE
  5
1CDC
330
70
100
AcDbEntity
  8
Visible
100
AcDbLine
 10
142.791717
 20
906.952709
 30
0.0
 11
142.791717
 21
877.952709
 31
0.0
  0
LINE
  5
1CDD
330
70
100
AcDbEntity
  8
Visible
100
AcDbLine
 10
148.791717
 20
906.952709
 30
0.0
 11
142.791717
 21
906.952709
 31
0.0
  0
LINE
  5
1CDE
330
70
100
AcDbEntity
  8
Visible
100
AcDbLine
 10
148.791717
 20
935.952709
 30
0.0
 11
148.791717
 21
906.952709
 31
0.0
  0
LINE
  5
1CDF
330
70
100
AcDbEntity
  8
Visible
100
AcDbLine
 10
142.791717
 20
935.952709
 30
0.0
 11
148.791717
 21
935.952709
 31
0.0
  0
LINE
  5
1CE0
330
70
100
AcDbEntity
  8
Visible
100
AcDbLine
 10
142.791717
 20
964.952709
 30
0.0
 11
142.791717
 21
935.952709
 31
0.0
  0
LINE
  5
1CE1
330
70
100
AcDbEntity
  8
Visible
100
AcDbLine
 10
148.791717
 20
964.952709
 30
0.0
 11
142.791717
 21
964.952709
 31
0.0
  0
LINE
  5
1CE2
330
70
100
AcDbEntity
  8
Visible
100
AcDbLine
 10
148.791717
 20
993.952709
 30
0.0
 11
148.791717
 21
964.952709
 31
0.0
  0
LINE
  5
1CE3
330
70
100
AcDbEntity
  8
Visible
100
AcDbLine
 10
142.791717
 20
993.952709
 30
0.0
 11
148.791717
 21
993.952709
 31
0.0
  0
LINE
  5
1CE4
330
70
100
AcDbEntity
  8
Visible
100
AcDbLine
 10
142.791717
 20
1022.952709
 30
0.0
 11
142.791717
 21
993.952709
 31
0.0
  0
LINE
  5
1CE5
330
70
100
AcDbEntity
  8
Visible
100
AcDbLine
 10
148.791717
 20
1022.952709
 30
0.0
 11
142.791717
 21
1022.952709
 31
0.0
  0
LINE
  5
1CE6
330
70
100
AcDbEntity
  8
Visible
100
AcDbLine
 10
148.791717
 20
1051.952709
 30
0.0
 11
148.791717
 21
1022.952709
 31
0.0
  0
LINE
  5
1CE7
330
70
100
AcDbEntity
  8
Visible
100
AcDbLine
 10
142.791717
 20
1051.952709
 30
0.0
 11
148.791717
 21
1051.952709
 31
0.0
  0
LINE
  5
1CE8
330
70
100
AcDbEntity
  8
Visible
100
AcDbLine
 10
142.791717
 20
1080.952709
 30
0.0
 11
142.791717
 21
1051.952709
 31
0.0
  0
LINE
  5
1CE9
330
70
100
AcDbEntity
  8
Visible
100
AcDbLine
 10
148.791717
 20
1080.952709
 30
0.0
 11
142.791717
 21
1080.952709
 31
0.0
  0
LINE
  5
1CEA
330
70
100
AcDbEntity
  8
Visible
100
AcDbLine
 10
148.791717
 20
1109.952709
 30
0.0
 11
148.791717
 21
1080.952709
 31
0.0
  0
LINE
  5
1CEB
330
70
100
AcDbEntity
  8
Visible
100
AcDbLine
 10
142.791717
 20
1109.952709
 30
0.0
 11
148.791717
 21
1109.952709
 31
0.0
  0
LINE
  5
1CEC
330
70
100
AcDbEntity
  8
Visible
100
AcDbLine
 10
142.791717
 20
1138.952709
 30
0.0
 11
142.791717
 21
1109.952709
 31
0.0
  0
LINE
  5
1CED
330
70
100
AcDbEntity
  8
Visible
100
AcDbLine
 10
148.791717
 20
1138.952709
 30
0.0
 11
142.791717
 21
1138.952709
 31
0.0
  0
LINE
  5
1CEE
330
70
100
AcDbEntity
  8
Visible
100
AcDbLine
 10
148.791717
 20
1167.952709
 30
0.0
 11
148.791717
 21
1138.952709
 31
0.0
  0
LINE
  5
1CEF
330
70
100
AcDbEntity
  8
Visible
100
AcDbLine
 10
142.791717
 20
1167.952709
 30
0.0
 11
148.791717
 21
1167.952709
 31
0.0
  0
LINE
  5
1CF0
330
70
100
AcDbEntity
  8
Visible
100
AcDbLine
 10
142.791717
 20
1196.952709
 30
0.0
 11
142.791717
 21
1167.952709
 31
0.0
  0
LINE
  5
1CF1
330
70
100
AcDbEntity
  8
Visible
100
AcDbLine
 10
148.791717
 20
1196.952709
 30
0.0
 11
142.791717
 21
1196.952709
 31
0.0
  0
LINE
  5
1CF2
330
70
100
AcDbEntity
  8
Visible
100
AcDbLine
 10
148.791717
 20
1225.952709
 30
0.0
 11
148.791717
 21
1196.952709
 31
0.0
  0
LINE
  5
1CF3
330
70
100
AcDbEntity
  8
Visible
100
AcDbLine
 10
142.791717
 20
1225.952709
 30
0.0
 11
148.791717
 21
1225.952709
 31
0.0
  0
LINE
  5
1CF4
330
70
100
AcDbEntity
  8
Visible
100
AcDbLine
 10
142.791717
 20
1254.952709
 30
0.0
 11
142.791717
 21
1225.952709
 31
0.0
  0
LINE
  5
1CF5
330
70
100
AcDbEntity
  8
Visible
100
AcDbLine
 10
148.791717
 20
1254.952709
 30
0.0
 11
142.791717
 21
1254.952709
 31
0.0
  0
LINE
  5
1CF6
330
70
100
AcDbEntity
  8
Visible
100
AcDbLine
 10
148.791717
 20
1283.952709
 30
0.0
 11
148.791717
 21
1254.952709
 31
0.0
  0
LINE
  5
1CF7
330
70
100
AcDbEntity
  8
Visible
100
AcDbLine
 10
142.791717
 20
1283.952709
 30
0.0
 11
148.791717
 21
1283.952709
 31
0.0
  0
LINE
  5
1CF8
330
70
100
AcDbEntity
  8
Visible
100
AcDbLine
 10
142.791717
 20
1308.452709
 30
0.0
 11
142.791717
 21
1283.952709
 31
0.0
  0
LINE
  5
1CF9
330
70
100
AcDbEntity
  8
Visible
100
AcDbLine
 10
183.291717
 20
1308.452709
 30
0.0
 11
142.791717
 21
1308.452709
 31
0.0
  0
LINE
  5
1CFA
330
70
100
AcDbEntity
  8
Visible
100
AcDbLine
 10
183.291717
 20
1302.452709
 30
0.0
 11
183.291717
 21
1308.452709
 31
0.0
  0
LINE
  5
1CFB
330
70
100
AcDbEntity
  8
Visible
100
AcDbLine
 10
212.291717
 20
1302.452709
 30
0.0
 11
183.291717
 21
1302.452709
 31
0.0
  0
LINE
  5
1CFC
330
70
100
AcDbEntity
  8
Visible
100
AcDbLine
 10
212.291717
 20
1308.452709
 30
0.0
 11
212.291717
 21
1302.452709
 31
0.0
  0
LINE
  5
1CFD
330
70
100
AcDbEntity
  8
Visible
100
AcDbLine
 10
241.291717
 20
1308.452709
 30
0.0
 11
212.291717
 21
1308.452709
 31
0.0
  0
LINE
  5
1CFE
330
70
100
AcDbEntity
  8
Visible
100
AcDbLine
 10
241.291717
 20
1302.452709
 30
0.0
 11
241.291717
 21
1308.452709
 31
0.0
  0
LINE
  5
1CFF
330
70
100
AcDbEntity
  8
Visible
100
AcDbLine
 10
270.291717
 20
1302.452709
 30
0.0
 11
241.291717
 21
1302.452709
 31
0.0
  0
LINE
  5
1D00
330
70
100
AcDbEntity
  8
Visible
100
AcDbLine
 10
270.291717
 20
1308.452709
 30
0.0
 11
270.291717
 21
1302.452709
 31
0.0
  0
LINE
  5
1D01
330
70
100
AcDbEntity
  8
Visible
100
AcDbLine
 10
299.291717
 20
1308.452709
 30
0.0
 11
270.291717
 21
1308.452709
 31
0.0
  0
LINE
  5
1D02
330
70
100
AcDbEntity
  8
Visible
100
AcDbLine
 10
299.291717
 20
1302.452709
 30
0.0
 11
299.291717
 21
1308.452709
 31
0.0
  0
LINE
  5
1D03
330
70
100
AcDbEntity
  8
Visible
100
AcDbLine
 10
328.291717
 20
1302.452709
 30
0.0
 11
299.291717
 21
1302.452709
 31
0.0
  0
LINE
  5
1D04
330
70
100
AcDbEntity
  8
Visible
100
AcDbLine
 10
328.291717
 20
1308.452709
 30
0.0
 11
328.291717
 21
1302.452709
 31
0.0
  0
LINE
  5
1D05
330
70
100
AcDbEntity
  8
Visible
100
AcDbLine
 10
357.291717
 20
1308.452709
 30
0.0
 11
328.291717
 21
1308.452709
 31
0.0
  0
LINE
  5
1D06
330
70
100
AcDbEntity
  8
Visible
100
AcDbLine
 10
357.291717
 20
1302.452709
 30
0.0
 11
357.291717
 21
1308.452709
 31
0.0
  0
LINE
  5
1D07
330
70
100
AcDbEntity
  8
Visible
100
AcDbLine
 10
386.291717
 20
1302.452709
 30
0.0
 11
357.291717
 21
1302.452709
 31
0.0
  0
LINE
  5
1D08
330
70
100
AcDbEntity
  8
Visible
100
AcDbLine
 10
386.291717
 20
1308.452709
 30
0.0
 11
386.291717
 21
1302.452709
 31
0.0
  0
LINE
  5
1D09
330
70
100
AcDbEntity
  8
Visible
100
AcDbLine
 10
415.291717
 20
1308.452709
 30
0.0
 11
386.291717
 21
1308.452709
 31
0.0
  0
LINE
  5
1D0A
330
70
100
AcDbEntity
  8
Visible
100
AcDbLine
 10
415.291717
 20
1302.452709
 30
0.0
 11
415.291717
 21
1308.452709
 31
0.0
  0
LINE
  5
1D0B
330
70
100
AcDbEntity
  8
Visible
100
AcDbLine
 10
444.291717
 20
1302.452709
 30
0.0
 11
415.291717
 21
1302.452709
 31
0.0
  0
LINE
  5
1D0C
330
70
100
AcDbEntity
  8
Visible
100
AcDbLine
 10
444.291717
 20
1308.452709
 30
0.0
 11
444.291717
 21
1302.452709
 31
0.0
  0
LINE
  5
1D0D
330
70
100
AcDbEntity
  8
Visible
100
AcDbLine
 10
473.291717
 20
1308.452709
 30
0.0
 11
444.291717
 21
1308.452709
 31
0.0
  0
LINE
  5
1D0E
330
70
100
AcDbEntity
  8
Visible
100
AcDbLine
 10
473.291717
 20
1302.452709
 30
0.0
 11
473.291717
 21
1308.452709
 31
0.0
  0
LINE
  5
1D0F
330
70
100
AcDbEntity
  8
Visible
100
AcDbLine
 10
502.291717
 20
1302.452709
 30
0.0
 11
473.291717
 21
1302.452709
 31
0.0
  0
LINE
  5
1D10
330
70
100
AcDbEntity
  8
Visible
100
AcDbLine
 10
502.291717
 20
1308.452709
 30
0.0
 11
502.291717
 21
1302.452709
 31
0.0
  0
LINE
  5
1D11
330
70
100
AcDbEntity
  8
Visible
100
AcDbLine
 10
542.791717
 20
1308.452709
 30
0.0
 11
502.291717
 21
1308.452709
 31
0.0
  0
LINE
  5
1D12
330
70
100
AcDbEntity
  8
Visible
100
AcDbLine
 10
542.791717
 20
1283.952709
 30
0.0
 11
542.791717
 21
1308.452709
 31
0.0
  0
CIRCLE
  5
1D13
330
70
100
AcDbEntity
  8
Visible
100
AcDbCircle
 10
-765.791726
 20
1161.452727
 30
0.0
 40
13.99999999999998
210
0.0
220
0.0
230
-1.0
  0
CIRCLE
  5
1D14
330
70
100
AcDbEntity
  8
Visible
100
AcDbCircle
 10
-725.791726
 20
1161.452727
 30
0.0
 40
13.99999999999998
210
0.0
220
0.0
230
-1.0
  0
CIRCLE
  5
1D15
330
70
100
AcDbEntity
  8
Visible
100
AcDbCircle
 10
-745.791726
 20
1311.452727
 30
0.0
 40
7.999999999999971
210
0.0
220
0.0
230
-1.0
  0
LINE
  5
1D16
330
70
100
AcDbEntity
  8
Visible
100
AcDbLine
 10
939.791717
 20
1505.452709
 30
0.0
 11
905.291717
 21
1505.452709
 31
0.0
  0
LINE
  5
1D17
330
70
100
AcDbEntity
  8
Visible
100
AcDbLine
 10
939.791717
 20
1470.952709
 30
0.0
 11
939.791717
 21
1505.452709
 31
0.0
  0
LINE
  5
1D18
330
70
100
AcDbEntity
  8
Visible
100
AcDbLine
 10
945.791717
 20
1470.952709
 30
0.0
 11
939.791717
 21
1470.952709
 31
0.0
  0
LINE
  5
1D19
330
70
100
AcDbEntity
  8
Visible
100
AcDbLine
 10
945.791717
 20
1441.952709
 30
0.0
 11
945.791717
 21
1470.952709
 31
0.0
  0
LINE
  5
1D1A
330
70
100
AcDbEntity
  8
Visible
100
AcDbLine
 10
939.791717
 20
1441.952709
 30
0.0
 11
945.791717
 21
1441.952709
 31
0.0
  0
LINE
  5
1D1B
330
70
100
AcDbEntity
  8
Visible
100
AcDbLine
 10
939.791717
 20
1412.952709
 30
0.0
 11
939.791717
 21
1441.952709
 31
0.0
  0
LINE
  5
1D1C
330
70
100
AcDbEntity
  8
Visible
100
AcDbLine
 10
945.791717
 20
1412.952709
 30
0.0
 11
939.791717
 21
1412.952709
 31
0.0
  0
LINE
  5
1D1D
330
70
100
AcDbEntity
  8
Visible
100
AcDbLine
 10
945.791717
 20
1383.952709
 30
0.0
 11
945.791717
 21
1412.952709
 31
0.0
  0
LINE
  5
1D1E
330
70
100
AcDbEntity
  8
Visible
100
AcDbLine
 10
939.791717
 20
1383.952709
 30
0.0
 11
945.791717
 21
1383.952709
 31
0.0
  0
LINE
  5
1D1F
330
70
100
AcDbEntity
  8
Visible
100
AcDbLine
 10
939.791717
 20
1354.952709
 30
0.0
 11
939.791717
 21
1383.952709
 31
0.0
  0
LINE
  5
1D20
330
70
100
AcDbEntity
  8
Visible
100
AcDbLine
 10
945.791717
 20
1354.952709
 30
0.0
 11
939.791717
 21
1354.952709
 31
0.0
  0
LINE
  5
1D21
330
70
100
AcDbEntity
  8
Visible
100
AcDbLine
 10
945.791717
 20
1325.952709
 30
0.0
 11
945.791717
 21
1354.952709
 31
0.0
  0
LINE
  5
1D22
330
70
100
AcDbEntity
  8
Visible
100
AcDbLine
 10
939.791717
 20
1325.952709
 30
0.0
 11
945.791717
 21
1325.952709
 31
0.0
  0
LINE
  5
1D23
330
70
100
AcDbEntity
  8
Visible
100
AcDbLine
 10
939.791717
 20
1296.952709
 30
0.0
 11
939.791717
 21
1325.952709
 31
0.0
  0
LINE
  5
1D24
330
70
100
AcDbEntity
  8
Visible
100
AcDbLine
 10
945.791717
 20
1296.952709
 30
0.0
 11
939.791717
 21
1296.952709
 31
0.0
  0
LINE
  5
1D25
330
70
100
AcDbEntity
  8
Visible
100
AcDbLine
 10
945.791717
 20
1267.952709
 30
0.0
 11
945.791717
 21
1296.952709
 31
0.0
  0
LINE
  5
1D26
330
70
100
AcDbEntity
  8
Visible
100
AcDbLine
 10
939.791717
 20
1267.952709
 30
0.0
 11
945.791717
 21
1267.952709
 31
0.0
  0
LINE
  5
1D27
330
70
100
AcDbEntity
  8
Visible
100
AcDbLine
 10
939.791717
 20
1238.952709
 30
0.0
 11
939.791717
 21
1267.952709
 31
0.0
  0
LINE
  5
1D28
330
70
100
AcDbEntity
  8
Visible
100
AcDbLine
 10
945.791717
 20
1238.952709
 30
0.0
 11
939.791717
 21
1238.952709
 31
0.0
  0
LINE
  5
1D29
330
70
100
AcDbEntity
  8
Visible
100
AcDbLine
 10
945.791717
 20
1209.952709
 30
0.0
 11
945.791717
 21
1238.952709
 31
0.0
  0
LINE
  5
1D2A
330
70
100
AcDbEntity
  8
Visible
100
AcDbLine
 10
939.791717
 20
1209.952709
 30
0.0
 11
945.791717
 21
1209.952709
 31
0.0
  0
LINE
  5
1D2B
330
70
100
AcDbEntity
  8
Visible
100
AcDbLine
 10
939.791717
 20
1180.952709
 30
0.0
 11
939.791717
 21
1209.952709
 31
0.0
  0
LINE
  5
1D2C
330
70
100
AcDbEntity
  8
Visible
100
AcDbLine
 10
945.791717
 20
1180.952709
 30
0.0
 11
939.791717
 21
1180.952709
 31
0.0
  0
LINE
  5
1D2D
330
70
100
AcDbEntity
  8
Visible
100
AcDbLine
 10
945.791717
 20
1151.952709
 30
0.0
 11
945.791717
 21
1180.952709
 31
0.0
  0
LINE
  5
1D2E
330
70
100
AcDbEntity
  8
Visible
100
AcDbLine
 10
939.791717
 20
1151.952709
 30
0.0
 11
945.791717
 21
1151.952709
 31
0.0
  0
LINE
  5
1D2F
330
70
100
AcDbEntity
  8
Visible
100
AcDbLine
 10
939.791717
 20
1117.452709
 30
0.0
 11
939.791717
 21
1151.952709
 31
0.0
  0
LINE
  5
1D30
330
70
100
AcDbEntity
  8
Visible
100
AcDbLine
 10
905.291717
 20
1117.452709
 30
0.0
 11
939.791717
 21
1117.452709
 31
0.0
  0
LINE
  5
1D31
330
70
100
AcDbEntity
  8
Visible
100
AcDbLine
 10
905.291717
 20
1111.452709
 30
0.0
 11
905.291717
 21
1117.452709
 31
0.0
  0
LINE
  5
1D32
330
70
100
AcDbEntity
  8
Visible
100
AcDbLine
 10
876.291717
 20
1111.452709
 30
0.0
 11
905.291717
 21
1111.452709
 31
0.0
  0
LINE
  5
1D33
330
70
100
AcDbEntity
  8
Visible
100
AcDbLine
 10
876.291717
 20
1117.452709
 30
0.0
 11
876.291717
 21
1111.452709
 31
0.0
  0
LINE
  5
1D34
330
70
100
AcDbEntity
  8
Visible
100
AcDbLine
 10
847.291717
 20
1117.452709
 30
0.0
 11
876.291717
 21
1117.452709
 31
0.0
  0
LINE
  5
1D35
330
70
100
AcDbEntity
  8
Visible
100
AcDbLine
 10
847.291717
 20
1111.452709
 30
0.0
 11
847.291717
 21
1117.452709
 31
0.0
  0
LINE
  5
1D36
330
70
100
AcDbEntity
  8
Visible
100
AcDbLine
 10
818.291717
 20
1111.452709
 30
0.0
 11
847.291717
 21
1111.452709
 31
0.0
  0
LINE
  5
1D37
330
70
100
AcDbEntity
  8
Visible
100
AcDbLine
 10
818.291717
 20
1117.452709
 30
0.0
 11
818.291717
 21
1111.452709
 31
0.0
  0
LINE
  5
1D38
330
70
100
AcDbEntity
  8
Visible
100
AcDbLine
 10
789.291717
 20
1117.452709
 30
0.0
 11
818.291717
 21
1117.452709
 31
0.0
  0
LINE
  5
1D39
330
70
100
AcDbEntity
  8
Visible
100
AcDbLine
 10
789.291717
 20
1111.452709
 30
0.0
 11
789.291717
 21
1117.452709
 31
0.0
  0
LINE
  5
1D3A
330
70
100
AcDbEntity
  8
Visible
100
AcDbLine
 10
760.291717
 20
1111.452709
 30
0.0
 11
789.291717
 21
1111.452709
 31
0.0
  0
LINE
  5
1D3B
330
70
100
AcDbEntity
  8
Visible
100
AcDbLine
 10
760.291717
 20
1117.452709
 30
0.0
 11
760.291717
 21
1111.452709
 31
0.0
  0
LINE
  5
1D3C
330
70
100
AcDbEntity
  8
Visible
100
AcDbLine
 10
731.291717
 20
1117.452709
 30
0.0
 11
760.291717
 21
1117.452709
 31
0.0
  0
LINE
  5
1D3D
330
70
100
AcDbEntity
  8
Visible
100
AcDbLine
 10
731.291717
 20
1111.452709
 30
0.0
 11
731.291717
 21
1117.452709
 31
0.0
  0
LINE
  5
1D3E
330
70
100
AcDbEntity
  8
Visible
100
AcDbLine
 10
702.291717
 20
1111.452709
 30
0.0
 11
731.291717
 21
1111.452709
 31
0.0
  0
LINE
  5
1D3F
330
70
100
AcDbEntity
  8
Visible
100
AcDbLine
 10
702.291717
 20
1117.452709
 30
0.0
 11
702.291717
 21
1111.452709
 31
0.0
  0
LINE
  5
1D40
330
70
100
AcDbEntity
  8
Visible
100
AcDbLine
 10
673.291717
 20
1117.452709
 30
0.0
 11
702.291717
 21
1117.452709
 31
0.0
  0
LINE
  5
1D41
330
70
100
AcDbEntity
  8
Visible
100
AcDbLine
 10
673.291717
 20
1111.452709
 30
0.0
 11
673.291717
 21
1117.452709
 31
0.0
  0
LINE
  5
1D42
330
70
100
AcDbEntity
  8
Visible
100
AcDbLine
 10
644.291717
 20
1111.452709
 30
0.0
 11
673.291717
 21
1111.452709
 31
0.0
  0
LINE
  5
1D43
330
70
100
AcDbEntity
  8
Visible
100
AcDbLine
 10
644.291717
 20
1117.452709
 30
0.0
 11
644.291717
 21
1111.452709
 31
0.0
  0
LINE
  5
1D44
330
70
100
AcDbEntity
  8
Visible
100
AcDbLine
 10
615.291717
 20
1117.452709
 30
0.0
 11
644.291717
 21
1117.452709
 31
0.0
  0
LINE
  5
1D45
330
70
100
AcDbEntity
  8
Visible
100
AcDbLine
 10
615.291717
 20
1111.452709
 30
0.0
 11
615.291717
 21
1117.452709
 31
0.0
  0
LINE
  5
1D46
330
70
100
AcDbEntity
  8
Visible
100
AcDbLine
 10
586.291717
 20
1111.452709
 30
0.0
 11
615.291717
 21
1111.452709
 31
0.0
  0
LINE
  5
1D47
330
70
100
AcDbEntity
  8
Visible
100
AcDbLine
 10
586.291717
 20
1117.452709
 30
0.0
 11
586.291717
 21
1111.452709
 31
0.0
  0
LINE
  5
1D48
330
70
100
AcDbEntity
  8
Visible
100
AcDbLine
 10
551.791717
 20
1117.452709
 30
0.0
 11
586.291717
 21
1117.452709
 31
0.0
  0
LINE
  5
1D49
330
70
100
AcDbEntity
  8
Visible
100
AcDbLine
 10
551.791717
 20
1151.952709
 30
0.0
 11
551.791717
 21
1117.452709
 31
0.0
  0
LINE
  5
1D4A
330
70
100
AcDbEntity
  8
Visible
100
AcDbLine
 10
545.791717
 20
1151.952709
 30
0.0
 11
551.791717
 21
1151.952709
 31
0.0
  0
LINE
  5
1D4B
330
70
100
AcDbEntity
  8
Visible
100
AcDbLine
 10
545.791717
 20
1180.952709
 30
0.0
 11
545.791717
 21
1151.952709
 31
0.0
  0
LINE
  5
1D4C
330
70
100
AcDbEntity
  8
Visible
100
AcDbLine
 10
551.791717
 20
1180.952709
 30
0.0
 11
545.791717
 21
1180.952709
 31
0.0
  0
LINE
  5
1D4D
330
70
100
AcDbEntity
  8
Visible
100
AcDbLine
 10
551.791717
 20
1209.952709
 30
0.0
 11
551.791717
 21
1180.952709
 31
0.0
  0
LINE
  5
1D4E
330
70
100
AcDbEntity
  8
Visible
100
AcDbLine
 10
545.791717
 20
1209.952709
 30
0.0
 11
551.791717
 21
1209.952709
 31
0.0
  0
LINE
  5
1D4F
330
70
100
AcDbEntity
  8
Visible
100
AcDbLine
 10
545.791717
 20
1238.952709
 30
0.0
 11
545.791717
 21
1209.952709
 31
0.0
  0
LINE
  5
1D50
330
70
100
AcDbEntity
  8
Visible
100
AcDbLine
 10
551.791717
 20
1238.952709
 30
0.0
 11
545.791717
 21
1238.952709
 31
0.0
  0
LINE
  5
1D51
330
70
100
AcDbEntity
  8
Visible
100
AcDbLine
 10
551.791717
 20
1267.952709
 30
0.0
 11
551.791717
 21
1238.952709
 31
0.0
  0
LINE
  5
1D52
330
70
100
AcDbEntity
  8
Visible
100
AcDbLine
 10
545.791717
 20
1267.952709
 30
0.0
 11
551.791717
 21
1267.952709
 31
0.0
  0
LINE
  5
1D53
330
70
100
AcDbEntity
  8
Visible
100
AcDbLine
 10
545.791717
 20
1296.952709
 30
0.0
 11
545.791717
 21
1267.952709
 31
0.0
  0
LINE
  5
1D54
330
70
100
AcDbEntity
  8
Visible
100
AcDbLine
 10
551.791717
 20
1296.952709
 30
0.0
 11
545.791717
 21
1296.952709
 31
0.0
  0
LINE
  5
1D55
330
70
100
AcDbEntity
  8
Visible
100
AcDbLine
 10
551.791717
 20
1325.952709
 30
0.0
 11
551.791717
 21
1296.952709
 31
0.0
  0
LINE
  5
1D56
330
70
100
AcDbEntity
  8
Visible
100
AcDbLine
 10
545.791717
 20
1325.952709
 30
0.0
 11
551.791717
 21
1325.952709
 31
0.0
  0
LINE
  5
1D57
330
70
100
AcDbEntity
  8
Visible
100
AcDbLine
 10
545.791717
 20
1354.952709
 30
0.0
 11
545.791717
 21
1325.952709
 31
0.0
  0
LINE
  5
1D58
330
70
100
AcDbEntity
  8
Visible
100
AcDbLine
 10
551.791717
 20
1354.952709
 30
0.0
 11
545.791717
 21
1354.952709
 31
0.0
  0
LINE
  5
1D59
330
70
100
AcDbEntity
  8
Visible
100
AcDbLine
 10
551.791717
 20
1383.952709
 30
0.0
 11
551.791717
 21
1354.952709
 31
0.0
  0
LINE
  5
1D5A
330
70
100
AcDbEntity
  8
Visible
100
AcDbLine
 10
545.791717
 20
1383.952709
 30
0.0
 11
551.791717
 21
1383.952709
 31
0.0
  0
LINE
  5
1D5B
330
70
100
AcDbEntity
  8
Visible
100
AcDbLine
 10
545.791717
 20
1412.952709
 30
0.0
 11
545.791717
 21
1383.952709
 31
0.0
  0
LINE
  5
1D5C
330
70
100
AcDbEntity
  8
Visible
100
AcDbLine
 10
551.791717
 20
1412.952709
 30
0.0
 11
545.791717
 21
1412.952709
 31
0.0
  0
LINE
  5
1D5D
330
70
100
AcDbEntity
  8
Visible
100
AcDbLine
 10
551.791717
 20
1441.952709
 30
0.0
 11
551.791717
 21
1412.952709
 31
0.0
  0
LINE
  5
1D5E
330
70
100
AcDbEntity
  8
Visible
100
AcDbLine
 10
545.791717
 20
1441.952709
 30
0.0
 11
551.791717
 21
1441.952709
 31
0.0
  0
LINE
  5
1D5F
330
70
100
AcDbEntity
  8
Visible
100
AcDbLine
 10
545.791717
 20
1470.952709
 30
0.0
 11
545.791717
 21
1441.952709
 31
0.0
  0
LINE
  5
1D60
330
70
100
AcDbEntity
  8
Visible
100
AcDbLine
 10
551.791717
 20
1470.952709
 30
0.0
 11
545.791717
 21
1470.952709
 31
0.0
  0
LINE
  5
1D61
330
70
100
AcDbEntity
  8
Visible
100
AcDbLine
 10
551.791717
 20
1505.452709
 30
0.0
 11
551.791717
 21
1470.952709
 31
0.0
  0
LINE
  5
1D62
330
70
100
AcDbEntity
  8
Visible
100
AcDbLine
 10
586.291717
 20
1505.452709
 30
0.0
 11
551.791717
 21
1505.452709
 31
0.0
  0
LINE
  5
1D63
330
70
100
AcDbEntity
  8
Visible
100
AcDbLine
 10
586.291717
 20
1511.452709
 30
0.0
 11
586.291717
 21
1505.452709
 31
0.0
  0
LINE
  5
1D64
330
70
100
AcDbEntity
  8
Visible
100
AcDbLine
 10
615.291717
 20
1511.452709
 30
0.0
 11
586.291717
 21
1511.452709
 31
0.0
  0
LINE
  5
1D65
330
70
100
AcDbEntity
  8
Visible
100
AcDbLine
 10
615.291717
 20
1505.452709
 30
0.0
 11
615.291717
 21
1511.452709
 31
0.0
  0
LINE
  5
1D66
330
70
100
AcDbEntity
  8
Visible
100
AcDbLine
 10
644.291717
 20
1505.452709
 30
0.0
 11
615.291717
 21
1505.452709
 31
0.0
  0
LINE
  5
1D67
330
70
100
AcDbEntity
  8
Visible
100
AcDbLine
 10
644.291717
 20
1511.452709
 30
0.0
 11
644.291717
 21
1505.452709
 31
0.0
  0
LINE
  5
1D68
330
70
100
AcDbEntity
  8
Visible
100
AcDbLine
 10
673.291717
 20
1511.452709
 30
0.0
 11
644.291717
 21
1511.452709
 31
0.0
  0
LINE
  5
1D69
330
70
100
AcDbEntity
  8
Visible
100
AcDbLine
 10
673.291717
 20
1505.452709
 30
0.0
 11
673.291717
 21
1511.452709
 31
0.0
  0
LINE
  5
1D6A
330
70
100
AcDbEntity
  8
Visible
100
AcDbLine
 10
702.291717
 20
1505.452709
 30
0.0
 11
673.291717
 21
1505.452709
 31
0.0
  0
LINE
  5
1D6B
330
70
100
AcDbEntity
  8
Visible
100
AcDbLine
 10
702.291717
 20
1511.452709
 30
0.0
 11
702.291717
 21
1505.452709
 31
0.0
  0
LINE
  5
1D6C
330
70
100
AcDbEntity
  8
Visible
100
AcDbLine
 10
731.291717
 20
1511.452709
 30
0.0
 11
702.291717
 21
1511.452709
 31
0.0
  0
LINE
  5
1D6D
330
70
100
AcDbEntity
  8
Visible
100
AcDbLine
 10
731.291717
 20
1505.452709
 30
0.0
 11
731.291717
 21
1511.452709
 31
0.0
  0
LINE
  5
1D6E
330
70
100
AcDbEntity
  8
Visible
100
AcDbLine
 10
760.291717
 20
1505.452709
 30
0.0
 11
731.291717
 21
1505.452709
 31
0.0
  0
LINE
  5
1D6F
330
70
100
AcDbEntity
  8
Visible
100
AcDbLine
 10
760.291717
 20
1511.452709
 30
0.0
 11
760.291717
 21
1505.452709
 31
0.0
  0
LINE
  5
1D70
330
70
100
AcDbEntity
  8
Visible
100
AcDbLine
 10
789.291717
 20
1511.452709
 30
0.0
 11
760.291717
 21
1511.452709
 31
0.0
  0
LINE
  5
1D71
330
70
100
AcDbEntity
  8
Visible
100
AcDbLine
 10
789.291717
 20
1505.452709
 30
0.0
 11
789.291717
 21
1511.452709
 31
0.0
  0
LINE
  5
1D72
330
70
100
AcDbEntity
  8
Visible
100
AcDbLine
 10
818.291717
 20
1505.452709
 30
0.0
 11
789.291717
 21
1505.452709
 31
0.0
  0
LINE
  5
1D73
330
70
100
AcDbEntity
  8
Visible
100
AcDbLine
 10
818.291717
 20
1511.452709
 30
0.0
 11
818.291717
 21
1505.452709
 31
0.0
  0
LINE
  5
1D74
330
70
100
AcDbEntity
  8
Visible
100
AcDbLine
 10
847.291717
 20
1511.452709
 30
0.0
 11
818.291717
 21
1511.452709
 31
0.0
  0
LINE
  5
1D75
330
70
100
AcDbEntity
  8
Visible
100
AcDbLine
 10
847.291717
 20
1505.452709
 30
0.0
 11
847.291717
 21
1511.452709
 31
0.0
  0
LINE
  5
1D76
330
70
100
AcDbEntity
  8
Visible
100
AcDbLine
 10
876.291717
 20
1505.452709
 30
0.0
 11
847.291717
 21
1505.452709
 31
0.0
  0
LINE
  5
1D77
330
70
100
AcDbEntity
  8
Visible
100
AcDbLine
 10
876.291717
 20
1511.452709
 30
0.0
 11
876.291717
 21
1505.452709
 31
0.0
  0
LINE
  5
1D78
330
70
100
AcDbEntity
  8
Visible
100
AcDbLine
 10
905.291717
 20
1511.452709
 30
0.0
 11
876.291717
 21
1511.452709
 31
0.0
  0
LINE
  5
1D79
330
70
100
AcDbEntity
  8
Visible
100
AcDbLine
 10
905.291717
 20
1505.452709
 30
0.0
 11
905.291717
 21
1511.452709
 31
0.0
  0
ENDSEC
  0
SECTION
  2
OBJECTS
  0
DICTIONARY
  5
C
330
0
100
AcDbDictionary
281
     1
  3
ACAD_COLOR
350
63
  3
ACAD_DETAILVIEWSTYLE
350
6A
  3
ACAD_GROUP
350
D
  3
ACAD_LAYOUT
350
62
  3
ACAD_MATERIAL
350
10
  3
ACAD_MLEADERSTYLE
350
66
  3
ACAD_MLINESTYLE
350
5F
  3
ACAD_PLOTSETTINGS
350
61
  3
ACAD_PLOTSTYLENAME
350
E
  3
ACAD_SCALELIST
350
42
  3
ACAD_SECTIONVIEWSTYLE
350
68
  3
ACAD_TABLESTYLE
350
64
  3
ACAD_VISUALSTYLE
350
29
  3
ACDB_RECOMPOSE_DATA
350
1D84
  3
AcDbVariableDictionary
350
1D7A
  0
DICTIONARY
  5
A2
330
70
100
AcDbDictionary
280
     1
281
     1
  3
ACAD_SORTENTS
360
A3
  0
DICTIONARY
  5
63
102
{ACAD_REACTORS
330
C
102
}
330
C
100
AcDbDictionary
281
     1
  0
DICTIONARY
  5
6A
102
{ACAD_REACTORS
330
C
102
}
330
C
100
AcDbDictionary
281
     1
  3
Imperial24
350
6B
  0
DICTIONARY
  5
D
102
{ACAD_REACTORS
330
C
102
}
330
C
100
AcDbDictionary
281
     1
  0
DICTIONARY
  5
62
102
{ACAD_REACTORS
330
C
102
}
330
C
100
AcDbDictionary
281
     1
  3
Model
350
73
  3
Sheet1
350
6F
  3
Sheet2
350
77
  0
DICTIONARY
  5
10
102
{ACAD_REACTORS
330
C
102
}
330
C
100
AcDbDictionary
281
     1
  3
ByBlock
350
19
  3
ByLayer
350
11
  3
Global
350
21
  0
DICTIONARY
  5
66
102
{ACAD_REACTORS
330
C
102
}
330
C
100
AcDbDictionary
281
     1
  3
Standard
350
67
  0
DICTIONARY
  5
5F
102
{ACAD_REACTORS
330
C
102
}
330
C
100
AcDbDictionary
281
     1
  3
Standard
350
60
  0
DICTIONARY
  5
61
102
{ACAD_REACTORS
330
C
102
}
330
C
100
AcDbDictionary
281
     1
  0
ACDBDICTIONARYWDFLT
  5
E
102
{ACAD_REACTORS
330
C
102
}
330
C
100
AcDbDictionary
281
     1
  3
Normal
350
F
100
AcDbDictionaryWithDefault
340
F
  0
DICTIONARY
  5
42
102
{ACAD_REACTORS
330
C
102
}
330
C
100
AcDbDictionary
281
     1
  3
A0
350
43
  3
A1
350
44
  3
A2
350
45
  3
A3
350
46
  3
A4
350
47
  3
A5
350
48
  3
A6
350
49
  3
A7
350
4A
  3
A8
350
4B
  3
A9
350
4C
  3
B0
350
4D
  3
B1
350
4E
  3
B2
350
4F
  3
B3
350
50
  3
B4
350
51
  3
B5
350
52
  3
B6
350
53
  0
DICTIONARY
  5
68
102
{ACAD_REACTORS
330
C
102
}
330
C
100
AcDbDictionary
281
     1
  3
Imperial24
350
69
  0
DICTIONARY
  5
64
102
{ACAD_REACTORS
330
C
102
}
330
C
100
AcDbDictionary
281
     1
  3
Standard
350
65
  0
DICTIONARY
  5
29
102
{ACAD_REACTORS
330
C
102
}
330
C
100
AcDbDictionary
281
     1
  3
2dWireframe
350
2F
  3
Basic
350
2E
  3
Brighten
350
35
  3
ColorChange
350
39
  3
Conceptual
350
32
  3
Dim
350
34
  3
EdgeColorOff
350
41
  3
Facepattern
350
38
  3
Flat
350
2A
  3
FlatWithEdges
350
2B
  3
Gouraud
350
2C
  3
GouraudWithEdges
350
2D
  3
Hidden
350
31
  3
JitterOff
350
3F
  3
Linepattern
350
37
  3
OverhangOff
350
40
  3
Realistic
350
33
  3
Shaded
350
3E
  3
Shaded with edges
350
3D
  3
Shades of Gray
350
3A
  3
Sketchy
350
3B
  3
Thicken
350
36
  3
Wireframe
350
30
  3
X-Ray
350
3C
  0
XRECORD
  5
1D84
102
{ACAD_REACTORS
330
C
102
}
330
C
100
AcDbXrecord
280
     1
 90
        1
330
65
  0
DICTIONARY
  5
1D7A
102
{ACAD_REACTORS
330
C
102
}
330
C
100
AcDbDictionary
281
     1
  3
ANNOALLVISIBLE
350
1D7F
  3
CANNOSCALE
350
1D80
  3
CMLEADERSTYLE
350
1D7C
  3
CTABLESTYLE
350
1D7B
  3
CVIEWDETAILSTYLE
350
1D7D
  3
CVIEWSECTIONSTYLE
350
1D7E
  0
SORTENTSTABLE
  5
A3
102
{ACAD_REACTORS
330
A2
102
}
330
A2
100
AcDbSortentsTable
330
70
  0
ACDBDETAILVIEWSTYLE
  5
6B
102
{ACAD_XDICTIONARY
360
1D87
102
}
102
{ACAD_REACTORS
330
6A
102
}
330
6A
100
AcDbModelDocViewStyle
 70
     0
  3
Imperial24
290
     0
100
AcDbDetailViewStyle
 70
     0
 71
     0
 90
        3
 71
     1
340
55
 62
   256
 40
0.24
340
0
 62
   256
 40
0.24
300

 40
0.36
280
     3
 71
     2
340
5D
 90
       25
 62
   256
 71
     3
340
55
 62
   256
 40
0.24
 90
        1
 40
0.75
 90
        1
300
%<\AcVar ViewType \f "%tc1">% %<\AcVar ViewDetailId>%\PSCALE %<\AcVar ViewScale \f "%sn">%
 71
     4
340
5D
 90
       25
 62
   256
340
5D
 90
       25
 62
   256
280
     0
  0
LAYOUT
  5
73
102
{ACAD_REACTORS
330
62
102
}
330
62
100
AcDbPlotSettings
  1

  2
AutoCAD PDF (High Quality Print).pc3
  4
CustomDimension
  6

 40
0.0
 41
0.0
 42
0.0
 43
0.0
 44
1500.0
 45
1600.0
 46
0.0
 47
0.0
 48
0.0
 49
0.0
140
0.0
141
0.0
142
1.0
143
2.126579
 70
 11952
 72
     1
 73
     0
 74
     0
  7

 75
     0
147
0.470239
 76
     0
 77
     2
 78
   300
148
844.934612
149
74.251497
100
AcDbLayout
  1
Model
 70
     1
 71
     0
 10
0.0
 20
0.0
 11
12.0
 21
9.0
 12
0.0
 22
0.0
 32
0.0
 14
0.0
 24
0.0
 34
0.0
 15
0.0
 25
0.0
 35
0.0
146
0.0
 13
0.0
 23
0.0
 33
0.0
 16
1.0
 26
0.0
 36
0.0
 17
0.0
 27
1.0
 37
0.0
 76
     0
330
70
1001
ACAD_PSEXT
1000
AutoCAD PDF (High Quality Print).pc3
1000
DWG To PDF
1000
File
1000

1070
     0
  0
LAYOUT
  5
6F
102
{ACAD_REACTORS
330
62
102
}
330
62
100
AcDbPlotSettings
  1

  2
None
  4

  6

 40
0.0
 41
0.0
 42
0.0
 43
0.0
 44
0.0
 45
0.0
 46
0.0
 47
0.0
 48
0.0
 49
0.0
140
0.0
141
0.0
142
1.0
143
1.0
 70
   688
 72
     0
 73
     0
 74
     5
  7

 75
    16
147
1.0
 76
     0
 77
     2
 78
   300
148
0.0
149
0.0
100
AcDbLayout
  1
Sheet1
 70
     1
 71
     1
 10
0.0
 20
0.0
 11
12.0
 21
9.0
 12
0.0
 22
0.0
 32
0.0
 14
0.0
 24
0.0
 34
0.0
 15
0.0
 25
0.0
 35
0.0
146
0.0
 13
0.0
 23
0.0
 33
0.0
 16
1.0
 26
0.0
 36
0.0
 17
0.0
 27
1.0
 37
0.0
 76
     0
330
6C
  0
LAYOUT
  5
77
102
{ACAD_REACTORS
330
62
102
}
330
62
100
AcDbPlotSettings
  1

  2
None
  4

  6

 40
0.0
 41
0.0
 42
0.0
 43
0.0
 44
0.0
 45
0.0
 46
0.0
 47
0.0
 48
0.0
 49
0.0
140
0.0
141
0.0
142
1.0
143
1.0
 70
   688
 72
     0
 73
     0
 74
     5
  7

 75
    16
147
1.0
 76
     0
 77
     2
 78
   300
148
0.0
149
0.0
100
AcDbLayout
  1
Sheet2
 70
     1
 71
     2
 10
0.0
 20
0.0
 11
12.0
 21
9.0
 12
0.0
 22
0.0
 32
0.0
 14
0.0
 24
0.0
 34
0.0
 15
0.0
 25
0.0
 35
0.0
146
0.0
 13
0.0
 23
0.0
 33
0.0
 16
1.0
 26
0.0
 36
0.0
 17
0.0
 27
1.0
 37
0.0
 76
     0
330
74
  0
MATERIAL
  5
19
102
{ACAD_XDICTIONARY
360
1A
102
}
102
{ACAD_REACTORS
330
10
102
}
330
10
100
AcDbMaterial
  1
ByBlock
 72
     0
 43
0.020833
 43
0.0
 43
0.0
 43
0.0
 43
0.0
 43
0.020833
 43
0.0
 43
0.0
 43
0.0
 43
0.0
 43
1.0
 43
0.0
 43
0.0
 43
0.0
 43
0.0
 43
1.0
 77
     0
 47
0.020833
 47
0.0
 47
0.0
 47
0.0
 47
0.0
 47
0.020833
 47
0.0
 47
0.0
 47
0.0
 47
0.0
 47
1.0
 47
0.0
 47
0.0
 47
0.0
 47
0.0
 47
1.0
171
     0
 49
0.020833
 49
0.0
 49
0.0
 49
0.0
 49
0.0
 49
0.020833
 49
0.0
 49
0.0
 49
0.0
 49
0.0
 49
1.0
 49
0.0
 49
0.0
 49
0.0
 49
0.0
 49
1.0
175
     0
142
0.020833
142
0.0
142
0.0
142
0.0
142
0.0
142
0.020833
142
0.0
142
0.0
142
0.0
142
0.0
142
1.0
142
0.0
142
0.0
142
0.0
142
0.0
142
1.0
179
     0
144
0.020833
144
0.0
144
0.0
144
0.0
144
0.0
144
0.020833
144
0.0
144
0.0
144
0.0
144
0.0
144
1.0
144
0.0
144
0.0
144
0.0
144
0.0
144
1.0
147
0.020833
147
0.0
147
0.0
147
0.0
147
0.0
147
0.020833
147
0.0
147
0.0
147
0.0
147
0.0
147
1.0
147
0.0
147
0.0
147
0.0
147
0.0
147
1.0
  0
MATERIAL
  5
11
102
{ACAD_XDICTIONARY
360
12
102
}
102
{ACAD_REACTORS
330
10
102
}
330
10
100
AcDbMaterial
  1
ByLayer
 72
     0
 43
0.020833
 43
0.0
 43
0.0
 43
0.0
 43
0.0
 43
0.020833
 43
0.0
 43
0.0
 43
0.0
 43
0.0
 43
1.0
 43
0.0
 43
0.0
 43
0.0
 43
0.0
 43
1.0
 77
     0
 47
0.020833
 47
0.0
 47
0.0
 47
0.0
 47
0.0
 47
0.020833
 47
0.0
 47
0.0
 47
0.0
 47
0.0
 47
1.0
 47
0.0
 47
0.0
 47
0.0
 47
0.0
 47
1.0
171
     0
 49
0.020833
 49
0.0
 49
0.0
 49
0.0
 49
0.0
 49
0.020833
 49
0.0
 49
0.0
 49
0.0
 49
0.0
 49
1.0
 49
0.0
 49
0.0
 49
0.0
 49
0.0
 49
1.0
175
     0
142
0.020833
142
0.0
142
0.0
142
0.0
142
0.0
142
0.020833
142
0.0
142
0.0
142
0.0
142
0.0
142
1.0
142
0.0
142
0.0
142
0.0
142
0.0
142
1.0
179
     0
144
0.020833
144
0.0
144
0.0
144
0.0
144
0.0
144
0.020833
144
0.0
144
0.0
144
0.0
144
0.0
144
1.0
144
0.0
144
0.0
144
0.0
144
0.0
144
1.0
147
0.020833
147
0.0
147
0.0
147
0.0
147
0.0
147
0.020833
147
0.0
147
0.0
147
0.0
147
0.0
147
1.0
147
0.0
147
0.0
147
0.0
147
0.0
147
1.0
  0
MATERIAL
  5
21
102
{ACAD_XDICTIONARY
360
22
102
}
102
{ACAD_REACTORS
330
10
102
}
330
10
100
AcDbMaterial
  1
Global
 72
     0
 43
0.020833
 43
0.0
 43
0.0
 43
0.0
 43
0.0
 43
0.020833
 43
0.0
 43
0.0
 43
0.0
 43
0.0
 43
1.0
 43
0.0
 43
0.0
 43
0.0
 43
0.0
 43
1.0
 77
     0
 47
0.020833
 47
0.0
 47
0.0
 47
0.0
 47
0.0
 47
0.020833
 47
0.0
 47
0.0
 47
0.0
 47
0.0
 47
1.0
 47
0.0
 47
0.0
 47
0.0
 47
0.0
 47
1.0
171
     0
 49
0.020833
 49
0.0
 49
0.0
 49
0.0
 49
0.0
 49
0.020833
 49
0.0
 49
0.0
 49
0.0
 49
0.0
 49
1.0
 49
0.0
 49
0.0
 49
0.0
 49
0.0
 49
1.0
175
     0
142
0.020833
142
0.0
142
0.0
142
0.0
142
0.0
142
0.020833
142
0.0
142
0.0
142
0.0
142
0.0
142
1.0
142
0.0
142
0.0
142
0.0
142
0.0
142
1.0
179
     0
144
0.020833
144
0.0
144
0.0
144
0.0
144
0.0
144
0.020833
144
0.0
144
0.0
144
0.0
144
0.0
144
1.0
144
0.0
144
0.0
144
0.0
144
0.0
144
1.0
147
0.020833
147
0.0
147
0.0
147
0.0
147
0.0
147
0.020833
147
0.0
147
0.0
147
0.0
147
0.0
147
1.0
147
0.0
147
0.0
147
0.0
147
0.0
147
1.0
  0
MLEADERSTYLE
  5
67
102
{ACAD_REACTORS
330
66
102
}
330
66
100
AcDbMLeaderStyle
179
     2
170
     2
171
     1
172
     0
 90
        2
 40
0.0
 41
0.0
173
     1
 91
-1056964608
340
5B
 92
       -2
290
     1
 42
0.09
291
     1
 43
0.36
  3
Standard
 44
0.18
300

342
55
174
     1
178
     6
175
     1
176
     0
 93
-1056964608
 45
0.18
292
     0
297
     0
 46
0.18
 94
-1056964608
 47
1.0
 49
1.0
140
1.0
293
     1
141
0.0
294
     1
177
     0
142
1.0
295
     0
296
     0
143
0.125
271
     0
272
     9
273
     9
298
     1
  0
MLINESTYLE
  5
60
102
{ACAD_REACTORS
330
5F
102
}
330
5F
100
AcDbMlineStyle
  2
STANDARD
 70
     0
  3

 62
   256
 51
90.0
 52
90.0
 71
     0
  0
ACDBPLACEHOLDER
  5
F
102
{ACAD_REACTORS
330
E
102
}
330
E
  0
SCALE
  5
43
102
{ACAD_REACTORS
330
42
102
}
330
42
100
AcDbScale
 70
     0
300
1:1
140
1.0
141
1.0
290
     1
  0
SCALE
  5
44
102
{ACAD_REACTORS
330
42
102
}
330
42
100
AcDbScale
 70
     0
300
1:2
140
1.0
141
2.0
290
     0
  0
SCALE
  5
45
102
{ACAD_REACTORS
330
42
102
}
330
42
100
AcDbScale
 70
     0
300
1:4
140
1.0
141
4.0
290
     0
  0
SCALE
  5
46
102
{ACAD_REACTORS
330
42
102
}
330
42
100
AcDbScale
 70
     0
300
1:5
140
1.0
141
5.0
290
     0
  0
SCALE
  5
47
102
{ACAD_REACTORS
330
42
102
}
330
42
100
AcDbScale
 70
     0
300
1:8
140
1.0
141
8.0
290
     0
  0
SCALE
  5
48
102
{ACAD_REACTORS
330
42
102
}
330
42
100
AcDbScale
 70
     0
300
1:10
140
1.0
141
10.0
290
     0
  0
SCALE
  5
49
102
{ACAD_REACTORS
330
42
102
}
330
42
100
AcDbScale
 70
     0
300
1:16
140
1.0
141
16.0
290
     0
  0
SCALE
  5
4A
102
{ACAD_REACTORS
330
42
102
}
330
42
100
AcDbScale
 70
     0
300
1:20
140
1.0
141
20.0
290
     0
  0
SCALE
  5
4B
102
{ACAD_REACTORS
330
42
102
}
330
42
100
AcDbScale
 70
     0
300
1:30
140
1.0
141
30.0
290
     0
  0
SCALE
  5
4C
102
{ACAD_REACTORS
330
42
102
}
330
42
100
AcDbScale
 70
     0
300
1:40
140
1.0
141
40.0
290
     0
  0
SCALE
  5
4D
102
{ACAD_REACTORS
330
42
102
}
330
42
100
AcDbScale
 70
     0
300
1:50
140
1.0
141
50.0
290
     0
  0
SCALE
  5
4E
102
{ACAD_REACTORS
330
42
102
}
330
42
100
AcDbScale
 70
     0
300
1:100
140
1.0
141
100.0
290
     0
  0
SCALE
  5
4F
102
{ACAD_REACTORS
330
42
102
}
330
42
100
AcDbScale
 70
     0
300
2:1
140
2.0
141
1.0
290
     0
  0
SCALE
  5
50
102
{ACAD_REACTORS
330
42
102
}
330
42
100
AcDbScale
 70
     0
300
4:1
140
4.0
141
1.0
290
     0
  0
SCALE
  5
51
102
{ACAD_REACTORS
330
42
102
}
330
42
100
AcDbScale
 70
     0
300
8:1
140
8.0
141
1.0
290
     0
  0
SCALE
  5
52
102
{ACAD_REACTORS
330
42
102
}
330
42
100
AcDbScale
 70
     0
300
10:1
140
10.0
141
1.0
290
     0
  0
SCALE
  5
53
102
{ACAD_REACTORS
330
42
102
}
330
42
100
AcDbScale
 70
     0
300
100:1
140
100.0
141
1.0
290
     0
  0
ACDBSECTIONVIEWSTYLE
  5
69
102
{ACAD_XDICTIONARY
360
1D85
102
}
102
{ACAD_REACTORS
330
68
102
}
330
68
100
AcDbModelDocViewStyle
 70
     0
  3
Imperial24
290
     0
100
AcDbSectionViewStyle
 70
     0
 71
     0
 90
       78
 71
     1
340
55
 62
   256
 40
0.24
340
0
340
0
 62
   256
 40
0.24
300
I, O, Q, S, X, Z
 40
0.48
 90
        3
 40
0.18
 90
        1
 71
     2
340
5D
 90
       25
 62
   256
340
5D
 90
       50
 62
   256
 40
0.24
 40
0.0
 40
0.24
 71
     3
340
55
 62
   256
 40
0.24
 90
        1
 40
0.75
 90
        1
300
%<\AcVar ViewType \f "%tc1">% %<\AcVar ViewSectionStartId>%-%<\AcVar ViewSectionEndId>%\PSCALE %<\AcVar ViewScale \f "%sn">%
 71
     4
 62
   256
 62
   257
300
ANSI31
 40
1.0
 90
        0
290
     0
290
     0
 90
        6
 40
0.0
 40
1.570796
 40
0.261799
 40
1.308997
 40
-0.261799
 40
1.832596
  0
TABLESTYLE
  5
65
102
{ACAD_XDICTIONARY
360
1D81
102
}
102
{ACAD_REACTORS
330
64
102
}
330
64
100
AcDbTableStyle
280
     0
  3
Standard
 70
     0
 71
     0
 40
1.5
 41
1.5
280
     0
281
     0
  7
Standard
140
0.18
170
     2
 62
     0
 63
     7
283
     0
 90
      512
 91
        0
  1

274
    -2
284
     1
 64
     0
275
    -2
285
     1
 65
     0
276
    -2
286
     1
 66
     0
277
    -2
287
     1
 67
     0
278
    -2
288
     1
 68
     0
279
    -2
289
     1
 69
     0
  7
Standard
140
0.25
170
     5
 62
     0
 63
     7
283
     0
 90
      512
 91
        0
  1

274
    -2
284
     1
 64
     0
275
    -2
285
     1
 65
     0
276
    -2
286
     1
 66
     0
277
    -2
287
     1
 67
     0
278
    -2
288
     1
 68
     0
279
    -2
289
     1
 69
     0
  7
Standard
140
0.18
170
     5
 62
     0
 63
     7
283
     0
 90
      512
 91
        0
  1

274
    -2
284
     1
 64
     0
275
    -2
285
     1
 65
     0
276
    -2
286
     1
 66
     0
277
    -2
287
     1
 67
     0
278
    -2
288
     1
 68
     0
279
    -2
289
     1
 69
     0
  0
VISUALSTYLE
  5
2F
102
{ACAD_REACTORS
330
29
102
}
330
29
100
AcDbVisualStyle
  2
2dWireframe
 70
     4
177
     3
291
     0
 70
    58
 90
        0
176
     1
 90
        2
176
     1
 90
        0
176
     1
 90
        0
176
     1
 40
0.6
176
     1
 40
30.0
176
     1
 62
     7
420
 16777215
176
     1
 90
        1
176
     1
 90
        4
176
     1
 62
     7
176
     1
 62
   257
176
     1
 90
        1
176
     1
 90
        1
176
     1
 40
1.0
176
     1
 90
        0
176
     1
 62
   257
176
     1
 40
1.0
176
     1
 90
        1
176
     1
 90
        6
176
     1
 90
        2
176
     1
 62
     7
176
     1
 90
        5
176
     1
 90
        0
176
     1
 90
        0
176
     1
290
     0
176
     1
 90
        1
176
     1
 40
0.0
176
     1
 90
        0
176
     1
290
     1
176
     1
290
     1
176
     1
290
     0
176
     1
290
     0
176
     1
290
     0
176
     1
290
     0
176
     1
290
     0
176
     1
290
     0
176
     1
290
     0
176
     1
 90
       50
176
     1
 40
0.0
176
     1
 40
1.0
176
     1
 90
        0
176
     1
 62
    18
420
        0
176
     1
 90
       50
176
     1
 90
        3
176
     1
 62
     5
420
      255
176
     1
290
     0
176
     1
 90
       50
176
     1
 90
       50
176
     1
 90
       50
176
     1
290
     0
176
     1
 90
       50
176
     1
 62
   256
176
     0
 40
1.0
176
     0
 90
        2
176
     1
  1
strokes_ogs.tif
176
     1
290
     0
176
     1
 40
1.0
176
     1
 40
1.0
176
     1
1001
ACAD
1000
AcDbSavedByObjectVersion
1070
     0
  0
VISUALSTYLE
  5
2E
102
{ACAD_REACTORS
330
29
102
}
330
29
100
AcDbVisualStyle
  2
Basic
 70
     7
177
     3
291
     1
 70
    58
 90
        1
176
     1
 90
        0
176
     1
 90
        1
176
     1
 90
        0
176
     1
 40
0.6
176
     1
 40
30.0
176
     1
 62
     7
420
 16777215
176
     1
 90
        0
176
     1
 90
        4
176
     1
 62
     7
176
     1
 62
   257
176
     1
 90
        1
176
     1
 90
        1
176
     1
 40
1.0
176
     1
 90
        8
176
     1
 62
     7
176
     1
 40
1.0
176
     1
 90
        1
176
     1
 90
        6
176
     1
 90
        2
176
     1
 62
     7
176
     1
 90
        5
176
     1
 90
        0
176
     1
 90
        0
176
     1
290
     0
176
     1
 90
        1
176
     1
 40
0.0
176
     1
 90
        0
176
     1
290
     0
176
     1
290
     1
176
     1
290
     1
176
     1
290
     0
176
     1
290
     0
176
     1
290
     0
176
     1
290
     0
176
     1
290
     0
176
     1
290
     0
176
     1
 90
       50
176
     1
 40
0.0
176
     1
 40
1.0
176
     1
 90
        0
176
     1
 62
    18
420
        0
176
     1
 90
       50
176
     1
 90
        3
176
     1
 62
     5
420
      255
176
     1
290
     0
176
     1
 90
       50
176
     1
 90
       50
176
     1
 90
       50
176
     1
290
     0
176
     1
 90
       50
176
     1
 62
   256
176
     0
 40
1.0
176
     0
 90
        2
176
     1
  1
strokes_ogs.tif
176
     1
290
     0
176
     1
 40
1.0
176
     1
 40
1.0
176
     1
1001
ACAD
1000
AcDbSavedByObjectVersion
1070
     0
  0
VISUALSTYLE
  5
35
102
{ACAD_REACTORS
330
29
102
}
330
29
100
AcDbVisualStyle
  2
Brighten
 70
    12
177
     3
291
     1
 70
    58
 90
        2
176
     1
 90
        2
176
     1
 90
        0
176
     1
 90
        0
176
     1
 40
0.6
176
     1
 40
30.0
176
     1
 62
     7
420
 16777215
176
     1
 90
        1
176
     1
 90
        4
176
     1
 62
     7
176
     1
 62
   257
176
     1
 90
        1
176
     1
 90
        1
176
     1
 40
1.0
176
     1
 90
        8
176
     1
 62
     7
176
     1
 40
1.0
176
     1
 90
        1
176
     1
 90
        6
176
     1
 90
        2
176
     1
 62
     7
176
     1
 90
        5
176
     1
 90
        0
176
     1
 90
        0
176
     1
290
     0
176
     1
 90
        1
176
     1
 40
50.0
176
     1
 90
        0
176
     1
290
     0
176
     1
290
     1
176
     1
290
     1
176
     1
290
     0
176
     1
290
     0
176
     1
290
     0
176
     1
290
     0
176
     1
290
     0
176
     1
290
     0
176
     1
 90
       50
176
     1
 40
0.0
176
     1
 40
1.0
176
     1
 90
        0
176
     1
 62
    18
420
        0
176
     1
 90
       50
176
     1
 90
        3
176
     1
 62
     5
420
      255
176
     1
290
     0
176
     1
 90
       50
176
     1
 90
       50
176
     1
 90
       50
176
     1
290
     0
176
     1
 90
       50
176
     1
 62
   256
176
     0
 40
1.0
176
     0
 90
        2
176
     1
  1
strokes_ogs.tif
176
     1
290
     0
176
     1
 40
1.0
176
     1
 40
1.0
176
     1
1001
ACAD
1000
AcDbSavedByObjectVersion
1070
     0
  0
VISUALSTYLE
  5
39
102
{ACAD_REACTORS
330
29
102
}
330
29
100
AcDbVisualStyle
  2
ColorChange
 70
    16
177
     3
291
     1
 70
    58
 90
        2
176
     1
 90
        2
176
     1
 90
        3
176
     1
 90
        0
176
     1
 40
0.6
176
     1
 40
30.0
176
     1
 62
     8
420
  8421504
176
     1
 90
        1
176
     1
 90
        4
176
     1
 62
     7
176
     1
 62
   257
176
     1
 90
        1
176
     1
 90
        1
176
     1
 40
1.0
176
     1
 90
        8
176
     1
 62
     8
420
  8421504
176
     1
 40
1.0
176
     1
 90
        1
176
     1
 90
        6
176
     1
 90
        2
176
     1
 62
     7
176
     1
 90
        5
176
     1
 90
        0
176
     1
 90
        0
176
     1
290
     0
176
     1
 90
        1
176
     1
 40
0.0
176
     1
 90
        0
176
     1
290
     0
176
     1
290
     1
176
     1
290
     1
176
     1
290
     0
176
     1
290
     0
176
     1
290
     0
176
     1
290
     0
176
     1
290
     0
176
     1
290
     0
176
     1
 90
       50
176
     1
 40
0.0
176
     1
 40
1.0
176
     1
 90
        0
176
     1
 62
    18
420
        0
176
     1
 90
       50
176
     1
 90
        3
176
     1
 62
     5
420
      255
176
     1
290
     0
176
     1
 90
       50
176
     1
 90
       50
176
     1
 90
       50
176
     1
290
     0
176
     1
 90
       50
176
     1
 62
   256
176
     0
 40
1.0
176
     0
 90
        2
176
     1
  1
strokes_ogs.tif
176
     1
290
     0
176
     1
 40
1.0
176
     1
 40
1.0
176
     1
1001
ACAD
1000
AcDbSavedByObjectVersion
1070
     0
  0
VISUALSTYLE
  5
32
102
{ACAD_REACTORS
330
29
102
}
330
29
100
AcDbVisualStyle
  2
Conceptual
 70
     9
177
     3
291
     0
 70
    58
 90
        3
176
     1
 90
        2
176
     1
 90
        0
176
     1
 90
        0
176
     1
 40
0.6
176
     1
 40
30.0
176
     1
 62
     7
420
 16777215
176
     1
 90
        2
176
     1
 90
        2
176
     1
 62
     7
176
     1
 62
   257
176
     1
 90
        1
176
     1
 90
        1
176
     1
 40
179.0
176
     1
 90
        8
176
     1
 62
     7
176
     1
 40
1.0
176
     1
 90
        1
176
     1
 90
        6
176
     1
 90
        2
176
     1
 62
     7
176
     1
 90
        3
176
     1
 90
        0
176
     1
 90
        0
176
     1
290
     0
176
     1
 90
        1
176
     1
 40
0.0
176
     1
 90
        0
176
     1
290
     0
176
     1
290
     1
176
     1
290
     1
176
     1
290
     0
176
     1
290
     0
176
     1
290
     0
176
     1
290
     0
176
     1
290
     0
176
     1
290
     0
176
     1
 90
       50
176
     1
 40
0.0
176
     1
 40
1.0
176
     1
 90
        0
176
     1
 62
    18
420
        0
176
     1
 90
       50
176
     1
 90
        3
176
     1
 62
     5
420
      255
176
     1
290
     0
176
     1
 90
       50
176
     1
 90
       50
176
     1
 90
       50
176
     1
290
     0
176
     1
 90
       50
176
     1
 62
   256
176
     0
 40
1.0
176
     0
 90
        2
176
     1
  1
strokes_ogs.tif
176
     1
290
     0
176
     1
 40
1.0
176
     1
 40
1.0
176
     1
1001
ACAD
1000
AcDbSavedByObjectVersion
1070
     0
  0
VISUALSTYLE
  5
34
102
{ACAD_REACTORS
330
29
102
}
330
29
100
AcDbVisualStyle
  2
Dim
 70
    11
177
     3
291
     1
 70
    58
 90
        2
176
     1
 90
        2
176
     1
 90
        0
176
     1
 90
        0
176
     1
 40
0.6
176
     1
 40
30.0
176
     1
 62
     7
420
 16777215
176
     1
 90
        1
176
     1
 90
        4
176
     1
 62
     7
176
     1
 62
   257
176
     1
 90
        1
176
     1
 90
        1
176
     1
 40
1.0
176
     1
 90
        8
176
     1
 62
     7
176
     1
 40
1.0
176
     1
 90
        1
176
     1
 90
        6
176
     1
 90
        2
176
     1
 62
     7
176
     1
 90
        5
176
     1
 90
        0
176
     1
 90
        0
176
     1
290
     0
176
     1
 90
        1
176
     1
 40
-50.0
176
     1
 90
        0
176
     1
290
     0
176
     1
290
     1
176
     1
290
     1
176
     1
290
     0
176
     1
290
     0
176
     1
290
     0
176
     1
290
     0
176
     1
290
     0
176
     1
290
     0
176
     1
 90
       50
176
     1
 40
0.0
176
     1
 40
1.0
176
     1
 90
        0
176
     1
 62
    18
420
        0
176
     1
 90
       50
176
     1
 90
        3
176
     1
 62
     5
420
      255
176
     1
290
     0
176
     1
 90
       50
176
     1
 90
       50
176
     1
 90
       50
176
     1
290
     0
176
     1
 90
       50
176
     1
 62
   256
176
     0
 40
1.0
176
     0
 90
        2
176
     1
  1
strokes_ogs.tif
176
     1
290
     0
176
     1
 40
1.0
176
     1
 40
1.0
176
     1
1001
ACAD
1000
AcDbSavedByObjectVersion
1070
     0
  0
VISUALSTYLE
  5
41
102
{ACAD_REACTORS
330
29
102
}
330
29
100
AcDbVisualStyle
  2
EdgeColorOff
 70
    22
177
     3
291
     1
 70
    58
 90
        2
176
     0
 90
        2
176
     0
 90
        0
176
     0
 90
        0
176
     0
 40
0.6
176
     0
 40
30.0
176
     0
 62
     7
420
 16777215
176
     0
 90
        1
176
     0
 90
        4
176
     0
 62
     7
176
     0
 62
   257
176
     0
 90
        1
176
     0
 90
        1
176
     0
 40
1.0
176
     0
 90
        8
176
     2
 62
     7
176
     0
 40
1.0
176
     0
 90
        1
176
     0
 90
        6
176
     0
 90
        2
176
     0
 62
     7
176
     0
 90
        5
176
     0
 90
        0
176
     0
 90
        0
176
     0
290
     0
176
     0
 90
        1
176
     0
 40
0.0
176
     0
 90
        0
176
     0
290
     0
176
     0
290
     1
176
     0
290
     1
176
     0
290
     0
176
     0
290
     0
176
     0
290
     0
176
     0
290
     0
176
     0
290
     0
176
     0
290
     0
176
     0
 90
       50
176
     0
 40
0.0
176
     0
 40
1.0
176
     0
 90
        0
176
     0
 62
    18
420
        0
176
     0
 90
       50
176
     0
 90
        3
176
     0
 62
     5
420
      255
176
     0
290
     0
176
     0
 90
       50
176
     0
 90
       50
176
     0
 90
       50
176
     0
290
     0
176
     0
 90
       50
176
     0
 62
   256
176
     0
 40
1.0
176
     0
 90
        2
176
     0
  1
strokes_ogs.tif
176
     0
290
     0
176
     0
 40
1.0
176
     0
 40
1.0
176
     0
1001
ACAD
1000
AcDbSavedByObjectVersion
1070
     0
  0
VISUALSTYLE
  5
38
102
{ACAD_REACTORS
330
29
102
}
330
29
100
AcDbVisualStyle
  2
Facepattern
 70
    15
177
     3
291
     1
 70
    58
 90
        2
176
     1
 90
        2
176
     1
 90
        0
176
     1
 90
        0
176
     1
 40
0.6
176
     1
 40
30.0
176
     1
 62
     7
420
 16777215
176
     1
 90
        1
176
     1
 90
        4
176
     1
 62
     7
176
     1
 62
   257
176
     1
 90
        1
176
     1
 90
        1
176
     1
 40
1.0
176
     1
 90
        8
176
     1
 62
     7
176
     1
 40
1.0
176
     1
 90
        1
176
     1
 90
        6
176
     1
 90
        2
176
     1
 62
     7
176
     1
 90
        5
176
     1
 90
        0
176
     1
 90
        0
176
     1
290
     0
176
     1
 90
        1
176
     1
 40
0.0
176
     1
 90
        0
176
     1
290
     0
176
     1
290
     1
176
     1
290
     1
176
     1
290
     0
176
     1
290
     0
176
     1
290
     0
176
     1
290
     0
176
     1
290
     0
176
     1
290
     0
176
     1
 90
       50
176
     1
 40
0.0
176
     1
 40
1.0
176
     1
 90
        0
176
     1
 62
    18
420
        0
176
     1
 90
       50
176
     1
 90
        3
176
     1
 62
     5
420
      255
176
     1
290
     0
176
     1
 90
       50
176
     1
 90
       50
176
     1
 90
       50
176
     1
290
     0
176
     1
 90
       50
176
     1
 62
   256
176
     0
 40
1.0
176
     0
 90
        2
176
     1
  1
strokes_ogs.tif
176
     1
290
     0
176
     1
 40
1.0
176
     1
 40
1.0
176
     1
1001
ACAD
1000
AcDbSavedByObjectVersion
1070
     0
  0
VISUALSTYLE
  5
2A
102
{ACAD_REACTORS
330
29
102
}
330
29
100
AcDbVisualStyle
  2
Flat
 70
     0
177
     3
291
     1
 70
    58
 90
        2
176
     1
 90
        1
176
     1
 90
        1
176
     1
 90
        2
176
     1
 40
0.6
176
     1
 40
30.0
176
     1
 62
     7
420
 16777215
176
     1
 90
        0
176
     1
 90
        0
176
     1
 62
     7
176
     1
 62
   257
176
     1
 90
        1
176
     1
 90
        1
176
     1
 40
1.0
176
     1
 90
        8
176
     1
 62
     7
176
     1
 40
1.0
176
     1
 90
        1
176
     1
 90
        6
176
     1
 90
        2
176
     1
 62
     7
176
     1
 90
        5
176
     1
 90
        0
176
     1
 90
        0
176
     1
290
     0
176
     1
 90
       13
176
     1
 40
0.0
176
     1
 90
        0
176
     1
290
     0
176
     1
290
     1
176
     1
290
     1
176
     1
290
     0
176
     1
290
     0
176
     1
290
     0
176
     1
290
     0
176
     1
290
     0
176
     1
290
     0
176
     1
 90
       50
176
     1
 40
0.0
176
     1
 40
1.0
176
     1
 90
        0
176
     1
 62
    18
420
        0
176
     1
 90
       50
176
     1
 90
        3
176
     1
 62
     5
420
      255
176
     1
290
     0
176
     1
 90
       50
176
     1
 90
       50
176
     1
 90
       50
176
     1
290
     0
176
     1
 90
       50
176
     1
 62
   256
176
     0
 40
1.0
176
     0
 90
        2
176
     1
  1
strokes_ogs.tif
176
     1
290
     0
176
     1
 40
1.0
176
     1
 40
1.0
176
     1
1001
ACAD
1000
AcDbSavedByObjectVersion
1070
     0
  0
VISUALSTYLE
  5
2B
102
{ACAD_REACTORS
330
29
102
}
330
29
100
AcDbVisualStyle
  2
FlatWithEdges
 70
     1
177
     3
291
     1
 70
    58
 90
        2
176
     1
 90
        1
176
     1
 90
        1
176
     1
 90
        2
176
     1
 40
0.6
176
     1
 40
30.0
176
     1
 62
     7
420
 16777215
176
     1
 90
        1
176
     1
 90
        0
176
     1
 62
     7
176
     1
 62
   257
176
     1
 90
        1
176
     1
 90
        1
176
     1
 40
1.0
176
     1
 90
        0
176
     1
 62
   257
176
     1
 40
1.0
176
     1
 90
        1
176
     1
 90
        6
176
     1
 90
        2
176
     1
 62
     7
176
     1
 90
        5
176
     1
 90
        0
176
     1
 90
        0
176
     1
290
     0
176
     1
 90
       13
176
     1
 40
0.0
176
     1
 90
        0
176
     1
290
     0
176
     1
290
     1
176
     1
290
     1
176
     1
290
     0
176
     1
290
     0
176
     1
290
     0
176
     1
290
     0
176
     1
290
     0
176
     1
290
     0
176
     1
 90
       50
176
     1
 40
0.0
176
     1
 40
1.0
176
     1
 90
        0
176
     1
 62
    18
420
        0
176
     1
 90
       50
176
     1
 90
        3
176
     1
 62
     5
420
      255
176
     1
290
     0
176
     1
 90
       50
176
     1
 90
       50
176
     1
 90
       50
176
     1
290
     0
176
     1
 90
       50
176
     1
 62
   256
176
     0
 40
1.0
176
     0
 90
        2
176
     1
  1
strokes_ogs.tif
176
     1
290
     0
176
     1
 40
1.0
176
     1
 40
1.0
176
     1
1001
ACAD
1000
AcDbSavedByObjectVersion
1070
     0
  0
VISUALSTYLE
  5
2C
102
{ACAD_REACTORS
330
29
102
}
330
29
100
AcDbVisualStyle
  2
Gouraud
 70
     2
177
     3
291
     1
 70
    58
 90
        2
176
     1
 90
        2
176
     1
 90
        1
176
     1
 90
        2
176
     1
 40
0.6
176
     1
 40
30.0
176
     1
 62
     7
420
 16777215
176
     1
 90
        0
176
     1
 90
        0
176
     1
 62
     7
176
     1
 62
   257
176
     1
 90
        1
176
     1
 90
        1
176
     1
 40
1.0
176
     1
 90
        0
176
     1
 62
     7
176
     1
 40
1.0
176
     1
 90
        1
176
     1
 90
        6
176
     1
 90
        2
176
     1
 62
     7
176
     1
 90
        5
176
     1
 90
        0
176
     1
 90
        0
176
     1
290
     0
176
     1
 90
       13
176
     1
 40
0.0
176
     1
 90
        0
176
     1
290
     0
176
     1
290
     1
176
     1
290
     1
176
     1
290
     0
176
     1
290
     0
176
     1
290
     0
176
     1
290
     0
176
     1
290
     0
176
     1
290
     0
176
     1
 90
       50
176
     1
 40
0.0
176
     1
 40
1.0
176
     1
 90
        0
176
     1
 62
    18
420
        0
176
     1
 90
       50
176
     1
 90
        3
176
     1
 62
     5
420
      255
176
     1
290
     0
176
     1
 90
       50
176
     1
 90
       50
176
     1
 90
       50
176
     1
290
     0
176
     1
 90
       50
176
     1
 62
   256
176
     0
 40
1.0
176
     0
 90
        2
176
     1
  1
strokes_ogs.tif
176
     1
290
     0
176
     1
 40
1.0
176
     1
 40
1.0
176
     1
1001
ACAD
1000
AcDbSavedByObjectVersion
1070
     0
  0
VISUALSTYLE
  5
2D
102
{ACAD_REACTORS
330
29
102
}
330
29
100
AcDbVisualStyle
  2
GouraudWithEdges
 70
     3
177
     3
291
     1
 70
    58
 90
        2
176
     1
 90
        2
176
     1
 90
        1
176
     1
 90
        2
176
     1
 40
0.6
176
     1
 40
30.0
176
     1
 62
     7
420
 16777215
176
     1
 90
        1
176
     1
 90
        0
176
     1
 62
     7
176
     1
 62
   257
176
     1
 90
        1
176
     1
 90
        1
176
     1
 40
1.0
176
     1
 90
        0
176
     1
 62
   257
176
     1
 40
1.0
176
     1
 90
        1
176
     1
 90
        6
176
     1
 90
        2
176
     1
 62
     7
176
     1
 90
        5
176
     1
 90
        0
176
     1
 90
        0
176
     1
290
     0
176
     1
 90
       13
176
     1
 40
0.0
176
     1
 90
        0
176
     1
290
     0
176
     1
290
     1
176
     1
290
     1
176
     1
290
     0
176
     1
290
     0
176
     1
290
     0
176
     1
290
     0
176
     1
290
     0
176
     1
290
     0
176
     1
 90
       50
176
     1
 40
0.0
176
     1
 40
1.0
176
     1
 90
        0
176
     1
 62
    18
420
        0
176
     1
 90
       50
176
     1
 90
        3
176
     1
 62
     5
420
      255
176
     1
290
     0
176
     1
 90
       50
176
     1
 90
       50
176
     1
 90
       50
176
     1
290
     0
176
     1
 90
       50
176
     1
 62
   256
176
     0
 40
1.0
176
     0
 90
        2
176
     1
  1
strokes_ogs.tif
176
     1
290
     0
176
     1
 40
1.0
176
     1
 40
1.0
176
     1
1001
ACAD
1000
AcDbSavedByObjectVersion
1070
     0
  0
VISUALSTYLE
  5
31
102
{ACAD_REACTORS
330
29
102
}
330
29
100
AcDbVisualStyle
  2
Hidden
 70
     6
177
     3
291
     0
 70
    58
 90
        1
176
     1
 90
        2
176
     1
 90
        2
176
     1
 90
        0
176
     1
 40
0.6
176
     1
 40
30.0
176
     1
 62
     7
420
 16777215
176
     1
 90
        2
176
     1
 90
        2
176
     1
 62
     7
176
     1
 62
   257
176
     1
 90
        2
176
     1
 90
        1
176
     1
 40
40.0
176
     1
 90
        0
176
     1
 62
   257
176
     1
 40
1.0
176
     1
 90
        1
176
     1
 90
        6
176
     1
 90
        2
176
     1
 62
     7
176
     1
 90
        3
176
     1
 90
        0
176
     1
 90
        0
176
     1
290
     0
176
     1
 90
        1
176
     1
 40
0.0
176
     1
 90
        0
176
     1
290
     0
176
     1
290
     1
176
     1
290
     1
176
     1
290
     0
176
     1
290
     0
176
     1
290
     0
176
     1
290
     0
176
     1
290
     0
176
     1
290
     0
176
     1
 90
       50
176
     1
 40
0.0
176
     1
 40
1.0
176
     1
 90
        0
176
     1
 62
    18
420
        0
176
     1
 90
       50
176
     1
 90
        3
176
     1
 62
     5
420
      255
176
     1
290
     0
176
     1
 90
       50
176
     1
 90
       50
176
     1
 90
       50
176
     1
290
     0
176
     1
 90
       50
176
     1
 62
   256
176
     0
 40
1.0
176
     0
 90
        2
176
     1
  1
strokes_ogs.tif
176
     1
290
     0
176
     1
 40
1.0
176
     1
 40
1.0
176
     1
1001
ACAD
1000
AcDbSavedByObjectVersion
1070
     0
  0
VISUALSTYLE
  5
3F
102
{ACAD_REACTORS
330
29
102
}
330
29
100
AcDbVisualStyle
  2
JitterOff
 70
    20
177
     3
291
     1
 70
    58
 90
        2
176
     0
 90
        2
176
     0
 90
        0
176
     0
 90
        0
176
     0
 40
0.6
176
     0
 40
30.0
176
     0
 62
     7
420
 16777215
176
     0
 90
        1
176
     0
 90
        4
176
     0
 62
     7
176
     0
 62
   257
176
     0
 90
        1
176
     0
 90
        1
176
     0
 40
1.0
176
     0
 90
       10
176
     2
 62
     7
176
     0
 40
1.0
176
     0
 90
        1
176
     0
 90
        6
176
     0
 90
        2
176
     0
 62
     7
176
     0
 90
        5
176
     0
 90
        0
176
     0
 90
        0
176
     0
290
     0
176
     0
 90
        1
176
     0
 40
0.0
176
     0
 90
        0
176
     0
290
     0
176
     0
290
     1
176
     0
290
     1
176
     0
290
     0
176
     0
290
     0
176
     0
290
     0
176
     0
290
     0
176
     0
290
     0
176
     0
290
     0
176
     0
 90
       50
176
     0
 40
0.0
176
     0
 40
1.0
176
     0
 90
        0
176
     0
 62
    18
420
        0
176
     0
 90
       50
176
     0
 90
        3
176
     0
 62
     5
420
      255
176
     0
290
     0
176
     0
 90
       50
176
     0
 90
       50
176
     0
 90
       50
176
     0
290
     0
176
     0
 90
       50
176
     0
 62
   256
176
     0
 40
1.0
176
     0
 90
        2
176
     0
  1
strokes_ogs.tif
176
     0
290
     0
176
     0
 40
1.0
176
     0
 40
1.0
176
     0
1001
ACAD
1000
AcDbSavedByObjectVersion
1070
     0
  0
VISUALSTYLE
  5
37
102
{ACAD_REACTORS
330
29
102
}
330
29
100
AcDbVisualStyle
  2
Linepattern
 70
    14
177
     3
291
     1
 70
    58
 90
        2
176
     1
 90
        2
176
     1
 90
        0
176
     1
 90
        0
176
     1
 40
0.6
176
     1
 40
30.0
176
     1
 62
     7
420
 16777215
176
     1
 90
        1
176
     1
 90
        4
176
     1
 62
     7
176
     1
 62
   257
176
     1
 90
        7
176
     1
 90
        7
176
     1
 40
1.0
176
     1
 90
        8
176
     1
 62
     7
176
     1
 40
1.0
176
     1
 90
        1
176
     1
 90
        6
176
     1
 90
        2
176
     1
 62
     7
176
     1
 90
        5
176
     1
 90
        0
176
     1
 90
        0
176
     1
290
     0
176
     1
 90
        1
176
     1
 40
0.0
176
     1
 90
        0
176
     1
290
     0
176
     1
290
     1
176
     1
290
     1
176
     1
290
     0
176
     1
290
     0
176
     1
290
     0
176
     1
290
     0
176
     1
290
     0
176
     1
290
     0
176
     1
 90
       50
176
     1
 40
0.0
176
     1
 40
1.0
176
     1
 90
        0
176
     1
 62
    18
420
        0
176
     1
 90
       50
176
     1
 90
        3
176
     1
 62
     5
420
      255
176
     1
290
     0
176
     1
 90
       50
176
     1
 90
       50
176
     1
 90
       50
176
     1
290
     0
176
     1
 90
       50
176
     1
 62
   256
176
     0
 40
1.0
176
     0
 90
        2
176
     1
  1
strokes_ogs.tif
176
     1
290
     0
176
     1
 40
1.0
176
     1
 40
1.0
176
     1
1001
ACAD
1000
AcDbSavedByObjectVersion
1070
     0
  0
VISUALSTYLE
  5
40
102
{ACAD_REACTORS
330
29
102
}
330
29
100
AcDbVisualStyle
  2
OverhangOff
 70
    21
177
     3
291
     1
 70
    58
 90
        2
176
     0
 90
        2
176
     0
 90
        0
176
     0
 90
        0
176
     0
 40
0.6
176
     0
 40
30.0
176
     0
 62
     7
420
 16777215
176
     0
 90
        1
176
     0
 90
        4
176
     0
 62
     7
176
     0
 62
   257
176
     0
 90
        1
176
     0
 90
        1
176
     0
 40
1.0
176
     0
 90
        9
176
     2
 62
     7
176
     0
 40
1.0
176
     0
 90
        1
176
     0
 90
        6
176
     0
 90
        2
176
     0
 62
     7
176
     0
 90
        5
176
     0
 90
        0
176
     0
 90
        0
176
     0
290
     0
176
     0
 90
        1
176
     0
 40
0.0
176
     0
 90
        0
176
     0
290
     0
176
     0
290
     1
176
     0
290
     1
176
     0
290
     0
176
     0
290
     0
176
     0
290
     0
176
     0
290
     0
176
     0
290
     0
176
     0
290
     0
176
     0
 90
       50
176
     0
 40
0.0
176
     0
 40
1.0
176
     0
 90
        0
176
     0
 62
    18
420
        0
176
     0
 90
       50
176
     0
 90
        3
176
     0
 62
     5
420
      255
176
     0
290
     0
176
     0
 90
       50
176
     0
 90
       50
176
     0
 90
       50
176
     0
290
     0
176
     0
 90
       50
176
     0
 62
   256
176
     0
 40
1.0
176
     0
 90
        2
176
     0
  1
strokes_ogs.tif
176
     0
290
     0
176
     0
 40
1.0
176
     0
 40
1.0
176
     0
1001
ACAD
1000
AcDbSavedByObjectVersion
1070
     0
  0
VISUALSTYLE
  5
33
102
{ACAD_REACTORS
330
29
102
}
330
29
100
AcDbVisualStyle
  2
Realistic
 70
     8
177
     3
291
     0
 70
    58
 90
        2
176
     1
 90
        3
176
     1
 90
        0
176
     1
 90
        2
176
     1
 40
0.6
176
     1
 40
30.0
176
     1
 62
     7
420
 16777215
176
     1
 90
        0
176
     1
 90
        0
176
     1
 62
     7
176
     1
 62
   257
176
     1
 90
        1
176
     1
 90
        1
176
     1
 40
1.0
176
     1
 90
        8
176
     1
 62
   257
176
     1
 40
1.0
176
     1
 90
        1
176
     1
 90
        6
176
     1
 90
        2
176
     1
 62
     7
176
     1
 90
        3
176
     1
 90
        0
176
     1
 90
        0
176
     1
290
     0
176
     1
 90
       13
176
     1
 40
0.0
176
     1
 90
        0
176
     1
290
     0
176
     1
290
     1
176
     1
290
     1
176
     1
290
     0
176
     1
290
     0
176
     1
290
     0
176
     1
290
     0
176
     1
290
     0
176
     1
290
     0
176
     1
 90
       50
176
     1
 40
0.0
176
     1
 40
1.0
176
     1
 90
        0
176
     1
 62
    18
420
        0
176
     1
 90
       50
176
     1
 90
        3
176
     1
 62
     5
420
      255
176
     1
290
     0
176
     1
 90
       50
176
     1
 90
       50
176
     1
 90
       50
176
     1
290
     0
176
     1
 90
       50
176
     1
 62
   256
176
     0
 40
1.0
176
     0
 90
        2
176
     1
  1
strokes_ogs.tif
176
     1
290
     0
176
     1
 40
1.0
176
     1
 40
1.0
176
     1
1001
ACAD
1000
AcDbSavedByObjectVersion
1070
     0
  0
VISUALSTYLE
  5
3E
102
{ACAD_REACTORS
330
29
102
}
330
29
100
AcDbVisualStyle
  2
Shaded
 70
    27
177
     3
291
     0
 70
    58
 90
        2
176
     1
 90
        2
176
     1
 90
        1
176
     1
 90
        2
176
     1
 40
0.6
176
     1
 40
30.0
176
     1
 62
     7
420
 16777215
176
     1
 90
        0
176
     1
 90
        4
176
     1
 62
     7
176
     1
 62
   257
176
     1
 90
        1
176
     1
 90
        1
176
     1
 40
1.0
176
     1
 90
        8
176
     1
 62
   257
176
     1
 40
1.0
176
     1
 90
        1
176
     1
 90
        6
176
     1
 90
        2
176
     1
 62
     8
420
  7895160
176
     1
 90
        3
176
     1
 90
        0
176
     1
 90
        0
176
     1
290
     0
176
     1
 90
        5
176
     1
 40
0.0
176
     1
 90
        0
176
     1
290
     0
176
     1
290
     1
176
     1
290
     1
176
     1
290
     0
176
     1
290
     0
176
     1
290
     0
176
     1
290
     0
176
     1
290
     0
176
     1
290
     0
176
     1
 90
       50
176
     1
 40
0.0
176
     1
 40
1.0
176
     1
 90
        0
176
     1
 62
    18
420
        0
176
     1
 90
       50
176
     1
 90
        3
176
     1
 62
     5
420
      255
176
     1
290
     0
176
     1
 90
       50
176
     1
 90
       50
176
     1
 90
       50
176
     1
290
     0
176
     1
 90
       50
176
     1
 62
   256
176
     0
 40
1.0
176
     0
 90
        2
176
     1
  1
strokes_ogs.tif
176
     1
290
     0
176
     1
 40
1.0
176
     1
 40
1.0
176
     1
1001
ACAD
1000
AcDbSavedByObjectVersion
1070
     0
  0
VISUALSTYLE
  5
3D
102
{ACAD_REACTORS
330
29
102
}
330
29
100
AcDbVisualStyle
  2
Shaded with edges
 70
    26
177
     3
291
     0
 70
    58
 90
        2
176
     1
 90
        2
176
     1
 90
        1
176
     1
 90
        2
176
     1
 40
0.6
176
     1
 40
30.0
176
     1
 62
     7
420
 16777215
176
     1
 90
        1
176
     1
 90
        2
176
     1
 62
     7
176
     1
 62
   257
176
     1
 90
        2
176
     1
 90
        1
176
     1
 40
1.0
176
     1
 90
        8
176
     1
 62
   257
176
     1
 40
1.0
176
     1
 90
        1
176
     1
 90
        6
176
     1
 90
        2
176
     1
 62
     7
176
     1
 90
        3
176
     1
 90
        0
176
     1
 90
        0
176
     1
290
     0
176
     1
 90
        5
176
     1
 40
0.0
176
     1
 90
        0
176
     1
290
     0
176
     1
290
     1
176
     1
290
     1
176
     1
290
     0
176
     1
290
     0
176
     1
290
     0
176
     1
290
     0
176
     1
290
     0
176
     1
290
     0
176
     1
 90
       50
176
     1
 40
0.0
176
     1
 40
1.0
176
     1
 90
        0
176
     1
 62
    18
420
        0
176
     1
 90
       50
176
     1
 90
        3
176
     1
 62
     5
420
      255
176
     1
290
     0
176
     1
 90
       50
176
     1
 90
       50
176
     1
 90
       50
176
     1
290
     0
176
     1
 90
       50
176
     1
 62
   256
176
     0
 40
1.0
176
     0
 90
        2
176
     1
  1
strokes_ogs.tif
176
     1
290
     0
176
     1
 40
1.0
176
     1
 40
1.0
176
     1
1001
ACAD
1000
AcDbSavedByObjectVersion
1070
     0
  0
VISUALSTYLE
  5
3A
102
{ACAD_REACTORS
330
29
102
}
330
29
100
AcDbVisualStyle
  2
Shades of Gray
 70
    23
177
     3
291
     0
 70
    58
 90
        2
176
     1
 90
        2
176
     1
 90
        3
176
     1
 90
        0
176
     1
 40
0.6
176
     1
 40
30.0
176
     1
 62
     7
420
 16777215
176
     1
 90
        2
176
     1
 90
        2
176
     1
 62
     7
176
     1
 62
     7
176
     1
 90
        1
176
     1
 90
        1
176
     1
 40
40.0
176
     1
 90
        8
176
     1
 62
     7
176
     1
 40
1.0
176
     1
 90
        1
176
     1
 90
        6
176
     1
 90
        2
176
     1
 62
     7
176
     1
 90
        3
176
     1
 90
        0
176
     1
 90
        0
176
     1
290
     0
176
     1
 90
        1
176
     1
 40
0.0
176
     1
 90
        0
176
     1
290
     0
176
     1
290
     1
176
     1
290
     1
176
     1
290
     0
176
     1
290
     0
176
     1
290
     0
176
     1
290
     0
176
     1
290
     0
176
     1
290
     0
176
     1
 90
       50
176
     1
 40
0.0
176
     1
 40
1.0
176
     1
 90
        0
176
     1
 62
    18
420
        0
176
     1
 90
       50
176
     1
 90
        3
176
     1
 62
     5
420
      255
176
     1
290
     0
176
     1
 90
       50
176
     1
 90
       50
176
     1
 90
       50
176
     1
290
     0
176
     1
 90
       50
176
     1
 62
   256
176
     0
 40
1.0
176
     0
 90
        2
176
     1
  1
strokes_ogs.tif
176
     1
290
     0
176
     1
 40
1.0
176
     1
 40
1.0
176
     1
1001
ACAD
1000
AcDbSavedByObjectVersion
1070
     0
  0
VISUALSTYLE
  5
3B
102
{ACAD_REACTORS
330
29
102
}
330
29
100
AcDbVisualStyle
  2
Sketchy
 70
    24
177
     3
291
     0
 70
    58
 90
        1
176
     1
 90
        2
176
     1
 90
        2
176
     1
 90
        0
176
     1
 40
0.6
176
     1
 40
30.0
176
     1
 62
     7
420
 16777215
176
     1
 90
        2
176
     1
 90
        2
176
     1
 62
     7
176
     1
 62
     7
176
     1
 90
        1
176
     1
 90
        1
176
     1
 40
40.0
176
     1
 90
       11
176
     1
 62
     7
176
     1
 40
1.0
176
     1
 90
        1
176
     1
 90
        6
176
     1
 90
        2
176
     1
 62
     7
176
     1
 90
        6
176
     1
 90
        0
176
     1
 90
        0
176
     1
290
     0
176
     1
 90
        1
176
     1
 40
0.0
176
     1
 90
        0
176
     1
290
     0
176
     1
290
     1
176
     1
290
     1
176
     1
290
     0
176
     1
290
     0
176
     1
290
     0
176
     1
290
     0
176
     1
290
     0
176
     1
290
     0
176
     1
 90
       50
176
     1
 40
0.0
176
     1
 40
1.0
176
     1
 90
        0
176
     1
 62
    18
420
        0
176
     1
 90
       50
176
     1
 90
        3
176
     1
 62
     5
420
      255
176
     1
290
     0
176
     1
 90
       50
176
     1
 90
       50
176
     1
 90
       50
176
     1
290
     0
176
     1
 90
       50
176
     1
 62
   256
176
     0
 40
1.0
176
     0
 90
        2
176
     1
  1
strokes_ogs.tif
176
     1
290
     0
176
     1
 40
1.0
176
     1
 40
1.0
176
     1
1001
ACAD
1000
AcDbSavedByObjectVersion
1070
     0
  0
VISUALSTYLE
  5
36
102
{ACAD_REACTORS
330
29
102
}
330
29
100
AcDbVisualStyle
  2
Thicken
 70
    13
177
     3
291
     1
 70
    58
 90
        2
176
     1
 90
        2
176
     1
 90
        0
176
     1
 90
        0
176
     1
 40
0.6
176
     1
 40
30.0
176
     1
 62
     7
420
 16777215
176
     1
 90
        1
176
     1
 90
        4
176
     1
 62
     7
176
     1
 62
   257
176
     1
 90
        1
176
     1
 90
        1
176
     1
 40
1.0
176
     1
 90
       12
176
     1
 62
     7
176
     1
 40
1.0
176
     1
 90
        1
176
     1
 90
        6
176
     1
 90
        2
176
     1
 62
     7
176
     1
 90
        5
176
     1
 90
        0
176
     1
 90
        0
176
     1
290
     0
176
     1
 90
        1
176
     1
 40
0.0
176
     1
 90
        0
176
     1
290
     0
176
     1
290
     1
176
     1
290
     1
176
     1
290
     0
176
     1
290
     0
176
     1
290
     0
176
     1
290
     0
176
     1
290
     0
176
     1
290
     0
176
     1
 90
       50
176
     1
 40
0.0
176
     1
 40
1.0
176
     1
 90
        0
176
     1
 62
    18
420
        0
176
     1
 90
       50
176
     1
 90
        3
176
     1
 62
     5
420
      255
176
     1
290
     0
176
     1
 90
       50
176
     1
 90
       50
176
     1
 90
       50
176
     1
290
     0
176
     1
 90
       50
176
     1
 62
   256
176
     0
 40
1.0
176
     0
 90
        2
176
     1
  1
strokes_ogs.tif
176
     1
290
     0
176
     1
 40
1.0
176
     1
 40
1.0
176
     1
1001
ACAD
1000
AcDbSavedByObjectVersion
1070
     0
  0
VISUALSTYLE
  5
30
102
{ACAD_REACTORS
330
29
102
}
330
29
100
AcDbVisualStyle
  2
Wireframe
 70
     5
177
     3
291
     0
 70
    58
 90
        0
176
     1
 90
        2
176
     1
 90
        0
176
     1
 90
        0
176
     1
 40
0.6
176
     1
 40
30.0
176
     1
 62
     7
420
 16777215
176
     1
 90
        1
176
     1
 90
        4
176
     1
 62
     7
176
     1
 62
   257
176
     1
 90
        1
176
     1
 90
        1
176
     1
 40
1.0
176
     1
 90
        0
176
     1
 62
   257
176
     1
 40
1.0
176
     1
 90
        1
176
     1
 90
        6
176
     1
 90
        2
176
     1
 62
     7
176
     1
 90
        3
176
     1
 90
        0
176
     1
 90
        0
176
     1
290
     0
176
     1
 90
        1
176
     1
 40
0.0
176
     1
 90
        0
176
     1
290
     0
176
     1
290
     1
176
     1
290
     1
176
     1
290
     0
176
     1
290
     0
176
     1
290
     0
176
     1
290
     0
176
     1
290
     0
176
     1
290
     0
176
     1
 90
       50
176
     1
 40
0.0
176
     1
 40
1.0
176
     1
 90
        0
176
     1
 62
    18
420
        0
176
     1
 90
       50
176
     1
 90
        3
176
     1
 62
     5
420
      255
176
     1
290
     0
176
     1
 90
       50
176
     1
 90
       50
176
     1
 90
       50
176
     1
290
     0
176
     1
 90
       50
176
     1
 62
   256
176
     0
 40
1.0
176
     0
 90
        2
176
     1
  1
strokes_ogs.tif
176
     1
290
     0
176
     1
 40
1.0
176
     1
 40
1.0
176
     1
1001
ACAD
1000
AcDbSavedByObjectVersion
1070
     0
  0
VISUALSTYLE
  5
3C
102
{ACAD_REACTORS
330
29
102
}
330
29
100
AcDbVisualStyle
  2
X-Ray
 70
    25
177
     3
291
     0
 70
    58
 90
        2
176
     1
 90
        2
176
     1
 90
        1
176
     1
 90
        1
176
     1
 40
0.5
176
     1
 40
30.0
176
     1
 62
     7
420
 16777215
176
     1
 90
        1
176
     1
 90
        0
176
     1
 62
     7
176
     1
 62
   257
176
     1
 90
        1
176
     1
 90
        1
176
     1
 40
1.0
176
     1
 90
        8
176
     1
 62
     7
176
     1
 40
1.0
176
     1
 90
        1
176
     1
 90
        6
176
     1
 90
        2
176
     1
 62
     7
176
     1
 90
        3
176
     1
 90
        0
176
     1
 90
        0
176
     1
290
     0
176
     1
 90
       13
176
     1
 40
0.0
176
     1
 90
        0
176
     1
290
     0
176
     1
290
     1
176
     1
290
     1
176
     1
290
     0
176
     1
290
     0
176
     1
290
     0
176
     1
290
     0
176
     1
290
     0
176
     1
290
     0
176
     1
 90
       50
176
     1
 40
0.0
176
     1
 40
1.0
176
     1
 90
        0
176
     1
 62
    18
420
        0
176
     1
 90
       50
176
     1
 90
        3
176
     1
 62
     5
420
      255
176
     1
290
     0
176
     1
 90
       50
176
     1
 90
       50
176
     1
 90
       50
176
     1
290
     0
176
     1
 90
       50
176
     1
 62
   256
176
     0
 40
1.0
176
     0
 90
        2
176
     1
  1
strokes_ogs.tif
176
     1
290
     0
176
     1
 40
1.0
176
     1
 40
1.0
176
     1
1001
ACAD
1000
AcDbSavedByObjectVersion
1070
     0
  0
DICTIONARYVAR
  5
1D7F
102
{ACAD_REACTORS
330
1D7A
102
}
330
1D7A
100
DictionaryVariables
280
     0
  1
0
  0
DICTIONARYVAR
  5
1D80
102
{ACAD_REACTORS
330
1D7A
102
}
330
1D7A
100
DictionaryVariables
280
     0
  1
1:1
  0
DICTIONARYVAR
  5
1D7C
102
{ACAD_REACTORS
330
1D7A
102
}
330
1D7A
100
DictionaryVariables
280
     0
  1
STANDARD
  0
DICTIONARYVAR
  5
1D7B
102
{ACAD_REACTORS
330
1D7A
102
}
330
1D7A
100
DictionaryVariables
280
     0
  1
STANDARD
  0
DICTIONARYVAR
  5
1D7D
102
{ACAD_REACTORS
330
1D7A
102
}
330
1D7A
100
DictionaryVariables
280
     0
  1
Imperial24
  0
DICTIONARYVAR
  5
1D7E
102
{ACAD_REACTORS
330
1D7A
102
}
330
1D7A
100
DictionaryVariables
280
     0
  1
Imperial24
  0
DICTIONARY
  5
1D87
330
6B
100
AcDbDictionary
280
     1
281
     1
  3
ACAD_XREC_ROUNDTRIP
360
1D88
  0
DICTIONARY
  5
1A
330
19
100
AcDbDictionary
280
     1
281
     1
  3
BUMPTILE
360
1C
  3
DIFFUSETILE
360
1B
  3
OPACITYTILE
360
1F
  3
REFLECTIONTILE
360
1E
  3
REFRACTIONTILE
360
20
  3
SPECULARTILE
360
1D
  0
DICTIONARY
  5
12
330
11
100
AcDbDictionary
280
     1
281
     1
  3
BUMPTILE
360
14
  3
DIFFUSETILE
360
13
  3
OPACITYTILE
360
17
  3
REFLECTIONTILE
360
16
  3
REFRACTIONTILE
360
18
  3
SPECULARTILE
360
15
  0
DICTIONARY
  5
22
330
21
100
AcDbDictionary
280
     1
281
     1
  3
BUMPTILE
360
24
  3
DIFFUSETILE
360
23
  3
OPACITYTILE
360
27
  3
REFLECTIONTILE
360
26
  3
REFRACTIONTILE
360
28
  3
SPECULARTILE
360
25
  0
DICTIONARY
  5
1D85
330
69
100
AcDbDictionary
280
     1
281
     1
  3
ACAD_XREC_ROUNDTRIP
360
1D86
  0
DICTIONARY
  5
1D81
330
65
100
AcDbDictionary
280
     1
281
     1
  3
ACAD_ROUNDTRIP_2008_TABLESTYLE_CELLSTYLEMAP
360
1D82
  0
XRECORD
  5
1D88
102
{ACAD_REACTORS
330
1D87
102
}
330
1D87
100
AcDbXrecord
280
     1
102
DISPLAYNAME
  1
Imperial24
102
FLAGS
 90
        0
  0
XRECORD
  5
1C
102
{ACAD_REACTORS
330
1A
102
}
330
1A
100
AcDbXrecord
280
     1
270
     1
271
     1
  0
XRECORD
  5
1B
102
{ACAD_REACTORS
330
1A
102
}
330
1A
100
AcDbXrecord
280
     1
270
     1
271
     1
  0
XRECORD
  5
1F
102
{ACAD_REACTORS
330
1A
102
}
330
1A
100
AcDbXrecord
280
     1
270
     1
271
     1
  0
XRECORD
  5
1E
102
{ACAD_REACTORS
330
1A
102
}
330
1A
100
AcDbXrecord
280
     1
270
     1
271
     1
  0
XRECORD
  5
20
102
{ACAD_REACTORS
330
1A
102
}
330
1A
100
AcDbXrecord
280
     1
270
     1
271
     1
  0
XRECORD
  5
1D
102
{ACAD_REACTORS
330
1A
102
}
330
1A
100
AcDbXrecord
280
     1
270
     1
271
     1
  0
XRECORD
  5
14
102
{ACAD_REACTORS
330
12
102
}
330
12
100
AcDbXrecord
280
     1
270
     1
271
     1
  0
XRECORD
  5
13
102
{ACAD_REACTORS
330
12
102
}
330
12
100
AcDbXrecord
280
     1
270
     1
271
     1
  0
XRECORD
  5
17
102
{ACAD_REACTORS
330
12
102
}
330
12
100
AcDbXrecord
280
     1
270
     1
271
     1
  0
XRECORD
  5
16
102
{ACAD_REACTORS
330
12
102
}
330
12
100
AcDbXrecord
280
     1
270
     1
271
     1
  0
XRECORD
  5
18
102
{ACAD_REACTORS
330
12
102
}
330
12
100
AcDbXrecord
280
     1
270
     1
271
     1
  0
XRECORD
  5
15
102
{ACAD_REACTORS
330
12
102
}
330
12
100
AcDbXrecord
280
     1
270
     1
271
     1
  0
XRECORD
  5
24
102
{ACAD_REACTORS
330
22
102
}
330
22
100
AcDbXrecord
280
     1
270
     1
271
     1
  0
XRECORD
  5
23
102
{ACAD_REACTORS
330
22
102
}
330
22
100
AcDbXrecord
280
     1
270
     1
271
     1
  0
XRECORD
  5
27
102
{ACAD_REACTORS
330
22
102
}
330
22
100
AcDbXrecord
280
     1
270
     1
271
     1
  0
XRECORD
  5
26
102
{ACAD_REACTORS
330
22
102
}
330
22
100
AcDbXrecord
280
     1
270
     1
271
     1
  0
XRECORD
  5
28
102
{ACAD_REACTORS
330
22
102
}
330
22
100
AcDbXrecord
280
     1
270
     1
271
     1
  0
XRECORD
  5
25
102
{ACAD_REACTORS
330
22
102
}
330
22
100
AcDbXrecord
280
     1
270
     1
271
     1
  0
XRECORD
  5
1D86
102
{ACAD_REACTORS
330
1D85
102
}
330
1D85
100
AcDbXrecord
280
     1
102
DISPLAYNAME
  1
Imperial24
102
FLAGS
 90
        0
  0
CELLSTYLEMAP
  5
1D82
102
{ACAD_REACTORS
330
1D81
102
}
330
1D81
100
AcDbCellStyleMap
 90
        3
300
CELLSTYLE
  1
TABLEFORMAT_BEGIN
 90
        5
170
     1
 91
        0
 92
    32768
 62
   257
 93
        1
300
CONTENTFORMAT
  1
CONTENTFORMAT_BEGIN
 90
        0
 91
        0
 92
      512
 93
        0
300

 40
0.0
140
1.0
 94
        5
 62
     0
340
55
144
0.25
309
CONTENTFORMAT_END
171
     1
301
MARGIN
  1
CELLMARGIN_BEGIN
 40
1.5
 40
1.5
 40
1.5
 40
1.5
 40
0.18
 40
0.18
309
CELLMARGIN_END
 94
        0
309
TABLEFORMAT_END
  1
CELLSTYLE_BEGIN
 90
        1
 91
        1
300
_TITLE
309
CELLSTYLE_END
300
CELLSTYLE
  1
TABLEFORMAT_BEGIN
 90
        5
170
     1
 91
        0
 92
        0
 62
   257
 93
        1
300
CONTENTFORMAT
  1
CONTENTFORMAT_BEGIN
 90
        0
 91
        0
 92
      512
 93
        0
300

 40
0.0
140
1.0
 94
        5
 62
     0
340
55
144
0.18
309
CONTENTFORMAT_END
171
     1
301
MARGIN
  1
CELLMARGIN_BEGIN
 40
1.5
 40
1.5
 40
1.5
 40
1.5
 40
0.18
 40
0.18
309
CELLMARGIN_END
 94
        0
309
TABLEFORMAT_END
  1
CELLSTYLE_BEGIN
 90
        2
 91
        1
300
_HEADER
309
CELLSTYLE_END
300
CELLSTYLE
  1
TABLEFORMAT_BEGIN
 90
        5
170
     1
 91
        0
 92
        0
 62
   257
 93
        1
300
CONTENTFORMAT
  1
CONTENTFORMAT_BEGIN
 90
        0
 91
        0
 92
      512
 93
        0
300

 40
0.0
140
1.0
 94
        2
 62
     0
340
55
144
0.18
309
CONTENTFORMAT_END
171
     1
301
MARGIN
  1
CELLMARGIN_BEGIN
 40
1.5
 40
1.5
 40
1.5
 40
1.5
 40
0.18
 40
0.18
309
CELLMARGIN_END
 94
        0
309
TABLEFORMAT_END
  1
CELLSTYLE_BEGIN
 90
        3
 91
        2
300
_DATA
309
CELLSTYLE_END
  0
ENDSEC
  0
EOF
